raw_id,source_channel,query_id,title,year,authors,venue,doi,url,abstract,raw_status,dedupe_status,pnce_status,exclusion_reason,match_score
RAW001,existing_core68,CORE68,Data-driven model predictive control for irrigation management in agricultural greenhouses under CO2 enrichment,2025,,Smart Agricultural Technology,10.1016/j.atech.2025.101071,https://doi.org/10.1016/j.atech.2025.101071,,identified,unique,included_core,verified_core68_prior_audit,
RAW002,existing_core68,CORE68,Enhancing greenhouse efficiency: Integrating IoT and reinforcement learning for optimized climate control,2024,,Sensors,10.3390/s24248109,https://doi.org/10.3390/s24248109,,identified,unique,included_core,verified_core68_prior_audit,
RAW003,existing_core68,CORE68,RL-Guided MPC for Autonomous Greenhouse Control,2025,,IFAC-PapersOnLine,10.1016/j.ifacol.2025.11.829,https://doi.org/10.1016/j.ifacol.2025.11.829,,identified,unique,included_core,verified_core68_prior_audit,
RAW004,existing_core68,CORE68,Event-triggered Predictive Control for Networked Systems with Communication Delays Compensation,2014,"Liu, Jun and Xia, Yuanqing and Rees, David",Automatica,10.1109/IECON.2014.7049044,https://doi.org/10.1109/IECON.2014.7049044,,identified,unique,included_core,verified_core68_prior_audit,
RAW005,existing_core68,CORE68,Greenhouse climate management: an optimal control approach,1994,,Wageningen University and Research,,,,identified,unique,included_core,verified_core68_prior_audit,
RAW006,existing_core68,CORE68,Using the Internet of Things to promote alternate wetting and drying irrigation for rice in Vietnam’s Mekong Delta,2021,,Agronomy for Sustainable Development,10.1007/s13593-021-00705-z,https://doi.org/10.1007/s13593-021-00705-z,,identified,unique,included_core,verified_core68_prior_audit,
RAW007,existing_core68,CORE68,Reinforcement Learning versus Model Predictive Control on greenhouse climate control,2023,"Morcego, Bernardo and Yin, Wenjie and van Henten, Eldert J. and Stanghellini, Cecilia and van Mourik, Simon",Computers and Electronics in Agriculture,10.1016/j.compag.2023.108372,https://doi.org/10.1016/j.compag.2023.108372,,identified,unique,included_core,verified_core68_prior_audit,
RAW008,existing_core68,CORE68,Reinforcement learning-based model predictive control for greenhouse climate control,2025,,Smart Agricultural Technology,10.1016/j.atech.2024.100751,https://doi.org/10.1016/j.atech.2024.100751,,identified,unique,included_core,verified_core68_prior_audit,
RAW009,existing_core68,CORE68,Efficient energy management and temperature control of a high-tech greenhouse using an improved data-driven model predictive control,2025,,Energy Conversion and Management: X,10.1016/j.ecmx.2025.100939,https://doi.org/10.1016/j.ecmx.2025.100939,,identified,unique,included_core,verified_core68_prior_audit,
RAW010,existing_core68,CORE68,Predictive control for greenhouse temperature and humidity and energy optimization by improved NMPC objective function algorithm,2024,,International Journal of Agricultural and Biological Engineering,10.25165/j.ijabe.20241705.8241,https://doi.org/10.25165/j.ijabe.20241705.8241,,identified,unique,included_core,verified_core68_prior_audit,
RAW011,existing_core68,CORE68,Learning-based multi-agent MPC for irrigation scheduling,2024,,Control Engineering Practice,10.1016/j.conengprac.2024.105908,https://doi.org/10.1016/j.conengprac.2024.105908,,identified,unique,included_core,verified_core68_prior_audit,
RAW012,existing_core68,CORE68,Robust sample-based model predictive control of a greenhouse system with parametric uncertainty,2022,,IFAC-PapersOnLine,10.1016/j.ifacol.2022.11.135,https://doi.org/10.1016/j.ifacol.2022.11.135,,identified,unique,included_core,verified_core68_prior_audit,
RAW013,existing_core68,CORE68,Smart Irrigation System Considering Optimal Energy Management Based on Model Predictive Control (MPC),2022,,Applied Sciences,10.3390/app12094235,https://doi.org/10.3390/app12094235,,identified,unique,included_core,verified_core68_prior_audit,
RAW014,existing_core68,CORE68,Robust model predictive control for greenhouse temperature based on particle swarm optimization,2018,,Information Processing in Agriculture,10.1016/j.inpa.2018.04.003,https://doi.org/10.1016/j.inpa.2018.04.003,,identified,unique,included_core,verified_core68_prior_audit,
RAW015,existing_core68,CORE68,Event-Triggered Control for Scalar Networked Systems with Random Delays,2025,,2025 6th International Conference on Artificial Intelligence and Electromechanical Automation (AIEA),10.1109/aiea66061.2025.11160534,https://doi.org/10.1109/aiea66061.2025.11160534,,identified,unique,included_core,verified_core68_prior_audit,
RAW016,existing_core68,CORE68,Energy-Efficient Wireless Communication Strategy for Precision Agriculture Irrigation Control,2021,,Sensors,10.3390/s21165541,https://doi.org/10.3390/s21165541,,identified,unique,included_core,verified_core68_prior_audit,
RAW017,existing_core68,CORE68,Self-triggered Control with Energy Harvesting Sensor Nodes,2023,,ACM Transactions on Cyber-Physical Systems,10.1145/3597311,https://doi.org/10.1145/3597311,,identified,unique,included_core,verified_core68_prior_audit,
RAW018,existing_core68,CORE68,A Sensitivity-Based Approach to Self-Triggered Nonlinear Model Predictive Control,2024,,IEEE Access,10.1109/access.2024.3480522,https://doi.org/10.1109/access.2024.3480522,,identified,unique,included_core,verified_core68_prior_audit,
RAW019,existing_core68,CORE68,Self-Triggered DMPC for Dynamically Coupled Systems With Reduced Conservatism,2025,,IEEE Transactions on Industrial Informatics,10.1109/tii.2025.3593862,https://doi.org/10.1109/tii.2025.3593862,,identified,unique,included_core,verified_core68_prior_audit,
RAW020,existing_core68,CORE68,Self-Triggered Distributed Model Predictive Control with Synchronization Parameters Interaction,2024,,arXiv (Cornell University),10.48550/arxiv.2405.11006,https://doi.org/10.48550/arxiv.2405.11006,,identified,unique,included_core,verified_core68_prior_audit,
RAW021,existing_core68,CORE68,Event-Based Sensor Data Scheduling: Trade-Off Between Communication Rate and Estimation Quality,2013,,IEEE Transactions on Automatic Control,10.1109/tac.2012.2215253,https://doi.org/10.1109/tac.2012.2215253,,identified,unique,included_core,verified_core68_prior_audit,
RAW022,existing_core68,CORE68,A survey on recent advances in event-triggered communication and control,2018,,Information Sciences,,,,identified,unique,included_core,verified_core68_prior_audit,
RAW023,existing_core68,CORE68,Data-driven-based fully distributed event-triggered control for nonlinear multi-agent systems,2025,,Applied Mathematics and Computation,10.1016/j.amc.2025.129307,https://doi.org/10.1016/j.amc.2025.129307,,identified,unique,included_core,verified_core68_prior_audit,
RAW024,existing_core68,CORE68,Event-Triggered Distributed Optimal Bipartite Consensus Control for Multi-Agent Systems via Adaptive Dynamic Programming,2025,,"2025 10th International Conference on Control, Robotics and Cybernetics (CRC)",10.1109/crc67523.2025.11288265,https://doi.org/10.1109/crc67523.2025.11288265,,identified,unique,included_core,verified_core68_prior_audit,
RAW025,existing_core68,CORE68,Disturbance Rejection Self-Triggered Distributed MPC With Adaptive Prediction Horizon for Asynchronous Multiagent Systems,2024,,"IEEE Transactions on Systems, Man, and Cybernetics: Systems",10.1109/tsmc.2024.3350157,https://doi.org/10.1109/tsmc.2024.3350157,,identified,unique,included_core,verified_core68_prior_audit,
RAW026,existing_core68,CORE68,Semi–Global Exponential Stabilization of Nonlinear Time–Delay Systems via Sampled–Data Event–Triggered Controllers,2025,,2025 IEEE 64th Conference on Decision and Control (CDC),10.1109/cdc57313.2025.11312052,https://doi.org/10.1109/cdc57313.2025.11312052,,identified,unique,included_core,verified_core68_prior_audit,
RAW027,existing_core68,CORE68,Observer-based AE-T cooperative DMPC for a class of interconnected nonlinear systems with time delay and unmodeled dynamics,2025,,International Journal of Systems Science,10.1080/00207721.2025.2467224,https://doi.org/10.1080/00207721.2025.2467224,,identified,unique,included_core,verified_core68_prior_audit,
RAW028,existing_core68,CORE68,The event-triggered sampling optimization criterion for distributed networked monitoring and control systems,,,"IEEE International Conference on Industrial Technology, 2003",10.1109/icit.2003.1290814,https://doi.org/10.1109/icit.2003.1290814,,identified,unique,included_core,verified_core68_prior_audit,
RAW029,existing_core68,CORE68,Stability of output event-based control systems through quadratic trigger functions,2015,,2015 IEEE 20th Conference on Emerging Technologies &amp; Factory Automation (ETFA),10.1109/etfa.2015.7301402,https://doi.org/10.1109/etfa.2015.7301402,,identified,unique,included_core,verified_core68_prior_audit,
RAW030,existing_core68,CORE68,A Learning Approach for Joint Design of Event-Triggered Control and Power-Efficient Resource Allocation,2022,,IEEE Transactions on Vehicular Technology,10.1109/tvt.2022.3159739,https://doi.org/10.1109/tvt.2022.3159739,,identified,unique,included_core,verified_core68_prior_audit,
RAW031,existing_core68,CORE68,Intelligent Condensation Irrigation System Based on Internet of Things,2023,,"2023 5th International Conference on Intelligent Control, Measurement and Signal Processing (ICMSP)",10.1109/icmsp58539.2023.10170873,https://doi.org/10.1109/icmsp58539.2023.10170873,,identified,unique,included_core,verified_core68_prior_audit,
RAW032,existing_core68,CORE68,"Control, And Monitoring System Design Cultivation of Lettude Using Method Aeroponics Based on Smart Farming",2025,,"2025 19th International Conference on Telecommunication Systems, Services, and Applications (TSSA)",10.1109/tssa68467.2025.11303843,https://doi.org/10.1109/tssa68467.2025.11303843,,identified,unique,included_core,verified_core68_prior_audit,
RAW033,existing_core68,CORE68,"Control, And Monitoring System Design Cultivation of Lettude Using Method Aeroponics Based on Smart Farming",2025,,"2025 19th International Conference on Telecommunication Systems, Services, and Applications (TSSA)",10.1109/tssa68467.2025.11303843,https://doi.org/10.1109/tssa68467.2025.11303843,,identified,duplicate,included_core,D01_duplicate_of_RAW032,
RAW034,existing_core68,CORE68,Design and performance of nutrient dosing control system for hydroponic chilli plant using fuzzy logic controller,2025,,"Journal of Mechatronics, Electrical Power, and Vehicular Technology",10.55981/j.mev.2025.910,https://doi.org/10.55981/j.mev.2025.910,,identified,unique,included_core,verified_core68_prior_audit,
RAW035,existing_core68,CORE68,Smart greenhouse construction and irrigation control system for optimal Brassica Juncea development,2023,,Plos one,10.1371/journal.pone.0292971,https://doi.org/10.1371/journal.pone.0292971,,identified,unique,included_core,verified_core68_prior_audit,
RAW036,existing_core68,CORE68,Design and Development of IoT Smart Drip Irrigation and Fertigation Prototype for Small and Medium Scale Farmers. Acase Study of Tomato Farmers in Tanzania,2025,,Journal of The Institution of Engineers (India): Series A,10.1007/s40030-024-00857-7,https://doi.org/10.1007/s40030-024-00857-7,,identified,unique,included_core,verified_core68_prior_audit,
RAW037,existing_core68,CORE68,IoT-Enabled Adaptive Watering System With ARIMA-Based Soil Moisture Prediction for Smart Agriculture,2025,,IEEE Access,10.1109/access.2025.3532447,https://doi.org/10.1109/access.2025.3532447,,identified,unique,included_core,verified_core68_prior_audit,
RAW038,existing_core68,CORE68,"Smart IoT Irrigation System Based on Fuzzy Logic, LoRa, and Cloud Integration",2024,,Electronics,10.3390/electronics13101949,https://doi.org/10.3390/electronics13101949,,identified,unique,included_core,verified_core68_prior_audit,
RAW039,existing_core68,CORE68,Evaluation of event-based irrigation system control scheme for tomato crops in greenhouses,2017,,Agricultural Water Management,10.1016/j.agwat.2016.08.008,https://doi.org/10.1016/j.agwat.2016.08.008,,identified,unique,included_core,verified_core68_prior_audit,
RAW040,existing_core68,CORE68,System Design of Online Monitoring and Controlling System Based on Zigbee in Greenhouse,2015,,IFIP Advances in Information and Communication Technology,10.1007/978-3-319-19620-6_76,https://doi.org/10.1007/978-3-319-19620-6_76,,identified,unique,included_core,verified_core68_prior_audit,
RAW041,existing_core68,CORE68,Research on Precision Paddy Field Irrigation Control Technology Based on Multi-Source Sensing Hybrid Model,2025,,Digital Intelligence in Agriculture,10.62762/dia.2025.680966,https://doi.org/10.62762/dia.2025.680966,,identified,unique,included_core,verified_core68_prior_audit,
RAW042,existing_core68,CORE68,Sustainable Smart Irrigation System (SIS) using solar PV with rainwater harvesting technique for indoor plants,2025,,PLOS ONE,10.1371/journal.pone.0316911,https://doi.org/10.1371/journal.pone.0316911,,identified,unique,included_core,verified_core68_prior_audit,
RAW043,existing_core68,CORE68,A Solar-Powered Fertigation System Based on Low-Cost Wireless Sensor Network Remotely Controlled by Farmer for Irrigation Cycles and Crops Growth Optimization,2020,,International Journal of Electronics and Telecommunications,10.24425/ijet.2019.130266,https://doi.org/10.24425/ijet.2019.130266,,identified,unique,included_core,verified_core68_prior_audit,
RAW044,existing_core68,CORE68,Design and Implementation of an Autonomous Intelligent Fertigation System for Cross-Regional Applications,2025,,Actuators,10.3390/act14090413,https://doi.org/10.3390/act14090413,,identified,unique,included_core,verified_core68_prior_audit,
RAW045,existing_core68,CORE68,Research and Development of an IoT Smart Irrigation System for Farmland Based on LoRa and Edge Computing,2025,,Agronomy,10.3390/agronomy15020366,https://doi.org/10.3390/agronomy15020366,,identified,unique,included_core,verified_core68_prior_audit,
RAW046,existing_core68,CORE68,Leveraging LoRaWAN technology for precision agriculture in greenhouses,2020,,Sensors,10.3390/s20071827,https://doi.org/10.3390/s20071827,,identified,unique,included_core,verified_core68_prior_audit,
RAW047,existing_core68,CORE68,"Hybrid LoRaWAN–MQTT Architecture for Portable Smart Greenhouses: Cross-Layer Validation of Latency, Energy, and ADMR Trade-Offs",2025,,IEEE Access,10.1109/access.2025.3643617,https://doi.org/10.1109/access.2025.3643617,,identified,unique,included_core,verified_core68_prior_audit,
RAW048,existing_core68,CORE68,LoRa-Based Smart Agriculture Monitoring and Automatic Irrigation System,2025,,Journal of Computer and Communications,10.4236/jcc.2025.133001,https://doi.org/10.4236/jcc.2025.133001,,identified,unique,included_core,verified_core68_prior_audit,
RAW049,existing_core68,CORE68,Wireless sensor networks for greenhouse climate and plant condition assessment,2017,,Biosystems engineering,10.1016/j.biosystemseng.2016.11.005,https://doi.org/10.1016/j.biosystemseng.2016.11.005,,identified,unique,included_core,verified_core68_prior_audit,
RAW050,existing_core68,CORE68,WIRELESS SENSOR NETWORK BASED REMOTE DRIP IRRIGATION SYSTEM,2018,,Mühendislik Bilimleri ve Tasarım Dergisi,10.21923/jesd.443576,https://doi.org/10.21923/jesd.443576,,identified,unique,included_core,verified_core68_prior_audit,
RAW051,existing_core68,CORE68,IoT Based Smart Automated Agriculture and Real Time Monitoring System,2021,,2021 2nd International Conference on Smart Electronics and Communication (ICOSEC),10.1109/icosec51865.2021.9591855,https://doi.org/10.1109/icosec51865.2021.9591855,,identified,unique,included_core,verified_core68_prior_audit,
RAW052,existing_core68,CORE68,"Design, Implementation, and Empirical Validation of an IoT Smart Irrigation System for Fog Computing Applications Based on LoRa and LoRaWAN Sensor Nodes",2020,,Sensors,10.3390/s20236865,https://doi.org/10.3390/s20236865,,identified,unique,included_core,verified_core68_prior_audit,
RAW053,existing_core68,CORE68,Research and Development of an IoT Smart Irrigation System for Farmland Based on LoRa and Edge Computing,2025,,Agronomy,10.3390/agronomy15020366,https://doi.org/10.3390/agronomy15020366,,identified,duplicate,included_core,D01_duplicate_of_RAW045,
RAW054,existing_core68,CORE68,"Hybrid LoRaWAN–MQTT Architecture for Portable Smart Greenhouses: Cross-Layer Validation of Latency, Energy, and ADMR Trade-Offs",2025,,IEEE Access,10.1109/access.2025.3643617,https://doi.org/10.1109/access.2025.3643617,,identified,duplicate,included_core,D01_duplicate_of_RAW047,
RAW055,existing_core68,CORE68,Design of IoT Monitoring System Based on LoRaWAN Architecture for Smart Green House,2022,,IOP Conference Series: Earth and Environmental Science,10.1088/1755-1315/1012/1/012090,https://doi.org/10.1088/1755-1315/1012/1/012090,,identified,unique,included_core,verified_core68_prior_audit,
RAW056,existing_core68,CORE68,Research and Design of Greenhouse Environment Monitoring System Based on NB-IoT,2021,,2021 33rd Chinese Control and Decision Conference (CCDC),10.1109/ccdc52312.2021.9601377,https://doi.org/10.1109/ccdc52312.2021.9601377,,identified,unique,included_core,verified_core68_prior_audit,
RAW057,existing_core68,CORE68,Smart Agriculture: Automated Controlled Monitoring System using Internet of Things,2019,,International Journal of Recent Technology and Engineering (IJRTE),10.35940/ijrte.c6538.098319,https://doi.org/10.35940/ijrte.c6538.098319,,identified,unique,included_core,verified_core68_prior_audit,
RAW058,existing_core68,CORE68,Wireless sensor network to identify the reduction of meteorological gradients in greenhouse in subtropical conditions,2020,,Journal of Agricultural Engineering,10.4081/jae.2020.1105,https://doi.org/10.4081/jae.2020.1105,,identified,unique,included_core,verified_core68_prior_audit,
RAW059,existing_core68,CORE68,Smart Water Management Platform: IoT-Based Precision Irrigation for Agriculture,2019,,Sensors,10.3390/s19020276,https://doi.org/10.3390/s19020276,,identified,unique,included_core,verified_core68_prior_audit,
RAW060,existing_core68,CORE68,Monitoring Citrus Soil Moisture and Nutrients Using an IoT Based System,2017,,Sensors,10.3390/s17030447,https://doi.org/10.3390/s17030447,,identified,unique,included_core,verified_core68_prior_audit,
RAW061,existing_core68,CORE68,Using a Novel Wireless-Networked Decentralized Control Scheme under Unpredictable Environmental Conditions,2015,,Sensors,10.3390/s151128690,https://doi.org/10.3390/s151128690,,identified,unique,included_core,verified_core68_prior_audit,
RAW062,existing_core68,CORE68,A High Availability Networked Control System Architecture for Precision Agriculture,2018,,2018 International Conference on Computer and Applications (ICCA),10.1109/comapp.2018.8460420,https://doi.org/10.1109/comapp.2018.8460420,,identified,unique,included_core,verified_core68_prior_audit,
RAW063,existing_core68,CORE68,A layered IoT architecture for greenhouse monitoring and remote control,2019,,SN Applied Sciences,10.1007/s42452-019-0227-8,https://doi.org/10.1007/s42452-019-0227-8,,identified,unique,included_core,verified_core68_prior_audit,
RAW064,existing_core68,CORE68,Context-aware control and monitoring system with IoT and cloud support,2019,,Computers and Electronics in Agriculture,10.1016/j.compag.2019.03.005,https://doi.org/10.1016/j.compag.2019.03.005,,identified,unique,included_core,verified_core68_prior_audit,
RAW065,existing_core68,CORE68,"Stability analysis for networked control systems with sampling, transmission protocols and input delays",2021,,Nonlinear Analysis: Hybrid Systems,10.1016/j.nahs.2020.100974,https://doi.org/10.1016/j.nahs.2020.100974,,identified,unique,included_core,verified_core68_prior_audit,
RAW066,existing_core68,CORE68,Robust Wireless Sensor and Actuator Networks for Networked Control Systems,2019,,Sensors,10.3390/s19071535,https://doi.org/10.3390/s19071535,,identified,unique,included_core,verified_core68_prior_audit,
RAW067,existing_core68,CORE68,Smart &amp; Green: An Internet-of-Things Framework for Smart Irrigation,2019,,Sensors,10.3390/s20010190,https://doi.org/10.3390/s20010190,,identified,unique,included_core,verified_core68_prior_audit,
RAW068,existing_core68,CORE68,Smart greenhouse construction and irrigation control system for optimal Brassica Juncea development,2023,,PLOS ONE,10.1371/journal.pone.0292971,https://doi.org/10.1371/journal.pone.0292971,,identified,duplicate,included_core,D01_duplicate_of_RAW035,
RAW069,OpenAlex,Q1,Renewable Energy Integration Into Cloud &amp; IoT-Based Smart Agriculture,2021,Bouali Et-taibi; Mohamed Riduan Abid; El‐Mahjoub Boufounas; Tareq Abu Hamed; Driss Benhaddou,IEEE Access,10.1109/access.2021.3138160,https://doi.org/10.1109/access.2021.3138160,"Water is becoming scarcer. The unmonitored control and the extensive use of fossil fuel in water-table pumping for irrigation exacerbate global warming and harm the environment. Along with the rapid population growth and the concomitant increase in the demand for food, optimal usage of water-table and energy is becoming a must and indispensable for sustainable agriculture. In this context, Smart Agriculture (SA) is emerging as a promising field that leverages ICT (Information and Communication Technology) to optimize resources&#x2019; usage while enhancing crops&#x2019; yields. In this paper, we present an integral SA solution that leverages <i>cost-effectiveness</i>. Commercial solutions are costly and thus become impossible to adopt by small and medium farmers. Our solution revolves around three main axes: 1. Smart Water Metering promotes optimal usage and conservation of water-table (a.k.a., groundwater) via real-time data collection and monitoring using a Cloud-based IoT (Internet of Things) system; 2. Renewable-Energy integration promotes energy-efficient agriculture by reducing reliance on fossil fuels in water-table pumping, and 3. Smart Irrigation to promote good crops quality and quantity without harming the soil and the water-table ecosystems. Our solution has been deployed and tested in a real-world Smart Farm testbed. The results have shown that the adoption of our SA system reduces the amount of water consumption (with a traditional irrigation system) up to 71.8&#x0025;. Finally, our solution is <i>open-source</i> and can be easily adopted and adapted by other researchers to promote the setting of a dedicated Cloud-based platform for water-table usage, especially in arid and sub-Saharan countries.",identified,unique,candidate_core,,
RAW070,OpenAlex,Q1,Applications of Artificial Neural Networks in Greenhouse Technology and Overview for Smart Agriculture Development,2020,Axel Escamilla-García; Genaro M. Soto-Zarazúa; Manuel Toledano‐Ayala; Edgar A. Rivas-Araiza; Abraham Gastélum-Barrios,Applied Sciences,10.3390/app10113835,https://doi.org/10.3390/app10113835,"This article reviews the applications of artificial neural networks (ANNs) in greenhouse technology, and also presents how this type of model can be developed in the coming years by adapting to new technologies such as the internet of things (IoT) and machine learning (ML). Almost all the analyzed works use the feedforward architecture, while the recurrent and hybrid networks are little exploited in the various tasks of the greenhouses. Throughout the document, different network training techniques are presented, where the feasibility of using optimization models for the learning process is exposed. The advantages and disadvantages of neural networks (NNs) are observed in the different applications in greenhouses, from microclimate prediction, energy expenditure, to more specific tasks such as the control of carbon dioxide. The most important findings in this work can be used as guidelines for developers of smart protected agriculture technology, in which systems involve technologies 4.0.",identified,unique,exclude,R02_wrong_document_type_or_domain,
RAW071,OpenAlex,Q1,"IoT Vulnerability Assessment for Sustainable Computing: Threats, Current Solutions, and Open Challenges",2020,Pooja Anand; Yashwant Singh; Arvind Selwal; Mamoun Alazab; Sudeep Tanwar; Neeraj Kumar,IEEE Access,10.1109/access.2020.3022842,https://doi.org/10.1109/access.2020.3022842,"Over the last few decades, sustainable computing has been widely used in areas like social computing, artificial intelligence-based agent systems, mobile computing, and Internet of Things (IoT). There are social, economic, and commercial impacts of IoT on human lives. However, IoT nodes are generally power-constrained with data transmission using an open channel, i.e., Internet which opens the gates for various types of attacks on them. In this context, several efforts are initiated to deal with the evolving security issues in IoT systems and make them self-sufficient to harvest energy for smooth functioning. Motivated by these facts, in this paper, we explore the evolving vulnerabilities in IoT devices. We provide a state-of-the-art survey that addresses multiple dimensions of the IoT realm. Moreover, we provide a general overview of IoT, Sustainable IoT, its architecture, and the Internet Engineering Task Force (IETF) protocol suite. Subsequently, we explore the open-source tools and datasets for the proliferation in research and growth of IoT. A detailed taxonomy of attacks associated with various vulnerabilities is also presented in the text. Then we have specifically focused on the IoT Vulnerability Assessment techniques followed by a case study on sustainability of Smart Agriculture. Finally, this paper outlines the emerging challenges related to IoT and its sustainability, and opening the doors for the beginners to start research in this promising area.",identified,unique,exclude,R02_wrong_document_type_or_domain,
RAW072,OpenAlex,Q1,A comprehensive survey on digital twin for future networks and emerging Internet of Things industry,2024,Akram Hakiri; Aniruddha Gokhale; Sadok Ben Yahia; Nédra Mellouli,Computer Networks,10.1016/j.comnet.2024.110350,https://doi.org/10.1016/j.comnet.2024.110350,,identified,unique,exclude,R02_wrong_document_type_or_domain,
RAW073,OpenAlex,Q1,A Survey on Trustworthiness for the Internet of Things,2021,Franklin Magalhães Ribeiro; Carlos Kamienski,IEEE Access,10.1109/access.2021.3066457,https://doi.org/10.1109/access.2021.3066457,"IoT systems use sensors to collect data from smart environments and manage resources through data analysis. An IoT system deals with many connected devices with different network and hardware constraints in a real-world scenario. An IoT system needs to handle low-latency data analysis, security threats, internal vulnerabilities, and network disconnections, which cause data loss and incorrect decisions. Trustworthiness (also known as dependability) provides various features for an IoT end-to-end data flow, such as resilience, security, availability, reliability, scalability, maintainability, heterogeneity, hardware resources management, fault management policies, and data quality. This paper presents a survey on trustworthiness and dependability in IoT systems and proposes the Trustworthiness for IoT Framework (TW-IoT) to provide trustworthiness at the data level for mist and fog-based IoT systems. The TW-IoT framework provides data trustworthiness to ensure a continuous and uninterrupted operation of IoT data flow. We also discuss challenges and trade-offs related to data trustworthiness in IoT.",identified,unique,exclude,R02_wrong_document_type_or_domain,
RAW074,OpenAlex,Q1,"Sustainable Water Management in Horticulture: Problems, Premises, and Promises",2024,Carla Ferreira; Pedro R. Soares; Rosa Guilherme; Giuliano Vitali; Anne‐Karine Boulet; Matthew Tom Harrison,Horticulturae,10.3390/horticulturae10090951,https://doi.org/10.3390/horticulturae10090951,"Water is crucial for enduring horticultural productivity, but high water-use requirements and declining water supplies with the changing climate challenge economic viability, environmental sustainability, and social justice. While the scholarly literature pertaining to water management in horticulture abounds, knowledge of practices and technologies that optimize water use is scarce. Here, we review the scientific literature relating to water requirements for horticulture crops, impacts on water resources, and opportunities for improving water- and transpiration-use efficiency. We find that water requirements of horticultural crops vary widely, depending on crop type, development stage, and agroecological region, but investigations hitherto have primarily been superficial. Expansion of the horticulture sector has depleted and polluted water resources via overextraction and agrochemical contamination, but the extent and significance of such issues are not well quantified. We contend that innovative management practices and irrigation technologies can improve tactical water management and mitigate environmental impacts. Nature-based solutions in horticulture—mulching, organic amendments, hydrogels, and the like—alleviate irrigation needs, but information relating to their effectiveness across production systems and agroecological regions is limited. Novel and recycled water sources (e.g., treated wastewater, desalination) would seem promising avenues for reducing dependence on natural water resources, but such sources have detrimental environmental and human health trade-offs if not well managed. Irrigation practices including partial root-zone drying and regulated deficit irrigation evoke remarkable improvements in water use efficiency, but require significant experience for efficient implementation. More advanced applications, including IoT and AI (e.g., sensors, big data, data analytics, digital twins), have demonstrable potential in supporting smart irrigation (focused on scheduling) and precision irrigation (improving spatial distribution). While adoption of technologies and practices that improve sustainability is increasing, their application within the horticultural industry as a whole remains in its infancy. Further research, development, and extension is called for to enable successful adaptation to climate change, sustainably intensify food security, and align with other Sustainable Development Goals.",identified,unique,exclude,R02_wrong_document_type_or_domain,
RAW075,OpenAlex,Q1,Dimensions of Internet of Things: Technological Taxonomy Architecture Applications and Open Challenges—A Systematic Review,2022,Krishna Kumar; Aman Kumar; Narendra Kumar; Mazin Abed Mohammed; Alaa S. Al‐Waisy; Mustafa Musa Jaber,Wireless Communications and Mobile Computing,10.1155/2022/9148373,https://doi.org/10.1155/2022/9148373,"We are traversing the growing emerging technology paradigms in today’s advanced technological world. In this present era, the Internet of Things (IoT) is extensively used in all sectors. IoT is the ecosystem of smart devices which contains sensors, smart objects, networking, and processing units. These integrated devices provide better services to the end user. IoT is impacting our environment and is becoming one of the most popular technologies. The leading use of IoT in human life is to track activities anywhere at any time. The utmost utilities achieved by IoT applications are decision‐making and monitoring for efficient and effective management. In this paper, an extensive literature review on IoT has been done using the systematic literature review (SLR) technique. The main focus areas include commercial, environmental, healthcare, industrial, and smart cities. The issues related to the IoT are also discussed in detail. The purpose of this review is to identify the major areas of applications, different popular architectures, and their challenges. The various IoT applications are compared in accordance with technical features such as quality of service and environmental evaluation. This study can be utilized by the researchers to understand the concept of IoT and provides a roadmap to develop strategies for their future research work.",identified,unique,exclude,R02_wrong_document_type_or_domain,
RAW076,OpenAlex,Q1,The Recent Technological Trends of Smart Irrigation Systems in Smart Farming: A Review,2023,Roufaida Khebbache; Abdelhak Merizig; Khaled Rezeg; Jaime Lloret,International Journal of Computing and Digital Systems,10.12785/ijcds/1401104,https://doi.org/10.12785/ijcds/1401104,"Agriculture is considered one of the most vital industries worldwide responsible for people's food and the country's economic development.Nevertheless, this sector is the largest consumer of freshwater.Access to water, soil kind, weather conditions, fertilizers, and illnesses are crucial aspects of agricultural activities.Moreover, water scarcity has become a significant issue for farmers to tackle irrigation activity.While irrigation depends on water availability, building smart irrigation systems that control and manage water use efficiency is highly needed.This paper examines the most modern technologies used in irrigation systems over the last few years.This survey can easily be thorough and beneficial to academics while providing essential recommendations for the new era of irrigation systems technologies.The findings indicate widespread use of the Internet of Things (IoT) and artificial intelligence algorithms, while digital twins and blockchain technologies are less common and still in the early stages.To reduce costs and improve security in irrigation systems, it is strongly recommended to adopt digital twin technology.By utilizing digital twins, farmers can enhance operations, optimize resource utilization, and increase efficiency.Furthermore, digital twins contribute to identifying vulnerabilities and implementing robust security measures, ensuring protection against potential threats and disruptions.",identified,unique,exclude,R02_wrong_document_type_or_domain,
RAW077,OpenAlex,Q1,"SMAC-Based WSN Protocol-Current State of the Art, Challenges, and Future Directions",2022,Angelina Ankah Amengu; Jamal‐Deen Abdulai; Ferdinand Apietu Katsriku; Kofi Sarpong Adu‐Manu,Journal of Computer Networks and Communications,10.1155/2022/6707413,https://doi.org/10.1155/2022/6707413,"Wireless Sensor Networks (WSNS) have become an indispensable tool in this epoch of technological advancements, particularly for progress made in the Internet of things. Wireless sensor nodes are deployed to collect and transmit vital data from the environment to a base station for analysis. Nevertheless, the limited battery power of the sensor nodes is rapidly drained when they stay awake for an extended period. Research has shown that significant sources of energy dissipation of sensor nodes are idle listening, packet collision, control overhead, and overhearing. One optimal solution is employing a low duty cycle mac protocol, particularly the sensor mac (SMAC) protocol. It is essential to have a detailed knowledge of the challenges identified in SMAC and solutions suggested to mitigate these challenges and the future directions. In this paper, we review techniques in SMAC protocols implemented in WSNS. In particular, we provide highlights of recent developments in the schemes used in SMAC for mitigating the challenges in SMAC and present research gaps in SMAC protocol. Finally, we discuss open issues that need to be addressed to advance the design and implementation of SMAC in WSN applications.",identified,unique,exclude,R02_wrong_document_type_or_domain,
RAW078,OpenAlex,Q1,Design and optimisation of automated hydraulic gate control systems for flood control,2024,Alfred Lako; Olsi Barko,Naukovij žurnal «Tehnìka ta energetika»,10.31548/machinery/4.2024.58,https://doi.org/10.31548/machinery/4.2024.58,"The study was conducted to analyse the design and optimisation of automated hydraulic gate control systems for effective flood control. It used data analysis from water level sensors, modelling of hydraulic systems, and control algorithms to automate the monitoring of hydraulic locks. As a result of the study, key aspects that confirm the importance of automation of hydraulic gate control for effective flood control were identified. It was established that the introduction of radiofrequency and ultrasonic sensors for water level monitoring provided a high level of data accuracy, which allowed responding in a timely manner to rising water levels. Adaptive control algorithms allowed optimising the operation of gates in dynamic conditions, considering changes in hydrodynamic characteristics. In addition, analysis of gate stability showed that the use of modern materials, such as high-strength steels and composites, substantially increased their durability and corrosion resistance. This was an important factor in ensuring the reliable operation of structures in extreme conditions. The examined models of the dynamic behaviour of gates identified critical zones that are subject to special attention during design since they can be destroyed under the influence of hydrodynamic forces. Overall, the results of the study highlighted the importance of integrating modern technologies into the design of hydraulic systems to improve their functionality and reliability in flood-risk situations. The influence of vibrations and resonant phenomena on the gate structures was analysed, which allowed identifying possible risks for their stability in flood conditions. As a result, recommendations for gate design included structural improvements that help reduce dynamic loads and improve their ability to withstand extreme hydrodynamic conditions",identified,unique,exclude,R04_out_of_agriculture_scope,
RAW079,OpenAlex,Q1,"Concerns of Ethical and Privacy in the Rapid Advancement of Artificial Intelligence: Directions, Challenges, and Solutions",2024,Furizal Furizal; Agus Ramelan; Feri Adriyanto; Hari Maghfiroh; Alfian Ma’arif; Kariyamin Kariyamin,Journal of Robotics and Control (JRC),10.18196/jrc.v5i6.24090,https://doi.org/10.18196/jrc.v5i6.24090,"AI is a transformative technology that emulates human cognitive abilities and processes large volumes of data to offer efficient solutions across various sectors of life. Although AI significantly enhances efficiency in many areas, it also presents substantial challenges, particularly regarding ethics and user privacy. These challenges are exacerbated by the inadequacy of global regulations, which may lead to potential abuse and privacy violations. This study provides an in-depth review of current AI applications, identifies future needs, and addresses emerging ethical and privacy issues. The research explores the important roles of AI technologies, including multimodal AI, natural language processing, generative AI, and deepfakes. While these technologies have the potential to revolutionize industries such as content creation and digital interactions, they also face significant privacy and ethical challenges, including the risks of deepfake abuse and the need for improved data protection through platforms like PrivAI. The study emphasizes the necessity for stricter regulations and global efforts to ensure ethical AI use and effective privacy protection. By conducting a comprehensive literature review, this research aims to provide a clear perspective on the future direction of AI and propose strategies to overcome barriers in ethical and privacy practices.",identified,unique,exclude,R02_wrong_document_type_or_domain,
RAW080,OpenAlex,Q1,"Distributed design of ultra large-scale control systems: Progress, Challenges, and Prospects",2025,Leonardo Pedroso; Pedro Batista; W.P.M.H. Heemels,Annual Reviews in Control,10.1016/j.arcontrol.2025.100987,https://doi.org/10.1016/j.arcontrol.2025.100987,"The transition from large centralized complex control systems to distributed configurations that rely on a network of a very large number of interconnected simpler subsystems is ongoing and inevitable in many applications. It is attributed to the quest for resilience, flexibility, and scalability in a multitude of engineering fields with far-reaching societal impact. Although many design methods for distributed and decentralized control systems are available, most of them rely on a centralized design procedure requiring some form of global information of the whole system. Clearly, beyond a certain scale of the network, these centralized design procedures for distributed controllers are no longer feasible and we refer to the corresponding systems as ultra large-scale systems (ULSS). For these ULSS, design algorithms are needed that are distributed themselves among the subsystems and are subject to stringent requirements regarding communication, computation, and memory usage of each subsystem. In this paper, a set of requirements is provided that assures a feasible real-time implementation of all phases of a control solution on an ultra large scale. State-of-the-art approaches are reviewed in the light of these requirements and the challenges hampering the development of befitting control algorithms are pinpointed. Comparing the challenges with the current progress leads to the identification and motivation of promising research directions.",identified,unique,exclude,R02_wrong_document_type_or_domain,
RAW081,OpenAlex,Q1,High-Order Neural-Network-Based Multi-Model Nonlinear Adaptive Decoupling Control for Microclimate Environment of Plant Factory,2023,Yonggang Wang; Ziqi Chen; Yingchun Jiang; Tan Liu,Sensors,10.3390/s23198323,https://doi.org/10.3390/s23198323,"Plant factory is an important field of practice in smart agriculture which uses highly sophisticated equipment for precision regulation of the environment to ensure crop growth and development efficiently. Environmental factors, such as temperature and humidity, significantly impact crop production in a plant factory. Given the inherent complexities of dynamic models associated with plant factory environments, including strong coupling, strong nonlinearity and multi-disturbances, a nonlinear adaptive decoupling control approach utilizing a high-order neural network is proposed which consists of a linear decoupling controller, a nonlinear decoupling controller and a switching function. In this paper, the parameters of the controller depend on the generalized minimum variance control rate, and an adaptive algorithm is presented to deal with uncertainties in the system. In addition, a high-order neural network is utilized to estimate the unmolded nonlinear terms, consequently mitigating the impact of nonlinearity on the system. The simulation results show that the mean error and standard error of the traditional controller for temperature control are 0.3615 and 0.8425, respectively. In contrast, the proposed control strategy has made significant improvements in both indicators, with results of 0.1655 and 0.6665, respectively. For humidity control, the mean error and standard error of the traditional controller are 0.1475 and 0.441, respectively. In comparison, the proposed control strategy has greatly improved on both indicators, with results of 0.0221 and 0.1541, respectively. The above results indicate that even under complex conditions, the proposed control strategy is capable of enabling the system to quickly track set values and enhance control performance. Overall, precise temperature and humidity control in plant factories and smart agriculture can enhance production efficiency, product quality and resource utilization.",identified,unique,candidate_core,,
RAW082,OpenAlex,Q1,THE MECHANISM OF DIGITAL TRANSFORMATION OF AGRICULTURE,2023,З Х Шогенцукова; Ali Kh. Shogentsukov,MEST Journal,10.12709/mest.11.11.02.09,https://doi.org/10.12709/mest.11.11.02.09,"&lt;em&gt;The article is devoted to the study of the construction of the mechanism of digital transformation of agriculture when building a management system for agro-industrial clusters. The new realities of socioeconomic relations at the international level and the level of individual states require involvement in digitalization trends. That makes it necessary to study the mechanism of digital transformation of the branches of the national economy, including agriculture. The use of new IT technologies contributes to the formation of competitive advantages and directions for the development of the industry. On the other hand, it acts as an incentive to activate and increase the efficiency of the management system by stimulating the introduction of achievements and trends in modern science and technology, which is especially important in the digitalization and digital transformation of agriculture. Accumulation, systematization, and generalization of traditional-historical and modern IT technologies and management system techniques is an element of integration and activation of network, cluster, and other innovative mechanisms in the modernization of the management system in the agro-industrial complex. The development of the agriculture digital transformation will allow to specify of the tools and methods of updating and building integrated management systems of system-forming innovative agro-clusters will allow to generalize of the theoretical and methodological foundations, and develop recommendations for the formation of a management model of system-forming innovative agro-clusters using the concept of ""triple helix"" and modern digital technologies in the field of agro-industrial complex of Russia.&lt;/em&gt;",identified,unique,candidate_core,,
RAW083,OpenAlex,Q1,IOT-BASED SMART AGRICULTURE USING CLOUD BASED STORAGE,2022,Rakesh Kumar Mali; Shailesh Bendale; B Et-Taibi; M Abid; I Boumhidi; D Benhaddou,International Research Journal of Modernization in Engineering Technology and Science,10.56726/irjmets31282,https://doi.org/10.56726/irjmets31282,"There is less water available. The unchecked operation and excessive usage of fossil fuels in water-table pumping for irrigation contribute to global warming and harm the ecosystem. In addition to the rapid increase in population and the corresponding rise in food consumption. For sustainable agriculture, energy and the water table are increasingly essential and unavoidable. In this environment, Smart Agriculture (SA) is emerging as a potential field that makes use of ICT (Information and Communication Technology) to maximize resource utilization while increasing agricultural yields. Our approach is based on three key axes: 1. Water Smart Metering encourages the best use and preservation of groundwater (also known as the water table) by collecting real-time data. And monitoring using an IoT (Internet of Things) system based on the cloud; 2. Integration of renewable energy reduces reliance on fossil fuels for water-table pumping, which encourages energy-efficient agriculture, and 3. Intelligent irrigation supports high-quality, abundant crops without damaging the soil or the water table. A real-world Smart Farm testbed has been used to deploy and evaluate our system. The outcomes have demonstrated that using our SA system reduces water use (compared to a conventional system).",identified,unique,candidate_core,,
RAW084,OpenAlex,Q1,PLC Based Smart Irrigation System,2019,Nikhil Shendge,International Journal for Research in Applied Science and Engineering Technology,10.22214/ijraset.2019.6064,https://doi.org/10.22214/ijraset.2019.6064,"Agriculture has been the most essential practice from absolute starting point of the human progress. Customary strategies that are utilized for water system, for example, overhead sprinkler and surge compose, aren't that much effective. They bring about a considerable measure of wastage of water and can likewise advance infection, for example, parasite arrangement due to over dampness in the dirt. Computerized water system framework is fundamental for protection of the water and by implication suitability of the ranch since it is an essential product. Around 85% of aggregate accessible water assets over the world are exclusively utilized for the water system reason. In up and coming years this request is probably going to expand on account of expanding populace. In automation system water availability to crop is monitored through sensors and as per need watering is done through the controlled irrigation. The relatively endless capacities of storage and preparing, the fast versatility makes distributed computing an alluring answer for the extensive sum of information produced. The main objective of this project is to reduce wastage of water by controlling water supply.",identified,unique,candidate_core,,
RAW085,OpenAlex,Q1,Smart Greenhouse Management: Harnessing Artificial Intelligence for Sustainable Farming,2025,Dilbar Hussain; Fahiza Fauz; Turkia Almoustafa; Muhammad Abbas; Zohran Rasheed,Research Square,10.21203/rs.3.rs-7557629/v1,https://doi.org/10.21203/rs.3.rs-7557629/v1,,identified,unique,exclude,R03_no_clear_network_control_component,
RAW086,OpenAlex,Q1,Living at the Edge? Optimizing availability in IoT,2020,Guto Leoni Santos; Kayo Henrique de Carvalho Monteiro; Patrícia Takako Endo,Palgrave studies in digital business & enabling technologies,10.1007/978-3-030-41110-7_5,https://doi.org/10.1007/978-3-030-41110-7_5,"Cloud, edge, and fog computing enable Internet of Things (IoT) applications, offering high connectivity, scalability, and high availability. Smart cities, smart agriculture, and e-health systems are examples of IoT applications that can exploit the opportunities generated by these technologies. However, due to the scale and complexity of the IoT and the heterogeneity of the devices and service level expectations, resource management is not a trivial task. While facilitating storage and processing at the end device (the edge), at the intermediary layer (the fog), or centrally (the cloud), new points of failure are introduced at and between each layer. In some use cases, such as e-health, device availability also has high criticality. Any downtime impacting one or more components in the architecture can result in adverse effects and/or additional logistical effort and cost. This chapter discusses extant research on how cloud, fog, and edge computing is being used in smart city, smart agriculture, and e-health systems.",identified,unique,exclude,R02_wrong_document_type_or_domain,
RAW087,OpenAlex,Q1,Reliable Communications for the Industrial Internet of Things,2020,Vasileios Kotsiou,HAL (Le Centre pour la Communication Scientifique Directe),,https://openalex.org/W4393211536,"The Industrial Internet of Things (IIoT) re-uses the Internet of Things mechanisms to enable smart factories. However, industrial applications often require deterministic communications as well as end-to-end reliability close to 100%. To address these requirements, the Time-Slotted Channel Hopping (TSCH) mode of the IEEE 802.15.4 standard was proposed in 2015. TSCH schedules the transmissions to avoid collisions and exploits a slow channel hopping technique to combat external interference. TSCH can be further improved for the IIoT to be exploited in critical industrial applications, which is the main goal of this work. Towards this direction, we highlighted radio links' spatial and temporal characteristics by conducting experiments in indoor testbeds. We proposed blacklisting techniques that exclude from the channel hopping sequence the low-quality channels, thus enhancing the overall performance. Finally, we proposed a scheduling function that aims to meet the requirements of IIoT.",identified,unique,exclude,R04_out_of_agriculture_scope,
RAW088,OpenAlex,Q1,Διάχυση πληροφορίας και κυρίαρχα σύνολα σε ασύρματα δίκτυα αισθητήρων,2019,Κωνσταντίνος Σκιαδόπουλος,,10.12681/eadd/46723,https://doi.org/10.12681/eadd/46723,"Στη διάρκεια των τελευταίων δεκαετιών έχει αναπτυχθεί μεγάλος αριθμός Ασύρματων Δικτύων Αισθητήρων για την αποτύπωση των συνθηκών που επικρατούν στους χώρους όπου είναι εγκατεστημένα. Νέα δίκτυα αυτής της μορφής εγκαθίστανται διαρκώς, τα οποία λόγω των λειτουργικών απαιτήσεων και της τεχνολογικής προόδου έχουν αυξημένο αριθμό κόμβων. Ο όγκος των παραγόμενων δεδομένων είναι ιδιαίτερα μεγάλος και η συλλογή και η μεταφορά τους κεντρικά απαιτεί τη χρήση καινοτόμων μεθόδων. Στην παρούσα διατριβή προτείνονται δύο μέθοδοι αντιμετώπισης του προβλήματος της Διάχυσης της Πληροφορίας σε Ασύρματα Δίκτυα Αισθητήρων, δηλαδή της μεταφοράς των δεδομένων από και προς τους κόμβους αυτών των δικτύων. Η πρώτη μέθοδος που προτείνεται βασίζεται στη χρήση Τυχαίων Περιπατητών. Αρχικά παρουσιάζεται μια εις βάθος πρωτότυπη ανάλυση της απόδοσης της χρήσης ενός Τυχαίου Περιπατητή για την κάλυψη ενός Ασύρματου Δικτύου Αισθητήρων. Το αποτέλεσμα αυτής της ανάλυσης είναι μια αναλυτική σχέση για την κάλυψη του δικτύου ως συνάρτηση του απαιτούμενου χρόνου, που εκφράζεται ως ο αριθμός των απαιτούμενων αλμάτων του Τυχαίου Περιπατητή. Η ανάλυση αυτή υποστηρίζεται από εκτεταμένες προσομοιώσεις σε διάφορα μοντέλα δικτύων καθώς και από την εφαρμογή της σε πειραματικό ασύρματο δίκτυο που είναι εγκατεστημένο σε κτήρια του Ιονίου Πανεπιστημίου. Το συμπέρασμα αυτής της ανάλυσης είναι ότι η χρήση ενός Τυχαίου Περιπατητή για τη Διάχυση της Πληροφορίας σε Ασύρματα Δίκτυα Αισθητήρων επιτυγχάνει το στόχο της με χαμηλή επιβάρυνση των ενεργειακών πόρων των δικτύων, που είναι κρίσιμος παράγοντας για τη λειτουργία τους. Το μειονέκτημα αυτής της μεθόδου είναι ο σχετικά μεγάλος χρόνος που απαιτείται για την ολοκλήρωση της διαδικασίας. Στη συνέχεια εξετάζεται η χρήση Πολλαπλών Τυχαίων Περιπατητών που δρουν ταυτόχρονα, με στόχο τη μείωση του απαιτούμενου χρόνου σε σχέση με τη χρήση ενός Τυχαίου Περιπατητή. Για τη χρήση Πολλαπλών Τυχαίων Περιπατητών παρουσιάζεται η ανάλυση της απόδοσής τους, η οποία βασίζεται στα αποτελέσματα της ανάλυσης για τη χρήση ενός Τυχαίου Περιπατητή. Εξετάζεται, αρχικά, η κάλυψη του δικτύου, η οποία καταλήγει σε μια αναλυτική σχέση ως συνάρτηση του απαιτούμενου χρόνου για συγκεκριμένο αριθμό Τυχαίων Περιπατητών που δρουν ταυτόχρονα στο δίκτυο. Η σχέση αυτή αποδείχθηκε σύμφωνη με ανεξάρτητη εργασία της βιβλιογραφίας, η οποία εξετάζει το ίδιο ζήτημα για πλήρη δίκτυα. Στη συνέχεια παρουσιάζεται η ανάλυση της απόδοσης της χρήσης Πολλαπλών Τυχαίων Περιπατητών εφοδιασμένων με Μηχανισμό Αντιγραφής. Τέλος, αναλύεται η δυνατότητα κάλυψης των δικτύων με περιορισμούς χρόνου και ποσοστού κάλυψης, η οποία καταλήγει σε μια σχέση οποία επιτρέπει τον υπολογισμό του αριθμού των Τυχαίων Περιπατητών που απαιτούνται για την κάλυψη ενός ποσοστού των κόμβων των δικτύων σε συγκεκριμένο χρονικό διάστημα. ́Ολα τα αναλυτικά αποτελέσματα υποστηρίζονται από μεγάλο αριθμό προσομοιώσεων σε διάφορα μοντέλα δικτύων καθώς και από την πειραματική εφαρμογή τους στο πειραματικό ασύρματο δίκτυο του Ιονίου Πανεπιστημίου. Η δεύτερη μέθοδος που προτείνεται βασίζεται στη χρήση Συνδεδεμένων Κυρίαρχων Συνόλων. Τα Συνδεδεμένα Κυρίαρχα Σύνολα μπορούν να εξασφαλίσουν ότι όλοι οι κόμβοι ενός δικτύου είτε θα ανήκουν σε αυτά, είτε θα απέχουν το πολύ ένα συγκεκριμένο αριθμό αλμάτων από τουλάχιστον ένα κόμβο τους. Με αυτόν τον τρόπο, δημιουργείται ένα υποδίκτυο υποδομής, ή backbone, που διευκολύνει τη Διάχυση της Πληροφορίας από και προς τους κόμβους του δικτύου στο οποίο ανήκουν. Αρχικά προτείνεται ένας κατανεμημένος αλγόριθμος δύο φάσεων, που έχει ως αποτέλεσμα τη δημιουργία Συνδεδεμένου Κυρίαρχου Συνόλου d αλμάτων. Κατά την πρώτη φάση οι κόμβοι του δικτύου συλλέγουν τις απαιτούμενες πληροφορίες για την τοπολογία του δικτύου και κατά τη δεύτερη εκκινώντας από έναν κόμβο του δικτύου δημιουργείται το Συνδεδεμένο Κυρίαρχο Σύνολο d αλμάτων. Ο προτεινόμενος αλγόριθμος εξετάζεται αναλυτικά ως προς την ορθότητά του, τον αριθμό των απαιτούμενων μηνυμάτωνγια την εκτέλεσή του καθώς και για τον απαιτούμενο χρόνο επεξεργασίας και τερματισμού του. Η απόδοση του αλγόριθμου συγκρίνεται μέσω προσομοιώσεων, με την απόδοση ενός κεντρικοποιημένου αλγόριθμου καθώς και με αυτήν ενός σχετικά πρόσφατα προταθέντος κατανεμημένου. Το αποτέλεσμα της σύγκρισης είναι ότι η απόδοση του προτεινόμενου αλγόριθμου είναι παραπλήσια με αυτήν του κεντρικοποιημένου όσον αφορά το μέγεθος του παραγόμενου συνόλου και υπερτερεί σημαντικά του κατανεμημένου, όσον αφορά τόσο το μέγεθος του παραγόμενου συνόλου όσο και τον αριθμό των απαιτούμενων μηνυμάτων. Ο αριθμός των απαιτούμενων μηνυμάτων είναι κρίσιμο μέγεθος για αλγόριθμους που εκτελούνται σε Ασύρματα Δίκτυα Αισθητήρων γιατί καταναλώνουν ενεργειακούς πόρους των δικτύων. Τέλος παρουσιάζεται μια παραλλαγή του προτεινόμενου αλγόριθμου που δημιουργεί Προϋπολογισμένα Συνδεδεμένα Κυρίαρχα Σύνολα. Αυτά είναι τα Συνδεδεμένα Κυρίαρχα Σύνολα με άνω φράγμα ως προς το μέγεθός τους, τα οποία έχουν μεγάλη πρακτική χρησιμότητα. Αυτός ο αλγόριθμος υποστηρίζεται από προσομοιώσεις στις οποίες συγκρίνεται η απόδοση του με αυτήν του κύριου αλγόριθμου αυτής της διατριβής. Επιπρόσθετα οι δύο αλγόριθμοι εφαρμόζονται σε προσομοιώσεις που στηρίζονται σε δεδομένα που αντλήθηκαν από ανοικτή βάση δεδομένων και αφορούν την κίνηση των ταξί της πόλης της Νέας Υόρκης. Το συμπέρασμα είναι ότι η παραγωγή Προϋπολογισμένων Συνδεδεμένων Κυρίαρχων Συνόλων με κατάλληλη παραμετροποίηση επιτυγχάνει παραπλήσια αποτελέσματα με αυτά του κύριου αλγόριθμου, επιτυγχάνοντας όμως μεγάλη εξοικονόμηση υπολογιστικών πόρων.",identified,unique,exclude,R04_out_of_agriculture_scope,
RAW089,OpenAlex,Q1,Technology Trends and Opportunities for Construction Industry and Lifecycle Management,2017,Vidar Janson,BIBSYS Brage (BIBSYS (Norway)),,https://openalex.org/W2770373455,,identified,unique,exclude,R04_out_of_agriculture_scope,
RAW090,OpenAlex,Q2,Event-Triggered Distributed Fixed-Time Adaptive Attitude Control With Prescribed Performance for Multiple QUAVs,2023,Guozeng Cui; Hui Xu; Jinpeng Yu; Hak‐Keung Lam,IEEE Transactions on Automation Science and Engineering,10.1109/tase.2023.3297235,https://doi.org/10.1109/tase.2023.3297235,"This article concentrates on the distributed fixed-time adaptive event-triggered attitude control problem for multiple quad-rotor unmanned aerial vehicles (QUAVs) with prescribed performance. By utilizing the fuzzy logic system and constructing a piecewise continuous function, the unknown nonlinear dynamics of multiple QUAVs and the problem of singularity are skillfully addressed, respectively. The command filter that has fixed-time convergence is devised to avert the “explosion of complexity” problem, while the impact of filtered error is eliminated by virtue of the fractional-power-based error compensation signals. Moreover, a fixed-time performance function is embedded into the distributed attitude control algorithm to ensure that the synchronization errors converge to the preassigned performance confines. It is strictly proved that all closed-loop signals are fixed-time bounded, and the disagreement errors are steered into a small region nearby the zero in a fixed time. Finally, numerical simulations are given to demonstrate the efficiency and superiority of the devised fixed-time control scheme. <italic xmlns:mml=""http://www.w3.org/1998/Math/MathML"" xmlns:xlink=""http://www.w3.org/1999/xlink"">Note to Practitioners</i> —This article aims at designing an event-triggered distributed attitude control algorithm to relax the communication burden for multiple QUAVs subject to external disturbances. In practical applications, the communication bandwidth and the onboard energy of QUAVs are limited, while the traditional time-triggered approaches neglect these realistic restrictions. Thereby, by incorporating a relative threshold event-triggered mechanism into the command filtered backstepping design process, not only can the “explosion of complexity” issue and the impact of filtered error be surmounted, but also the frequency of controller updating is reduced. Additionally, the construction of a prescribed performance function with fixed-time convergence results in the improvement of both transient and steady-state performances for multiple QUAVs, thus meeting practical requirements more effectively.",identified,unique,exclude,R04_out_of_agriculture_scope,
RAW091,OpenAlex,Q2,Early Drought Detection in Maize Using UAV Images and YOLOv8+,2024,Shanwei Niu; Zhigang Nie; Guang Li; Wenyu Zhu,Drones,10.3390/drones8050170,https://doi.org/10.3390/drones8050170,"The escalating global climate change significantly impacts the yield and quality of maize, a vital staple crop worldwide, especially during seedling stage droughts. Traditional detection methods are limited by their single-scenario approach, requiring substantial human labor and time, and lack accuracy in the real-time monitoring and precise assessment of drought severity. In this study, a novel early drought detection method for maize based on unmanned aerial vehicle (UAV) images and Yolov8+ is proposed. In the Backbone section, the C2F-Conv module is adopted to reduce model parameters and deployment costs, while incorporating the CA attention mechanism module to effectively capture tiny feature information in the images. The Neck section utilizes the BiFPN fusion architecture and spatial attention mechanism to enhance the model’s ability to recognize small and occluded targets. The Head section introduces an additional 10 × 10 output, integrates loss functions, and enhances accuracy by 1.46%, reduces training time by 30.2%, and improves robustness. The experimental results demonstrate that the improved Yolov8+ model achieves precision and recall rates of approximately 90.6% and 88.7%, respectively. The mAP@50 and mAP@50:95 reach 89.16% and 71.14%, respectively, representing respective increases of 3.9% and 3.3% compared to the original Yolov8. The UAV image detection speed of the model is up to 24.63 ms, with a model size of 13.76 MB, optimized by 31.6% and 28.8% compared to the original model, respectively. In comparison with the Yolov8, Yolov7, and Yolo5s models, the proposed method exhibits varying degrees of superiority in mAP@50, mAP@50:95, and other metrics, utilizing drone imagery and deep learning techniques to truly propel agricultural modernization.",identified,unique,exclude,R03_no_clear_network_control_component,
RAW092,OpenAlex,Q2,Research Status and Development Trends of Deep Reinforcement Learning in the Intelligent Transformation of Agricultural Machinery,2025,Jiamuyang Zhao; Shuxiang Fan; Baohua Zhang; Aichen Wang; Liyuan Zhang; Qingzhen Zhu,Agriculture,10.3390/agriculture15111223,https://doi.org/10.3390/agriculture15111223,"With the acceleration of agricultural intelligent transformation, deep reinforcement learning (DRL), leveraging its adaptive perception and decision-making capabilities in complex environments, has emerged as a pivotal technology in advancing the intelligent upgrade of agricultural machinery and equipment. For example, in UAV path optimization, DRL can help UAVs plan more efficient flight paths to cover more areas in less time. To enhance the systematicity and credibility of this review, this paper systematically examines the application status, key issues, and development trends of DRL in agricultural scenarios, based on the research literature from mainstream Chinese and English databases spanning from 2018 to 2024. From the perspective of algorithm–hardware synergy, the article provides an in-depth analysis of DRL’s specific applications in agricultural ground platform navigation, path planning for intelligent agricultural end-effectors, and autonomous operations of low-altitude unmanned aerial vehicles. It highlights the technical advantages of DRL by integrating typical experimental outcomes, such as improved path-tracking accuracy and optimized spraying coverage. Meanwhile, this paper identifies three major challenges facing DRL in agricultural contexts: the difficulty of dynamic path planning in unstructured environments, constraints imposed by edge computing resources on algorithmic real-time performance, and risks to policy reliability and safety under human–machine collaboration conditions. Looking forward, the DRL-driven smart transformation of agricultural machinery will focus on three key aspects: (1) The first aspect is developing a hybrid decision-making architecture based on model predictive control (MPC). This aims to enhance the strategic stability and decision-making interpretability of agricultural machinery (like unmanned tractors, harvesters, and drones) in complex and dynamic field environments. This is essential for ensuring the safe and reliable autonomous operation of machinery. (2) The second aspect is designing lightweight models that support edge-cloud collaborative deployment. This can meet the requirements of low-latency responses and low-power operation in edge computing scenarios during field operations, providing computational power for the real-time intelligent decision-making of machinery. (3) The third aspect is integrating meta-learning with self-supervised mechanisms. This helps improve the algorithm’s fast generalization ability across different crop types, climates, and geographical regions, ensuring the smart agricultural machinery system has broad adaptability and robustness and accelerating its application in various agricultural settings. This paper proposes research directions from three key dimensions-“algorithm capability enhancement, deployment architecture optimization, and generalization ability improvement”-offering theoretical references and practical pathways for the continuous evolution of intelligent agricultural equipment.",identified,unique,exclude,R02_wrong_document_type_or_domain,
RAW093,OpenAlex,Q2,Influence of the Height in a Colombian Multi-Tunnel Greenhouse on Natural Ventilation and Thermal Behavior: Modeling Approach,2021,Edwin Villagrán; Jorge Flores-Velázquez; Mohammad Akrami; Carlos Ricardo Bojacá,Sustainability,10.3390/su132413631,https://doi.org/10.3390/su132413631,"The dimensions of a passive greenhouse are one of the decisions made by producers or builders based on characteristics of the available land and the economic cost of building the structure per unit of covered area. In few cases, the design criteria are reviewed and the dimensions are established based on the type of crop and local climate conditions. One of the dimensions that is generally exposed to greater manipulation is the height above the gutter and the general height of the structure, since a greenhouse with a lower height has a lower economic cost. This has led some countries in the tropical region to build greenhouses that, due to their architectural characteristics, have inadequate microclimatic conditions for agricultural production. The objective of this study was to analyze the effect on air flows and thermal distribution generated by the increase of the height over gutter of a Colombian multi-tunnel greenhouse using a successfully two-dimensional computational fluid dynamics (CFD) model. The simulated numerical results showed that increasing the height of the greenhouse allows obtaining temperature reductions from 0.1 to 11.7 °C depending on the ventilation configuration used and the external wind speed. Likewise, it was identified that the combined side and roof ventilation configuration (RS) allows obtaining higher renovation indexes (RI) in values between 144 and 449% with respect to the side ventilation (S) and roof ventilation (R) configurations. Finally, the numerical results were successfully fitted within the surface regression models responses.",identified,unique,exclude,R02_wrong_document_type_or_domain,
RAW094,OpenAlex,Q2,A Multi-Agent Deep Reinforcement Learning System for Governmental Interoperability,2025,Azanu Mirolgn Mequanenit; Eyerusalem Alebachew Nibret; Pilar Herrero-Martín; María García González; Rodrigo Martínez‐Béjar,Applied Sciences,10.3390/app15063146,https://doi.org/10.3390/app15063146,"This study explores the integration of the JADE (Java Agent Development Framework) platform with deep reinforcement learning (DRL) to enhance governmental interoperability and optimize administrative workflows in municipal settings. The proposed approach combines the JADE’s robust multi-agent system (MAS) capabilities with the adaptive decision-making power of DRL to address prevalent challenges faced by government agencies, such as fragmented operations, incompatible data formats, and rigid communication protocols. By enabling seamless communication between agents across departments such as the Treasury, the Event Management department, and the Public Safety department, the hybrid system fosters real-time collaboration and supports efficient, data-driven decision making. Agents leverage historical and real-time data to adapt to environmental changes and make optimized decisions that align with overarching governmental objectives, such as resource allocation and emergency response. The result is a system capable of managing intricate administrative duties using structured agent communication and the integration of DRL-driven learning models, improving governmental interoperability. Key performance indicators highlight the system’s effectiveness, achieving a task completion rate of 95%, decision accuracy of 96%, and a communication latency of just 120 ms. Additionally, the framework’s flexibility ensures seamless scalability, accommodating complex and large-scale tasks across multiple governmental units. This research presents a scalable, automated, and resilient framework for optimizing governmental processes, offering a pathway to more efficient, transparent, and adaptive public sector operations.",identified,unique,exclude,R04_out_of_agriculture_scope,
RAW095,OpenAlex,Q2,Synergistic Integration Between Machine Learning and Agent-Based Modeling: A Multidisciplinary Review,2021,Wei Zhang; Andrea Valencia; Ni‐Bin Chang,IEEE Transactions on Neural Networks and Learning Systems,10.1109/tnnls.2021.3106777,https://doi.org/10.1109/tnnls.2021.3106777,"Agent-based modeling (ABM) involves developing models in which agents make adaptive decisions in a changing environment. Machine-learning (ML) based inference models can improve sequential decision-making by learning agents' behavioral patterns. With the aid of ML, this emerging area can extend traditional agent-based schemes that hardcode agents' behavioral rules into an adaptive model. Even though there are plenty of studies that apply ML in ABMs, the generalized applicable scenarios, frameworks, and procedures for implementations are not well addressed. In this article, we provide a comprehensive review of applying ML in ABM based on four major scenarios, i.e., microagent-level situational awareness learning, microagent-level behavior intervention, macro-ABM-level emulator, and sequential decision-making. For these four scenarios, the related algorithms, frameworks, procedures of implementations, and multidisciplinary applications are thoroughly investigated. We also discuss how ML can improve prediction in ABMs by trading off the variance and bias and how ML can improve the sequential decision-making of microagent and macrolevel policymakers via a mechanism of reinforced behavioral intervention. At the end of this article, future perspectives of applying ML in ABMs are discussed with respect to data acquisition and quality issues, the possible solution of solving the convergence problem of reinforcement learning, interpretable ML applications, and bounded rationality of ABM.",identified,unique,exclude,R02_wrong_document_type_or_domain,
RAW096,OpenAlex,Q2,Wireless control: Retrospective and open vistas,2024,Matthias Pezzutto; Subhrakanti Dey; Emanuele Garone; Konstantinos Gatsis; Karl Henrik Johansson; Luca Schenato,Annual Reviews in Control,10.1016/j.arcontrol.2024.100972,https://doi.org/10.1016/j.arcontrol.2024.100972,"The convergence of wireless networks and control engineering has been a technological driver since the beginning of this century. It has significantly contributed to a wide set of emerging applications, such as smart homes, robot swarms, connected autonomous vehicles, and wireless process automation. Envisioning further integration and developments in wireless control, in this paper we provide an overview of past results and present some perspective on the future of the area. Rather than extensively reviewing existing results, we provide a handbook for practitioners who want to tackle and contribute to wireless control. First, we introduce the key types of wireless networks for control applications pointing out their main strengths and their main bottlenecks. Then, we introduce the main technical approaches for the analysis and the design of wireless control showing both their basic ideas and their applicability. Finally, we provide a vision for the future of wireless control and we try to outline the main directions and research questions of the next decade.",identified,unique,exclude,R02_wrong_document_type_or_domain,
RAW097,OpenAlex,Q2,Autonomous Driving in Agricultural Machinery: Advancing the Frontier of Precision Agriculture,2025,Qingchao Liu; Ruohan Yu; Haoda Suo; Yingfeng Cai; Long Chen; Haobin Jiang,Actuators,10.3390/act14090464,https://doi.org/10.3390/act14090464,"Increasing global food production to address challenges from population growth, labor shortages, and climate change necessitates a significant enhancement of agricultural sustainability. Autonomous agricultural machinery, a recognized application of precision agriculture, offers a promising solution to boost productivity, resource efficiency, and environmental sustainability. This study presents a systematic review of autonomous driving technologies for agricultural machinery based on 506 rigorously selected publications. The review emphasizes three core aspects: navigation reliability assurance, motion control mechanisms for both vehicles and implements, and actuator fault-tolerance strategies in complex agricultural environments. Applications in farmland, orchards, and livestock farming demonstrate substantial potential. This study also discusses current challenges and future development trends. It aims to provide a reference and technical guidance for the engineering implementation of intelligent agricultural machinery and to support sustainable agricultural transformation.",identified,unique,exclude,R02_wrong_document_type_or_domain,
RAW098,OpenAlex,Q2,Quasi-Consensus of Time-Varying Multi-Agent Systems with External Inputs under Deception Attacks,2022,Zixian Zeng; Shiguo Peng; Wandian Feng,Entropy,10.3390/e24040447,https://doi.org/10.3390/e24040447,"The quasi-consensus of a class of nonlinear time-varying multi-agent systems suffering from both external inputs and deception attacks is studied in this paper. This is different from a time-varying matrix, which is assumed to be bounded; further reasonable assumptions are supposed. In addition, impulsive deception attacks modeled with Bernoulli variables are considered. Sufficient conditions to achieve quasi-consensus are given, and the upper bounds of the error state related to the deception attacks is derived. Finally, a numerical simulation example is provided to show the validity of the obtained results.",identified,unique,exclude,R04_out_of_agriculture_scope,
RAW099,OpenAlex,Q2,An Overview of Model-Free Adaptive Control for the Wheeled Mobile Robot,2024,Chen Zhang; Chen Cen; Jiahui Huang,World Electric Vehicle Journal,10.3390/wevj15090396,https://doi.org/10.3390/wevj15090396,"Control technology for wheeled mobile robots is one of the core focuses in the current field of robotics research. Within this domain, model-free adaptive control (MFAC) methods, with their advanced data-driven strategies, have garnered widespread attention. The unique characteristic of these methods is their ability to operate without relying on prior model information of the control system, which showcases their exceptional capability in ensuring closed-loop system stability. This paper extensively details three dynamic linearization techniques of MFAC: compact form dynamic linearization, partial form dynamic linearization and full form dynamic linearization. These techniques lay a solid theoretical foundation for MFAC. Subsequently, the article delves into some advanced MFAC schemes, such as dynamic event-triggered MFAC and iterative learning MFAC. These schemes further enhance the efficiency and intelligence level of control systems. In the concluding section, the paper briefly discusses the future development potential and possible research directions of MFAC, aiming to offer references and insights for future innovations in control technology for wheeled mobile robots.",identified,unique,exclude,R04_out_of_agriculture_scope,
RAW100,OpenAlex,Q2,Production Data Management of Smart Farming Based on Shili Theory,2023,Shuyao Li; Wenfu Wu; Yujia Wang; Na Zhang; Fanhui Sun; Jiang Feng,Agriculture,10.3390/agriculture13040751,https://doi.org/10.3390/agriculture13040751,"The development of smart farming comes with a lot of data problems. Studies have shown this is due to insufficient cognition of the structural relationship between data and events. Shili Theory is an attractive concept. To embed intelligent agricultural technology in events and the natural environment, especially to unify and standardize agricultural production data, firstly, this paper has defined the concept of Shili Theory which researches the natural regularity of the event by Shili Mirrored Structure. Secondly, this paper has proposed a Shili Mirrored Structure based on the technology development path (from the human brain memory mechanism to the information storage mechanism to intelligent technology). Finally, the structure has been applied to develop an intelligent system of agricultural production data management. In rice production of Jilin Province, it forms the event chain of the whole plant 5T (seed, seeding, paddy shoot, grain, product period operation) and grain period 5T (harvesting, field stacking, drying, warehousing, storing). The system application shows that this management structure can reduce data flow, improve data utilization, and enhance the correlation between data and events. It can realize the quality improvement of the agricultural production process, especially revealing the 8.83% significant latent loss in rice harvest.",identified,unique,exclude,R03_no_clear_network_control_component,
RAW101,OpenAlex,Q2,Next generation cyber-physical water distribution systems,2016,Sokratis Kartakis,Spiral (Imperial College London),10.25560/52704,https://doi.org/10.25560/52704,"Over the last decade, there has been a trend where water utility companies aim to make water distribution networks more intelligent in order to improve their quality of service, reduce water and energy waste, minimize maintenance costs etc., by incorporating Information and Communications Technologies (ICT). Current state of the art solutions use expensive power hungry deployments to monitor and transmit water network states periodically in order to detect anomalous behaviors, such as water leakage and bursts, and control water network assets. However, more than 97% of water network assets are found in remote areas, away from power and are often in geographically remote underpopulated areas; facts that make current approaches unsuitable for next generation more dynamic adaptive water networks. Battery-driven wireless sensor/actuator-based solutions are theoretically the perfect choice to support next generation cyber-physical water distribution systems. In this context, this thesis answers the question: ""How can the communication be optimized to achieve sustainable Cyber-Physical Systems (CPS) deployed in such harsh environments exploiting limited resources by combining Information, Control, and Communication theory (I2C)? "" In order to efficiently utilize underground wireless sensor and actuator network infrastructures, the concepts of edge data processing, anomaly detection and localization, based on compression, stream analyses and graph theory, are introduced. Furthermore, energy optimization and network sustainability by exploiting data-rate and communication scheduling adaptation, based on Lyapunov optimization, is proposed; while the benefits of aperiodic communication are investigated by accommodating event-triggered control technique into smart water networks. In addition to simulations based on real data, WaterBox and BentoBox evaluation platforms were developed to evaluate the proposed algorithms and prove the benefits of event-triggered control and Low Power Wide Area (LPWA) communication technologies against the state-of-the-art solutions. Through theoretical analysis, simulations, and real testbed experiments, the proposed algorithms and systems are shown to outperform contemporary solutions by achieving communication and actuation optimization, data reliability enhancement, while ensuring the sustainable operation of smart water networks. The work presented in this thesis should be of interest to researchers in the emerging areas Cyber-Physical Systems (CPS), Internet of Things (IoT), and Information and Communications Technology (ICT) for smart sustainable cites.",identified,unique,exclude,R04_out_of_agriculture_scope,
RAW102,OpenAlex,Q2,Design and Implementation of an Autonomous Intelligent Fertigation System for Cross-Regional Applications,2025,Ruizhi Tang; Hao Hu; Hai Lin; Jiahao Li; Zian Wang; Guanquan Zhu,Actuators,10.3390/act14090413,https://doi.org/10.3390/act14090413,"Conventional fertigation systems suffer from limited cross-regional adaptability, mainly due to unstable fertilizer flow from fixed-aperture units, poor terrain adaptability, and an inadequate response to environmental heterogeneity. This study proposes an autonomous, cross-regional intelligent fertigation system based on an STM32F1 microcontroller and UART communication protocols. The system integrates a mechanically adjustable iris fertilizer delivery unit, a dual-axis fertigation module, a data interconnection unit, and comprehensive control software with dynamic calibration capabilities. Prototype evaluations conducted on both sloped terrain (up to 38°) and flat surfaces demonstrate a stable performance, achieving fertilizer flow control errors below 3%, irrigation deviation under 5%, and fertilization deviation within 2%. Real-time data acquisition, remote monitoring, and intelligent operation are supported by a YOLOv5s-based visual recognition system, which attains an mAP@0.5 of 92.5%. This integrated solution offers a robust approach to precision agriculture across diverse environmental conditions.",identified,duplicate,pending,D01_duplicate_of_RAW044,
RAW103,OpenAlex,Q2,"Classification Evolution, Control Strategy Innovation, and Future Challenges of Vehicle Suspension Systems: A Review",2025,Y.J Mei; Ruochen Wang; Renkai Ding; Yu Jiang,Actuators,10.3390/act14100485,https://doi.org/10.3390/act14100485,"The suspension system can adapt to different road excitations by adjusting its own stiffness or damping, or outputting active driving force, thereby improving the comprehensive dynamic performance of the vehicle, including ride comfort and vehicle handling. As the automotive industry’s requirements for “intelligence, comfort, and safety” continue to increase, the intelligence of suspension systems has become a research hotspot for scientific research institutions and enterprises, with broad development prospects. This article reviews the current development status of automotive suspensions and introduces the working principles and research status of different types of suspension systems, such as passive suspensions, semi-active suspensions, active suspensions, and electromagnetic suspensions. In addition, it summarizes the control methods of vehicle intelligent suspensions, including classical control, modern control, and intelligent control, and expounds the advantages and disadvantages of each control strategy. Finally, it summarizes the challenges and development trends faced by suspension systems. This review can provide technical reference for researchers engaged in the study of intelligent suspension under the modern chassis architecture and offer direction guidance for the development of key suspension technologies.",identified,unique,exclude,R02_wrong_document_type_or_domain,
RAW104,OpenAlex,Q2,"Distributed design of ultra large-scale control systems: Progress, Challenges, and Prospects",2025,Leonardo Pedroso; Pedro Batista; W.P.M.H. Heemels,Annual Reviews in Control,10.1016/j.arcontrol.2025.100987,https://doi.org/10.1016/j.arcontrol.2025.100987,"The transition from large centralized complex control systems to distributed configurations that rely on a network of a very large number of interconnected simpler subsystems is ongoing and inevitable in many applications. It is attributed to the quest for resilience, flexibility, and scalability in a multitude of engineering fields with far-reaching societal impact. Although many design methods for distributed and decentralized control systems are available, most of them rely on a centralized design procedure requiring some form of global information of the whole system. Clearly, beyond a certain scale of the network, these centralized design procedures for distributed controllers are no longer feasible and we refer to the corresponding systems as ultra large-scale systems (ULSS). For these ULSS, design algorithms are needed that are distributed themselves among the subsystems and are subject to stringent requirements regarding communication, computation, and memory usage of each subsystem. In this paper, a set of requirements is provided that assures a feasible real-time implementation of all phases of a control solution on an ultra large scale. State-of-the-art approaches are reviewed in the light of these requirements and the challenges hampering the development of befitting control algorithms are pinpointed. Comparing the challenges with the current progress leads to the identification and motivation of promising research directions.",identified,duplicate,pending,D01_duplicate_of_RAW080,
RAW105,OpenAlex,Q2,"Smart IoT Solutions: Revolutionizing Agriculture, Urban Infrastructure, and Cybersecurity",2024,Murali Krishna Pasupuleti,,10.62311/nesx/rb978-81-982460-5-9,https://doi.org/10.62311/nesx/rb978-81-982460-5-9,"Abstract: Smart IoT Solutions: Revolutionizing Agriculture, Urban Infrastructure, and Cybersecurity frames the Internet of Things as a rigorously engineered socio-technical system whose value is realized only when sensing, networking, edge–cloud compute, data/AI services, and governance are co-designed. The book introduces a Five-Layer Reference Stack and a design calculus that links spectrum, time-synchronization, and key-management choices to safety envelopes, reliability targets, and equity outcomes. Drawing on deployments from smallholder agriculture to city-scale digital twins and critical-infrastructure security, we specify verifiable requirements—latency–reliability budgets, observability contracts, SBOM-anchored update pipelines, and privacy-preserving analytics—that convert pilots into durable public services. Methodological chapters provide experiment designs, uncertainty propagation, and performance-based procurement models; domain chapters deliver closed-loop agronomic control, grid/water/building orchestration, and a zero-trust security architecture for long-lived devices and ML pipelines. By integrating technical controls with legal, economic, and institutional instruments, the book equips researchers, practitioners, and policymakers to evaluate claims, de-risk investment, and accredit systems whose benefits are measurable, auditable, and fairly distributed. Keywords: Internet of Things, edge computing, LPWAN, private 5G, time-sensitive networking, digital twins, federated learning, zero-trust security, SBOM, differential privacy, smart agriculture, smart cities, critical infrastructure, performance-based procurement, equity metrics",identified,unique,exclude,R02_wrong_document_type_or_domain,
RAW106,OpenAlex,Q2,Research on Early Warning Method of Plough Layer Thickness of Cultivated Land in Black Soil Driven by Rainfall Events,2024,Ning Yang; Yuchun Pan; Yanbing Zhou; Changhua Liu; Yunbing Gao,International Journal of Natural Resources and Environmental Studies,10.62051/10.62051/ijnres.v2n1.11,https://doi.org/10.62051/10.62051/ijnres.v2n1.11,"The thinning of the arable layer causes soil quality degradation, seriously affecting crop growth and even threatening national food security. This article focuses on the problems and needs of poor timeliness, high cost, and inability to dynamically warn about the thinning of the tillage layer in black soil farmland, and conducts research on corresponding warning methods. Based on daily rainfall data, the percentile method is used to calculate the threshold for erosive rainfall event driven warning. Based on erosive rainfall event driven coupling of external soil erosion stress meteorological elements and influencing processes, as well as the connotation of geographic events, the concept definition of geographic events for thinning warning of arable layer thickness is given. The semantic description and discovery method of geographic events are provided, and geographic event driven rules and the technical process of thinning warning of arable layer thickness are formulated. There is a significant correlation between rainfall and topsoil thickness, with a correlation coefficient of 0.83. A soil thickness thinning warning simulation was conducted based on the daily rainfall data of Hailun City, Heilongjiang Province in 2020. On June 14, 2020, when the daily rainfall exceeded the event threshold, an automatic warning for thinning of the plow layer was triggered, achieving a dynamic warning process for thinning of the plow layer. The research results indicate that this method is helpful in solving the problem of thinning warning of the cultivated layer thickness in black soil farmland, and can provide technical support for the quality construction, protection, and management of black soil farmland.",identified,unique,exclude,R03_no_clear_network_control_component,
RAW107,OpenAlex,Q2,Proposing a conceptualized framework for managing smart water management system in smart cities in India,2025,Sunita Devi; Sukhvir Singh,Frontiers in Health Informatics,10.63682/fhi2817,https://doi.org/10.63682/fhi2817,"The Internet, widely seen as the most significant innovation of the 21st century, has profoundly revolutionized worldwide interconnectedness, facilitating unprecedented proximity among individuals. The advancements in computing and communication technology have facilitated the emergence of the Internet of Things (IoT), which represents the next generation of the Internet. Due to the swift growth in population and urbanization, cities need to transform into Smart Cities, a process that can be aided by the Internet of Things (IoT). Efficient management of water is essential for human survival, making smart water management systems a vital component of Smart Cities. This article examines a range of technologies and platforms that are necessary for establishing a smart environment. The text presents an architectural blueprint for intelligent water management and explores the specifics of implementing a smart water monitoring system.",identified,unique,exclude,R02_wrong_document_type_or_domain,
RAW108,OpenAlex,Q2,Robust Model Predictive Control with Aperiodic Actuation: Employing a Decentralized Triggering Mechanism,2017,Sander Bregman,Research Repository (Delft University of Technology),,https://openalex.org/W2786653592,"In this thesis, a control design problem, in which communication between different elements of the control system takes place through a shared (possibly wireless) channel, is considered. With the implementation of the proposed approach, the use of limited resources such as network bandwidth and battery life may be reduced.&lt;br/&gt;&lt;br/&gt;The proposal consists of a robust model predictive control (MPC) approach, that is only executed at instants at which a decentralized triggering mechanism triggers. As long as no triggering occurs, inputs that have been computed at the previous MPC update are used. The triggering mechanism uses the trajectories from the MPC to calculate bounds on the error between each actual state and predicted state, for all instants up to the horizon. When all individual errors are inside their respective bounds at some instant, violation at the next instant still results in an MPC problem that is (1) guaranteed to have a feasible solution and (2) for which an upper bound for the objective function value is given that is lower than the value at the previous instant. These two properties result in stability of the closed loop system. &lt;br/&gt;&lt;br/&gt;Simulation results are given to demonstrate the effectiveness of the proposed approach. Compared to approaches that solve similar problems that can be found in literature, the proposed approach differs in the need for weaker assumptions and/or in the maximization of the bounds on the error signal. This is made possible by letting the triggering mechanism depend on the sequences that are generated by the MPC at the last update instant, as well as the measured state.&lt;br/&gt;&lt;br/&gt;",identified,unique,exclude,R04_out_of_agriculture_scope,
RAW109,OpenAlex,Q2,Research on the Three-Level Integrated Environmental Evaluation Model for Multi-Greenhouse Potatoes,2024,Shize Liu; Tao Zhong; Huan Zhang; Jian Zhang; Zhiguo Pan; Ranbing Yang,Agriculture,10.3390/agriculture14071043,https://doi.org/10.3390/agriculture14071043,"Aiming at the problems of large error and redundancy in the multi-node data acquisition of multi-greenhouse photo growth environmental information, a three-level fusion algorithm based on adaptive weighting, an LMBP network, and an improved D-S theory is proposed. The box-and-line graph method recognizes the original data and then replaces it based on the mean value method; the air temperature, humidity, and light intensity measurements are unbiased estimations of the true value to be estimated, so the first level of fusion chooses the adaptive weighted average algorithm to find the optimal weights of each sensor under the condition of minimizing the total mean-square error and obtains the optimal estimation of the weights of the homogeneous sensors of a greenhouse. The Levenberg–Marquardt algorithm was chosen for the second level of fusion to optimize the weight modification of the BP neural network, i.e., the LMBP network, and the three environmental factors corresponding to “suitable”, “uncertain” and “unsuitable” potato growth environments were trained for the three environmental factors in the reproductive periods. The output of the hidden layer was converted into probability by the Softmax function. The third level is based on the global fusion of evidence theory (also known as D-S theory), and the network output is used as evidence to obtain a consistent description of the multi-greenhouse potato cultivation environment and the overall scheduling of farming activities, which better solves the problem of the difficulty in obtaining basic probability assignments in the evidence theory; in the case of a conflict between the evidence, the BPA of the conflicting evidence is reallocated, i.e., the D-S theory is improved. Example validation shows that the total mean square error of the adaptive weighted fusion value is smaller than the variance of each sensor estimation, and sensors with lower variance are assigned lower weights, which makes the fusion result not have a large deviation due to the failure of individual sensors; when the fusion result of a greenhouse feature level is “unsuitable”, the fusion result of each data level is considered comprehensively, and the remote control agency makes a decision, which makes full use of the complementary nature of multi-sensor information resources and solves the problem of fusion of multi-source environmental information and the problem of combining conflicting environmental evaluation factors. Compared with the traditional D-S theory, the improved D-S theory reduces the probability of the “uncertainty” index in the fusion result again. The three-level fusion algorithm in this paper does not sacrifice data accuracy and greatly reduces the noise and redundancy of the original data, laying a foundation for big data analysis.",identified,unique,candidate_core,,
RAW110,OpenAlex,Q2,Event and Time-Triggered Control Module Layers for Individual Robot Control Architectures of Unmanned Agricultural Ground Vehicles,2017,Tyler A. Troyer,Lincoln (University of Nebraska),,https://openalex.org/W2774301718,"Automation in the agriculture sector has increased to an extent where the accompanying methods for unmanned field management are becoming more economically viable. This manifests in the industry’s recent presentation of conceptual cab-less machines that perform all field operations under the high-level task control of a single remote operator. A dramatic change in the overall workflow for field tasks that historically assumed the presence of a human in the immediate vicinity of the work is predicted. This shift in the entire approach to farm machinery work provides producers increased control and productivity over high-level tasks and less distraction from operating individual machine actuators and implements. The final implication is decreased mechanical complexity of the cab-less field machines from their manned counter types. An Unmanned Agricultural Ground Vehicle (UAGV) electric platform received a portable control module layer (CML) which was modular and able to accept higher-level mission commands while returning system states to high-level tasks. The simplicity of this system was shown by its entire implementation running on microcontrollers networked on a Time-Triggered Controller Area Network (TTCAN) bus. A basic form of user input and output was added to the system to demonstrate a simple instance of sub-system integration. In this work, all major levels of design and implementation are examined in detail, revealing the ‘why’ and ‘how’ of each subsystem. System design philosophy is highlighted from the beginning. A state-space feedback steering controller was implemented on the machine utilizing a basic steering model found in literature. Finally, system performance is evaluated from the perspectives of a number of disciplines including: embedded systems software design, control systems, and robot control architecture. Recommendations for formalized UAGV system modeling, estimation, and control are discussed for the continuation of research in simplified low-cost machines for in-field task automation. Additional recommendations for future time-triggered CML experiments in bus robustness and redundancy are discussed. The work presented is foundational in the shift from event-triggered communications towards time-triggered CMLs for unmanned agricultural machinery and is a front-to-back demonstration of time-triggered design. Advisor: Santosh K. Pitla",identified,unique,candidate_core,,
RAW111,OpenAlex,Q2,CCDC 2019 Front Matter,2019,Marios Polycarpou; Zhongli Lin; Yahui Wang; Dingyu Xue; Guisheng Zhai; Yong Zhao,,10.1109/ccdc.2019.8832861,https://doi.org/10.1109/ccdc.2019.8832861,"Conference proceedings front matter may contain various advertisements, welcome messages, committee or program information, and other miscellaneous conference information. This may in some cases also include the cover art, table of contents, copyright statements, title-page or half title-pages, blank pages, venue maps or other general information relating to the conference that was part of the original conference proceedings.",identified,unique,exclude,R04_out_of_agriculture_scope,
RAW112,OpenAlex,Q2,[Front matter],2018,Wang; Hong Guang-; Yang; Chairman Zhang; Members Basar; Cao,,10.1109/ccdc.2018.8407035,https://doi.org/10.1109/ccdc.2018.8407035,"Conference proceedings front matter may contain various advertisements, welcome messages, committee or program information, and other miscellaneous conference information. This may in some cases also include the cover art, table of contents, copyright statements, title-page or half title-pages, blank pages, venue maps or other general information relating to the conference that was part of the original conference proceedings.",identified,unique,exclude,R04_out_of_agriculture_scope,
RAW113,OpenAlex,Q2,Self-triggered Control with Energy Harvesting Sensor Nodes,2023,Naomi Stricker; Yingzhao Lian; Yuning Jiang; Colin N. Jones; Lothar Thiele,ACM Transactions on Cyber-Physical Systems,10.1145/3597311,https://doi.org/10.1145/3597311,"Distributed embedded systems are pervasive components jointly operating in a wide range of applications. Moving toward energy harvesting powered systems enables their long-term, sustainable, scalable, and maintenance-free operation. When these systems are used as components of an automatic control system to sense a control plant, energy availability limits when and how often sensed data are obtainable and therefore when and how often control updates can be performed. The time-varying and non-deterministic availability of harvested energy and the necessity to plan the energy usage of the energy harvesting sensor nodes ahead of time, on the one hand, have to be balanced with the dynamically changing and complex demand for control updates from the automatic control plant and thus energy usage, on the other hand. We propose a hierarchical approach with which the resources of the energy harvesting sensor nodes are managed on a long time horizon and on a faster timescale, self-triggered model predictive control controls the plant. The controller of the harvesting-based nodes’ resources schedules the future energy usage ahead of time and the self-triggered model predictive control incorporates these time-varying energy constraints. For this novel combination of energy harvesting and automatic control systems, we derive provable properties in terms of correctness, feasibility, and performance. We evaluate the approach on a double integrator and demonstrate its usability and performance in a room temperature and air quality control case study.",identified,duplicate,pending,D01_duplicate_of_RAW017,
RAW114,OpenAlex,Q2,Holistic Control for Cyber-Physical Systems,2021,Yehan Ma,Open Scholarship Institutional Repository (Washington University in St. Louis),10.7936/31bn-m317,https://doi.org/10.7936/31bn-m317,"The Industrial Internet of Things (IIoT) are transforming industries through emerging technologies such as wireless networks, edge computing, and machine learning. However, IIoT technologies are not ready for control systems for industrial automation that demands control performance of physical processes, resiliency to both cyber and physical disturbances, and energy efficiency. To meet the challenges of IIoT-driven control, we propose holistic control as a cyber-physical system (CPS) approach to next-generation industrial automation systems. In contrast to traditional industrial automation systems where computing, communication, and control are managed in isolation, holistic control orchestrates the management of cyber platforms (networks and computing platforms) and physical plant control at run-time in an integrated architecture. Specifically, this dissertation research comprises the following primary components.\nHolistic wireless control: The core of holistic wireless control is a holistic controller comprising a plant controller and a network controller cooperating with each other. At run-time the holistic controller generates (1) control commands to the physical plant and (2) network reconfiguration commands to wireless networks based on both physical and network states. This part of dissertation research focused on the design and evaluation of holistic controllers exploiting a range of network reconfiguration strategies: (1) adapting transmission redundancy, (2) adapting sampling rates, (3) self-triggered control, and (4) dynamic transmission scheduling. Furthermore, we develop novel network reconfiguration protocols (NRP) as actuators to control network configurations in holistic control.\nHolistic edge control: This part of dissertation research explores edge computing as a multitier computing platform for holistic control. The proposed switching multi-tier control (SMC) dynamically switches controllers located on different computation platforms, thereby exploiting the trade-off between computation and communication in a multi-tier computing platform. We also design the stability switch between local and edge controllers under information loss from another perspective, based on co-design of edge and local controllers that are designed via a joint Lyapunov function.\nReal-time wireless cyber-physical simulators: To evaluate holistic control, we extend the Wireless Cyber-Physical Simulator (WCPS) to integrate simulated physical plants (in Simulink) with real wireless networks (WCPS-RT) and edge computing platforms (WCPS-EC). The real-time WCPS provides a holistic environment for CPS simulations that incorporate wireless dynamics that are challenging to simulate accurately, explore the impacts and trade-off of computation and communication of multi-tier platforms, and leverage simulation support for controllers and plants.",identified,unique,candidate_core,,
RAW115,OpenAlex,Q3,Model predictive control and its application in agriculture: A review,2018,Ying Ding; Liang Wang; Yongwei Li; Daoliang Li,Computers and Electronics in Agriculture,10.1016/j.compag.2018.06.004,https://doi.org/10.1016/j.compag.2018.06.004,,identified,unique,exclude,R02_wrong_document_type_or_domain,
RAW116,OpenAlex,Q3,Renewable energy-powered semi-closed greenhouse for sustainable crop production using model predictive control and machine learning for energy management,2022,Guoqing Hu; Fengqi You,Renewable and Sustainable Energy Reviews,10.1016/j.rser.2022.112790,https://doi.org/10.1016/j.rser.2022.112790,,identified,unique,candidate_core,,
RAW117,OpenAlex,Q3,A model predictive controller for precision irrigation using discrete lagurre networks,2021,Abiodun Emmanuel Abioye; Mohamad Shukri Zainal Abidin; Muhammad Naveed Aman; Mohd Saiful Azimi Mahmud; Salinda Buyamin,Computers and Electronics in Agriculture,10.1016/j.compag.2020.105953,https://doi.org/10.1016/j.compag.2020.105953,,identified,unique,candidate_core,,
RAW118,OpenAlex,Q3,Data-driven model predictive control for irrigation management in agricultural greenhouses under CO2 enrichment,2025,Ikhlas Ghiat; Rajesh Govindan; Tareq Al‐Ansari,Smart Agricultural Technology,10.1016/j.atech.2025.101071,https://doi.org/10.1016/j.atech.2025.101071,"The quest for sustainable agricultural practices has significantly increased, particularly in hyper-arid regions characterised by severe water scarcity, and where ensuring food security is a critical concern. This growing interest is driven by the need for agricultural self-sufficiency in the face of geopolitical uncertainties, population growth, climate change, and the need to reduce the dependency on food imports. This work delves into innovative data-driven strategies tailored for agriculture in such challenging environments, with a specific focus on harnessing the potential of CO 2 enrichment in enhancing resource efficiency by promoting plant growth and optimizing input use in closed greenhouse systems. In this study, a data-driven model predictive control (MPC) is employed within a greenhouse environment to optimise irrigation scheduling. The key focus is utilising the power of the extreme gradient boosting (XGBoost) model to predict dynamic transpiration rates, considering the intricate interplay of microclimate conditions and physiological variations with transpiration. The XGBoost model is configured to incorporate microclimate data encompassing solar radiation, inside temperature, inside relative humidity, and inside CO 2 concentration, along with vegetation indices derived from hyperspectral imaging measurements including NDVI, WBI, and PRI, serving as predictive variables. The model demonstrated a high predictive accuracy, achieving an R 2 of 97.1% and an RMSE of 0.417 mmol/m 2 /s for transpiration estimation. The XGBoost model is then incorporated into the MPC framework to control irrigation while maintaining optimal soil moisture levels. This integration is then used to manage irrigation strategies under two distinct CO 2 enrichment regimes: 400 ppm and 1000 ppm. Findings of this study highlight that the MPC-based irrigation control results in substantial water savings of 42.2% over the course of one week of projections compared to the existing irrigation schedule under varying CO 2 concentrations. Furthermore, when applying the MPC model under different CO 2 enrichment regimes, results reveal a 34% reduction with CO 2 enrichment at 1000 ppm relative to 400 ppm. This research underscores the potential of MPC in closed greenhouse environments, emphasising the advantages of advanced predictive modeling, data integration, as well as continuous rolling optimisation, for achieving optimal irrigation control. It also highlights the capacity of CO 2 enrichment in closed agricultural greenhouses, particularly in regions under conditions of high solar radiation, as an effective practice for reducing water consumption.",identified,duplicate,pending,D01_duplicate_of_RAW001,
RAW119,OpenAlex,Q3,Model Predictive Control Structures for Periodic ON–OFF Irrigation,2023,G.B. Cáceres; Antonio Ferramosca; Pablo Millán; Mario Pereira Martín,IEEE Access,10.1109/access.2023.3277618,https://doi.org/10.1109/access.2023.3277618,"Agriculture accounts for approximately 70% of the world’s freshwater consumption. Furthermore, traditional irrigation practices, which rely on empirical methods, result in excessive water usage. This, in turn, leads to increased working hours for irrigation pumps and higher electricity consumption. The main objective of this study is to develop and evaluate periodic model predictive control structures that explicitly account for on-off irrigation, a characteristic of drip irrigation systems where watering can be turned on and off, but flow cannot be regulated. While both proposed control structures incorporate an economic upper layer (Real Time Optimizer, RTO), they differ in the costs associated with the lower layer. The first structure, called Model Predictive Control for Tracking (MPCT), focuses on tracking effectiveness, while the second structure, called Economic Model Predictive Control for Tracking (EMPCT), incorporates the economic cost into the tracking term. These proposed structures are tested in a realistic case study, specifically in a strawberry greenhouse, and both show satisfactory performance. The choice of the best option will depend on specific conditions.",identified,unique,candidate_core,,
RAW120,OpenAlex,Q3,Hierarchical model predictive control for managing agricultural greenhouse systems,2022,Zhiling Ren; Yun Dong; Dong Lin,2022 4th International Conference on Industrial Artificial Intelligence (IAI),10.1109/iai55780.2022.9976658,https://doi.org/10.1109/iai55780.2022.9976658,"This paper presents a hierarchical model predictive control method for the management of agricultural greenhouse systems. The proposed approach consists of an optimization layer and a control layer. At the optimization layer, an optimization strategy is proposed to minimize the total costs of greenhouse heating/cooling, ventilation, irrigation, carbon dioxide (CO <inf xmlns:mml=""http://www.w3.org/1998/Math/MathML"" xmlns:xlink=""http://www.w3.org/1999/xlink"">2</inf> ) supply and carbon emissions while maintaining greenhouse environmental factors, including temperature, humidity and CO <inf xmlns:mml=""http://www.w3.org/1998/Math/MathML"" xmlns:xlink=""http://www.w3.org/1999/xlink"">2</inf> concentration, within specified ranges. The proposed method is compared with a baseline method that minimizes greenhouse operating costs. At the control layer, a model predictive controller (MPC) is designed to track the reference trajectory obtained from the optimization layer. Simulation results show that the proposed method can reduce the total cost by R827 and the carbon emissions by 1.16 tons compared with the baseline method. Moreover, the designed MPC controller is verified to have good control performance under different levels of system disturbances. The proposed method is helpful to realize cleaner production and sustainable development of agricultural greenhouses.",identified,unique,candidate_core,,
RAW121,OpenAlex,Q3,Advanced Monitoring and Management Systems for Improving Sustainability in Precision Irrigation,2017,Olutobi Adeyemi; Ivan G. Grove; Sven Peets; Tomás Norton,Sustainability,10.3390/su9030353,https://doi.org/10.3390/su9030353,"Globally, the irrigation of crops is the largest consumptive user of fresh water. Water scarcity is increasing worldwide, resulting in tighter regulation of its use for agriculture. This necessitates the development of irrigation practices that are more efficient in the use of water but do not compromise crop quality and yield. Precision irrigation already achieves this goal, in part. The goal of precision irrigation is to accurately supply the crop water need in a timely manner and as spatially uniformly as possible. However, to maximize the benefits of precision irrigation, additional technologies need to be enabled and incorporated into agriculture. This paper discusses how incorporating adaptive decision support systems into precision irrigation management will enable significant advances in increasing the efficiency of current irrigation approaches. From the literature review, it is found that precision irrigation can be applied in achieving the environmental goals related to sustainability. The demonstrated economic benefits of precision irrigation in field-scale crop production is however minimal. It is argued that a proper combination of soil, plant and weather sensors providing real-time data to an adaptive decision support system provides an innovative platform for improving sustainability in irrigated agriculture. The review also shows that adaptive decision support systems based on model predictive control are able to adequately account for the time-varying nature of the soil–plant–atmosphere system while considering operational limitations and agronomic objectives in arriving at optimal irrigation decisions. It is concluded that significant improvements in crop yield and water savings can be achieved by incorporating model predictive control into precision irrigation decision support tools. Further improvements in water savings can also be realized by including deficit irrigation as part of the overall irrigation management strategy. Nevertheless, future research is needed for identifying crop response to regulated water deficits, developing improved soil moisture and plant sensors, and developing self-learning crop simulation frameworks that can be applied to evaluate adaptive decision support strategies related to irrigation.",identified,unique,exclude,R02_wrong_document_type_or_domain,
RAW122,OpenAlex,Q3,An Overview of Smart Irrigation Management for Improving Water Productivity under Climate Change in Drylands,2023,Zeeshan Ahmed; Dongwei GUI; Ghulam Murtaza; Yunfei Liu; Sikandar Ali,Agronomy,10.3390/agronomy13082113,https://doi.org/10.3390/agronomy13082113,"Global drylands, covering about 41% of Earth’s surface and inhabited by 38% of the world’s population, are facing the stark challenges of water scarcity, low water productivity, and food insecurity. This paper highlights the major constraints to agricultural productivity, traditional irrigation scheduling methods, and associated challenges, efforts, and progress to enhance water use efficiency (WUE), conserve water, and guarantee food security by overviewing different smart irrigation approaches. Widely used traditional irrigation scheduling methods (based on weather, plant, and soil moisture conditions) usually lack important information needed for precise irrigation, which leads to over- or under-irrigation of fields. On the other hand, by using several factors, including soil and climate variation, soil properties, plant responses to water deficits, and changes in weather factors, smart irrigation can drive better irrigation decisions that can help save water and increase yields. Various smart irrigation approaches, such as artificial intelligence and deep learning (artificial neural network, fuzzy logic, expert system, hybrid intelligent system, and deep learning), model predictive irrigation systems, variable rate irrigation (VRI) technology, and unmanned aerial vehicles (UAVs) could ensure high water use efficiency in water-scarce regions. These smart irrigation technologies can improve water management and accelerate the progress in achieving multiple Sustainable Development Goals (SDGs), where no one gets left behind.",identified,unique,candidate_core,,
RAW123,OpenAlex,Q3,Demand-side management in industrial sector: A review of heavy industries,2021,Hessam Golmohamadi,Renewable and Sustainable Energy Reviews,10.1016/j.rser.2021.111963,https://doi.org/10.1016/j.rser.2021.111963,"The penetration of renewable energies is increasing in power systems all over the world. The volatility and intermittency of renewable energies pose real challenges to energy systems. To overcome the problem, demand-side flexibility is a practical solution in all demand sectors, including residential, commercial, agricultural, and industrial sectors. This paper provides a comprehensive review of industrial demand response opportunities in energy-intensive industries. Flexibility potentials are discussed from (1) viewpoints of power flexibility for cement manufacturing and aluminum smelting plants (2) viewpoints of joint power-heat flexibility for oil refinery industries. The flexibility potentials of industrial processes are classified based on their compatibility with time responses on long, mid, and short advance notices of different electricity market floors and ancillary service markets. Challenges and opportunities of industrial demand management are classified from viewpoints of power systems and industry owners. Software tools and solution methodologies of industrial energy models are surveyed for energy researchers. The studies show that cement manufacturing plants have great potentials in providing peak-shaving and valley-filling in crushers and cement mills with up to 10% and 16.9% reduction in energy consumption cost and power consumption, respectively. The aluminum smelting plants can provide up to 34.2% and 20.70% reduction in energy consumption cost and power consumption by turning down/off the variable voltage smelting pots.",identified,unique,exclude,R02_wrong_document_type_or_domain,
RAW124,OpenAlex,Q3,RETRACTED ARTICLE: Artificial intelligence-based solutions for climate change: a review,2023,Lin Chen; Zhonghao Chen; Yubing Zhang; Yunfei Liu; Ahmed I. Osman; Mohamed Farghali,Environmental Chemistry Letters,10.1007/s10311-023-01617-y,https://doi.org/10.1007/s10311-023-01617-y,"Abstract Climate change is a major threat already causing system damage to urban and natural systems, and inducing global economic losses of over $500 billion. These issues may be partly solved by artificial intelligence because artificial intelligence integrates internet resources to make prompt suggestions based on accurate climate change predictions. Here we review recent research and applications of artificial intelligence in mitigating the adverse effects of climate change, with a focus on energy efficiency, carbon sequestration and storage, weather and renewable energy forecasting, grid management, building design, transportation, precision agriculture, industrial processes, reducing deforestation, and resilient cities. We found that enhancing energy efficiency can significantly contribute to reducing the impact of climate change. Smart manufacturing can reduce energy consumption, waste, and carbon emissions by 30–50% and, in particular, can reduce energy consumption in buildings by 30–50%. About 70% of the global natural gas industry utilizes artificial intelligence technologies to enhance the accuracy and reliability of weather forecasts. Combining smart grids with artificial intelligence can optimize the efficiency of power systems, thereby reducing electricity bills by 10–20%. Intelligent transportation systems can reduce carbon dioxide emissions by approximately 60%. Moreover, the management of natural resources and the design of resilient cities through the application of artificial intelligence can further promote sustainability.",identified,unique,exclude,R02_wrong_document_type_or_domain,
RAW125,OpenAlex,Q3,Applications of Artificial Neural Networks in Greenhouse Technology and Overview for Smart Agriculture Development,2020,Axel Escamilla-García; Genaro M. Soto-Zarazúa; Manuel Toledano‐Ayala; Edgar A. Rivas-Araiza; Abraham Gastélum-Barrios,Applied Sciences,10.3390/app10113835,https://doi.org/10.3390/app10113835,"This article reviews the applications of artificial neural networks (ANNs) in greenhouse technology, and also presents how this type of model can be developed in the coming years by adapting to new technologies such as the internet of things (IoT) and machine learning (ML). Almost all the analyzed works use the feedforward architecture, while the recurrent and hybrid networks are little exploited in the various tasks of the greenhouses. Throughout the document, different network training techniques are presented, where the feasibility of using optimization models for the learning process is exposed. The advantages and disadvantages of neural networks (NNs) are observed in the different applications in greenhouses, from microclimate prediction, energy expenditure, to more specific tasks such as the control of carbon dioxide. The most important findings in this work can be used as guidelines for developers of smart protected agriculture technology, in which systems involve technologies 4.0.",identified,duplicate,pending,D01_duplicate_of_RAW070,
RAW126,OpenAlex,Q3,Recent Advancements in Agriculture Robots: Benefits and Challenges,2023,Chao Cheng; Jun Fu; Hang Su; Luquan Ren,Machines,10.3390/machines11010048,https://doi.org/10.3390/machines11010048,"In the development of digital agriculture, agricultural robots play a unique role and confer numerous advantages in farming production. From the invention of the first industrial robots in the 1950s, robots have begun to capture the attention of both research and industry. Thanks to the recent advancements in computer science, sensing, and control approaches, agricultural robots have experienced a rapid evolution, relying on various cutting-edge technologies for different application scenarios. Indeed, significant refinements have been achieved by integrating perception, decision-making, control, and execution techniques. However, most agricultural robots continue to require intelligence solutions, limiting them to small-scale applications without quantity production because of their lack of integration with artificial intelligence. Therefore, to help researchers and engineers grasp the prevalent research status of agricultural robots, in this review we refer to more than 100 pieces of literature according to the category of agricultural robots under discussion. In this context, we bring together diverse agricultural robot research statuses and applications and discuss the benefits and challenges involved in further applications. Finally, directional indications are put forward with respect to the research trends relating to agricultural robots.",identified,unique,exclude,R02_wrong_document_type_or_domain,
RAW127,OpenAlex,Q3,Incorporating Artificial Intelligence Technology in Smart Greenhouses: Current State of the Art,2022,Chrysanthos Maraveas,Applied Sciences,10.3390/app13010014,https://doi.org/10.3390/app13010014,"This article presents the current state-of-the-art research on applying artificial intelligence (AI) technology in smart greenhouses to optimize crop yields, water, and fertilizer use efficiency, to reduce pest and disease, and to enhance agricultural sustainability. The key technologies of interest were robotic systems for pesticide application, irrigation, harvesting, bio-inspired algorithms for the automation of greenhouse processes, energy management, machine path planning and operation of UAVs (unmanned aerial vehicles), resolution of scheduling problems, and image signal processing for pest and disease diagnosis. Additionally, the review investigated the cost benefits of various energy-management and AI-based energy-saving technologies, the integration of photovoltaics and dynamic pricing based on real-time and time-of-use metrics, and the cost benefits of LoRa, Wi-Fi, Bluetooth, ZigBee, mobile, and RFID (radiofrequency identification) technologies. The review established that commercially viable AI technologies for agriculture had increased exponentially. For example, AI-based irrigation and soil fertilizer application enabled farmers to realize higher returns on investment on fertilizer application and gross returns above the fertilizer cost, higher yields, and resource use efficiency. Similarly, AI image detection techniques led to the early diagnosis of powdery mildew. The precise operation of agricultural robots was supported by the integration of light imaging, detection, and ranging (LIDAR) optical and electro-optical cameras in place of the traditional GPS (geographic positioning systems) technologies, which are prone to errors. However, critical challenges remained unresolved, including cost, disparities between research and development (R&amp;D) innovations and technology commercialization, energy use, the tradeoff between accuracy and computational speeds, and technology gaps between the Global North and South. In general, the value of this review is that it surveys the literature on the maturity level of various AI technologies in smart greenhouses and offers a state-of-the-art picture of how far the technologies have successfully been applied in agriculture and what can be done to optimize their usability.",identified,unique,exclude,R02_wrong_document_type_or_domain,
RAW128,OpenAlex,Q3,"Integration of smart sensors and IOT in precision agriculture: trends, challenges and future prospectives",2025,Sheikh Mansoor; Shahzad Iqbal; Simona Mariana Popescu; Song Lim Kim; Yong Suk Chung; Jeongho Baek,Frontiers in Plant Science,10.3389/fpls.2025.1587869,https://doi.org/10.3389/fpls.2025.1587869,"Traditional farming methods, effective for generations, struggle to meet rising global food demands due to limitations in productivity, efficiency, and sustainability amid climate change and resource scarcity. Precision agriculture presents a viable solution by optimizing resource use, enhancing efficiency, and fostering sustainable practices through data-driven decision-making supported by advanced sensors and Internet of Things (IoT) technologies. This review examines various smart sensors used in precision agriculture, including soil sensors for moisture, pH, and plant stress sensors etc. These sensors deliver real-time data that enables informed decision-making, facilitating targeted interventions like optimized irrigation, fertilization, and pest management. Additionally, the review highlights the transformative role of IoT in precision agriculture. The integration of sensor networks with IoT platforms allows for remote monitoring, data analysis via artificial intelligence (AI) and machine learning (ML), and automated control systems, enabling predictive analytics to address challenges such as disease outbreaks and yield forecasting. However, while precision agriculture offers significant benefits, it faces challenges including high initial investment costs, complexities in data management, needs for technical expertise, data security and privacy concerns, and issues with connectivity in remote agricultural areas. Addressing these technological and economic challenges is essential for maximizing the potential of precision agriculture in enhancing global food security and sustainability. Therefore, in this review we explore the latest trends, challenges, and opportunities associated with IoT enabled smart sensors in precision agriculture.",identified,unique,exclude,R02_wrong_document_type_or_domain,
RAW129,OpenAlex,Q3,Internet of Things Approaches for Monitoring and Control of Smart Greenhouses in Industry 4.0,2022,Chiara Bersani; C. Ruggiero; Roberto Sacile; Abdellatif Soussi; Enrico Zero,Energies,10.3390/en15103834,https://doi.org/10.3390/en15103834,"In recent decades, climate change and a shortage of resources have brought about the need for technology in agriculture. Farmers have been forced to use information and innovation in communication in order to enhance production efficiency and crop resilience. Systems engineering and information infrastructure based on the Internet of Things (IoT) are the main novel approaches that have generated growing interest. In agriculture, IoT solutions according to the challenges for Industry 4.0 can be applied to greenhouses. Greenhouses are protected environments in which best plant growth can be achieved. IoT for smart greenhouses relates to sensors, devices, and information and communication infrastructure for real-time monitoring and data collection and processing, in order to efficiently control indoor parameters such as exposure to light, ventilation, humidity, temperature, and carbon dioxide level. This paper presents the current state of the art in the IoT-based applications to smart greenhouses, underlining benefits and opportunities of this technology in the agriculture environment.",identified,unique,candidate_core,,
RAW130,OpenAlex,Q3,"Cherry Tomato Production in Intelligent Greenhouses—Sensors and AI for Control of Climate, Irrigation, Crop Yield, and Quality",2020,S. Hemming; Feije de Zwart; A. Elings; Άννα Πετροπούλου; Isabella Righini,Sensors,10.3390/s20226430,https://doi.org/10.3390/s20226430,"Greenhouses and indoor farming systems play an important role in providing fresh and nutritious food for the growing global population. Farms are becoming larger and greenhouse growers need to make complex decisions to maximize production and minimize resource use while meeting market requirements. However, highly skilled labor is increasingly lacking in the greenhouse sector. Moreover, extreme events such as the COVID-19 pandemic, can make farms temporarily less accessible. This highlights the need for more autonomous and remote-control strategies for greenhouse production. This paper describes and analyzes the results of the second ""Autonomous Greenhouse Challenge"". In this challenge, an experiment was conducted in six high-tech greenhouse compartments during a period of six months of cherry tomato growing. The primary goal of the greenhouse operation was to maximize net profit, by controlling the greenhouse climate and crop with AI techniques. Five international teams with backgrounds in AI and horticulture were challenged in a competition to operate their own compartment remotely. They developed intelligent algorithms and use sensor data to determine climate setpoints and crop management strategy. All AI supported teams outperformed a human-operated greenhouse that served as reference. From the results obtained by the teams and from the analysis of the different climate-crop strategies, it was possible to detect challenges and opportunities for the future implementation of remote-control systems in greenhouse production.",identified,unique,candidate_core,,
RAW131,OpenAlex,Q3,Renewable Energy Integration Into Cloud &amp; IoT-Based Smart Agriculture,2021,Bouali Et-taibi; Mohamed Riduan Abid; El‐Mahjoub Boufounas; Tareq Abu Hamed; Driss Benhaddou,IEEE Access,10.1109/access.2021.3138160,https://doi.org/10.1109/access.2021.3138160,"Water is becoming scarcer. The unmonitored control and the extensive use of fossil fuel in water-table pumping for irrigation exacerbate global warming and harm the environment. Along with the rapid population growth and the concomitant increase in the demand for food, optimal usage of water-table and energy is becoming a must and indispensable for sustainable agriculture. In this context, Smart Agriculture (SA) is emerging as a promising field that leverages ICT (Information and Communication Technology) to optimize resources&#x2019; usage while enhancing crops&#x2019; yields. In this paper, we present an integral SA solution that leverages <i>cost-effectiveness</i>. Commercial solutions are costly and thus become impossible to adopt by small and medium farmers. Our solution revolves around three main axes: 1. Smart Water Metering promotes optimal usage and conservation of water-table (a.k.a., groundwater) via real-time data collection and monitoring using a Cloud-based IoT (Internet of Things) system; 2. Renewable-Energy integration promotes energy-efficient agriculture by reducing reliance on fossil fuels in water-table pumping, and 3. Smart Irrigation to promote good crops quality and quantity without harming the soil and the water-table ecosystems. Our solution has been deployed and tested in a real-world Smart Farm testbed. The results have shown that the adoption of our SA system reduces the amount of water consumption (with a traditional irrigation system) up to 71.8&#x0025;. Finally, our solution is <i>open-source</i> and can be easily adopted and adapted by other researchers to promote the setting of a dedicated Cloud-based platform for water-table usage, especially in arid and sub-Saharan countries.",identified,duplicate,pending,D01_duplicate_of_RAW069,
RAW132,OpenAlex,Q3,Evaluation of Machine Learning Approaches for Precision Farming in Smart Agriculture System: A Comprehensive Review,2024,Ghulam Mohyuddin; Muhammad Adnan Khan; Abdul Haseeb; Shahzadi Mahpara; Muhammad Waseem; Ahmed Mohammed Saleh,IEEE Access,10.1109/access.2024.3390581,https://doi.org/10.1109/access.2024.3390581,"In the era of digital data proliferation, agriculture stands on the cusp of a transformative revolution driven by Machine Learning (ML). This study delves into the intricate interplay between Information and Communications Technology (ICT) and conventional agriculture, emphasizing the role of ML in reshaping farming practices. With the ongoing data tsunami impacting data-driven businesses, the fusion of smart farming and precision agriculture emerges as a beacon of innovation. ML algorithms, analyzing historical and real-time environmental data, soil conditioning, predicts suitable crop for maximum yields, detect diseases, and optimize irrigation in smart farming, facilitating informed decision-making. Precision agriculture benefits from autonomous vehicles and drones, driven by ML, ensuring precision in planting, harvesting, and crop monitoring. Resource efficiency increases as ML optimizes energy consumption, manages fertilizer application, and promotes climate-resilient practices. This comprehensive assessment underscores ML’s pivotal role in maximizing productivity, minimizing environmental impact, and navigating the complexities of modern agriculture.",identified,unique,exclude,R02_wrong_document_type_or_domain,
RAW133,OpenAlex,Q3,Model Predictive Control of Smart Greenhouses as the Path towards Near Zero Energy Consumption,2020,Chiara Bersani; Ahmed Ouammi; Roberto Sacile; Enrico Zero,Energies,10.3390/en13143647,https://doi.org/10.3390/en13143647,"Modern agriculture represents an economic sector that can mainly benefit from technology innovation according to the principles suggested by Industry 4.0 for smart farming systems. Greenhouse industry is significantly becoming more and more technological and automatized to improve the quality and efficiency of crop production. Smart greenhouses are equipped with forefront IoT- and ICT-based monitoring and control systems. New remote sensors, devices, networking communication, and control strategies can make available real-time information about crop health, soil, temperature, humidity, and other indoor parameters. Energy efficiency plays a key role in this context, as a fundamental path towards sustainability of the production. This paper is a review of the precision and sustainable agriculture approaches focusing on the current advance technological solution to monitor, track, and control greenhouse systems to enhance production in a more sustainable way. Thus, we compared and analyzed traditional versus model predictive control methods with the aim to enhance indoor microclimate condition management under an energy-saving approach. We also reviewed applications of sustainable approaches to reach nearly zero energy consumption, while achieving nearly zero water and pesticide use.",identified,unique,exclude,R02_wrong_document_type_or_domain,
RAW134,OpenAlex,Q3,Smart greenhouses as the path towards precision agriculture in the food-energy and water nexus: case study of Qatar,2022,Theodora Karanisa; Yasmine Achour; Ahmed Ouammi; Sami Sayadi,Environment Systems & Decisions,10.1007/s10669-022-09862-2,https://doi.org/10.1007/s10669-022-09862-2,"Abstract Greenhouse farming is essential in increasing domestic crop production in countries with limited resources and a harsh climate like Qatar. Smart greenhouse development is even more important to overcome these limitations and achieve high levels of food security. While the main aim of greenhouses is to offer an appropriate environment for high-yield production while protecting crops from adverse climate conditions, smart greenhouses provide precise regulation and control of the microclimate variables by utilizing the latest control techniques, advanced metering and communication infrastructures, and smart management systems thus providing the optimal environment for crop development. However, due to the development of information technology, greenhouses are undergoing a big transformation. In fact, the new generation of greenhouses has gone from simple constructions to sophisticated factories that drive agricultural production at the minimum possible cost. The main objective of this paper is to present a comprehensive understanding framework of the actual greenhouse development in Qatar, so as to be able to support the transition to sustainable precision agriculture. Qatar’s greenhouse market is a dynamic sector, and it is expected to mark double-digit growth by 2025. Thus, this study may offer effective supporting information to decision and policy makers, professionals, and end-users in introducing new technologies and taking advantage of monitoring techniques, artificial intelligence, and communication infrastructure in the agriculture sector by adopting smart greenhouses, consequently enhancing the Food-Energy-Water Nexus resilience and sustainable development. Furthermore, an analysis of the actual agriculture situation in Qatar is provided by examining its potential development regarding the existing drivers and barriers. Finally, the study presents the policy measures already implemented in Qatar and analyses the future development of the local greenhouse sector in terms of sustainability and resource-saving perspective and its penetration into Qatar’s economy.",identified,unique,candidate_core,,
RAW135,OpenAlex,Q3,Agricultural Greenhouses: Resource Management Technologies and Perspectives for Zero Greenhouse Gas Emissions,2023,Chrysanthos Maraveas; Christos‐Spyridon Karavas; Dimitrios Loukatos; Thomas Bartzanas; Konstantinos G. Arvanitis; Eleni Symeonaki,Agriculture,10.3390/agriculture13071464,https://doi.org/10.3390/agriculture13071464,"Resource management in agriculture is considered a pivotal issue because greenhouse farming and agriculture-related activities generate about 10–29% of all global greenhouse gas emissions. The problem of high greenhouse gas emissions is still unresolved due to the rapid expansion of arable land to meet global food demand. The purpose of this systematic literature review was to generate new perspectives and insights regarding the development of resource management and optimized environments in greenhouses, thereby lowering energy requirements and CO2 emissions. This review sought to answer what technologies and inventions could be used to achieve zero greenhouse gas emissions through efficient energy-saving mechanisms while considering their technical and economic viability. The synthesis of the findings led to several themes which included energy-saving techniques for greenhouses, systems that reduced unfavorable external conditions and renewable energy systems. Other themes identified regarded energy storage systems, systems for managing conditions in greenhouses, carbon capture and storage, and factors influencing the performance of different technologies to enhance resource management and ensure zero carbon emissions. The findings also revealed various technologies used in the design of energy-saving techniques in greenhouses including proportional–integral–derivatives (PID), fuzzy, artificial neural networks, and other intelligent algorithms. Additionally, technologies that were a combination of these algorithms were also examined. The systems that reduced unfavorable external conditions included the use of insulation panels and intelligent shading systems. Greenhouse covers were also optimized by smart glass systems, sensors, Internet of Things (IoT), and Artificial Intelligence (AI) systems. Renewable energy systems included PV (solar) panels, wind turbines, and geothermal electricity. Some of the thermal energy storage systems widely studied in recent research included underground thermal energy storage (UTES) (for seasonal storage), phase-change materials (PCMs), and water tanks, which are used to address short-term shortages and peak loads. The adoption of the various technologies to achieve the above purposes was constrained by the fact that there was no isolated technology that could enable agricultural producers to achieve zero energy, zero emissions, and optimal resource utilization in the short term. Future research studies should establish whether it is economical for large agricultural companies to install smart glass systems and infrastructure for slow fertilizer release and carbon capture in greenhouse structures to offset the carbon footprint.",identified,unique,exclude,R02_wrong_document_type_or_domain,
RAW136,OpenAlex,Q3,Agricultural Robotics,2018,Stavros Vougioukas,Annual Review of Control Robotics and Autonomous Systems,10.1146/annurev-control-053018-023617,https://doi.org/10.1146/annurev-control-053018-023617,"A key goal of contemporary agriculture is to dramatically increase production of food, feed, fiber, and biofuel products in a sustainable fashion, facing the pressure of diminishing farm labor supply. Agricultural robots can accelerate plant breeding and advance data-driven precision farming with significantly reduced labor inputs by providing task-appropriate sensing and actuation at fine spatiotemporal resolutions. This article highlights the distinctive challenges imposed on ground robots by agricultural environments, which are characterized by wide variations in environmental conditions, diversity and complexity of plant canopy structures, and intraspecies biological variation of physical and chemical characteristics and responses to the environment. Existing approaches to address these challenges are presented, along with their limitations; possible future directions are also discussed. Two key observations are that biology (breeding) and horticultural practices can reduce variabilities at the source and that publicly available benchmark data sets are needed to increase perception robustness and performance despite variability.",identified,unique,candidate_core,,
RAW137,OpenAlex,Q3,Design and field evaluation of a ground robot for high-throughput phenotyping of energy sorghum,2018,Sierra Young; Erkan Kayacan; Joshua M. Peschel,Precision Agriculture,10.1007/s11119-018-9601-6,https://doi.org/10.1007/s11119-018-9601-6,"This article describes the design and field evaluation of a low-cost, high-throughput phenotyping robot for energy sorghum for use in biofuel production. High-throughput phenotyping approaches have been used in isolated growth chambers or greenhouses, but there is a growing need for field-based, precision agriculture techniques to measure large quantities of plants at high spatial and temporal resolutions throughout a growing season. A low-cost, tracked mobile robot was developed to collect phenotypic data for individual plants and tested on two separate energy sorghum fields in Central Illinois during summer 2016. Stereo imaging techniques determined plant height, and a depth sensor measured stem width near the base of the plant. A data capture rate of 0.4 ha, bi-weekly, was demonstrated for platform robustness consistent with various environmental conditions and crop yield modeling needs, and formative human–robot interaction observations were made during the field trials to address usability. This work is of interest to researchers and practitioners advancing the field of plant breeding because it demonstrates a new phenotyping platform that can measure individual plant architecture traits accurately (absolute measurement error at 15% for plant height and 13% for stem width) over large areas at a sub-daily frequency; furthermore, the design of this platform can be extended for phenotyping applications in maize or other agricultural row crops.",identified,unique,exclude,R03_no_clear_network_control_component,
RAW138,OpenAlex,Q3,Sensor-Based Model Driven Control Strategy for Precision Irrigation,2016,Camilo Lozoya; Carlos Mendoza; Alberto Aguilar; Armando Roman‐Flores; Rodolfo Castelló,Journal of Sensors,10.1155/2016/9784071,https://doi.org/10.1155/2016/9784071,"Improving the efficiency of the agricultural irrigation systems substantially contributes to sustainable water management. This improvement can be achieved through an automated irrigation system that includes a real-time control strategy based on the water, soil, and crop relationship. This paper presents a model driven control strategy applied to an irrigation system, in order to make an efficient use of water for large crop fields, that is, applying the correct amount of water in the correct place at the right moment. The proposed model uses a predictive algorithm that senses soil moisture and weather variables, to determine optimal amount of water required by the crop. This proposed approach is evaluated against a traditional irrigation system based on the empirical definition of time periods and against a basic soil moisture control system. Results indicate that the use of a model predictive control in an irrigation system achieves a higher efficiency and significantly reduce the water consumption.",identified,unique,candidate_core,,
RAW139,OpenAlex,Q3,Deployment Strategies of Soil Monitoring WSN for Precision Agriculture Irrigation Scheduling in Rural Areas,2021,Laura García; Lorena Parra; Jose M. Jiménez; Mar Parra; Jaime Lloret; Pedro V. Mauri,Sensors,10.3390/s21051693,https://doi.org/10.3390/s21051693,"Deploying wireless sensor networks (WSN) in rural environments such as agricultural fields may present some challenges that affect the communication between the nodes due to the vegetation. These challenges must be addressed when implementing precision agriculture (PA) systems that monitor the fields and estimate irrigation requirements with the gathered data. In this paper, different WSN deployment configurations for a soil monitoring PA system are studied to identify the effects of the rural environment on the signal and to identify the key aspects to consider when designing a PA wireless network. The PA system is described, providing the architecture, the node design, and the algorithm that determines the irrigation requirements. The testbed includes different types of vegetation and on-ground, near-ground, and above-ground ESP32 Wi-Fi node placements. The results of the testbed show high variability in densely vegetated areas. These results are analyzed to determine the theoretical maximum coverage for acceptable signal quality for each of the studied configurations. The best coverage was obtained for the near-ground deployment. Lastly, the aspects of the rural environment and the deployment that affect the signal such as node height, crop type, foliage density, or the form of irrigation are discussed.",identified,unique,candidate_core,,
RAW140,OpenAlex,Q4,A Survey on the Role of IoT in Agriculture for the Implementation of Smart Farming,2019,Muhammad Shoaib Farooq; Shamyla Riaz; Adnan Abid; Kamran Abid; Muhammad Azhar Naeem,IEEE Access,10.1109/access.2019.2949703,https://doi.org/10.1109/access.2019.2949703,"Internet of things (IoT) is a promising technology which provides efficient and reliable solutions towards the modernization of several domains. IoT based solutions are being developed to automatically maintain and monitor agricultural farms with minimal human involvement. The article presents many aspects of technologies involved in the domain of IoT in agriculture. It explains the major components of IoT based smart farming. A rigorous discussion on network technologies used in IoT based agriculture has been presented, that involves network architecture and layers, network topologies used, and protocols. Furthermore, the connection of IoT based agriculture systems with relevant technologies including cloud computing, big data storage and analytics has also been presented. In addition, security issues in IoT agriculture have been highlighted. A list of smart phone based and sensor based applications developed for different aspects of farm management has also been presented. Lastly, the regulations and policies made by several countries to standardize IoT based agriculture have been presented along with few available success stories. In the end, some open research issues and challenges in IoT agriculture field have been presented.",identified,unique,exclude,R02_wrong_document_type_or_domain,
RAW141,OpenAlex,Q4,Precision Agriculture Techniques and Practices: From Considerations to Applications,2019,Uferah Shafi; Rafia Mumtaz; José García-Nieto; Syed Ali Hassan; Syed Ali Raza Zaidi; Naveed Iqbal,Sensors,10.3390/s19173796,https://doi.org/10.3390/s19173796,"Internet of Things (IoT)-based automation of agricultural events can change the agriculture sector from being static and manual to dynamic and smart, leading to enhanced production with reduced human efforts. Precision Agriculture (PA) along with Wireless Sensor Network (WSN) are the main drivers of automation in the agriculture domain. PA uses specific sensors and software to ensure that the crops receive exactly what they need to optimize productivity and sustainability. PA includes retrieving real data about the conditions of soil, crops and weather from the sensors deployed in the fields. High-resolution images of crops are obtained from satellite or air-borne platforms (manned or unmanned), which are further processed to extract information used to provide future decisions. In this paper, a review of near and remote sensor networks in the agriculture domain is presented along with several considerations and challenges. This survey includes wireless communication technologies, sensors, and wireless nodes used to assess the environmental behaviour, the platforms used to obtain spectral images of crops, the common vegetation indices used to analyse spectral images and applications of WSN in agriculture. As a proof of concept, we present a case study showing how WSN-based PA system can be implemented. We propose an IoT-based smart solution for crop health monitoring, which is comprised of two modules. The first module is a wireless sensor network-based system to monitor real-time crop health status. The second module uses a low altitude remote sensing platform to obtain multi-spectral imagery, which is further processed to classify healthy and unhealthy crops. We also highlight the results obtained using a case study and list the challenges and future directions based on our work.",identified,unique,exclude,R02_wrong_document_type_or_domain,
RAW142,OpenAlex,Q4,The Path to Smart Farming: Innovations and Opportunities in Precision Agriculture,2023,E. M. B. M. Karunathilake; Anh Tuan Le; Seong Heo; Yong Suk Chung; Sheikh Mansoor,Agriculture,10.3390/agriculture13081593,https://doi.org/10.3390/agriculture13081593,"Precision agriculture employs cutting-edge technologies to increase agricultural productivity while reducing adverse impacts on the environment. Precision agriculture is a farming approach that uses advanced technology and data analysis to maximize crop yields, cut waste, and increase productivity. It is a potential strategy for tackling some of the major issues confronting contemporary agriculture, such as feeding a growing world population while reducing environmental effects. This review article examines some of the latest recent advances in precision agriculture, including the Internet of Things (IoT) and how to make use of big data. This review article aims to provide an overview of the recent innovations, challenges, and future prospects of precision agriculture and smart farming. It presents an analysis of the current state of precision agriculture, including the most recent innovations in technology, such as drones, sensors, and machine learning. The article also discusses some of the main challenges faced by precision agriculture, including data management, technology adoption, and cost-effectiveness.",identified,unique,exclude,R02_wrong_document_type_or_domain,
RAW143,OpenAlex,Q4,Energy-Efficient Wireless Sensor Networks for Precision Agriculture: A Review,2017,Haider Mahmood Jawad; Rosdiadee Nordin; Sadik Kamel Gharghan; Aqeel Mahmood Jawad; Mahamod Ismail,Sensors,10.3390/s17081781,https://doi.org/10.3390/s17081781,"Wireless sensor networks (WSNs) can be used in agriculture to provide farmers with a large amount of information. Precision agriculture (PA) is a management strategy that employs information technology to improve quality and production. Utilizing wireless sensor technologies and management tools can lead to a highly effective, green agriculture. Based on PA management, the same routine to a crop regardless of site environments can be avoided. From several perspectives, field management can improve PA, including the provision of adequate nutrients for crops and the wastage of pesticides for the effective control of weeds, pests, and diseases. This review outlines the recent applications of WSNs in agriculture research as well as classifies and compares various wireless communication protocols, the taxonomy of energy-efficient and energy harvesting techniques for WSNs that can be used in agricultural monitoring systems, and comparison between early research works on agriculture-based WSNs. The challenges and limitations of WSNs in the agricultural domain are explored, and several power reduction and agricultural management techniques for long-term monitoring are highlighted. These approaches may also increase the number of opportunities for processing Internet of Things (IoT) data.",identified,unique,exclude,R02_wrong_document_type_or_domain,
RAW144,OpenAlex,Q4,Role of IoT Technology in Agriculture: A Systematic Literature Review,2020,Muhammad Shoaib Farooq; Shamyla Riaz; Adnan Abid; T. Umer; Yousaf Bin Zikria,Electronics,10.3390/electronics9020319,https://doi.org/10.3390/electronics9020319,"The growing demand for food in terms of quality and quantity has increased the need for industrialization and intensification in the agriculture field. Internet of Things (IoT) is a highly promising technology that is offering many innovative solutions to modernize the agriculture sector. Research institutions and scientific groups are continuously working to deliver solutions and products using IoT to address different domains of agriculture. This paper presents a systematic literature review (SLR) by conducting a survey of IoT technologies and their current utilization in different application domains of the agriculture sector. The underlying SLR has been compiled by reviewing research articles published in well-reputed venues between 2006 and 2019. A total of 67 papers were carefully selected through a systematic process and classified accordingly. The primary objective of this systematic study is the collection of all relevant research on IoT agricultural applications, sensors/devices, communication protocols, and network types. Furthermore, it also discusses the main issues and challenges that are being investigated in the field of agriculture. Moreover, an IoT agriculture framework has been presented that contextualizes the representation of a wide range of current solutions in the field of agriculture. Similarly, country policies for IoT-based agriculture have also been presented. Lastly, open issues and challenges have been presented to provide the researchers promising future directions in the domain of IoT agriculture.",identified,unique,exclude,R02_wrong_document_type_or_domain,
RAW145,OpenAlex,Q4,"IoT-Enabled Smart Agriculture: Architecture, Applications, and Challenges",2022,Vũ Khánh Quý; Van-Hau Nguyen; Dang Van Anh; Nguyễn Minh Quý; Nguyễn Tiến Ban; Stefania Lanza,Applied Sciences,10.3390/app12073396,https://doi.org/10.3390/app12073396,"The growth of the global population coupled with a decline in natural resources, farmland, and the increase in unpredictable environmental conditions leads to food security is becoming a major concern for all nations worldwide. These problems are motivators that are driving the agricultural industry to transition to smart agriculture with the application of the Internet of Things (IoT) and big data solutions to improve operational efficiency and productivity. The IoT integrates a series of existing state-of-the-art solutions and technologies, such as wireless sensor networks, cognitive radio ad hoc networks, cloud computing, big data, and end-user applications. This study presents a survey of IoT solutions and demonstrates how IoT can be integrated into the smart agriculture sector. To achieve this objective, we discuss the vision of IoT-enabled smart agriculture ecosystems by evaluating their architecture (IoT devices, communication technologies, big data storage, and processing), their applications, and research timeline. In addition, we discuss trends and opportunities of IoT applications for smart agriculture and also indicate the open issues and challenges of IoT application in smart agriculture. We hope that the findings of this study will constitute important guidelines in research and promotion of IoT solutions aiming to improve the productivity and quality of the agriculture sector as well as facilitating the transition towards a future sustainable environment with an agroecological approach.",identified,unique,exclude,R02_wrong_document_type_or_domain,
RAW146,OpenAlex,Q4,A Review of Applications and Communication Technologies for Internet of Things (IoT) and Unmanned Aerial Vehicle (UAV) Based Sustainable Smart Farming,2021,Nahina Islam; Md. Mamunur Rashid; Faezeh Pasandideh; Biplob Ray; Steven T. Moore; R. W. Kadel,Sustainability,10.3390/su13041821,https://doi.org/10.3390/su13041821,"To reach the goal of sustainable agriculture, smart farming is taking advantage of the Unmanned Aerial Vehicles (UAVs) and Internet of Things (IoT) paradigm. These smart farms are designed to be run by interconnected devices and vehicles. Some enormous potentials can be achieved by the integration of different IoT technologies to achieve automated operations with minimum supervision. This paper outlines some major applications of IoT and UAV in smart farming, explores the communication technologies, network functionalities and connectivity requirements for Smart farming. The connectivity limitations of smart agriculture and it’s solutions are analysed with two case studies. In case study-1, we propose and evaluate meshed Long Range Wide Area Network (LoRaWAN) gateways to address connectivity limitations of Smart Farming. While in case study-2, we explore satellite communication systems to provide connectivity to smart farms in remote areas of Australia. Finally, we conclude the paper by identifying future research challenges on this topic and outlining directions to address those challenges.",identified,unique,exclude,R02_wrong_document_type_or_domain,
RAW147,OpenAlex,Q4,"Internet of Things: Architectures, Protocols, and Applications",2017,Pallavi Sethi; Smruti R. Sarangi,Journal of Electrical and Computer Engineering,10.1155/2017/9324035,https://doi.org/10.1155/2017/9324035,"The Internet of Things (IoT) is defined as a paradigm in which objects equipped with sensors, actuators, and processors communicate with each other to serve a meaningful purpose. In this paper, we survey state-of-the-art methods, protocols, and applications in this new emerging area. This survey paper proposes a novel taxonomy for IoT technologies, highlights some of the most important technologies, and profiles some applications that have the potential to make a striking difference in human life, especially for the differently abled and the elderly. As compared to similar survey papers in the area, this paper is far more comprehensive in its coverage and exhaustively covers most major technologies spanning from sensors to applications.",identified,unique,exclude,R02_wrong_document_type_or_domain,
RAW148,OpenAlex,Q4,Smart Sensors and Smart Data for Precision Agriculture: A Review,2024,Abdellatif Soussi; Enrico Zero; Roberto Sacile; Daniele Trinchero; Marco Fossa,Sensors,10.3390/s24082647,https://doi.org/10.3390/s24082647,"Precision agriculture, driven by the convergence of smart sensors and advanced technologies, has emerged as a transformative force in modern farming practices. The present review synthesizes insights from a multitude of research papers, exploring the dynamic landscape of precision agriculture. The main focus is on the integration of smart sensors, coupled with technologies such as the Internet of Things (IoT), big data analytics, and Artificial Intelligence (AI). This analysis is set in the context of optimizing crop management, using resources wisely, and promoting sustainability in the agricultural sector. This review aims to provide an in-depth understanding of emerging trends and key developments in the field of precision agriculture. By highlighting the benefits of integrating smart sensors and innovative technologies, it aspires to enlighten farming practitioners, researchers, and policymakers on best practices, current challenges, and prospects. It aims to foster a transition towards more sustainable, efficient, and intelligent farming practices while encouraging the continued adoption and adaptation of new technologies.",identified,unique,exclude,R02_wrong_document_type_or_domain,
RAW149,OpenAlex,Q4,"A Review of Precision Irrigation Water-Saving Technology under Changing Climate for Enhancing Water Use Efficiency, Crop Yield, and Environmental Footprints",2024,Imran Ali Lakhiar; Haofang Yan; Chuan Zhang; Guoqing Wang; Bin He; Beibei Hao,Agriculture,10.3390/agriculture14071141,https://doi.org/10.3390/agriculture14071141,"Water is considered one of the vital natural resources and factors for performing short- and long-term agricultural practices on Earth. Meanwhile, globally, most of the available freshwater resources are utilized for irrigation purposes in agriculture. Currently, many world regions are facing extreme water shortage problems, which can worsen if not managed properly. In the literature, numerous methods and remedies are used to cope with the increasing global water crises. The use of precision irrigation water-saving systems (PISs) for efficient water management under climate change is one of them and is a highly recommended approach by researchers. It can mitigate the adverse effects of changing climate and help enhance water use efficiency, crop yield, and environmental footprints. Thus, the present study aimed to comprehensively examine and review PISs, focusing on their development, implementation, and positive impacts on sustainable water management. In addition, we searched the literature using different online search engines and reviewed and summarized the main results of the previously published papers on PISs. We discussed the traditional irrigation method and its modernization for enhancing water use efficiency, PIS monitoring and controlling, architecture, data sharing communication technologies, the role of artificial intelligence for irrigation water-saving, and the future prospects of the PIS. Based on the brief literature review, the present study concluded that the future of PISs seems bright, driven by the need for efficient irrigation water management systems, technological advancements, and increasing environmental awareness. As the water scarcity problem intensifies due to climate change and population growth, the PIS is poised to play a critical role in optimizing and modernizing water usage, increasing water use efficiency, and reducing environmental footprints, thus ensuring sustainable agriculture development.",identified,unique,exclude,R02_wrong_document_type_or_domain,
RAW150,OpenAlex,Q4,A Comprehensive Survey on TinyML,2023,Youssef Abadade; Anas Temouden; Hatim Bamoumen; Nabil Benamar; Yousra Chtouki; Abdelhakim Hafid,IEEE Access,10.1109/access.2023.3294111,https://doi.org/10.1109/access.2023.3294111,"Recent spectacular progress in computational technologies has led to an unprecedented boom in the field of Artificial Intelligence (AI). AI is now used in a plethora of research areas and has demonstrated its capability to bring new approaches and solutions to various research problems. However, the extensive computation required to train AI algorithms comes with a cost. Driven by the need to reduce the energy consumption, the carbon footprint and the cost of computers running machine learning algorithms, TinyML is nowadays considered as a promising AI alternative focusing on technologies and applications for extremely low-profile devices. This paper presents the results of a literature survey of all TinyML applications and related research efforts. Our survey builds a taxonomy of TinyML techniques that have been used so far to bring new solutions to various domains, such as healthcare, smart farming, environment, and anomaly detection. Finally, this survey highlights the remaining challenges and points out possible future research directions. We anticipate that this survey will motivate further discussions on the various fields of applications of TinyML and the synergy of resource-constrained devices and edge intelligence.",identified,unique,exclude,R02_wrong_document_type_or_domain,
RAW151,OpenAlex,Q4,Internet of Things and Wireless Sensor Networks for Smart Agriculture Applications: A Survey,2023,Md. Najmul Mowla; Neazmul Mowla; A. F. M. Shahen Shah; Khaled M. Rabie; Thokozani Shongwe,IEEE Access,10.1109/access.2023.3346299,https://doi.org/10.1109/access.2023.3346299,"The increasing food scarcity necessitates sustainable agriculture achieved through automation to meet the growing demand. Integrating the Internet of Things (IoT) and Wireless Sensor Networks (WSNs) is crucial in enhancing food production across various agricultural domains, encompassing irrigation, soil moisture monitoring, fertilizer optimization and control, early-stage pest and crop disease management, and energy conservation. Wireless application protocols such as ZigBee, WiFi, SigFox, and LoRaWAN are commonly employed to collect real-time data for monitoring purposes. Embracing advanced technology is imperative to ensure efficient annual production. Therefore, this study emphasizes a comprehensive, future-oriented approach, delving into IoT-WSNs, wireless network protocols, and their applications in agriculture since 2019. It thoroughly discusses the overview of IoT and WSNs, encompassing their architectures and summarization of network protocols. Furthermore, the study addresses recent issues and challenges related to IoT-WSNs and proposes mitigation strategies. It provides clear recommendations for the future, emphasizing the integration of advanced technology aiming to contribute to the future development of smart agriculture systems.",identified,unique,exclude,R02_wrong_document_type_or_domain,
RAW152,OpenAlex,Q4,LoRaFarM: A LoRaWAN-Based Smart Farming Modular IoT Architecture,2020,Gaia Codeluppi; Antonio Cilfone; Luca Davoli; Gianluigi Ferrari,Sensors,10.3390/s20072028,https://doi.org/10.3390/s20072028,"Presently, the adoption of Internet of Things (IoT)-related technologies in the Smart Farming domain is rapidly emerging. The ultimate goal is to collect, monitor, and effectively employ relevant data for agricultural processes, with the purpose of achieving an optimized and more environmentally sustainable agriculture. In this paper, a low-cost, modular, and Long-Range Wide-Area Network (LoRaWAN)-based IoT platform, denoted as “LoRaWAN-based Smart Farming Modular IoT Architecture” (LoRaFarM), and aimed at improving the management of generic farms in a highly customizable way, is presented. The platform, built around a core middleware, is easily extensible with ad-hoc low-level modules (feeding the middleware with data coming from the sensors deployed in the farm) or high-level modules (providing advanced functionalities to the farmer). The proposed platform has been evaluated in a real farm in Italy, collecting environmental data (air/soil temperature and humidity) related to the growth of farm products (namely grapes and greenhouse vegetables) over a period of three months. A web-based visualization tool for the collected data is also presented, to validate the LoRaFarM architecture.",identified,unique,candidate_core,,
RAW153,OpenAlex,Q4,AgriFusion: An Architecture for IoT and Emerging Technologies Based on a Precision Agriculture Survey,2021,Ritesh Kumar Singh; Rafael Berkvens; Maarten Weyn,IEEE Access,10.1109/access.2021.3116814,https://doi.org/10.1109/access.2021.3116814,"Precision Agriculture (PA) is a management strategy that utilizes communication and information technology for farm management. It is a key to improve productivity by using the best agricultural practices and optimal usage of resources. Agriculture faces diverse challenges due to soil degradation, climate variation, and increasing costs. To unfold these challenges, PA uses Wireless Sensor Networks(WSNs) and exploits acquisition, communication, and processing of the data as basic enabling technologies to amplify the crop yield. Also, many other multidisciplinary technologies are supporting PA in finding the most novel use cases for PA. The use of Machine Learning (ML) and Artificial Intelligence (AI) has transformed PA at almost every level. The fog/edge paradigm is mitigating many challenges such as network bandwidth and security by bringing computation closer to the deployed network. At the same time, Software Defined Networks (SDN) brings flexibility, big data assists in handling data, and nano-technology plays a crucial part in driving the innovation in PA. This paper delves into ways these technologies are transforming PA in respective tracks, exhibiting the significance of integrating multidisciplinary approaches towards the future of PA. In addition to a comprehensive survey, this paper proposes a multidisciplinary architecture: AgriFusion, for efficient and cost-effective agriculture solutions. A list of industrial solutions for different aspects of farm management and their underlying focused technology have been highlighted. This can help to align research and industrial goals for PA. Furthermore, this paper defines a step approach to describe the performance dichotomy between resource availability and objectives for PA. In addition, solution architecture is proposed for designing Key Performance Indicators (KPI) in PA. In the end, some open research issues in implementing PA and respective future scopes have been presented.",identified,unique,exclude,R02_wrong_document_type_or_domain,
RAW154,OpenAlex,Q4,A Survey on LoRa for Smart Agriculture: Current Trends and Future Perspectives,2022,Antonino Pagano; Daniele Croce; Ilenia Tinnirello; Gianpaolo Vitale,IEEE Internet of Things Journal,10.1109/jiot.2022.3230505,https://doi.org/10.1109/jiot.2022.3230505,"This article provides a survey on the adoption of LoRa in the agricultural field and reviews state-of-the-art solutions for smart agriculture, analyzing the potential of this technology in different infield applications. In particular, we consider four reference scenarios, namely, irrigation systems, plantation and crop monitoring, tree monitoring, and livestock monitoring, which exhibit heterogeneous requirements in terms of network bandwidth, density, sensors’ complexity, and energy demand, as well as latency in the decision process. We discuss how LoRa-based solutions can work in these scenarios, analyzing their scalability, interoperability, network architecture, and energy efficiency. Finally, we present possible future research directions and point out some open issues which might become the main research trends for the next years.",identified,unique,exclude,R02_wrong_document_type_or_domain,
RAW155,OpenAlex,Q4,Energy-Efficient Edge-Fog-Cloud Architecture for IoT-Based Smart Agriculture Environment,2021,Hatem A. Alharbi; Mohammad Aldossary,IEEE Access,10.1109/access.2021.3101397,https://doi.org/10.1109/access.2021.3101397,"The current agriculture systems compete to take advantage of industry advanced technologies, including the internet of things (IoT), cloud/fog/edge computing, artificial intelligence, and agricultural robots to monitor, track, analyze and process various functions and services in real-time. Additionally, these technologies can make the agricultural processes smarter and more cost-efficient by using automated systems and eliminating any human interventions, hence enhancing agricultural production to meet future expectations. Although the current agriculture systems that adopt the traditional cloud-based architecture have provided powerful computing infrastructure to distributed IoT sensors. However, the cost of energy consumption associated with transferring heterogeneous data over the multiple network tiers to process, analyze and store the sensor's information in the cloud has created a huge load on information and communication infrastructure. Besides, the energy consumed by cloud data centers has an environmental impact associated with using non-clean fuels, which usually release carbon emissions (CO <sub xmlns:mml=""http://www.w3.org/1998/Math/MathML"" xmlns:xlink=""http://www.w3.org/1999/xlink"">2</sub> ) to produce electricity. Thus, to tackle these issues, we propose a new integrated edge-fog-cloud architectural paradigm that promises to enhance the energy-efficient of smart agriculture systems and corresponding carbon emissions. This architecture allows data collection from several sensors to process and analyze the agriculture data that require real-time operation (e.g., weather temperature, soil moisture, soil acidity, irrigation, etc.) in several layers (edge, fog, and cloud). Thus, the real-time processing could be held by the edge and fog layers to reduce the load on the cloud layer, which will help to enhance the overall energy consumption and process the agriculture applications/services efficiently. Mathematical modeling is conducted using mixed-integer linear programming (MILP) for a smart agriculture environment, where the proposed architecture is implemented, and results are analyzed and compared to the traditional implementation. According to the results of thousands of agriculture sensors, the proposed architecture outperforms the traditional cloud-based architecture in terms of reducing the overall energy consumption by 36% and the carbon emissions by 43%. In addition to these achievements, the results show that our proposed architecture can reduce network traffic by up to 86%, which can reduce network congestion. Finally, we develop a heuristic algorithm to validate and mimic the presented approach, and it shows comparable results to the MILP model.",identified,unique,candidate_core,,
RAW156,OpenAlex,Q4,"Digital Twin: Values, Challenges and Enablers From a Modeling Perspective",2020,Adil Rasheed; Omer San; Trond Kvamsdal,IEEE Access,10.1109/access.2020.2970143,https://doi.org/10.1109/access.2020.2970143,"Digital twin can be defined as a virtual representation of a physical asset enabled through data and simulators for real-time prediction, optimization, monitoring, controlling, and improved decision making. Recent advances in computational pipelines, multiphysics solvers, artificial intelligence, big data cybernetics, data processing and management tools bring the promise of digital twins and their impact on society closer to reality. Digital twinning is now an important and emerging trend in many applications. Also referred to as a computational megamodel, device shadow, mirrored system, avatar or a synchronized virtual prototype, there can be no doubt that a digital twin plays a transformative role not only in how we design and operate cyber-physical intelligent systems, but also in how we advance the modularity of multi-disciplinary systems to tackle fundamental barriers not addressed by the current, evolutionary modeling practices. In this work, we review the recent status of methodologies and techniques related to the construction of digital twins mostly from a modeling perspective. Our aim is to provide a detailed coverage of the current challenges and enabling technologies along with recommendations and reflections for various stakeholders.",identified,unique,exclude,R02_wrong_document_type_or_domain,
RAW157,OpenAlex,Q4,"A Survey on Energy Efficient Narrowband Internet of Things (NBIoT): Architecture, Application and Challenges",2018,Sakshi Popli; Rakesh Kumar Jha; Sanjeev Jain,IEEE Access,10.1109/access.2018.2881533,https://doi.org/10.1109/access.2018.2881533,"The advancement of technologies over years has poised Internet of Things (IoT) to scoop out untapped information and communication technology opportunities. It is anticipated that IoT will handle the gigantic network of billions of devices to deliver plenty of smart services to the users. Undoubtedly, this will make our life more resourceful but at the cost of high energy consumption and carbon footprint. Consequently, there is a high demand for green communication to reduce energy consumption, which requires optimal resource availability and controlled power levels. In contrast to this, IoT devices are constrained in terms of resources-memory, power, and computation. Low power wide area (LPWA) technology is a response to the need for efficient utilization of power resource, as it evinces characteristics such as the capability to proffer low power connectivity to a huge number of devices spread over wide geographical areas at low cost. Various LPWA technologies, such as LoRa and SigFox, exist in the market, offering a proficient solution to the users. However, in order to abstain the need of new infrastructure (like base station) that is required for proprietary technologies, a new cellular-based licensed technology, narrowband IoT (NBIoT), is introduced by 3GPP in Rel-13. This technology presents a good candidature to handle LPWA market because of its characteristics like enhanced indoor coverage, low power consumption, latency insensitivity, and massive connection support towards NBIoT. This survey presents a profound view of IoT and NBIoT, subsuming their technical features, resource allocation, and energy-efficiency techniques and applications. The challenges that hinder the NBIoT path to success are also identified and discussed. In this paper, two novel energy-efficient techniques “zonal thermal pattern analysis” and energy-efficient adaptive health monitoring system have been proposed towards green IoT.",identified,unique,exclude,R02_wrong_document_type_or_domain,
RAW158,OpenAlex,Q4,Recent Developments of the Internet of Things in Agriculture: A Survey,2020,Vippon Preet Kour; Sakshi Arora,IEEE Access,10.1109/access.2020.3009298,https://doi.org/10.1109/access.2020.3009298,"A rise in the population has immensely increased the pressure on the agriculture sector. With the advent of technology, this decade is witnessing a shift from conventional approaches to the most advanced ones. The Internet of Things (IoT) has transformed both the quality and quantity of the agriculture sector. Hybridization of species along with the real-time monitoring of the farms paved a way for resource optimization. Scientists, research institutions, academicians, and most nations across the globe are moving towards the practice and execution of collaborative projects to explore the horizon of this field for serving mankind. The tech industry is racing to provide more optimal solutions. Inclusion of IoT, along with cloud computing, big data analytics, and wireless sensor networks can provide sufficient scope to predict, process, and analyze the situations and improve the activities in the real-time scenario. The concept of heterogeneity and interoperability of the devices by providing flexible, scalable, and durable methods, models are also opening new domains in this field. Therefore, this paper contributes towards the recent IoT technologies in the agriculture sector, along with the development of hardware and software systems. The public and private sector projects and startup's started all over the globe to provide smart and sustainable solutions in precision agriculture are also discussed. The current scenario, applications, research potential, limitations, and future aspects are briefly discussed. Based on the concepts of IoT a precision farming framework is also proposed in this article.",identified,unique,exclude,R02_wrong_document_type_or_domain,
RAW159,OpenAlex,Q4,"Towards Next Generation Teaching, Learning, and Context-Aware Applications for Higher Education: A Review on Blockchain, IoT, Fog and Edge Computing Enabled Smart Campuses and Universities",2019,Tiago M. Fernández‐Caramés; Paula Fraga‐Lamas,Applied Sciences,10.3390/app9214479,https://doi.org/10.3390/app9214479,"Smart campuses and smart universities make use of IT infrastructure that is similar to the one required by smart cities, which take advantage of Internet of Things (IoT) and cloud computing solutions to monitor and actuate on the multiple systems of a university. As a consequence, smart campuses and universities need to provide connectivity to IoT nodes and gateways, and deploy architectures that allow for offering not only a good communications range through the latest wireless and wired technologies, but also reduced energy consumption to maximize IoT node battery life. In addition, such architectures have to consider the use of technologies like blockchain, which are able to deliver accountability, transparency, cyber-security and redundancy to the processes and data managed by a university. This article reviews the state of the start on the application of the latest key technologies for the development of smart campuses and universities. After defining the essential characteristics of a smart campus/university, the latest communications architectures and technologies are detailed and the most relevant smart campus deployments are analyzed. Moreover, the use of blockchain in higher education applications is studied. Therefore, this article provides useful guidelines to the university planners, IoT vendors and developers that will be responsible for creating the next generation of smart campuses and universities.",identified,unique,exclude,R02_wrong_document_type_or_domain,
RAW160,OpenAlex,Q4,Precision Agriculture: A Remote Sensing Monitoring System Architecture,2019,Anna Triantafyllou; Panagiotis Sarigiannidis; Stamatia Bibi,Information,10.3390/info10110348,https://doi.org/10.3390/info10110348,"Smart Farming is a development that emphasizes on the use of modern technologies in the cyber-physical field management cycle. Technologies such as the Internet of Things (IoT) and Cloud Computing have accelerated the digital transformation of the conventional agricultural practices promising increased production rate and product quality. The adoption of smart farming though is hampered because of the lack of models providing guidance to practitioners regarding the necessary components that constitute IoT-based monitoring systems. To guide the process of designing and implementing Smart farming monitoring systems, in this paper we propose a generic reference architecture model, taking also into consideration a very important non-functional requirement, the energy consumption restriction. Moreover, we present and discuss the technologies that incorporate the seven layers of the architecture model that are the Sensor Layer, the Link Layer, the Encapsulation Layer, the Middleware Layer, the Configuration Layer, the Management Layer and the Application Layer. Furthermore, the proposed Reference Architecture model is exemplified in a real-world application for surveying Saffron agriculture in Kozani, Greece.",identified,unique,exclude,R02_wrong_document_type_or_domain,
RAW161,OpenAlex,Q4,Internet of Things and LoRaWAN-Enabled Future Smart Farming,2019,Bruno Citoni; Francesco Fioranelli; Muhammad Ali Imran; Qammer H. Abbasi,IEEE Internet of Things Magazine,10.1109/iotm.0001.1900043,https://doi.org/10.1109/iotm.0001.1900043,"It is estimated that to keep pace with the predicted population growth over the next decades, agricultural processes involving food production will have to increase their output up to 70 percent by 2050. “Precision” or “smart” agriculture is one way to make sure that these goals for future food supply, stability, and sustainability can be met. Applications such as smart irrigation systems can utilize water more efficiently, optimizing electricity consumption and costs of labor; sensors on plants and soil can optimize the delivery of nutrients and increase yields. To make all this smart farming technology viable, it is important for it to be low-cost and farmer-friendly. Fundamental to this IoT revolution is thus the adoption of low-cost, long-range communication technologies that can easily deal with a large number of connected sensing devices without consuming excessive power. In this article, a review and analysis of currently available long-range wide area network (LoRaWAN)-enabled IoT application for smart agriculture is presented. LoRaWAN limitations and bottlenecks are discussed with particular focus on their effects on agri-tech applications. A brief description of a testbed in development is also given, alongside a review of the future research challenges that this will help to tackle.",identified,unique,exclude,R02_wrong_document_type_or_domain,
RAW162,OpenAlex,Q4,Applying IoT Sensors and Big Data to Improve Precision Crop Production: A Review,2023,Tarek Alahmad; Miklós Neményi; Anikó Nyéki,Agronomy,10.3390/agronomy13102603,https://doi.org/10.3390/agronomy13102603,"The potential benefits of applying information and communication technology (ICT) in precision agriculture to enhance sustainable agricultural growth were discussed in this review article. The current technologies, such as the Internet of Things (IoT) and artificial intelligence (AI), as well as their applications, must be integrated into the agricultural sector to ensure long-term agricultural productivity. These technologies have the potential to improve global food security by reducing crop output gaps, decreasing food waste, and minimizing resource use inefficiencies. The importance of collecting and analyzing big data from multiple sources, particularly in situ and on-the-go sensors, is also highlighted as an important component of achieving predictive decision making capabilities in precision agriculture and forecasting yields using advanced yield prediction models developed through machine learning. Finally, we cover the replacement of wired-based, complicated systems in infield monitoring with wireless sensor networks (WSN), particularly in the agricultural sector, and emphasize the necessity of knowing the radio frequency (RF) contributing aspects that influence signal intensity, interference, system model, bandwidth, and transmission range when creating a successful Agricultural Internet of Thing Ag-IoT system. The relevance of communication protocols and interfaces for presenting agricultural data acquired from sensors in various formats is also emphasized in the paper, as is the function of 4G, 3G, and 5G technologies in IoT-based smart farming. Overall, these research sheds light on the significance of wireless sensor networks and big data in the future of precision crop production",identified,unique,exclude,R02_wrong_document_type_or_domain,
RAW163,OpenAlex,Q4,"IoT-Enabled Smart Cities: A Review of Concepts, Frameworks and Key Technologies",2022,Pierfrancesco Bellini; Paolo Nesi; Gianni Pantaleo,Applied Sciences,10.3390/app12031607,https://doi.org/10.3390/app12031607,"In recent years, smart cities have been significantly developed and have greatly expanded their potential. In fact, novel advancements to the Internet of things (IoT) have paved the way for new possibilities, representing a set of key enabling technologies for smart cities and allowing the production and automation of innovative services and advanced applications for the different city stakeholders. This paper presents a review of the research literature on IoT-enabled smart cities, with the aim of highlighting the main trends and open challenges of adopting IoT technologies for the development of sustainable and efficient smart cities. This work first provides a survey on the key technologies proposed in the literature for the implementation of IoT frameworks, and then a review of the main smart city approaches and frameworks, based on classification into eight domains, which extends the traditional six domain classification that is typically adopted in most of the related works.",identified,unique,exclude,R02_wrong_document_type_or_domain,
RAW164,OpenAlex,Q4,Design and Experimental Validation of a LoRaWAN Fog Computing Based Architecture for IoT Enabled Smart Campus Applications,2019,Paula Fraga‐Lamas; Mikel Celaya-Echarri; Peio López-Iturri; Luis Castedo; Leyre Azpilicueta; Erik Aguirre,Sensors,10.3390/s19153287,https://doi.org/10.3390/s19153287,"A smart campus is an intelligent infrastructure where smart sensors and actuators collaborate to collect information and interact with the machines, tools, and users of a university campus. As in a smart city, a smart campus represents a challenging scenario for Internet of Things (IoT) networks, especially in terms of cost, coverage, availability, latency, power consumption, and scalability. The technologies employed so far to cope with such a scenario are not yet able to manage simultaneously all the previously mentioned demanding requirements. Nevertheless, recent paradigms such as fog computing, which extends cloud computing to the edge of a network, make possible low-latency and location-aware IoT applications. Moreover, technologies such as Low-Power Wide-Area Networks (LPWANs) have emerged as a promising solution to provide low-cost and low-power consumption connectivity to nodes spread throughout a wide area. Specifically, the Long-Range Wide-Area Network (LoRaWAN) standard is one of the most recent developments, receiving attention both from industry and academia. In this article, the use of a LoRaWAN fog computing-based architecture is proposed for providing connectivity to IoT nodes deployed in a campus of the University of A Coruña (UDC), Spain. To validate the proposed system, the smart campus has been recreated realistically through an in-house developed 3D Ray-Launching radio-planning simulator that is able to take into consideration even small details, such as traffic lights, vehicles, people, buildings, urban furniture, or vegetation. The developed tool can provide accurate radio propagation estimations within the smart campus scenario in terms of coverage, capacity, and energy efficiency of the network. The results obtained with the planning simulator can then be compared with empirical measurements to assess the operating conditions and the system accuracy. Specifically, this article presents experiments that show the accurate results obtained by the planning simulator in the largest scenario ever built for it (a campus that covers an area of 26,000 m 2 ), which are corroborated with empirical measurements. Then, how the tool can be used to design the deployment of LoRaWAN infrastructure for three smart campus outdoor applications is explained: a mobility pattern detection system, a smart irrigation solution, and a smart traffic-monitoring deployment. Consequently, the presented results provide guidelines to smart campus designers and developers, and for easing LoRaWAN network deployment and research in other smart campuses and large environments such as smart cities.",identified,unique,exclude,R02_wrong_document_type_or_domain,
RAW165,OpenAlex,Q5,Zoning irrigation smart system based on fuzzy control technology and IoT for water and energy saving,2021,Hamza Benyezza; Mounir Bouhedda; Samia Rebouh,Journal of Cleaner Production,10.1016/j.jclepro.2021.127001,https://doi.org/10.1016/j.jclepro.2021.127001,,identified,unique,candidate_core,,
RAW166,OpenAlex,Q5,IoT in Precision Agriculture applications using Wireless Moisture Sensor Network,2016,Ibrahim Mat; Mohamed Rawidean Mohd Kassim; Ahmad Nizar Harun; Ismail Mat Yusoff,,10.1109/icos.2016.7881983,https://doi.org/10.1109/icos.2016.7881983,"Internet of Things (IoT) is a network of sensors and connectivity to enable application like agriculture optimum irrigation. Wireless sensor network (WSN) and Wireless Moisture Sensor Network (WMSN) are components of IoT. One of the important processes in agriculture is irrigation. Improper irrigation will result in waste of water. Proper irrigation system could be achieved by using WSN technology. Monitoring and control applications have been tremendously improved by using WSN technology. It enabled efficient communication with many sensors. WMSN is a WSN with moisture sensors. In this study, Precision Agriculture (PA) used WMSN to enable efficient irrigation. In this paper, we describe about IoT and WMSN in agriculture applications particularly in greenhouse environment. This paper explained and proved the efficiency of feedback control method in greenhouse crop irrigation. A test was conducted to see the different these two methods. The methods are irrigation by schedule or feedback based irrigation. Irrigation by schedule is to supply water to the plant at specific time periods. Feedback based irrigation is to irrigate plant when the moisture or level of media wetness reached predefined value. The test shows that there is an average savings of 1,500 ml per day per tree.",identified,unique,candidate_core,,
RAW167,OpenAlex,Q5,Smart platform based on IoT and WSN for monitoring and control of a greenhouse in the context of precision agriculture,2023,Hamza Benyezza; Mounir Bouhedda; Reda Kara; Samia Rebouh,Internet of Things,10.1016/j.iot.2023.100830,https://doi.org/10.1016/j.iot.2023.100830,,identified,unique,candidate_core,,
RAW168,OpenAlex,Q5,iPathology: Robotic Applications and Management of Plants and Plant Diseases,2017,Yiannis Ampatzidis; Luigi De Bellis; Andrea Luvisi,Sustainability,10.3390/su9061010,https://doi.org/10.3390/su9061010,"The rapid development of new technologies and the changing landscape of the online world (e.g., Internet of Things (IoT), Internet of All, cloud-based solutions) provide a unique opportunity for developing automated and robotic systems for urban farming, agriculture, and forestry. Technological advances in machine vision, global positioning systems, laser technologies, actuators, and mechatronics have enabled the development and implementation of robotic systems and intelligent technologies for precision agriculture. Herein, we present and review robotic applications on plant pathology and management, and emerging agricultural technologies for intra-urban agriculture. Greenhouse advanced management systems and technologies have been greatly developed in the last years, integrating IoT and WSN (Wireless Sensor Network). Machine learning, machine vision, and AI (Artificial Intelligence) have been utilized and applied in agriculture for automated and robotic farming. Intelligence technologies, using machine vision/learning, have been developed not only for planting, irrigation, weeding (to some extent), pruning, and harvesting, but also for plant disease detection and identification. However, plant disease detection still represents an intriguing challenge, for both abiotic and biotic stress. Many recognition methods and technologies for identifying plant disease symptoms have been successfully developed; still, the majority of them require a controlled environment for data acquisition to avoid false positives. Machine learning methods (e.g., deep and transfer learning) present promising results for improving image processing and plant symptom identification. Nevertheless, diagnostic specificity is a challenge for microorganism control and should drive the development of mechatronics and robotic solutions for disease management.",identified,unique,exclude,R02_wrong_document_type_or_domain,
RAW169,OpenAlex,Q5,Smart System for Bicarbonate Control in Irrigation for Hydroponic Precision Farming,2018,Carlos Cambra; Sandra Sendra; Jaime Lloret; Raquel Lacuesta,Sensors,10.3390/s18051333,https://doi.org/10.3390/s18051333,"Improving the sustainability in agriculture is nowadays an important challenge. The automation of irrigation processes via low-cost sensors can to spread technological advances in a sector very influenced by economical costs. This article presents an auto-calibrated pH sensor able to detect and adjust the imbalances in the pH levels of the nutrient solution used in hydroponic agriculture. The sensor is composed by a pH probe and a set of micropumps that sequentially pour the different liquid solutions to maintain the sensor calibration and the water samples from the channels that contain the nutrient solution. To implement our architecture, we use an auto-calibrated pH sensor connected to a wireless node. Several nodes compose our wireless sensor networks (WSN) to control our greenhouse. The sensors periodically measure the pH level of each hydroponic support and send the information to a data base (DB) which stores and analyzes the data to warn farmers about the measures. The data can then be accessed through a user-friendly, web-based interface that can be accessed through the Internet by using desktop or mobile devices. This paper also shows the design and test bench for both the auto-calibrated pH sensor and the wireless network to check their correct operation.",identified,unique,candidate_core,,
RAW170,OpenAlex,Q5,Design of an Intelligent Management System for Agricultural Greenhouses Based on the Internet of Things,2017,Zhaochan Li; Jinlong Wang; Russell Higgs; Li Zhou; Wenbin Yuan,,10.1109/cse-euc.2017.212,https://doi.org/10.1109/cse-euc.2017.212,"China is a large agricultural country with the largest population in the world. This creates a high demand for food, which is prompting the study of high quality and high-yielding crops. China's current agricultural production is sufficient to feed the nation; however, compared with developed countries agricultural farming is still lagging behind, mainly due to the fact that the system of growing agricultural crops is not based on maximizing output, the latter would include scientific sowing, irrigation and fertilization. In the past few years many seasonal fruits have been offered for sale in markets, but these crops are grown in traditional backward agricultural greenhouses and large scale changes are needed to modernize production. The reform of small-scale greenhouse agricultural production is relatively easy and could be implemented. The concept of the Agricultural Internet of Things utilizes networking technology in agricultural production, the hardware part of this agricultural IoT include temperature, humidity and light sensors and processors with a large data processing capability; these hardware devices are connected by short-distance wireless communication technology, such as Bluetooth, WIFI or Zigbee. In fact, Zigbee technology, because of its convenient networking and low power consumption, is widely used in the agricultural internet. The sensor network is combined with well-established web technology, in the form of a wireless sensor network, to remotely control and monitor data from the sensors.In this paper a smart system of greenhouse management based on the Internet of Things is proposed using sensor networks and web-based technologies. The system consists of sensor networks and asoftware control system. The sensor network consists of the master control center and various sensors using Zigbee protocols. The hardware control center communicates with a middleware system via serial network interface converters. The middleware communicates with a hardware network using an underlying interface and it also communicates with a web system using an upper interface. The top web system provides users with an interface to view and manage the hardware facilities ; administrators can thus view the status of agricultural greenhouses and issue commands to the sensors through this system in order to remotely manage the temperature, humidity and irrigation in the greenhouses. The main topics covered in this paper are:1. To research the current development of new technologies applicable to agriculture and summarizes the strong points concerning the application of the Agricultural Internet of Things both at home and abroad. Also proposed are some new methods of agricultural greenhouse management.2. An analysis of system requirements, the users' expectations of the system and the response to needs analysis, and the overall design of the system to determine it's architecture.3. Using software engineering to ensure that functional modules of the system, as far as possible, meet the requirements of high cohesion and low coupling between modules, also detailed design and implementation of each module is considered.",identified,unique,candidate_core,,
RAW171,OpenAlex,Q5,Precision agriculture applications using wireless moisture sensor network,2015,Ibrahim Mat; Mohamed Rawidean Mohd Kassim; Ahmad Nizar Harun,,10.1109/micc.2015.7725400,https://doi.org/10.1109/micc.2015.7725400,"Improper irrigation will result in waste of water. Proper irrigation system could be achieved by using Wireless sensor networks (WSN) technology. Monitoring and control applications have been tremendously improved by using Wireless sensor networks technology. It enabled efficient communication with many sensors. Wireless moisture sensor network (WMSN) is a WSN with moisture sensors. Efficient irrigation could be achieved through the utilisation of WMSN. WMSN enabled efficient irrigation in a greenhouse for Precision Agriculture (PA) application. In this paper, we describe the overall system design, system architecture, implementation, system test results of WMSN for PA in a greenhouse. Moisture Sensors are used to measure amount of water in the media. Close loop system acquires sensors data and activates the control devices based on predetermined threshold value. A test was conducted to compare the efficiency of irrigation using two methodologies; schedule and automated. The test shows that there is an average savings of 1,500 ml per day per tree.",identified,unique,candidate_core,,
RAW172,OpenAlex,Q5,Precision Agriculture for Greenhouses Using a Wireless Sensor Network,2017,Yousef E. M. Hamouda; Basel H. Y. Elhabil,,10.1109/picict.2017.20,https://doi.org/10.1109/picict.2017.20,"Agriculture is one of the most crucial needs of the life since it supports human and animals with food supplies and benefits the human employment and the national economy. Wireless Sensor Network (WSN) has recently applied in precision agriculture to improve the crop yields and apply the agricultural resources at right time and place. In this paper, Greenhouse Smart Management System (GSMS) using WSNs is designed and developed to automatically control, manage and monitor the agricultural parameters and activities inside the greenhouses. The ambient relative humidity and temperature of the greenhouse are measured using sensor nodes. When the sensed parameters exceed threshold values, the irrigation and cooling activities are triggered by activating the fan and water pump devices. GSMS includes also an algorithm to compute the period of irrigation and cooling according to the measured agricultural parameters. Hardware and software for the proposed GSMS are developed in this paper. The results show that the GSMS can save the agricultural resources and improve the crop yields, compared with other traditional schemes.",identified,unique,candidate_core,,
RAW173,OpenAlex,Q5,The Precision Agriculture Based on Wireless Sensor Network with MQTT Protocol,2018,Y Syafarinda; F Akhadin; Zilvanhisna Emka Fitri; Yogiswara Yogiswara; Beni Widiawan; Eva Rosdiana,IOP Conference Series Earth and Environmental Science,10.1088/1755-1315/207/1/012059,https://doi.org/10.1088/1755-1315/207/1/012059,"Precision agricultural techniques are widely developed to monitor and control growth of plant in greenhouse. The use of greenhouses is suitable for the countries that have unpredictable weather e.g. Indonesia. The main monitors and controls in greenhouse are sensor networks and actuators. Some examples of the precision agriculture technique are monitoring of fertilizer needs and smart irrigation. This paper presents a develpment of precision agriculture based on Wireless Sensor Network (WSN) with Message Queuing Telemetry Transport (MQTT protocol. The WSN system involves Internet of Things (IoT) technology to connect devices, collect and distribute information. IoT integration with cloud computing is aimed to overcome limitations of the IoT devices in remote monitoring and control. WSN development uses MQTT protocols that have advantages that are lightweight, simple, can run on a small bandwidth and more advanced compared to Hypertext Transfer Protocol (HTTP ). In this paper the SHT3x and TSL2561 sensors are used to observe temperature, humidity and light intensity of the greenhouse. Test results of three sensors in data transmission speeds indicate that the MQTT protocol run with very small bandwidth. It can transmit data on the 4G network of AXIS provider with download capability of 0.02 kbps and upload 1.65 kbps. The average data transmission speed is approximately 1 second.",identified,unique,candidate_core,,
RAW174,OpenAlex,Q5,An IoT based system for telemetry and control of Greenhouse environment,2019,Rubeena Aafreen; Salwa Yasmeen Neyaz; Raaziyah Shamim; M. Salim Beg,"2019 International Conference on Electrical, Electronics and Computer Engineering (UPCON)",10.1109/upcon47278.2019.8980258,https://doi.org/10.1109/upcon47278.2019.8980258,"Maintaining suitable environmental conditions like soil moisture, temperature, humidity etc. is required for good crop produce in industrial greenhouses. Internet of Things (IoT) can enable a complete remote visualisation and control of greenhouse environmental parameters in real time. The state of art systems use zigbee based wireless sensor networks for monitoring and control, which have a limited range of operation, bandwidth and cognitive abilities. This paper presents a novel IoT based system for telemetry and control of greenhouse environment. The developed system provides real time wireless sensor data transmission, data visualization and processing at the central monitoring server / PC via ThingSpeak cloud and ubiquitous GSM infrastructure. The use of lightweight and fast Blynk IoT platform for implementing the mobile app for messaging and control of greenhouse environment is a key feature of the developed system. Real time irrigation needs are received via messages on the Blynk app installed on the mobile phone. The experimental results show that the proposed system is an effective solution for energy efficient smart farming in greenhouse and thus contribute towards a sustainable and green environment.",identified,unique,candidate_core,,
RAW175,OpenAlex,Q5,"Yield, quality and profitability of sensor-controlled irrigation: a case study of snapdragon (Antirrhinum majus L.) production",2016,Monica Saavoss; John C. Majsztrik; Bruk E. Belayneh; John D. Lea‐Cox; Erik Lichtenberg,Irrigation Science,10.1007/s00271-016-0511-y,https://doi.org/10.1007/s00271-016-0511-y,,identified,unique,candidate_core,,
RAW176,OpenAlex,Q5,An Intelligent Wireless Sensor and Actuator Network System for Greenhouse Microenvironment Control and Assessment,2017,Roop Pahuja; Harish Verma; Moin Uddin,Journal of Biosystems Engineering,10.5307/jbe.2017.42.1.023,https://doi.org/10.5307/jbe.2017.42.1.023,"Purpose: As application-specific wireless sensor networks are gaining popularity, this paper discusses the development and field performance of the GHAN, a greenhouse area network system to monitor, control, and access greenhouse microenvironments. GHAN, which is an upgraded system, has many new functions. It is an intelligent wireless sensor and actuator network (WSAN) system for next-generation greenhouses, which enhances the state of the art of greenhouse automation systems and helps growers by providing them valuable information not available otherwise. Apart from providing online spatial and temporal monitoring of the greenhouse microclimate, GHAN has a modified vapor pressure deficit (VPD) fuzzy controller with an adaptive-selective mechanism that provides better control of the greenhouse crop VPD with energy optimization. Using the latest soil-matrix potential sensors, the GHAN system also ascertains when, where, and how much to irrigate and spatially manages the irrigation schedule within the greenhouse grids. Further, given the need to understand the microclimate control dynamics of a greenhouse during the crop season or a specific time, a statistical assessment tool to estimate the degree of optimality and spatial variability is proposed and implemented. Methods: Apart from the development work, the system was field-tested in a commercial greenhouse situated in the region of Punjab, India, under different outside weather conditions for a long period of time. Conclusions: Day results of the greenhouse microclimate control dynamics were recorded and analyzed, and they proved the successful operation of the system in keeping the greenhouse climate optimal and uniform most of the time, with high control performance.",identified,unique,candidate_core,,
RAW177,OpenAlex,Q5,Software Aspects of WSN for Monitoring in an Indian Greenhouse,2015,Shailendra Singh; R. K. Jha; Priya Ranjan; Malay Ranjan Tripathy,,10.1109/cicn.2015.313,https://doi.org/10.1109/cicn.2015.313,"Horticulture industry in India is beginning to see the technological drive and that leads to the low production of greenhouse. In general equipment cost of drip irrigation, motors, solenoid valves etc. Which may cost upto Rs. 4 lakh, many not be affordable for greenhouse owners. Keep this in view, we propose an innovative implementation of software aspects of WSN (Wireless Sensor Networking) for monitoring greenhouses in Indian economical condition. Yuktix IOT hardware platform along with end sensor nodes and CDAU (Central data acquisition unit) together can be used to locally / remotely monitor internal conditions of greenhouse chambers using Yuktix cloud via Web-application and Android application as well as their internal environment can be controlled locally/remotely using Yuktix controller. Same data in the cloud can be downloaded from the archive further to do the in-depth analysis like analysing the shift/second order statistics in the mean temperature and humidity around the year and so.",identified,unique,candidate_core,,
RAW178,OpenAlex,Q5,Monitoring Climatic Conditions Using Wireless Sensor Networks,2017,B. S. Prabhu; M. Pradeep; E. Gajendran,SSRN Electronic Journal,,https://openalex.org/W2589082635,"In last decades there have been tremendous advancements in technology for agriculture and growth of final yield. Due to uneven natural distribution of rain water it is very crucial for farmers to monitor and control the equal distribution of water to all crops in the whole farm or as per the requirement of the crop. There is no ideal irrigation method available which may be suitable for all weather conditions, soil structure and variety of crops cultures. Green house technology may be the best solution for this solution. All the parameters of greenhouse require a detailed analysis in order to choose the correct method. It is observed that farmers have to bear huge financial loss because of wrong prediction of weather and incorrect irrigation method to crops. In this contest with the evolution in wireless sensor technologies and miniaturized sensor devices, it is possible to uses them for automatic environment monitoring and controlling the parameters of greenhouse, for Precision Agriculture (PA) application. WSNs are originally motivated for the use in military applications, such as border monitoring. Now a day it is mainly focused on civilian applications such as environment monitoring, object tracking and bio-medical applications. They carry out collaborative activities due to limited resources, such as battery, processor and scarce memory. Nowadays, the applications of WSNs are several and diverse, and the applications in agriculture are still budding. One appealing WSN application is in environmental monitoring and greenhouses, where the plant condition such as climate and soil does not depend on natural agents. To manage and monitor the environmental factors, sensors and actuators are critical. Under these circumstances, WSN should be used to make a distributed assessment, spreading sensors all over the greenhouse by means of distributed clustering. This paper reveals some grave issues when a wireless sensor network is exposed to real world environment to monitor and manage parameters like temperature, humidity, smoke, CO2, light and greenhouse gases and how distributed clustering mechanisms can be integrated within this monitoring process. The enduring challenge in environmental monitoring application of wireless sensors has been elaborated in this paper.",identified,unique,exclude,R02_wrong_document_type_or_domain,
RAW179,OpenAlex,Q5,Remote Monitoring and Smart Control System for Greenhouse Environmental and Automation Irrigations Based on WSNs and GSM Module,2020,Ali Hassan Muosa; Aqeel Mohan Hamed,IOP Conference Series Materials Science and Engineering,10.1088/1757-899x/928/3/032037,https://doi.org/10.1088/1757-899x/928/3/032037,"This paper depicts the automatic irrigation and environmental monitoring inside the greenhouse based on WSNs (Wireless Sensor Networks) and GSM Module. The system is able to collect information about key environmental parameters, such as temperature, relative humidity, Water level within irrigation water tanks, light ratio, CO2 dosage and soil dryness within the greenhouse. Analog signals from different sensors are converted to digital values by taking advantage of the ability of GSM (Global System for Mobile Communications) to convert analog signal to digital without the use of microcontroller. This information is transmitted wirelessly to the central computer to be processed and decided on by way of applying a simple fuzzy input system to send appropriate digital commands via the digital outputs of the system to regulate the glass house parameters within acceptable limits. The collected data and control commands that are applied in the database are stored to be analyzed for purposes of improving Agriculture.",identified,unique,candidate_core,,
RAW180,OpenAlex,Q5,Game Theory-Based Multi-Hop Routing Protocol with Metaheuristic Optimization-Based Clustering Process in WSN for Precision Agriculture,2024,Bilal Mishaal Mohammed; Mahmood Alsaadi; Mohammed Khalaf; Alaa Sabree Awad,Journal Européen des Systèmes Automatisés,10.18280/jesa.570302,https://doi.org/10.18280/jesa.570302,"In precision agriculture, a wireless sensor network (WSN) is employed to gather data pertaining to atmospheric conditions.WSN consists of sensor nodes installed at multiple points in a greenhouse for monitoring soil properties like moisture, pesticide levels, air temperature, humidity level and so on.Sensor nodes transmit the measured parametric digital information to a sink node.It further transmits the sensed data to a decision support system.The decision system uses a crop development model to effectively manage irrigation, fertilization, and climate control systems in a greenhouse.This allows for exact control over temperature and humidity levels.By using appropriate inputs, crops may be effectively managed, resulting in improved crop health and increased yield.Reliable transmission data is a crucial design objective for WSN in precision agriculture as the presence of foliage in the transmission channel causes significant attenuation of the radiated waves.Additionally, it may cause scattering and diffraction of signals as well.A dynamic data routing protocol selects the optimum data paths for node data transmission in a WSN.This paper presents a novel energy-efficient multi-hop data routing protocol for WSN precision agriculture applications.The proposed method is named Grey Wolf Optimized Coalitional Game Theory-based (GO_CGT) multi-hop routing protocol is adopted for selecting the required features to measure the importance of the corresponding fitness and dilate the feature map containing less information.Moreover, a rapid and highly which achieves 78.2% of PDR, 12% of energy consumption, 34.7% of end-to-end delay, and 247kbps of throughput.",identified,unique,candidate_core,,
RAW181,OpenAlex,Q5,Design of Smart Irrigation System in the Greenhouse Using WSN and Renewable Energies,2023,Achouak Touhami; Sana Touhami; Nawal Touhami; Khelifa Benahmed; Fateh Bounaama,Lecture notes in networks and systems,10.1007/978-3-031-21216-1_14,https://doi.org/10.1007/978-3-031-21216-1_14,,identified,unique,candidate_core,,
RAW182,OpenAlex,Q5,Internet-of-Things (IoT)-Based Smart Agriculture: Toward Making the Fields Talk,2019,Muhammad Ayaz; Mohammad Ammad-Uddin; Zubair Sharif; Ali Mansour; El‐Hadi M. Aggoune,IEEE Access,10.1109/access.2019.2932609,https://doi.org/10.1109/access.2019.2932609,"Despite the perception people may have regarding the agricultural process, the reality is that today's agriculture industry is data-centered, precise, and smarter than ever. The rapid emergence of the Internet-of-Things (IoT) based technologies redesigned almost every industry including “smart agriculture” which moved the industry from statistical to quantitative approaches. Such revolutionary changes are shaking the existing agriculture methods and creating new opportunities along a range of challenges. This article highlights the potential of wireless sensors and IoT in agriculture, as well as the challenges expected to be faced when integrating this technology with the traditional farming practices. IoT devices and communication techniques associated with wireless sensors encountered in agriculture applications are analyzed in detail. What sensors are available for specific agriculture application, like soil preparation, crop status, irrigation, insect and pest detection are listed. How this technology helping the growers throughout the crop stages, from sowing until harvesting, packing and transportation is explained. Furthermore, the use of unmanned aerial vehicles for crop surveillance and other favorable applications such as optimizing crop yield is considered in this article. State-of-the-art IoT-based architectures and platforms used in agriculture are also highlighted wherever suitable. Finally, based on this thorough review, we identify current and future trends of IoT in agriculture and highlight potential research challenges.",identified,unique,exclude,R02_wrong_document_type_or_domain,
RAW183,OpenAlex,Q5,A Survey on the Role of IoT in Agriculture for the Implementation of Smart Farming,2019,Muhammad Shoaib Farooq; Shamyla Riaz; Adnan Abid; Kamran Abid; Muhammad Azhar Naeem,IEEE Access,10.1109/access.2019.2949703,https://doi.org/10.1109/access.2019.2949703,"Internet of things (IoT) is a promising technology which provides efficient and reliable solutions towards the modernization of several domains. IoT based solutions are being developed to automatically maintain and monitor agricultural farms with minimal human involvement. The article presents many aspects of technologies involved in the domain of IoT in agriculture. It explains the major components of IoT based smart farming. A rigorous discussion on network technologies used in IoT based agriculture has been presented, that involves network architecture and layers, network topologies used, and protocols. Furthermore, the connection of IoT based agriculture systems with relevant technologies including cloud computing, big data storage and analytics has also been presented. In addition, security issues in IoT agriculture have been highlighted. A list of smart phone based and sensor based applications developed for different aspects of farm management has also been presented. Lastly, the regulations and policies made by several countries to standardize IoT based agriculture have been presented along with few available success stories. In the end, some open research issues and challenges in IoT agriculture field have been presented.",identified,duplicate,pending,D01_duplicate_of_RAW140,
RAW184,OpenAlex,Q5,Optimizing Environmental Parameters in Smart Greenhouse Design with IoT and Sensor Networks,2024,Edralin R. Raro; Thelma D. Palaoag,,10.1109/iccds60734.2024.10560448,https://doi.org/10.1109/iccds60734.2024.10560448,"This paper explores contemporary agricultural practices and cutting-edge technologies to improve crop yields. Implementing an intelligent greenhouse model that automates farm tasks, minimizing manual intervention. The closed structure of the greenhouse shields plants from adverse weather conditions such as temperature extremes, humidity fluctuations, and variations in air and soil moisture. The study introduces an innovative automatic irrigation system to address the shortcomings of traditional agricultural irrigation methods, emphasizing efficient water consumption control and energy utilization. The proposed system integrates a distributed wireless sensor network, including soil moisture, humidity, and temperature sensors, utilizing the Blynk cloud-based IoT platform and ThinkSpeak, Soil moisture and temperature sensors feed data to NodeMCU V3 ESP8266 WiFi transceiver module controller, A key feature is integrating Android applications and web servers, enabling remote control and monitoring. This technological innovation ensures control over water and energy resources and changes climates, thereby creating sustainable and technologically driven agrarian practices.",identified,unique,candidate_core,,
RAW185,OpenAlex,Q5,Machine Learning Applications for Precision Agriculture: A Comprehensive Review,2020,Abhinav Sharma; Arpit Jain; Prateek Gupta; Vinay Chowdary,IEEE Access,10.1109/access.2020.3048415,https://doi.org/10.1109/access.2020.3048415,"Agriculture plays a vital role in the economic growth of any country. With the increase of population, frequent changes in climatic conditions and limited resources, it becomes a challenging task to fulfil the food requirement of the present population. Precision agriculture also known as smart farming have emerged as an innovative tool to address current challenges in agricultural sustainability. The mechanism that drives this cutting edge technology is machine learning (ML). It gives the machine ability to learn without being explicitly programmed. ML together with IoT (Internet of Things) enabled farm machinery are key components of the next agriculture revolution. In this article, authors present a systematic review of ML applications in the field of agriculture. The areas that are focused are prediction of soil parameters such as organic carbon and moisture content, crop yield prediction, disease and weed detection in crops and species detection. ML with computer vision are reviewed for the classification of a different set of crop images in order to monitor the crop quality and yield assessment. This approach can be integrated for enhanced livestock production by predicting fertility patterns, diagnosing eating disorders, cattle behaviour based on ML models using data collected by collar sensors, etc. Intelligent irrigation which includes drip irrigation and intelligent harvesting techniques are also reviewed that reduces human labour to a great extent. This article demonstrates how knowledge-based agriculture can improve the sustainable productivity and quality of the product.",identified,unique,exclude,R02_wrong_document_type_or_domain,
RAW186,OpenAlex,Q5,Energy-Efficient Wireless Sensor Networks for Precision Agriculture: A Review,2017,Haider Mahmood Jawad; Rosdiadee Nordin; Sadik Kamel Gharghan; Aqeel Mahmood Jawad; Mahamod Ismail,Sensors,10.3390/s17081781,https://doi.org/10.3390/s17081781,"Wireless sensor networks (WSNs) can be used in agriculture to provide farmers with a large amount of information. Precision agriculture (PA) is a management strategy that employs information technology to improve quality and production. Utilizing wireless sensor technologies and management tools can lead to a highly effective, green agriculture. Based on PA management, the same routine to a crop regardless of site environments can be avoided. From several perspectives, field management can improve PA, including the provision of adequate nutrients for crops and the wastage of pesticides for the effective control of weeds, pests, and diseases. This review outlines the recent applications of WSNs in agriculture research as well as classifies and compares various wireless communication protocols, the taxonomy of energy-efficient and energy harvesting techniques for WSNs that can be used in agricultural monitoring systems, and comparison between early research works on agriculture-based WSNs. The challenges and limitations of WSNs in the agricultural domain are explored, and several power reduction and agricultural management techniques for long-term monitoring are highlighted. These approaches may also increase the number of opportunities for processing Internet of Things (IoT) data.",identified,duplicate,pending,D01_duplicate_of_RAW143,
RAW187,OpenAlex,Q5,Precision Agriculture Techniques and Practices: From Considerations to Applications,2019,Uferah Shafi; Rafia Mumtaz; José García-Nieto; Syed Ali Hassan; Syed Ali Raza Zaidi; Naveed Iqbal,Sensors,10.3390/s19173796,https://doi.org/10.3390/s19173796,"Internet of Things (IoT)-based automation of agricultural events can change the agriculture sector from being static and manual to dynamic and smart, leading to enhanced production with reduced human efforts. Precision Agriculture (PA) along with Wireless Sensor Network (WSN) are the main drivers of automation in the agriculture domain. PA uses specific sensors and software to ensure that the crops receive exactly what they need to optimize productivity and sustainability. PA includes retrieving real data about the conditions of soil, crops and weather from the sensors deployed in the fields. High-resolution images of crops are obtained from satellite or air-borne platforms (manned or unmanned), which are further processed to extract information used to provide future decisions. In this paper, a review of near and remote sensor networks in the agriculture domain is presented along with several considerations and challenges. This survey includes wireless communication technologies, sensors, and wireless nodes used to assess the environmental behaviour, the platforms used to obtain spectral images of crops, the common vegetation indices used to analyse spectral images and applications of WSN in agriculture. As a proof of concept, we present a case study showing how WSN-based PA system can be implemented. We propose an IoT-based smart solution for crop health monitoring, which is comprised of two modules. The first module is a wireless sensor network-based system to monitor real-time crop health status. The second module uses a low altitude remote sensing platform to obtain multi-spectral imagery, which is further processed to classify healthy and unhealthy crops. We also highlight the results obtained using a case study and list the challenges and future directions based on our work.",identified,duplicate,pending,D01_duplicate_of_RAW141,
RAW188,OpenAlex,Q5,Applications of Wireless Sensor Networks: An Up-to-Date Survey,2020,Dionisis Kandris; Christos T. Nakas; Dimitrios Vomvas; Grigorios Koulouras,Applied System Innovation,10.3390/asi3010014,https://doi.org/10.3390/asi3010014,"Wireless Sensor Networks are considered to be among the most rapidly evolving technological domains thanks to the numerous benefits that their usage provides. As a result, from their first appearance until the present day, Wireless Sensor Networks have had a continuously growing range of applications. The purpose of this article is to provide an up-to-date presentation of both traditional and most recent applications of Wireless Sensor Networks and hopefully not only enable the comprehension of this scientific area but also facilitate the perception of novel applications. In order to achieve this goal, the main categories of applications of Wireless Sensor Networks are identified, and characteristic examples of them are studied. Their particular characteristics are explained, while their pros and cons are denoted. Next, a discussion on certain considerations that are related with each one of these specific categories takes place. Finally, concluding remarks are drawn.",identified,unique,exclude,R02_wrong_document_type_or_domain,
RAW189,OpenAlex,Q5,Monitoring Plant Growth in a Greenhouse Using IoT with the Energy-Efficient Wireless Sensor Network,2022,A. C. Savitha; H. S. Aravind; M. N. Jayaram; K. Harshith; V. Nagaraj,Studies in computational intelligence,10.1007/978-3-031-14748-7_5,https://doi.org/10.1007/978-3-031-14748-7_5,,identified,unique,candidate_core,,
RAW190,OpenAlex,Q6,"Internet of Things in Greenhouse Agriculture: A Survey on Enabling Technologies, Applications, and Protocols",2022,Muhammad Shoaib Farooq; Shamyla Riaz; Mamoun Abu Helou; Falak Sher Khan; Adnan Abid; Atif Alvi,IEEE Access,10.1109/access.2022.3166634,https://doi.org/10.1109/access.2022.3166634,"The greenhouse is one of the sustainable forms of smart agricultural farming. It is considered as an alternate method to overcome the food crisis which is generated due to high population growth, climate change, and environmental pollution. Although this method supports off-the-season crops within the enclosed area even in severe climatic zones. It has required to efficiently control and manage the crop parameters at a greenhouse in a more precise and secure way. The advancement of the Internet of Things (IoT) has introduced smart solutions to automate the greenhouse farming parameters such as plant monitoring, internal atmosphere control, and irrigation control. The survey presents a hierarchy on the major components of IoT-based greenhouse farming. A rigorous discussion on greenhouse farming techniques, IoT-based greenhouse categories, network technologies (cloud/edge computing, IoT protocols, data analytics, sensors) has been presented. Furthermore, a detailed discussion on mobile-based greenhouse applications and IoT applications has been presented to manage the greenhouse farm. Moreover, the success stories and statistical analysis of some agricultural countries have been presented to standardize IoT-based greenhouse farming. Lastly, the open issues and research challenges related to IoT-enabled greenhouse farming has been presented with state-of-the-art future research directions.",identified,unique,exclude,R02_wrong_document_type_or_domain,
RAW191,OpenAlex,Q6,Edge Computing in Smart Agriculture Scenario Based on TinyML for Irrigation Control,2023,Carlos Hernández Hidalgo; Aurora González-Vidal; Antonio Skármeta,,10.1109/wf-iot58464.2023.10539452,https://doi.org/10.1109/wf-iot58464.2023.10539452,"Various regions around the world are encountering substantial difficulties as a result of arid conditions, vulnerability to climate change, and water shortages. These factors present significant obstacles to maintaining agricultural practices. Water stress resulting from limited water availability adversely affects crop growth and productivity. To tackle this pressing issue, the application of Tiny Machine Learning (TinyML) models for optimizing crop irrigation is proposed. TinyML involves implementing machine learning algorithms on resource-constrained devices, such as microcontrollers. By collecting and processing meteorological and crop data, a TinyML model has been trained to optimize irrigation practices and detect crop anomalies in real-time. This approach has the potential to revolutionize agricultural practices by enabling precise and efficient water management, even in remote environments. This work tackles the first steps to implementing TinyML algorithms for irrigation. We have computed the relationship between humidity and temperature changes with NDVI (Nor-malized Difference Vegetation Index) anomalies in crops to make predictions and make Intelligent decisions toward water usage.",identified,unique,candidate_core,,
RAW192,OpenAlex,Q6,A Comprehensive IoT edge based smart irrigation system for tomato cultivation,2024,Rohit Kumar Kasera; Tapodhir Acharjee,Internet of Things,10.1016/j.iot.2024.101356,https://doi.org/10.1016/j.iot.2024.101356,,identified,unique,candidate_core,,
RAW193,OpenAlex,Q6,Edge IoT Prototyping Using Model-Driven Representations: A Use Case for Smart Agriculture,2024,Ivan Guevara; Stephen Ryan; Amandeep Singh; Colm Brandon; Tiziana Margaria,Sensors,10.3390/s24020495,https://doi.org/10.3390/s24020495,"Industry 4.0 is positioned at the junction of different disciplines, aiming to re-engineer processes and improve effectiveness and efficiency. It is taking over many industries whose traditional practices are being disrupted by advances in technology and inter-connectivity. In this context, enhanced agriculture systems incorporate new components that are capable of generating better decision making (humidity/temperature/soil sensors, drones for plague detection, smart irrigation, etc.) and also include novel processes for crop control (reproducible environmental conditions, proven strategies for water stress, etc.). At the same time, advances in model-driven development (MDD) simplify software development by introducing domain-specific abstractions of the code that makes application development feasible for domain experts who cannot code. XMDD (eXtreme MDD) makes this way to assemble software even more user-friendly and enables application domain experts who are not programmers to create complex solutions in a more straightforward way. Key to this approach is the introduction of high-level representations of domain-specific functionalities (called SIBs, service-independent building blocks) that encapsulate the programming code and their organisation in reusable libraries, and they are made available in the application development environment. This way, new domain-specific abstractions of the code become easily comprehensible and composable by domain experts. In this paper, we apply these concepts to a smart agriculture solution, producing a proof of concept for the new methodology in this application domain to be used as a portable demonstrator for MDD in IoT and agriculture in the Confirm Research Centre for Smart Manufacturing. Together with model-driven development tools, we leverage here the capabilities of the Nordic Thingy:53 as a multi-protocol IoT prototyping platform. It is an advanced sensing device that handles the data collection and distribution for decision making in the context of the agricultural system and supports edge computing. We demonstrate the importance of high-level abstraction when adopting a complex software development cycle within a multilayered heterogeneous IT ecosystem.",identified,unique,candidate_core,,
RAW194,OpenAlex,Q6,Edge-Computing Architectures for Real-Time Agricultural Decision Support Using IoT Sensor Networks,2023,Ifeanyi Chukwuka Okafor,Journal of Frontiers in Multidisciplinary Research,10.54660/.jfmr.2023.4.2.329-337,https://doi.org/10.54660/.jfmr.2023.4.2.329-337,"This study examines edge computing architectures integrated with Internet of Things (IoT) sensor networks for real-time agricultural decision support. By synthesizing recent literature (2014–2023), the paper evaluates architectural models, performance trade-offs, and operational challenges associated with deploying edge-enabled smart agriculture systems. Quantitative evidence from prior studies indicates that edge-based processing can reduce end-to-end latency by 40–65%, lower network bandwidth consumption by 30–70% and improve energy efficiency of sensor networks by up to 45% compared to cloud-centric architectures. The analysis further highlights improvements in real-time irrigation control, pest detection accuracy, and fault tolerance under intermittent connectivity. Key challenges related to interoperability, security, scalability, and cost are critically assessed. The findings underscore edge computing as a foundational enabler for autonomous, resilient, and data-driven agricultural systems, while identifying research gaps for standardized benchmarks, large-scale field validation, and energy-aware edge intelligence.",identified,unique,exclude,R02_wrong_document_type_or_domain,
RAW195,OpenAlex,Q6,Smart agricultural monitoring system: a practical design approach,2022,Ebenezer Akansah; Elisha Elikem Kofi Senoo; Israel Mendonça; Masayoshi Aritsugi,,10.1145/3567445.3569165,https://doi.org/10.1145/3567445.3569165,"With the advancements in the fields of Artificial Intelligence (AI) and Internet of Things (IoT) technologies, Smart Agriculture Systems (SAS) have seen considerable research into innovations such as early disease detection, irrigation control techniques and farm management systems. There have also been significant proprietary interests from organizations, that develop solutions with high-end hardware and software systems, which require a capital investment to deploy a holistic solution. In this research, we propose a low-cost, comprehensive system for monitoring and reporting key metrics such as ambient and soil conditions necessary for proper crop growth. In order to test the feasibility and efficacy of our system, we designed and deployed weather-proof IoT-based wireless sensor nodes, with a command-and-control edge computing module and a pump control module on a family-owned smallholder rice paddy fields in Japan. We explain our methodology, experiences and challenges, which may help explain some of the hindrances to the wide-scale adoption of SAS.",identified,unique,candidate_core,,
RAW196,OpenAlex,Q6,Implementing an Efficient Architecture for Latency Optimisation in Smart Farming,2024,Ntshuxeko Makondo; Hlabishi Kobo; Topside E. Mathonsi; Deon Du Plessis,IEEE Access,10.1109/access.2024.3466994,https://doi.org/10.1109/access.2024.3466994,"In various industries, including Agriculture, the application of the Fifth Generation (5G) of wireless technology has led to significant advancement. One of the most intriguing aspects of 5G technology is the potential to reduce latency for Internet of Things (IoT) applications, especially for latency-sensitive smart farming applications such as fire detection. The data generated by IoT devices such as sensors, cameras, and actuators in intelligent farming applications are growing exponentially. Traditional methods of processing and storing IoT data usually include cloud data centres, which are often far from data sources, resulting in multiple network hops that increase latency. To this end, the existing network infrastructures struggle to cope with increasing traffic and meet the stringent low-latency requirements of various real-time environmental monitoring IoT applications. To solve this problem, Edge Computing (EC) emerged as a solution. Edge technology allows the deployment of 5G Core (5GC) network functions close to the data-generating IoT sensors. This method allows data processing to be performed near the sensor, thereby reducing latency. As a result, this paper proposed an efficient architecture to minimise latency in 5G networks by moving the User Plane Function (UPF) node to the edge of the network closer to users using the Control and User Plane Separation (CUPS) strategy. Furthermore, this paper further proposed Software-Defined Networking (SDN) based backhaul. This backhaul was configured to use the Open Network Operating System (ONOS) controller, which has been customised with a distributed core to improve throughput, latency, and scalability. Using SDN in the 5G backhaul network allows operators to create dynamic, scalable, and efficient networks capable of serving a diverse variety of services and applications with varying performance needs. The results of the experiment conducted on the Third Generation Partnership Project (3GPP) compliant 5G testbed demonstrated that the proposed architecture reduced the average Round Time Trip (RTT) by 60.7% while improving the throughput by approximately 40.48%. This significant reduction in latency and improvement in throughput paves the way for the implementation of real-world 5G applications, particularly in latency-sensitive sectors like smart agriculture. Agricultural operations will benefit from faster data processing and communication, enabling real-time monitoring, and precision irrigation, ultimately leading to increased efficiency.",identified,unique,candidate_core,,
RAW197,OpenAlex,Q6,A Wireless Sensor Network Integrated with Edge Computing for Real-Time Crop Monitoring and Automated Irrigation,2024,Angeline D. Garma; Febus Reidj G. Cruz,,10.1109/tssa63730.2024.10864141,https://doi.org/10.1109/tssa63730.2024.10864141,"Cloud-based smart agriculture systems struggle with real-time processing and connectivity in remote areas. This study integrates edge computing with WSNs to create a real-time crop monitoring and auto-irrigation system. The edge node handles RF communication with sensor and actuator nodes and connects to a LoRaWAN gateway provided by Packetworx using an SX1276 LoRa chip at 868 MHz. This design allows efficient data collection, local processing, and automated control without needing constant internet access. Implemented in Rosario, Batangas, Philippines, the system monitors soil moisture, NPK levels, temperature, and humidity, and controls irrigation via five solenoid valves. Each node operates for about 10.3 hours, extended by solar panels. Connectivity tests indicate better signal quality with higher gateways and increased packet loss at greater distances.",identified,unique,candidate_core,,
RAW198,OpenAlex,Q6,"A Survey on IoT Security: Application Areas, Security Threats, and Solution Architectures",2019,Vikas Hassija; Vinay Chamola; Vikas Saxena; Divyansh Jain; Pranav Goyal; Biplab Sikdar,IEEE Access,10.1109/access.2019.2924045,https://doi.org/10.1109/access.2019.2924045,"The Internet of Things (IoT) is the next era of communication. Using the IoT, physical objects can be empowered to create, receive, and exchange data in a seamless manner. Various IoT applications focus on automating different tasks and are trying to empower the inanimate physical objects to act without any human intervention. The existing and upcoming IoT applications are highly promising to increase the level of comfort, efficiency, and automation for the users. To be able to implement such a world in an ever-growing fashion requires high security, privacy, authentication, and recovery from attacks. In this regard, it is imperative to make the required changes in the architecture of the IoT applications for achieving end-to-end secure IoT environments. In this paper, a detailed review of the security-related challenges and sources of threat in the IoT applications is presented. After discussing the security issues, various emerging and existing technologies focused on achieving a high degree of trust in the IoT applications are discussed. Four different technologies, blockchain, fog computing, edge computing, and machine learning, to increase the level of security in IoT are discussed.",identified,unique,exclude,R02_wrong_document_type_or_domain,
RAW199,OpenAlex,Q6,The Path to Smart Farming: Innovations and Opportunities in Precision Agriculture,2023,E. M. B. M. Karunathilake; Anh Tuan Le; Seong Heo; Yong Suk Chung; Sheikh Mansoor,Agriculture,10.3390/agriculture13081593,https://doi.org/10.3390/agriculture13081593,"Precision agriculture employs cutting-edge technologies to increase agricultural productivity while reducing adverse impacts on the environment. Precision agriculture is a farming approach that uses advanced technology and data analysis to maximize crop yields, cut waste, and increase productivity. It is a potential strategy for tackling some of the major issues confronting contemporary agriculture, such as feeding a growing world population while reducing environmental effects. This review article examines some of the latest recent advances in precision agriculture, including the Internet of Things (IoT) and how to make use of big data. This review article aims to provide an overview of the recent innovations, challenges, and future prospects of precision agriculture and smart farming. It presents an analysis of the current state of precision agriculture, including the most recent innovations in technology, such as drones, sensors, and machine learning. The article also discusses some of the main challenges faced by precision agriculture, including data management, technology adoption, and cost-effectiveness.",identified,duplicate,pending,D01_duplicate_of_RAW142,
RAW200,OpenAlex,Q6,A Survey on the Role of IoT in Agriculture for the Implementation of Smart Farming,2019,Muhammad Shoaib Farooq; Shamyla Riaz; Adnan Abid; Kamran Abid; Muhammad Azhar Naeem,IEEE Access,10.1109/access.2019.2949703,https://doi.org/10.1109/access.2019.2949703,"Internet of things (IoT) is a promising technology which provides efficient and reliable solutions towards the modernization of several domains. IoT based solutions are being developed to automatically maintain and monitor agricultural farms with minimal human involvement. The article presents many aspects of technologies involved in the domain of IoT in agriculture. It explains the major components of IoT based smart farming. A rigorous discussion on network technologies used in IoT based agriculture has been presented, that involves network architecture and layers, network topologies used, and protocols. Furthermore, the connection of IoT based agriculture systems with relevant technologies including cloud computing, big data storage and analytics has also been presented. In addition, security issues in IoT agriculture have been highlighted. A list of smart phone based and sensor based applications developed for different aspects of farm management has also been presented. Lastly, the regulations and policies made by several countries to standardize IoT based agriculture have been presented along with few available success stories. In the end, some open research issues and challenges in IoT agriculture field have been presented.",identified,duplicate,pending,D01_duplicate_of_RAW140,
RAW201,OpenAlex,Q6,Precision Agriculture Techniques and Practices: From Considerations to Applications,2019,Uferah Shafi; Rafia Mumtaz; José García-Nieto; Syed Ali Hassan; Syed Ali Raza Zaidi; Naveed Iqbal,Sensors,10.3390/s19173796,https://doi.org/10.3390/s19173796,"Internet of Things (IoT)-based automation of agricultural events can change the agriculture sector from being static and manual to dynamic and smart, leading to enhanced production with reduced human efforts. Precision Agriculture (PA) along with Wireless Sensor Network (WSN) are the main drivers of automation in the agriculture domain. PA uses specific sensors and software to ensure that the crops receive exactly what they need to optimize productivity and sustainability. PA includes retrieving real data about the conditions of soil, crops and weather from the sensors deployed in the fields. High-resolution images of crops are obtained from satellite or air-borne platforms (manned or unmanned), which are further processed to extract information used to provide future decisions. In this paper, a review of near and remote sensor networks in the agriculture domain is presented along with several considerations and challenges. This survey includes wireless communication technologies, sensors, and wireless nodes used to assess the environmental behaviour, the platforms used to obtain spectral images of crops, the common vegetation indices used to analyse spectral images and applications of WSN in agriculture. As a proof of concept, we present a case study showing how WSN-based PA system can be implemented. We propose an IoT-based smart solution for crop health monitoring, which is comprised of two modules. The first module is a wireless sensor network-based system to monitor real-time crop health status. The second module uses a low altitude remote sensing platform to obtain multi-spectral imagery, which is further processed to classify healthy and unhealthy crops. We also highlight the results obtained using a case study and list the challenges and future directions based on our work.",identified,duplicate,pending,D01_duplicate_of_RAW141,
RAW202,OpenAlex,Q6,"IoT-Enabled Smart Agriculture: Architecture, Applications, and Challenges",2022,Vũ Khánh Quý; Van-Hau Nguyen; Dang Van Anh; Nguyễn Minh Quý; Nguyễn Tiến Ban; Stefania Lanza,Applied Sciences,10.3390/app12073396,https://doi.org/10.3390/app12073396,"The growth of the global population coupled with a decline in natural resources, farmland, and the increase in unpredictable environmental conditions leads to food security is becoming a major concern for all nations worldwide. These problems are motivators that are driving the agricultural industry to transition to smart agriculture with the application of the Internet of Things (IoT) and big data solutions to improve operational efficiency and productivity. The IoT integrates a series of existing state-of-the-art solutions and technologies, such as wireless sensor networks, cognitive radio ad hoc networks, cloud computing, big data, and end-user applications. This study presents a survey of IoT solutions and demonstrates how IoT can be integrated into the smart agriculture sector. To achieve this objective, we discuss the vision of IoT-enabled smart agriculture ecosystems by evaluating their architecture (IoT devices, communication technologies, big data storage, and processing), their applications, and research timeline. In addition, we discuss trends and opportunities of IoT applications for smart agriculture and also indicate the open issues and challenges of IoT application in smart agriculture. We hope that the findings of this study will constitute important guidelines in research and promotion of IoT solutions aiming to improve the productivity and quality of the agriculture sector as well as facilitating the transition towards a future sustainable environment with an agroecological approach.",identified,duplicate,pending,D01_duplicate_of_RAW145,
RAW203,OpenAlex,Q6,Privacy-Preserving Edge Intelligence for Agriculture: A 6G-Enabled Federated Learning Architecture,2025,Palvancha Shambhavi; V.Jyothi; Mittapally Anusha; K.A.Jyotsna; S.Kanakaprabha; G.Charles Babu,,10.1109/icscn67106.2025.11308696,https://doi.org/10.1109/icscn67106.2025.11308696,"The fastest growing wireless communication technologies and artificial intelligence are changing the face of agriculture making it a highly data intensive industry. Scalability, latency, privacy and energy efficiency pose a challenge to conventional cloud-centric methods of agricultural analytics. This paper introduces a 6G enabled Federated Learning (FL) model to large-scale smart agriculture applications to overcome these limits. This framework is based on the ultra-low latency, massive connectivity, and high reliability features of 6G networks that allow solving one of the major challenges of machine learning: the ability of distributed agricultural apparatus, including IoT sensors, drones, and autonomous machinery, to collaboratively learn machine learning without exchanging raw data. This methodology preserves the privacy of data, leads to reduced communications overhead, and real-time decision-making capabilities in precision agriculture. The framework offered combines intelligent edge computing, blockchain enhanced security, and dynamic model combining approaches to process disparate sources of data and the changeable nature of agricultural settings. Some common applications are measuring the health of crops, predictive irrigation control, soil fertility, and detecting pests. The simulation findings and the case studies illustrate that 6G-FL framework can attain high levels of scalability, accuracy and very high efficiency in contrast to traditional centralized learning paradigms. This study indicates the possible applications of 6G and federated intelligence to deploy sustainable, resilient, and massive smart agriculture applications into food security in the future.",identified,unique,exclude,R02_wrong_document_type_or_domain,
RAW204,OpenAlex,Q6,Role of IoT Technology in Agriculture: A Systematic Literature Review,2020,Muhammad Shoaib Farooq; Shamyla Riaz; Adnan Abid; T. Umer; Yousaf Bin Zikria,Electronics,10.3390/electronics9020319,https://doi.org/10.3390/electronics9020319,"The growing demand for food in terms of quality and quantity has increased the need for industrialization and intensification in the agriculture field. Internet of Things (IoT) is a highly promising technology that is offering many innovative solutions to modernize the agriculture sector. Research institutions and scientific groups are continuously working to deliver solutions and products using IoT to address different domains of agriculture. This paper presents a systematic literature review (SLR) by conducting a survey of IoT technologies and their current utilization in different application domains of the agriculture sector. The underlying SLR has been compiled by reviewing research articles published in well-reputed venues between 2006 and 2019. A total of 67 papers were carefully selected through a systematic process and classified accordingly. The primary objective of this systematic study is the collection of all relevant research on IoT agricultural applications, sensors/devices, communication protocols, and network types. Furthermore, it also discusses the main issues and challenges that are being investigated in the field of agriculture. Moreover, an IoT agriculture framework has been presented that contextualizes the representation of a wide range of current solutions in the field of agriculture. Similarly, country policies for IoT-based agriculture have also been presented. Lastly, open issues and challenges have been presented to provide the researchers promising future directions in the domain of IoT agriculture.",identified,duplicate,pending,D01_duplicate_of_RAW144,
RAW205,OpenAlex,Q6,"IoT-Equipped and AI-Enabled Next Generation Smart Agriculture: A Critical Review, Current Challenges and Future Trends",2022,Sameer Qazi; Bilal A. Khawaja; Qazi Umar Farooq,IEEE Access,10.1109/access.2022.3152544,https://doi.org/10.1109/access.2022.3152544,"Smart agriculture techniques have recently seen widespread interest by farmers. This is driven by several factors, which include the widespread availability of economically-priced, low-powered Internet of Things (IoT) based wireless sensors to remotely monitor and report conditions of the field, climate, and crops. This enables efficient management of resources like minimizing water requirements for irrigation and minimizing the use of toxic pesticides. Furthermore, the recent boom in Artificial Intelligence can enable farmers to deploy autonomous farming machinery and make better predictions of the future based on present and past conditions to minimize crop diseases and pest infestation. Together these two enabling technologies have revolutionized conventional agriculture practices. This survey paper provides: (a) A detailed tutorial on the available advancements in the field of smart agriculture systems through IoT technologies and AI techniques; (b) A critical review of these two available technologies and challenges in their widespread deployment; and (c) An in-depth discussion about the future trends including both technological and social, when smart agriculture systems will be widely adopted by the farmers globally.",identified,unique,exclude,R02_wrong_document_type_or_domain,
RAW206,OpenAlex,Q6,Toward the Next Generation of Digitalization in Agriculture Based on Digital Twin Paradigm,2022,Abozar Nasirahmadi; Oliver Hensel,Sensors,10.3390/s22020498,https://doi.org/10.3390/s22020498,"Digitalization has impacted agricultural and food production systems, and makes application of technologies and advanced data processing techniques in agricultural field possible. Digital farming aims to use available information from agricultural assets to solve several existing challenges for addressing food security, climate protection, and resource management. However, the agricultural sector is complex, dynamic, and requires sophisticated management systems. The digital approaches are expected to provide more optimization and further decision-making supports. Digital twin in agriculture is a virtual representation of a farm with great potential for enhancing productivity and efficiency while declining energy usage and losses. This review describes the state-of-the-art of digital twin concepts along with different digital technologies and techniques in agricultural contexts. It presents a general framework of digital twins in soil, irrigation, robotics, farm machineries, and food post-harvest processing in agricultural field. Data recording, modeling including artificial intelligence, big data, simulation, analysis, prediction, and communication aspects (e.g., Internet of Things, wireless technologies) of digital twin in agriculture are discussed. Digital twin systems can support farmers as a next generation of digitalization paradigm by continuous and real-time monitoring of physical world (farm) and updating the state of virtual world.",identified,unique,exclude,R02_wrong_document_type_or_domain,
RAW207,OpenAlex,Q6,Security and Privacy in Smart Farming: Challenges and Opportunities,2020,Maanak Gupta; Mahmoud Abdelsalam; Sajad Khorsandroo; Sudip Mittal,IEEE Access,10.1109/access.2020.2975142,https://doi.org/10.1109/access.2020.2975142,"Internet of Things (IoT) and smart computing technologies have revolutionized every sphere of 21 <sup xmlns:mml=""http://www.w3.org/1998/Math/MathML"" xmlns:xlink=""http://www.w3.org/1999/xlink"">st</sup> century humans. IoT technologies and the data driven services they offer were beyond imagination just a decade ago. Now, they surround us and influence a variety of domains such as automobile, smart home, healthcare, etc. In particular, the Agriculture and Farming industries have also embraced this technological intervention. Smart devices are widely used by a range of people from farmers to entrepreneurs. These technologies are used in a variety of ways, from finding real-time status of crops and soil moisture content to deploying drones to assist with tasks such as applying pesticide spray. However, the use of IoT and smart communication technologies introduce a vast exposure to cybersecurity threats and vulnerabilities in smart farming environments. Such cyber attacks have the potential to disrupt the economies of countries that are widely dependent on agriculture. In this paper, we present a holistic study on security and privacy in a smart farming ecosystem. The paper outlines a multi layered architecture relevant to the precision agriculture domain and discusses the security and privacy issues in this dynamic and distributed cyber physical environment. Further more, the paper elaborates on potential cyber attack scenarios and highlights open research challenges and future directions.",identified,unique,candidate_core,,
RAW208,OpenAlex,Q6,"Digital Twin: Values, Challenges and Enablers From a Modeling Perspective",2020,Adil Rasheed; Omer San; Trond Kvamsdal,IEEE Access,10.1109/access.2020.2970143,https://doi.org/10.1109/access.2020.2970143,"Digital twin can be defined as a virtual representation of a physical asset enabled through data and simulators for real-time prediction, optimization, monitoring, controlling, and improved decision making. Recent advances in computational pipelines, multiphysics solvers, artificial intelligence, big data cybernetics, data processing and management tools bring the promise of digital twins and their impact on society closer to reality. Digital twinning is now an important and emerging trend in many applications. Also referred to as a computational megamodel, device shadow, mirrored system, avatar or a synchronized virtual prototype, there can be no doubt that a digital twin plays a transformative role not only in how we design and operate cyber-physical intelligent systems, but also in how we advance the modularity of multi-disciplinary systems to tackle fundamental barriers not addressed by the current, evolutionary modeling practices. In this work, we review the recent status of methodologies and techniques related to the construction of digital twins mostly from a modeling perspective. Our aim is to provide a detailed coverage of the current challenges and enabling technologies along with recommendations and reflections for various stakeholders.",identified,duplicate,pending,D01_duplicate_of_RAW156,
RAW209,OpenAlex,Q6,"Internet of Things in arable farming: Implementation, applications, challenges and potential",2020,Andrés Villa‐Henriksen; Gareth Edwards; Liisa Pesonen; Ole Green; Claus Aage Grøn Sørensen,Biosystems Engineering,10.1016/j.biosystemseng.2019.12.013,https://doi.org/10.1016/j.biosystemseng.2019.12.013,"The Internet of Things is allowing agriculture, here specifically arable farming, to become data-driven, leading to more timely and cost-effective production and management of farms, and at the same time reducing their environmental impact. This review is addressing an analytical survey of the current and potential application of Internet of Things in arable farming, where spatial data, highly varying environments, task diversity and mobile devices pose unique challenges to be overcome compared to other agricultural systems. The review contributes an overview of the state of the art of technologies deployed. It provides an outline of the current and potential applications, and discusses the challenges and possible solutions and implementations. Lastly, it presents some future directions for the Internet of Things in arable farming. Current issues such as smart phones, intelligent management of Wireless Sensor Networks, middleware platforms, integrated Farm Management Information Systems across the supply chain, or autonomous vehicles and robotics stand out because of their potential to lead arable farming to smart arable farming. During the implementation, different challenges are encountered, and here interoperability is a key major hurdle throughout all the layers in the architecture of an Internet of Things system, which can be addressed by shared standards and protocols. Challenges such as affordability, device power consumption, network latency, Big Data analysis, data privacy and security, among others, have been identified by the articles reviewed and are discussed in detail. Different solutions to all identified challenges are presented addressing technologies such as machine learning, middleware platforms, or intelligent data management.",identified,unique,exclude,R02_wrong_document_type_or_domain,
RAW210,OpenAlex,Q6,Adoption of the Internet of Things (IoT) in Agriculture and Smart Farming towards Urban Greening: A Review,2019,A. A Raneesha Madushanki; Malka N. Halgamuge; W. H. A.; Ali M. Syed,International Journal of Advanced Computer Science and Applications,10.14569/ijacsa.2019.0100402,https://doi.org/10.14569/ijacsa.2019.0100402,"It is essential to increase the productivity of agricultural and farming processes to improve yields and cost-effectiveness with new technology such as the Internet of Things (IoT). In particular, IoT can make agricultural and farming industry processes more efficient by reducing human intervention through automation. In this study, the aim to analyze recently developed IoT applications in the agriculture and farming industries to provide an overview of sensor data collections, technologies, and sub-verticals such as water management and crop management. In this review, data is extracted from 60 peer-reviewed scientific publications (2016-2018) with a focus on IoT sub-verticals and sensor data collection for measurements to make accurate decisions. Our results from the reported studies show water management is the highest sub-vertical (28.08%) followed by crop management (14.60%) then smart farming (10.11%). From the data collection, livestock management and irrigation management resulted in the same percentage (5.61%). In regard to sensor data collection, the highest result was for the measurement of environmental temperature (24.87%) and environmental humidity (19.79%). There are also some other sensor data regarding soil moisture (15.73%) and soil pH (7.61%). Research indicates that of the technologies used in IoT application development, Wi-Fi is the most frequently used (30.27%) followed by mobile technology (21.10%). As per our review of the research, we can conclude that the agricultural sector (76.1%) is researched considerably more than compared to the farming sector (23.8%). This study should be used as a reference for members of the agricultural industry to improve and develop the use of IoT to enhance agricultural production efficiencies. This study also provides recommendations for future research to include IoT systems' scalability, heterogeneity aspects, IoT system architecture, data analysis methods, size or scale of the observed land or agricultural domain, IoT security and threat solutions/protocols, operational technology, data storage, cloud platform, and power supplies.",identified,unique,exclude,R02_wrong_document_type_or_domain,
RAW211,OpenAlex,Q6,State-of-the-Art Internet of Things in Protected Agriculture,2019,Xiaojie Shi; Xingshuang An; Qingxue Zhao; Huimin Liu; Lianming Xia; Xia Sun,Sensors,10.3390/s19081833,https://doi.org/10.3390/s19081833,"The Internet of Things (IoT) has tremendous success in health care, smart city, industrial production and so on. Protected agriculture is one of the fields which has broad application prospects of IoT. Protected agriculture is a mode of highly efficient development of modern agriculture that uses artificial techniques to change climatic factors such as temperature, to create environmental conditions suitable for the growth of animals and plants. This review aims to gain insight into the state-of-the-art of IoT applications in protected agriculture and to identify the system structure and key technologies. Therefore, we completed a systematic literature review of IoT research and deployments in protected agriculture over the past 10 years and evaluated the contributions made by different academicians and organizations. Selected references were clustered into three application domains corresponding to plant management, animal farming and food/agricultural product supply traceability. Furthermore, we discussed the challenges along with future research prospects, to help new researchers of this domain understand the current research progress of IoT in protected agriculture and to propose more novel and innovative ideas in the future.",identified,unique,exclude,R02_wrong_document_type_or_domain,
RAW212,OpenAlex,Q6,"Characterising the Agriculture 4.0 Landscape—Emerging Trends, Challenges and Opportunities",2021,Sara Oleiro Araújo; Ricardo Silva Peres; José Barata; Fernando C. Lidon; José C. Ramalho,Agronomy,10.3390/agronomy11040667,https://doi.org/10.3390/agronomy11040667,"Investment in technological research is imperative to stimulate the development of sustainable solutions for the agricultural sector. Advances in Internet of Things, sensors and sensor networks, robotics, artificial intelligence, big data, cloud computing, etc. foster the transition towards the Agriculture 4.0 era. This fourth revolution is currently seen as a possible solution for improving agricultural growth, ensuring the future needs of the global population in a fair, resilient and sustainable way. In this context, this article aims at characterising the current Agriculture 4.0 landscape. Emerging trends were compiled using a semi-automated process by analysing relevant scientific publications published in the past ten years. Subsequently, a literature review focusing these trends was conducted, with a particular emphasis on their applications in real environments. From the results of the study, some challenges are discussed, as well as opportunities for future research. Finally, a high-level cloud-based IoT architecture is presented, serving as foundation for designing future smart agricultural systems. It is expected that this work will positively impact the research around Agriculture 4.0 systems, providing a clear characterisation of the concept along with guidelines to assist the actors in a successful transition towards the digitalisation of the sector.",identified,unique,exclude,R02_wrong_document_type_or_domain,
RAW213,OpenAlex,Q6,Artificial Intelligence to Improve the Food and Agriculture Sector,2021,Rayda Ben Ayed; Mohsen Hanana,Journal of Food Quality,10.1155/2021/5584754,https://doi.org/10.1155/2021/5584754,"The world population is expected to reach over 9 billion by 2050, which will require an increase in agricultural and food production by 70% to fit the need, a serious challenge for the agri-food industry. Such requirement, in a context of resources scarcity, climate change, COVID-19 pandemic, and very harsh socioeconomic conjecture, is difficult to fulfill without the intervention of computational tools and forecasting strategy. Hereby, we report the importance of artificial intelligence and machine learning as a predictive multidisciplinary approach integration to improve the food and agriculture sector, yet with some limitations that should be considered by stakeholders.",identified,unique,exclude,R03_no_clear_network_control_component,
RAW214,OpenAlex,Q6,"Security and Privacy for Green IoT-Based Agriculture: Review, Blockchain Solutions, and Challenges",2020,Mohamed Amine Ferrag; Lei Shu; Xing Yang; Abdelouahid Derhab; Λέανδρος Μαγλαράς,IEEE Access,10.1109/access.2020.2973178,https://doi.org/10.1109/access.2020.2973178,"This paper presents research challenges on security and privacy issues in the field of green IoT-based agriculture. We start by describing a four-tier green IoT-based agriculture architecture and summarizing the existing surveys that deal with smart agriculture. Then, we provide a classification of threat models against green IoT-based agriculture into five categories, including, attacks against privacy, authentication, confidentiality, availability, and integrity properties. Moreover, we provide a taxonomy and a side-by-side comparison of the state-of-the-art methods toward secure and privacy-preserving technologies for IoT applications and how they will be adapted for green IoT-based agriculture. In addition, we analyze the privacy-oriented blockchain-based solutions as well as consensus algorithms for IoT applications and how they will be adapted for green IoT-based agriculture. Based on the current survey, we highlight open research challenges and discuss possible future research directions in the security and privacy of green IoT-based agriculture.",identified,unique,exclude,R02_wrong_document_type_or_domain,
RAW215,OpenAlex,Q7,Design and Implementation of Crop Automatic Diagnosis and Treatment System Based on Internet of Things,2021,Aimin Pan; Nan Wang,Journal of Physics Conference Series,10.1088/1742-6596/1883/1/012062,https://doi.org/10.1088/1742-6596/1883/1/012062,"Abstract This paper designs a smart agriculture Internet of Things system which combines crop disease detection with automatic diagnosis and treatment, and provides support for subsequent research on crop disease detection and control. The smart agricultural Internet of Things system uses TCS3200 colour sensor to identify leaf disease characteristics; colour sensor sends the data back; This system compares it with the recorded plant identification database, and carries out small-scale sprinkler irrigation diagnosis and treatment through valve irrigation system. The Internet of Things system consisting of STM32L431 single chip microcomputer, MG811 CO2sensor, BH1750 illumination sensor and DHT11 temperature and humidity sensor monitors environmental data, which is uploaded to the cloud by BC35 module through NB-IoT protocol and can be viewed by users on the display screen. Users can adjust the exhaust system, lighting system and humidification system in the system through the cloud or mobile phone to improve the environment and alleviate crop diseases. The experimental results show that the intelligent agricultural Internet of Things system designed in this paper has achieved the initial goal, and can roughly judge the disease types of plants by leaf colour, which has great commercial application value.",identified,unique,candidate_core,,
RAW216,OpenAlex,Q7,Role of IoT in sustainable farming,2020,Rajasekhar Manda; Prakash Kumar,Smart agriculture,10.1201/b22627-8,https://doi.org/10.1201/b22627-8,"Computing and communication have been revolutionized with the invention of Internet of Things (IoT). Smart farming can be achieved by introducing automation in irrigation, monitoring and controlling of crop growth, pest control and insect population control and adopting the latest IoT-based technologies. IoT policies are focused on agriculture to strengthen the Indian economy all over the world. To transform the agriculture in a more efficient and innovative way, Huawei Company launched an App named NB-IoT. It provides cost-effective agriculture solutions without using gateway implementations like cellular network. This chapter describes the agricultural products to understand the importance of IoT in agriculture. As smart farming is dependent on information systems for sustainable development, hackers and other competitors are lusting after the intellectual property. Precision farming includes greenhouse farming, indoor farming and vertical farming with sensors and satellite image technology. In contrast to conventional farming, IoT-based smart farming provides accurate and feasible features in crop production, waste management and cost-effective solutions.",identified,unique,candidate_core,,
RAW217,OpenAlex,Q7,Design of Agricultural Irrigation Hydropower Dual Control Intelligent Equipment Based on NB-IoT Technology,2018,Li Wen; Zhang Qingfang; Huang Ke; Luo Xueke; Guo Kai,,10.1145/3208854.3208897,https://doi.org/10.1145/3208854.3208897,"In order to establish and improve the formation mechanism of agricultural water price, promote agricultural water saving and sustainable development of agriculture, meet the need of water management and metering and charge for farmland water conservancy, agricultural irrigation hydropower dual control intelligent equipment based on NB-IoT technology. In order to ensure the safety of system charging, the reliability of command execution and the accuracy of data collection, the equipment adopts the design of ""one card dual-use"" and ""one card dual control"" according to the actual functional requirements of the task. A smart IC card can achieve water and electricity metering and payment functions, and the ladder pricing. Use NB-IoT communication technology as data exchange and remote control. Strong overall control system using PLC control, to ensure the stability of the system line. The equipment is installed in one cabinet, and the irrigation information collection and irrigation automation are realized by taking water, electricity water metering and data reporting.",identified,unique,candidate_core,,
RAW218,OpenAlex,Q7,A Survey on the Role of IoT in Agriculture for the Implementation of Smart Farming,2019,Muhammad Shoaib Farooq; Shamyla Riaz; Adnan Abid; Kamran Abid; Muhammad Azhar Naeem,IEEE Access,10.1109/access.2019.2949703,https://doi.org/10.1109/access.2019.2949703,"Internet of things (IoT) is a promising technology which provides efficient and reliable solutions towards the modernization of several domains. IoT based solutions are being developed to automatically maintain and monitor agricultural farms with minimal human involvement. The article presents many aspects of technologies involved in the domain of IoT in agriculture. It explains the major components of IoT based smart farming. A rigorous discussion on network technologies used in IoT based agriculture has been presented, that involves network architecture and layers, network topologies used, and protocols. Furthermore, the connection of IoT based agriculture systems with relevant technologies including cloud computing, big data storage and analytics has also been presented. In addition, security issues in IoT agriculture have been highlighted. A list of smart phone based and sensor based applications developed for different aspects of farm management has also been presented. Lastly, the regulations and policies made by several countries to standardize IoT based agriculture have been presented along with few available success stories. In the end, some open research issues and challenges in IoT agriculture field have been presented.",identified,duplicate,pending,D01_duplicate_of_RAW140,
RAW219,OpenAlex,Q7,The Path to Smart Farming: Innovations and Opportunities in Precision Agriculture,2023,E. M. B. M. Karunathilake; Anh Tuan Le; Seong Heo; Yong Suk Chung; Sheikh Mansoor,Agriculture,10.3390/agriculture13081593,https://doi.org/10.3390/agriculture13081593,"Precision agriculture employs cutting-edge technologies to increase agricultural productivity while reducing adverse impacts on the environment. Precision agriculture is a farming approach that uses advanced technology and data analysis to maximize crop yields, cut waste, and increase productivity. It is a potential strategy for tackling some of the major issues confronting contemporary agriculture, such as feeding a growing world population while reducing environmental effects. This review article examines some of the latest recent advances in precision agriculture, including the Internet of Things (IoT) and how to make use of big data. This review article aims to provide an overview of the recent innovations, challenges, and future prospects of precision agriculture and smart farming. It presents an analysis of the current state of precision agriculture, including the most recent innovations in technology, such as drones, sensors, and machine learning. The article also discusses some of the main challenges faced by precision agriculture, including data management, technology adoption, and cost-effectiveness.",identified,duplicate,pending,D01_duplicate_of_RAW142,
RAW220,OpenAlex,Q7,Internet-of-Things (IoT)-Based Smart Agriculture: Toward Making the Fields Talk,2019,Muhammad Ayaz; Mohammad Ammad-Uddin; Zubair Sharif; Ali Mansour; El‐Hadi M. Aggoune,IEEE Access,10.1109/access.2019.2932609,https://doi.org/10.1109/access.2019.2932609,"Despite the perception people may have regarding the agricultural process, the reality is that today's agriculture industry is data-centered, precise, and smarter than ever. The rapid emergence of the Internet-of-Things (IoT) based technologies redesigned almost every industry including “smart agriculture” which moved the industry from statistical to quantitative approaches. Such revolutionary changes are shaking the existing agriculture methods and creating new opportunities along a range of challenges. This article highlights the potential of wireless sensors and IoT in agriculture, as well as the challenges expected to be faced when integrating this technology with the traditional farming practices. IoT devices and communication techniques associated with wireless sensors encountered in agriculture applications are analyzed in detail. What sensors are available for specific agriculture application, like soil preparation, crop status, irrigation, insect and pest detection are listed. How this technology helping the growers throughout the crop stages, from sowing until harvesting, packing and transportation is explained. Furthermore, the use of unmanned aerial vehicles for crop surveillance and other favorable applications such as optimizing crop yield is considered in this article. State-of-the-art IoT-based architectures and platforms used in agriculture are also highlighted wherever suitable. Finally, based on this thorough review, we identify current and future trends of IoT in agriculture and highlight potential research challenges.",identified,duplicate,pending,D01_duplicate_of_RAW182,
RAW221,OpenAlex,Q7,Energy-Efficient Wireless Sensor Networks for Precision Agriculture: A Review,2017,Haider Mahmood Jawad; Rosdiadee Nordin; Sadik Kamel Gharghan; Aqeel Mahmood Jawad; Mahamod Ismail,Sensors,10.3390/s17081781,https://doi.org/10.3390/s17081781,"Wireless sensor networks (WSNs) can be used in agriculture to provide farmers with a large amount of information. Precision agriculture (PA) is a management strategy that employs information technology to improve quality and production. Utilizing wireless sensor technologies and management tools can lead to a highly effective, green agriculture. Based on PA management, the same routine to a crop regardless of site environments can be avoided. From several perspectives, field management can improve PA, including the provision of adequate nutrients for crops and the wastage of pesticides for the effective control of weeds, pests, and diseases. This review outlines the recent applications of WSNs in agriculture research as well as classifies and compares various wireless communication protocols, the taxonomy of energy-efficient and energy harvesting techniques for WSNs that can be used in agricultural monitoring systems, and comparison between early research works on agriculture-based WSNs. The challenges and limitations of WSNs in the agricultural domain are explored, and several power reduction and agricultural management techniques for long-term monitoring are highlighted. These approaches may also increase the number of opportunities for processing Internet of Things (IoT) data.",identified,duplicate,pending,D01_duplicate_of_RAW143,
RAW222,OpenAlex,Q7,A Comprehensive Review of Using WSNs and Drones for Improving Crop Production in Precision Agriculture,2025,Nada M. Khalil Al‐Ani; Sadik Kamel Gharghan; Ziad Qais Al‐Abbasi; Hasan Kahtan,IET Wireless Sensor Systems,10.1049/wss2.70019,https://doi.org/10.1049/wss2.70019,"ABSTRACT Precision agriculture (PA) plays an essential role in resource use and crop yields while minimising environmental impact through data‐driven farming techniques. The combination of unmanned aerial vehicles (UAVs), the Internet of Things (IoT) and wireless sensor networks (WSNs) has significantly transformed the current state of farming, enabling decisions based on data, predicting outcomes and precise control. This review presents the current developments, challenges and complementary advantages of these technologies to improve agricultural efficiency and sustainability in a comprehensive manner. The search timeframe of this search is 2019–2025. The analysis of the WSN‐based systems begins with the analysis of sensing technologies, communication protocols (LoRa, Sigfox, Wi‐Fi, Bluetooth, ZigBee, NB‐IoT and RFID), sensor architecture, energy consumption and path‐loss models, which affect the data transmission in an agricultural setting. It highlights the weaknesses of WSN deployment, such as power consumption and coverage. Second, the use of UAVs in crop monitoring, irrigation, pest detection and resource optimisation is reviewed with references to the incorporation of sensing and data analytics algorithms and the challenges associated with UAV use, such as the short flight duration and energy consumption. Third, IoT‐based frameworks are researched in the context of their roles in the PA of real‐time monitoring, automated controls and smart decision‐making. The findings suggest that a network of WSNs, UAVs and the IoT can be used to enhance monitoring quality, data quality and resource utilisation by multiple orders of magnitude. However, such barriers as energy consumption, connectivity differences, complexity of data and costs will be topical. Overall, the WSN‐UAV‐IoT combo is a potentially fruitful direction that could assist PA to take a step forward in terms of productivity, sustainability and environmental friendliness.",identified,unique,exclude,R02_wrong_document_type_or_domain,
RAW223,OpenAlex,Q7,Role of IoT Technology in Agriculture: A Systematic Literature Review,2020,Muhammad Shoaib Farooq; Shamyla Riaz; Adnan Abid; T. Umer; Yousaf Bin Zikria,Electronics,10.3390/electronics9020319,https://doi.org/10.3390/electronics9020319,"The growing demand for food in terms of quality and quantity has increased the need for industrialization and intensification in the agriculture field. Internet of Things (IoT) is a highly promising technology that is offering many innovative solutions to modernize the agriculture sector. Research institutions and scientific groups are continuously working to deliver solutions and products using IoT to address different domains of agriculture. This paper presents a systematic literature review (SLR) by conducting a survey of IoT technologies and their current utilization in different application domains of the agriculture sector. The underlying SLR has been compiled by reviewing research articles published in well-reputed venues between 2006 and 2019. A total of 67 papers were carefully selected through a systematic process and classified accordingly. The primary objective of this systematic study is the collection of all relevant research on IoT agricultural applications, sensors/devices, communication protocols, and network types. Furthermore, it also discusses the main issues and challenges that are being investigated in the field of agriculture. Moreover, an IoT agriculture framework has been presented that contextualizes the representation of a wide range of current solutions in the field of agriculture. Similarly, country policies for IoT-based agriculture have also been presented. Lastly, open issues and challenges have been presented to provide the researchers promising future directions in the domain of IoT agriculture.",identified,duplicate,pending,D01_duplicate_of_RAW144,
RAW224,OpenAlex,Q7,"A Survey on Energy Efficient Narrowband Internet of Things (NBIoT): Architecture, Application and Challenges",2018,Sakshi Popli; Rakesh Kumar Jha; Sanjeev Jain,IEEE Access,10.1109/access.2018.2881533,https://doi.org/10.1109/access.2018.2881533,"The advancement of technologies over years has poised Internet of Things (IoT) to scoop out untapped information and communication technology opportunities. It is anticipated that IoT will handle the gigantic network of billions of devices to deliver plenty of smart services to the users. Undoubtedly, this will make our life more resourceful but at the cost of high energy consumption and carbon footprint. Consequently, there is a high demand for green communication to reduce energy consumption, which requires optimal resource availability and controlled power levels. In contrast to this, IoT devices are constrained in terms of resources-memory, power, and computation. Low power wide area (LPWA) technology is a response to the need for efficient utilization of power resource, as it evinces characteristics such as the capability to proffer low power connectivity to a huge number of devices spread over wide geographical areas at low cost. Various LPWA technologies, such as LoRa and SigFox, exist in the market, offering a proficient solution to the users. However, in order to abstain the need of new infrastructure (like base station) that is required for proprietary technologies, a new cellular-based licensed technology, narrowband IoT (NBIoT), is introduced by 3GPP in Rel-13. This technology presents a good candidature to handle LPWA market because of its characteristics like enhanced indoor coverage, low power consumption, latency insensitivity, and massive connection support towards NBIoT. This survey presents a profound view of IoT and NBIoT, subsuming their technical features, resource allocation, and energy-efficiency techniques and applications. The challenges that hinder the NBIoT path to success are also identified and discussed. In this paper, two novel energy-efficient techniques “zonal thermal pattern analysis” and energy-efficient adaptive health monitoring system have been proposed towards green IoT.",identified,duplicate,pending,D01_duplicate_of_RAW157,
RAW225,OpenAlex,Q7,Revolution 4.0: Industry vs. Agriculture in a Future Development for SMEs,2019,Ilaria Zambon; Massimo Cecchini; Gianluca Egidi; Maria Grazia Saporito; Andrea Colantoni,Processes,10.3390/pr7010036,https://doi.org/10.3390/pr7010036,"The present review retraces the steps of the industrial and agriculture revolution that have taken place up to the present day, giving ideas and considerations for the future. This paper analyses the specific challenges facing agriculture along the farming supply chain to permit the operative implementation of Industry 4.0 guidelines. The subsequent scientific value is an investigation of how Industry 4.0 approaches can be improved and be pertinent to the agricultural sector. However, industry is progressing at a much faster rate than agriculture. In fact, already today experts talk about Industry 5.0. On the other hand, the 4.0 revolution in agriculture is still limited to a few innovative firms. For this reason, this work deals with how technological development affects different sectors (industry and agriculture) in different ways. In this innovative background, despite the advantages of industry or agriculture 4.0 for large enterprises, small- and medium-sized enterprises (SMEs) often face complications in such innovative processes due to the continuous development in innovations and technologies. Policy makers should propose strategies, calls for proposals with aim of supporting SMEs to invest on these technologies and making them more competitive in the marketplace.",identified,unique,exclude,R02_wrong_document_type_or_domain,
RAW226,OpenAlex,Q7,"IoT-Equipped and AI-Enabled Next Generation Smart Agriculture: A Critical Review, Current Challenges and Future Trends",2022,Sameer Qazi; Bilal A. Khawaja; Qazi Umar Farooq,IEEE Access,10.1109/access.2022.3152544,https://doi.org/10.1109/access.2022.3152544,"Smart agriculture techniques have recently seen widespread interest by farmers. This is driven by several factors, which include the widespread availability of economically-priced, low-powered Internet of Things (IoT) based wireless sensors to remotely monitor and report conditions of the field, climate, and crops. This enables efficient management of resources like minimizing water requirements for irrigation and minimizing the use of toxic pesticides. Furthermore, the recent boom in Artificial Intelligence can enable farmers to deploy autonomous farming machinery and make better predictions of the future based on present and past conditions to minimize crop diseases and pest infestation. Together these two enabling technologies have revolutionized conventional agriculture practices. This survey paper provides: (a) A detailed tutorial on the available advancements in the field of smart agriculture systems through IoT technologies and AI techniques; (b) A critical review of these two available technologies and challenges in their widespread deployment; and (c) An in-depth discussion about the future trends including both technological and social, when smart agriculture systems will be widely adopted by the farmers globally.",identified,duplicate,pending,D01_duplicate_of_RAW205,
RAW227,OpenAlex,Q7,Smart Water Management Platform: IoT-Based Precision Irrigation for Agriculture,2019,Carlos Kamienski; Juha-Pekka Soininen; Markus Taumberger; Ramide Dantas; Attilio Toscano; Tullio Salmon Cinotti,Sensors,10.3390/s19020276,https://doi.org/10.3390/s19020276,"The smart management of freshwater for precision irrigation in agriculture is essential for increasing crop yield and decreasing costs, while contributing to environmental sustainability. The intense use of technologies offers a means for providing the exact amount of water needed by plants. The Internet of Things (IoT) is the natural choice for smart water management applications, even though the integration of different technologies required for making it work seamlessly in practice is still not fully accomplished. The SWAMP project develops an IoT-based smart water management platform for precision irrigation in agriculture with a hands-on approach based on four pilots in Brazil and Europe. This paper presents the SWAMP architecture, platform, and system deployments that highlight the replicability of the platform, and, as scalability is a major concern for IoT applications, it includes a performance analysis of FIWARE components used in the Platform. Results show that it is able to provide adequate performance for the SWAMP pilots, but requires specially designed configurations and the re-engineering of some components to provide higher scalability using less computational resources.",identified,duplicate,pending,D01_duplicate_of_RAW059,
RAW228,OpenAlex,Q7,A Review of Applications and Communication Technologies for Internet of Things (IoT) and Unmanned Aerial Vehicle (UAV) Based Sustainable Smart Farming,2021,Nahina Islam; Md. Mamunur Rashid; Faezeh Pasandideh; Biplob Ray; Steven T. Moore; R. W. Kadel,Sustainability,10.3390/su13041821,https://doi.org/10.3390/su13041821,"To reach the goal of sustainable agriculture, smart farming is taking advantage of the Unmanned Aerial Vehicles (UAVs) and Internet of Things (IoT) paradigm. These smart farms are designed to be run by interconnected devices and vehicles. Some enormous potentials can be achieved by the integration of different IoT technologies to achieve automated operations with minimum supervision. This paper outlines some major applications of IoT and UAV in smart farming, explores the communication technologies, network functionalities and connectivity requirements for Smart farming. The connectivity limitations of smart agriculture and it’s solutions are analysed with two case studies. In case study-1, we propose and evaluate meshed Long Range Wide Area Network (LoRaWAN) gateways to address connectivity limitations of Smart Farming. While in case study-2, we explore satellite communication systems to provide connectivity to smart farms in remote areas of Australia. Finally, we conclude the paper by identifying future research challenges on this topic and outlining directions to address those challenges.",identified,duplicate,pending,D01_duplicate_of_RAW146,
RAW229,OpenAlex,Q7,Security and Privacy in Smart Farming: Challenges and Opportunities,2020,Maanak Gupta; Mahmoud Abdelsalam; Sajad Khorsandroo; Sudip Mittal,IEEE Access,10.1109/access.2020.2975142,https://doi.org/10.1109/access.2020.2975142,"Internet of Things (IoT) and smart computing technologies have revolutionized every sphere of 21 <sup xmlns:mml=""http://www.w3.org/1998/Math/MathML"" xmlns:xlink=""http://www.w3.org/1999/xlink"">st</sup> century humans. IoT technologies and the data driven services they offer were beyond imagination just a decade ago. Now, they surround us and influence a variety of domains such as automobile, smart home, healthcare, etc. In particular, the Agriculture and Farming industries have also embraced this technological intervention. Smart devices are widely used by a range of people from farmers to entrepreneurs. These technologies are used in a variety of ways, from finding real-time status of crops and soil moisture content to deploying drones to assist with tasks such as applying pesticide spray. However, the use of IoT and smart communication technologies introduce a vast exposure to cybersecurity threats and vulnerabilities in smart farming environments. Such cyber attacks have the potential to disrupt the economies of countries that are widely dependent on agriculture. In this paper, we present a holistic study on security and privacy in a smart farming ecosystem. The paper outlines a multi layered architecture relevant to the precision agriculture domain and discusses the security and privacy issues in this dynamic and distributed cyber physical environment. Further more, the paper elaborates on potential cyber attack scenarios and highlights open research challenges and future directions.",identified,duplicate,pending,D01_duplicate_of_RAW207,
RAW230,OpenAlex,Q7,State-of-the-Art Internet of Things in Protected Agriculture,2019,Xiaojie Shi; Xingshuang An; Qingxue Zhao; Huimin Liu; Lianming Xia; Xia Sun,Sensors,10.3390/s19081833,https://doi.org/10.3390/s19081833,"The Internet of Things (IoT) has tremendous success in health care, smart city, industrial production and so on. Protected agriculture is one of the fields which has broad application prospects of IoT. Protected agriculture is a mode of highly efficient development of modern agriculture that uses artificial techniques to change climatic factors such as temperature, to create environmental conditions suitable for the growth of animals and plants. This review aims to gain insight into the state-of-the-art of IoT applications in protected agriculture and to identify the system structure and key technologies. Therefore, we completed a systematic literature review of IoT research and deployments in protected agriculture over the past 10 years and evaluated the contributions made by different academicians and organizations. Selected references were clustered into three application domains corresponding to plant management, animal farming and food/agricultural product supply traceability. Furthermore, we discussed the challenges along with future research prospects, to help new researchers of this domain understand the current research progress of IoT in protected agriculture and to propose more novel and innovative ideas in the future.",identified,duplicate,pending,D01_duplicate_of_RAW211,
RAW231,OpenAlex,Q7,"IoT-Enabled Smart Cities: A Review of Concepts, Frameworks and Key Technologies",2022,Pierfrancesco Bellini; Paolo Nesi; Gianni Pantaleo,Applied Sciences,10.3390/app12031607,https://doi.org/10.3390/app12031607,"In recent years, smart cities have been significantly developed and have greatly expanded their potential. In fact, novel advancements to the Internet of things (IoT) have paved the way for new possibilities, representing a set of key enabling technologies for smart cities and allowing the production and automation of innovative services and advanced applications for the different city stakeholders. This paper presents a review of the research literature on IoT-enabled smart cities, with the aim of highlighting the main trends and open challenges of adopting IoT technologies for the development of sustainable and efficient smart cities. This work first provides a survey on the key technologies proposed in the literature for the implementation of IoT frameworks, and then a review of the main smart city approaches and frameworks, based on classification into eight domains, which extends the traditional six domain classification that is typically adopted in most of the related works.",identified,duplicate,pending,D01_duplicate_of_RAW163,
RAW232,OpenAlex,Q7,Smart Sensors and Smart Data for Precision Agriculture: A Review,2024,Abdellatif Soussi; Enrico Zero; Roberto Sacile; Daniele Trinchero; Marco Fossa,Sensors,10.3390/s24082647,https://doi.org/10.3390/s24082647,"Precision agriculture, driven by the convergence of smart sensors and advanced technologies, has emerged as a transformative force in modern farming practices. The present review synthesizes insights from a multitude of research papers, exploring the dynamic landscape of precision agriculture. The main focus is on the integration of smart sensors, coupled with technologies such as the Internet of Things (IoT), big data analytics, and Artificial Intelligence (AI). This analysis is set in the context of optimizing crop management, using resources wisely, and promoting sustainability in the agricultural sector. This review aims to provide an in-depth understanding of emerging trends and key developments in the field of precision agriculture. By highlighting the benefits of integrating smart sensors and innovative technologies, it aspires to enlighten farming practitioners, researchers, and policymakers on best practices, current challenges, and prospects. It aims to foster a transition towards more sustainable, efficient, and intelligent farming practices while encouraging the continued adoption and adaptation of new technologies.",identified,duplicate,pending,D01_duplicate_of_RAW148,
RAW233,OpenAlex,Q7,"IoT-Enabled Smart Agriculture: Architecture, Applications, and Challenges",2022,Vũ Khánh Quý; Van-Hau Nguyen; Dang Van Anh; Nguyễn Minh Quý; Nguyễn Tiến Ban; Stefania Lanza,Applied Sciences,10.3390/app12073396,https://doi.org/10.3390/app12073396,"The growth of the global population coupled with a decline in natural resources, farmland, and the increase in unpredictable environmental conditions leads to food security is becoming a major concern for all nations worldwide. These problems are motivators that are driving the agricultural industry to transition to smart agriculture with the application of the Internet of Things (IoT) and big data solutions to improve operational efficiency and productivity. The IoT integrates a series of existing state-of-the-art solutions and technologies, such as wireless sensor networks, cognitive radio ad hoc networks, cloud computing, big data, and end-user applications. This study presents a survey of IoT solutions and demonstrates how IoT can be integrated into the smart agriculture sector. To achieve this objective, we discuss the vision of IoT-enabled smart agriculture ecosystems by evaluating their architecture (IoT devices, communication technologies, big data storage, and processing), their applications, and research timeline. In addition, we discuss trends and opportunities of IoT applications for smart agriculture and also indicate the open issues and challenges of IoT application in smart agriculture. We hope that the findings of this study will constitute important guidelines in research and promotion of IoT solutions aiming to improve the productivity and quality of the agriculture sector as well as facilitating the transition towards a future sustainable environment with an agroecological approach.",identified,duplicate,pending,D01_duplicate_of_RAW145,
RAW234,OpenAlex,Q7,"Internet of Things in arable farming: Implementation, applications, challenges and potential",2020,Andrés Villa‐Henriksen; Gareth Edwards; Liisa Pesonen; Ole Green; Claus Aage Grøn Sørensen,Biosystems Engineering,10.1016/j.biosystemseng.2019.12.013,https://doi.org/10.1016/j.biosystemseng.2019.12.013,"The Internet of Things is allowing agriculture, here specifically arable farming, to become data-driven, leading to more timely and cost-effective production and management of farms, and at the same time reducing their environmental impact. This review is addressing an analytical survey of the current and potential application of Internet of Things in arable farming, where spatial data, highly varying environments, task diversity and mobile devices pose unique challenges to be overcome compared to other agricultural systems. The review contributes an overview of the state of the art of technologies deployed. It provides an outline of the current and potential applications, and discusses the challenges and possible solutions and implementations. Lastly, it presents some future directions for the Internet of Things in arable farming. Current issues such as smart phones, intelligent management of Wireless Sensor Networks, middleware platforms, integrated Farm Management Information Systems across the supply chain, or autonomous vehicles and robotics stand out because of their potential to lead arable farming to smart arable farming. During the implementation, different challenges are encountered, and here interoperability is a key major hurdle throughout all the layers in the architecture of an Internet of Things system, which can be addressed by shared standards and protocols. Challenges such as affordability, device power consumption, network latency, Big Data analysis, data privacy and security, among others, have been identified by the articles reviewed and are discussed in detail. Different solutions to all identified challenges are presented addressing technologies such as machine learning, middleware platforms, or intelligent data management.",identified,duplicate,pending,D01_duplicate_of_RAW209,
RAW235,OpenAlex,Q7,Recent Developments of the Internet of Things in Agriculture: A Survey,2020,Vippon Preet Kour; Sakshi Arora,IEEE Access,10.1109/access.2020.3009298,https://doi.org/10.1109/access.2020.3009298,"A rise in the population has immensely increased the pressure on the agriculture sector. With the advent of technology, this decade is witnessing a shift from conventional approaches to the most advanced ones. The Internet of Things (IoT) has transformed both the quality and quantity of the agriculture sector. Hybridization of species along with the real-time monitoring of the farms paved a way for resource optimization. Scientists, research institutions, academicians, and most nations across the globe are moving towards the practice and execution of collaborative projects to explore the horizon of this field for serving mankind. The tech industry is racing to provide more optimal solutions. Inclusion of IoT, along with cloud computing, big data analytics, and wireless sensor networks can provide sufficient scope to predict, process, and analyze the situations and improve the activities in the real-time scenario. The concept of heterogeneity and interoperability of the devices by providing flexible, scalable, and durable methods, models are also opening new domains in this field. Therefore, this paper contributes towards the recent IoT technologies in the agriculture sector, along with the development of hardware and software systems. The public and private sector projects and startup's started all over the globe to provide smart and sustainable solutions in precision agriculture are also discussed. The current scenario, applications, research potential, limitations, and future aspects are briefly discussed. Based on the concepts of IoT a precision farming framework is also proposed in this article.",identified,duplicate,pending,D01_duplicate_of_RAW158,
RAW236,OpenAlex,Q7,A Review of IoT Sensing Applications and Challenges Using RFID and Wireless Sensor Networks,2020,Hugo Landaluce; Laura Arjona; Asier Perallos; Francisco Falcone; Ignacio Angulo; Florian Muralter,Sensors,10.3390/s20092495,https://doi.org/10.3390/s20092495,"Radio frequency identification (RFID) and wireless sensors networks (WSNs) are two fundamental pillars that enable the Internet of Things (IoT). RFID systems are able to identify and track devices, whilst WSNs cooperate to gather and provide information from interconnected sensors. This involves challenges, for example, in transforming RFID systems with identification capabilities into sensing and computational platforms, as well as considering them as architectures of wirelessly connected sensing tags. This, together with the latest advances in WSNs and with the integration of both technologies, has resulted in the opportunity to develop novel IoT applications. This paper presents a review of these two technologies and the obstacles and challenges that need to be overcome. Some of these challenges are the efficiency of the energy harvesting, communication interference, fault tolerance, higher capacities to handling data processing, cost feasibility, and an appropriate integration of these factors. Additionally, two emerging trends in IoT are reviewed: the combination of RFID and WSNs in order to exploit their advantages and complement their limitations, and wearable sensors, which enable new promising IoT applications.",identified,unique,exclude,R02_wrong_document_type_or_domain,
RAW237,OpenAlex,Q7,Survey on Network Slicing for Internet of Things Realization in 5G Networks,2021,Shalitha Wijethilaka; Madhusanka Liyanage,IEEE Communications Surveys & Tutorials,10.1109/comst.2021.3067807,https://doi.org/10.1109/comst.2021.3067807,"Internet of Things (IoT) is an emerging technology that makes people's lives smart by conquering a plethora of diverse application and service areas. In near future, the fifth-generation (5G) wireless networks provide the connectivity for this IoT ecosystem. It has been carefully designed to facilitate the exponential growth in the IoT field. Network slicing is one of the key technologies in the 5G architecture that has the ability to divide the physical network into multiple logical networks (i.e., slices) with different network characteristics. Therefore, network slicing is also a key enabler of realisation of IoT in 5G. Network slicing can satisfy the various networking demands by heterogeneous IoT applications via dedicated slices. In this survey, we present a comprehensive analysis of the exploitation of network slicing in IoT realisation. We discuss network slicing utilisation in different IoT application scenarios, along with the technical challenges that can be solved via network slicing. Furthermore, integration challenges and open research problems related to the network slicing in the IoT realisation are also discussed in this paper. Finally, we discuss the role of other emerging technologies and concepts, such as blockchain and Artificial Intelligence/Machine Learning (AI/ML) in network slicing and IoT integration.",identified,unique,exclude,R02_wrong_document_type_or_domain,
RAW238,OpenAlex,Q7,A Comprehensive Survey on TinyML,2023,Youssef Abadade; Anas Temouden; Hatim Bamoumen; Nabil Benamar; Yousra Chtouki; Abdelhakim Hafid,IEEE Access,10.1109/access.2023.3294111,https://doi.org/10.1109/access.2023.3294111,"Recent spectacular progress in computational technologies has led to an unprecedented boom in the field of Artificial Intelligence (AI). AI is now used in a plethora of research areas and has demonstrated its capability to bring new approaches and solutions to various research problems. However, the extensive computation required to train AI algorithms comes with a cost. Driven by the need to reduce the energy consumption, the carbon footprint and the cost of computers running machine learning algorithms, TinyML is nowadays considered as a promising AI alternative focusing on technologies and applications for extremely low-profile devices. This paper presents the results of a literature survey of all TinyML applications and related research efforts. Our survey builds a taxonomy of TinyML techniques that have been used so far to bring new solutions to various domains, such as healthcare, smart farming, environment, and anomaly detection. Finally, this survey highlights the remaining challenges and points out possible future research directions. We anticipate that this survey will motivate further discussions on the various fields of applications of TinyML and the synergy of resource-constrained devices and edge intelligence.",identified,duplicate,pending,D01_duplicate_of_RAW150,
RAW239,OpenAlex,Q7,A Survey on LoRa for Smart Agriculture: Current Trends and Future Perspectives,2022,Antonino Pagano; Daniele Croce; Ilenia Tinnirello; Gianpaolo Vitale,IEEE Internet of Things Journal,10.1109/jiot.2022.3230505,https://doi.org/10.1109/jiot.2022.3230505,"This article provides a survey on the adoption of LoRa in the agricultural field and reviews state-of-the-art solutions for smart agriculture, analyzing the potential of this technology in different infield applications. In particular, we consider four reference scenarios, namely, irrigation systems, plantation and crop monitoring, tree monitoring, and livestock monitoring, which exhibit heterogeneous requirements in terms of network bandwidth, density, sensors’ complexity, and energy demand, as well as latency in the decision process. We discuss how LoRa-based solutions can work in these scenarios, analyzing their scalability, interoperability, network architecture, and energy efficiency. Finally, we present possible future research directions and point out some open issues which might become the main research trends for the next years.",identified,duplicate,pending,D01_duplicate_of_RAW154,
RAW240,OpenAlex,Q8,Internet of Things Empowered Smart Greenhouse Farming,2020,Rakiba Rayhana; Gaozhi Xiao; Zheng Liu,IEEE Journal of Radio Frequency Identification,10.1109/jrfid.2020.2984391,https://doi.org/10.1109/jrfid.2020.2984391,"The rapid change of climate, population explosion, and reduction of arable lands are calling for new approaches to ensure sustainable agriculture and food supply for the future. Greenhouse agriculture is considered to be a viable alternative and sustainable solution, which can combat the future food crisis by controlling the local environment and growing crops all year round, even in harsh outdoor conditions. However, greenhouse farms persist many challenges for efficient operation and management. The evolving Internet of Things (IoT) technologies, which encompass the smart sensors, devices, network topologies, big data analytics, and intelligent decision is believed to be the solution in addressing the key challenges facing the greenhouse farming, such as greenhouse local climate control, crop growth monitoring, crop harvesting and etc. This paper reviews the current greenhouse cultivation technologies as well as the state-of-the-art of IoT technologies for smart greenhouse farms. The paper also highlights the major challenges that need to be addressed.",identified,unique,exclude,R02_wrong_document_type_or_domain,
RAW241,OpenAlex,Q8,Model Predictive Control of Smart Greenhouses as the Path towards Near Zero Energy Consumption,2020,Chiara Bersani; Ahmed Ouammi; Roberto Sacile; Enrico Zero,Energies,10.3390/en13143647,https://doi.org/10.3390/en13143647,"Modern agriculture represents an economic sector that can mainly benefit from technology innovation according to the principles suggested by Industry 4.0 for smart farming systems. Greenhouse industry is significantly becoming more and more technological and automatized to improve the quality and efficiency of crop production. Smart greenhouses are equipped with forefront IoT- and ICT-based monitoring and control systems. New remote sensors, devices, networking communication, and control strategies can make available real-time information about crop health, soil, temperature, humidity, and other indoor parameters. Energy efficiency plays a key role in this context, as a fundamental path towards sustainability of the production. This paper is a review of the precision and sustainable agriculture approaches focusing on the current advance technological solution to monitor, track, and control greenhouse systems to enhance production in a more sustainable way. Thus, we compared and analyzed traditional versus model predictive control methods with the aim to enhance indoor microclimate condition management under an energy-saving approach. We also reviewed applications of sustainable approaches to reach nearly zero energy consumption, while achieving nearly zero water and pesticide use.",identified,duplicate,pending,D01_duplicate_of_RAW133,
RAW242,OpenAlex,Q8,Intelligent Data Analytics Framework for Precision Farming Using IoT and Regressor Machine Learning Algorithms,2022,Ashay Rokade; Manwinder Singh; Praveen Kumar Malik; Rajesh Singh; Turki Alsuwian,Applied Sciences,10.3390/app12199992,https://doi.org/10.3390/app12199992,"Smart farming with precise greenhouse monitoring in various scenarios is vital for improved agricultural growth management. The Internet of Things (IoT) leads to a modern age in computer networking that is gaining traction. This paper used a regression-based supervised machine learning approach to demonstrate a precise control of sensing parameters, CO2, soil moisture, temperature, humidity, and light intensity, in a smart greenhouse agricultural system. The proposed scheme comprised four main components: cloud, fog, edge, and sensor. It was found that the greenhouse could be remotely operated for the control of CO2, soil moisture, temperature, humidity, and light, resulting in improved management. Overall implementation was remotely monitored via the IoT using Message Query Telemetry Transport (MQTT), and sensor data were analysed for their standard and anomalous behaviours. Then, for practical computation over the cloud layer, an analytics and decision-making system was developed in the fog layer and constructed using supervised machine learning algorithms for precise management using regression modelling methods. The proposed framework improved its presentation and allowed us to properly accomplish the goal of the entire framework.",identified,unique,candidate_core,,
RAW243,OpenAlex,Q8,"Technologies, Protocols, and applications of Internet of Things in greenhouse Farming: A survey of recent advances",2024,Khalid M. Hosny; Walaa M. Elhady; Farid M. Samy,Information Processing in Agriculture,10.1016/j.inpa.2024.04.002,https://doi.org/10.1016/j.inpa.2024.04.002,"Greenhouse farming is considered one of the precision and sustainable forms of smart agriculture. Although greenhouse gases can support off-season crops inside the indoor environment, monitoring, controlling, and managing crop parameters at greenhouse farms more precisely and securely is necessary, even in harsh climate regions. The evolving Internet of Things (IoT) technologies, including smart sensors, devices, network topologies, big data analytics, and intelligent decision-making, are thought to be the solution for automating greenhouse farming parameters like internal atmosphere control, irrigation control, crop growth monitoring, and so on. This paper introduces a comprehensive survey of recent advances in IoT-based greenhouse farming. We summarize the related review articles. The classification of greenhouse farming based on IoT (smart greenhouse, hydroponics greenhouse, and vertical farming) is introduced. Also, we present a detailed architecture for the components of greenhouse agriculture applications based on IoT, including physical devices, communication protocols, and cloud/fog computing technologies. We also present a classification of IoT applications of greenhouse farming, including monitoring, controlling, tracking, and predicting. Furthermore, we present the technical and resource management challenges for optimal greenhouse farming. Moreover, countries already applying IoT in greenhouse farming have been presented. Lastly, future suggestions related to IoT-based greenhouse farming have been introduced.",identified,unique,exclude,R02_wrong_document_type_or_domain,
RAW244,OpenAlex,Q8,Smart Greenhouse Monitoring System Using Internet of Things and Artificial Intelligence,2022,Sultana Jahan Soheli; Nusrat Jahan; Md. Bipul Hossain; Apurba Adhikary; Ashikur Rahman Khan; M. Wahiduzzaman,Wireless Personal Communications,10.1007/s11277-022-09528-x,https://doi.org/10.1007/s11277-022-09528-x,,identified,unique,exclude,R03_no_clear_network_control_component,
RAW245,OpenAlex,Q8,"Intelligent greenhouse monitoring and control scheme: An arrangement of Sensors, Raspberry Pi based Embedded System and IoT platform",2020,Jehangir Arshad,Indian Journal of Science and Technology,10.17485/ijst/v13i27.311,https://doi.org/10.17485/ijst/v13i27.311,"Objectives/ Methods: The conventional farming approaches have been found unable to deliver an appropriate quantity of fertilizer. Similarly, no explicit measure can be established to regulate the climate parameters. In this study, we have developed a prototype comprising a sensor network (SN) based node, Raspberry Pi based embedded system (ES) that is active to monitor the climatic parameters with air temperature, air humidity, soil moisture,air carbon dioxide, and light intensity within a greenhouse environment.Raspberry Pi based ES is integrated with internet-of-things (IoT) analytics, termed as ThingSpeak, and sensor nodes are physically placed in a greenhouse environment to record climate parameter data being forwarded to the gateway. The gateway nodes direct this data to the agriculture professional(s) through a web browser over the internet. Findings: Based on the received data, the ES triggers the intelligent decision-making by implementing appropriate arrangements to regulate climate parameters. For example, the greenhouse climate is controlled through switching ``ON\'\' certain devices i.e., lights, water sprinklers/exhaust fan, and fan. We deliberate that the proposed scheme can be implementable at a bigger scale without any difficulty and it will be much advantageous for an increase in sustainability, productivity, and profitability of a farming system. Novelty: Up to the authors\' best knowledge, it is the first wireless deployment of ThingSpeak analytics for a smart greenhouse environment by using the Raspberry Pi. The main advantages of this intelligent crop monitoring system include uninterrupted mobile monitoring of the greenhouse, improved crop yield and productivity, negligible human interface/dependency. Keywords: Agricultural monitoring; greenhouses; embedded system; sensor networks (SN); IoT",identified,unique,candidate_core,,
RAW246,OpenAlex,Q8,Greenhouse Climate Controller by Using of Internet of Things Technology and Fuzzy Logic,2021,Abdelhakim Sahour; Farouk Boumehrez; Mohamed Benouaret; Azzouz Mokhneche,Instrumentation Mesure Métrologie,10.18280/i2m.200105,https://doi.org/10.18280/i2m.200105,"The Internet of Things (IoT) is a new, ongoing revolution. It often uses wireless sensor network (WSN) technologies because these technologies are among the most important solutions for monitoring and controlling the systems. This article provides a model of a smart greenhouse. In this regard, the main contribution of this paper is an innovative implementation of a micro-climate controlled environment for optimal plant growth, based on loT technology and using a fuzzy logic controller. Using this system, we attempted to optimize the functionality of the system proposed by exploiting an Arduino UNO board for data acquisition and processing. The input variables are analog values captured by ZigBee wireless network sensors that are then processed using fuzzy logic control software with heating and extractor control signals. At the same time, all data were sent to the server through a Wi-Fi internet connection, which permitted remote monitoring and analysis of the data via a web browser with tablets, smartphones, and laptops. Results show that the choice of a fuzzy logic controller could promote a comfortable greenhouse micro-climate. Also, we showed the efficiency of our proposed solution for greenhouse climate remote monitoring anywhere via IoT technology.",identified,unique,candidate_core,,
RAW247,OpenAlex,Q8,"Multi-Sensor Monitoring, Intelligent Control, and Data Processing for Smart Greenhouse Environment Management",2025,Emmanuel Bicamumakuba; Md Nasim Reza; Hongbin Jin; Samsuzzaman Samsuzzaman; Kyu-Ho Lee; Sun‐Ok Chung,Sensors,10.3390/s25196134,https://doi.org/10.3390/s25196134,"Management of smart greenhouses represents a transformative advancement in precision agriculture, enabling sustainable intensification of food production through the integration of multi-sensor networks, intelligent control, and sophisticated data filtering techniques. Unlike conventional greenhouses that rely on manual monitoring, smart greenhouses combine environmental sensors, Internet of Things (IoT) platforms, and artificial intelligence (AI)-driven decision making to optimize microclimates, improve yields, and enhance resource efficiency. This review systematically investigates three key technological pillars, multi-sensor monitoring, intelligent control, and data filtering techniques, for smart greenhouse environment management. A structured literature screening of 114 peer-reviewed studies was conducted across major databases to ensure methodological rigor. The analysis compared sensor technologies such as temperature, humidity, carbon dioxide (CO2), light, and energy to evaluate the control strategies such as IoT-based automation, fuzzy logic, model predictive control, and reinforcement learning, along with filtering methods like time- and frequency-domain, Kalman, AI-based, and hybrid models. Major findings revealed that multi-sensor integration enhanced precision and resilience but faced changes in calibration and interoperability. Intelligent control improved energy and water efficiency yet required robust datasets and computational resources. Advanced filtering strengthens data integrity but raises concerns of scalability and computational cost. The distinct contribution of this review was an integrated synthesis by linking technical performance to implementation feasibility, highlighting pathways towards affordable, scalable, and resilient smart greenhouse systems.",identified,unique,exclude,R02_wrong_document_type_or_domain,
RAW248,OpenAlex,Q8,Design and Manufacture of a Smart Greenhouse with Supervisory Control of Environmental Parameters Using Fuzzy Inference Controller,2020,Y. Alaviyan; Mohammadhossein Aghaseyedabdollah; MH. Sadafi; A. Yazdizade,,10.1109/icspis51611.2020.9349619,https://doi.org/10.1109/icspis51611.2020.9349619,"The Internet of Things (IoT) is an Internet network consisting of a set of objects through which they can communicate with each other. Anything that can collect data, be controlled, or communicate remotely is subject to the definition of objects in this network. New research in the field of IoT and artificial intelligence has been working in the world, including IoT applications in agriculture. The Internet of Things and artificial intelligence can be used to optimize water, energy consumption, more and better production of agricultural products. In this paper, an IoT-based smart greenhouse is designed and implemented with a monitoring controller to check data and prevent plant damage, and a fuzzy controller to intelligently control parameters such as temperature, light, soil moisture, and Greenhouse environment is used. The design created in this paper allows the user to monitor and adjust the greenhouse parameters remotely and via internet.",identified,unique,candidate_core,,
RAW249,OpenAlex,Q8,An Integrated IoT Sensor-Camera System toward Leveraging Edge Computing for Smart Greenhouse Mushroom Cultivation,2024,Hoang Hai Nguyen; Dae-Yun Shin; Woo-Sung Jung; Tae‐Yeol Kim; Dae-Hyun Lee,Agriculture,10.3390/agriculture14030489,https://doi.org/10.3390/agriculture14030489,"Industrial greenhouse mushroom cultivation is currently promising, due to the nutritious and commercial mushroom benefits and its convenience in adapting smart agriculture technologies. Traditional Device-Cloud protocol in smart agriculture wastes network resources when big data from Internet of Things (IoT) devices are directly transmitted to the cloud server without processing, delaying network connection and increasing costs. Edge computing has emerged to bridge these gaps by shifting partial data storage and computation capability from the cloud server to edge devices. However, selecting which tasks can be applied in edge computing depends on user-specific demands, suggesting the necessity to design a suitable Smart Agriculture Information System (SAIS) architecture for single-crop requirements. This study aims to design and implement a cost-saving multilayered SAIS architecture customized for smart greenhouse mushroom cultivation toward leveraging edge computing. A three-layer SAIS adopting the Device-Edge-Cloud protocol, which enables the integration of key environmental parameter data collected from the IoT sensor and RGB images collected from the camera, was tested in this research. Implementation of this designed SAIS architecture with typical examples of mushroom cultivation indicated that low-cost data pre-processing procedures including small-data storage, temporal resampling-based data reduction, and lightweight artificial intelligence (AI)-based data quality control (for anomalous environmental conditions detection) together with real-time AI model deployment (for mushroom detection) are compatible with edge computing. Integrating the Edge Layer as the center of the traditional protocol can significantly save network resources and operational costs by reducing unnecessary data sent from the device to the cloud, while keeping sufficient information.",identified,unique,candidate_core,,
RAW250,OpenAlex,Q8,IoT Based Smart Greenhouse Design with an Intelligent Supervisory Fuzzy Optimized Controller,2021,Mohammadhossein Aghaseyedabdollah; Y. Alaviyan; Alireza Yazdizadeh,,10.1109/icwr51868.2021.9443022,https://doi.org/10.1109/icwr51868.2021.9443022,"Internet of things (IoT) alludes to the network of physical objects that are connected to the internet, to share data and send control commands. It has been used in many plants for different purposes. This paper presents an intelligent supervisory fuzzy controller (ISFC) to control the temperature, soil moisture, and humidity in the smart greenhouse by using IoT. The introduced ISFC checks data and prevents plant damage and also has an alarming system to notify users. Membership functions of the proposed controller are optimized by using the Jaya algorithm. It has been designed to be users friendly so that the user can monitor and change the desired value of the parameters of the greenhouse remotely and also be notified of the occurrence of any event like a fire. Practical results show that greenhouse parameters are successfully controlled by the suggested controller.",identified,unique,candidate_core,,
RAW251,OpenAlex,Q8,Adaptive Deep Learning Model to Enhance Smart Greenhouse Agriculture,2023,Medhat A. Tawfeek; Nacim Yanes; Leila Jamel; Ghadah Aldehim; Mahmood A. Mahmood,"Computers, materials & continua/Computers, materials & continua (Print)",10.32604/cmc.2023.042179,https://doi.org/10.32604/cmc.2023.042179,"The trend towards smart greenhouses stems from various factors, including a lack of agricultural land area owing to population concentration and housing construction on agricultural land, as well as water shortages. This study proposes building a full farming adaptation model that depends on current sensor readings and available datasets from different agricultural research centers. The proposed model uses a one-dimensional convolutional neural network (CNN) deep learning model to control the growth of strategic crops, including cucumber, pepper, tomato, and bean. The proposed model uses the Internet of Things (IoT) to collect data on agricultural operations and then uses this data to control and monitor these operations in real time. This helps to ensure that crops are getting the right amount of fertilizer, water, light, and temperature, which can lead to improved yields and a reduced risk of crop failure. Our dataset is based on data collected from expert farmers, the photovoltaic construction process, agricultural engineers, and research centers. The experimental results showed that the precision, recall, F1-measures, and accuracy of the one-dimensional CNN for the tested dataset were approximately 97.3%, 98.2%, 97.25%, and 97.56%, respectively. The new smart greenhouse automation system was also evaluated on four crops with a high turnover rate. The system has been found to be highly effective in terms of crop productivity, temperature management and water conservation.",identified,unique,candidate_core,,
RAW252,OpenAlex,Q8,Smart Greenhouse Control via NB-IoT,2022,Wen‐Tsai Sung; Ching-Hao Weng; Sung‐Jung Hsiao,Intelligent Automation & Soft Computing,10.32604/iasc.2022.026927,https://doi.org/10.32604/iasc.2022.026927,"The Internet of Things (IoT) has flourished in recent years, which brings convenience to people’s lives, improves the quality of life, allows more effectively managing and maximizing benefits in industry, and improves weather predictions as the impact of global warming has complicated traditional methods to infer the weather. To this end, agriculture has also given more attention to greenhouse cultivation. In the early days of industrial research, Wi-Fi and ZigBee were used as short-or medium-distance communication technologies for transmissions in the network layer of the IoT architecture. Instead of long-distance communication technologies, such as LoRa and NB-IoT, the features of low power consumption and low cost are also more favored by the industry. This article uses the NB-IoT communication module with various sensors to monitor and control a small smart greenhouse, and the data sensed on the network platform is visually presented and recorded. On one hand, the control matches the NB-IoT communication module with the relay module. The fan, LED light, and motor can be controlled by the conditions set on the network platform. Therefore, a smart greenhouse with bidirectional control is realized.",identified,unique,candidate_core,,
RAW253,OpenAlex,Q8,Efficient smart greenhouse modeling for optimal energy consumption and climate conditions Setting,2024,Abderrahmane Kouadria; Kadda Mostefaoui; Mohammad Yahya H. Al-Shamri,Computers and Electronics in Agriculture,10.1016/j.compag.2024.109674,https://doi.org/10.1016/j.compag.2024.109674,,identified,unique,exclude,R03_no_clear_network_control_component,
RAW254,OpenAlex,Q8,A drip irrigation prediction system in a greenhouse based on long short-term memory and connected objects,2023,Mohamed El Ghazouani; Mohamed Azzouazi; M. A. Lamhour,Mathematical Modeling and Computing,10.23939/mmc2023.02.524,https://doi.org/10.23939/mmc2023.02.524,"Smart greenhouses use Internet of Things (IoT) technology to monitor and control various factors that affect plant growth, such as soil humidity, indoor humidity, soil temperature, rain sensor, illumination, and indoor temperature. Sensors and actuators connected to an IoT network can collect data on these factors and use it to automate processes such as watering, heating, and ventilation. This can help optimize growing conditions and improve crop yield. To enable their vegetative growth and development, plants need the right amount of water at the right time. The objective of this work is to strictly control the different factors that affect the growth of greenhouse crops. Therefore, we need a non-linear prediction model to perform greenhouse crop irrigation prediction. During operation, the system receives the input commands via sensors and then predicts the next watering run. The irrigation is predicted using GRU, LSTM, and BLSTM and a comparison was made between the results of the three techniques, and the technique with the best result was selected.",identified,unique,candidate_core,,
RAW255,OpenAlex,Q8,An Autonomous Smart Farming System for Computational Data Analytics using IoT,2022,Ashay Rokade; A D Kadu; Karan Belsare,Journal of Physics Conference Series,10.1088/1742-6596/2327/1/012019,https://doi.org/10.1088/1742-6596/2327/1/012019,"Abstract For improved agricultural growth control, smart farming with precise greenhouses is essential, as is precision agriculture monitoring in a variety of situations. The Internet of Things (IoT) is a new era in computer communication that is gaining pace as a result of its wide variety of project development applications. Individuals may benefit from the IoT through smart and remote ways such as smart agriculture, smart environment, smart security, and smart cities. These are the latest technologies that are making life simpler in today’s world. The IoT has significantly increased remote control and the variety of networked things or devices, which is a fascinating aspect. The hardware and internet connectivity to the real-time application make up the Internet of Things (IoT). The Internet of Things is made up of sensors, actuators, embedded systems, and a network connection. As a result, we’d want to develop an IoT application for smart farms. This paper demonstrated a remote parameter sensing system in smart greenhouse agriculture. The goal is to monitor greenhouse parameters like CO 2 , soil moisture, temperature, humidity, and light, with adjusting actions for greenhouse windows/doors based on crops. In this experimentation, Gerbera and Broccoli is considered. The primary purpose is to adjust greenhouse conditions in line with plant needs in order to increase production and provide organic farming. As a result of the findings, it appears that the greenhouse might be operated remotely for CO 2 , soil moisture, temperature, humidity and light, resulting in improved management. Overall implementation is remotely monitored via IoT using MQTT on Adafruit IO Cloud Platform and sensor data is analyzed for its normal and anomaly behavior.",identified,unique,exclude,R02_wrong_document_type_or_domain,
RAW256,OpenAlex,Q8,Optimizing Resource Efficiency in Smart Greenhouses Through IoT,2024,Subhra Debdas; Shikhar Pandey; Shivam Gupta; Ranjan Kumar Dash; Manik Chand Patnaik; Anusthan Ajay Singh,,10.1109/incet61516.2024.10593254,https://doi.org/10.1109/incet61516.2024.10593254,"In the pursuit of sustainable agriculture, smart greenhouses have emerged as a vital solution, enhancing crop productivity while assuring resource conservation. This research delves into the optimization of resource efficiency in smart greenhouses by leveraging the Internet of Things (IoT). Through a comprehensive review of current technologies and methods, the study identifies key challenges and opportunities within the domain. A novel framework is proposed, integrating IoT sensors and actuators to monitor and control the microclimate, ensuring optimal growth conditions while minimizing resource usage. Data from sensor networks are analyzed to predict resource needs, enabling precision farming practices. The framework emphasizes the use of Machine Learning algorithms to enable predictive analytics for resource allocation, ensuring that water, nutrients, and energy are distributed more efficiently. The potential of Lightweight Resource Allocation (LaRA) algorithms is also explored to maintain the delicate balance between maximizing yield and minimizing environmental impact. Ultimately, this research highlights the transformational potential of IoT in creating green, efficient, and productive agricultural practices within smart greenhouses.",identified,unique,exclude,R02_wrong_document_type_or_domain,
RAW257,OpenAlex,Q8,Smart Nursery with Health Monitoring System Through Integration of IoT and Machine Learning,2020,Rashbir Singh; Prateek Singh; Latika Kharb,,10.1108/978-1-83909-099-820201017,https://doi.org/10.1108/978-1-83909-099-820201017,"Abstract Internet of Things (IoT) and artificial intelligence are two leading technologies that bought revolution to each and every field of humans using in daily life by making everything smarter than ever. IoT leads to a network of things which creates a self-configuring network. Improving farm productivity is essential to meet the rapidly growing demand for food. In this chapter, the authors have introduced a smart greenhouse by integration of two leading technologies in the market (i.e., Machine Learning and IoT). In proposed model, several sensors are used for data collection and managing the environment of greenhouse. The idea is to propose an IoT and Machine Learning based smart nursery that helps in healthy growing and monitoring of the seed. The structure will be a dome-like structure for observation and isolation of an egg with various sensors like pressure, humidity, temperature, light, moisture, conductivity, air quality, etc. to monitor the nursery internal environment and maintain the control and flow of water and other minerals inside the nursery. The nursery will have a solar panel from which it stores the electricity generated from the sun, a small fan to control the flow of air and pressure. A camera will also be equipped inside the nursery that will use computer vision technology to monitor the health of the plant and will be trained on the past data to notify the user if the plant is diseased or need attention.",identified,unique,candidate_core,,
RAW258,OpenAlex,Q8,Survey of Clustering Techniques in Internet of Things Architecture,2020,Veronica Windha Mahyastuty; Hendrawan Hendrawan; Iskandar Iskandar; Mohammad Sigit Arifianto,,10.1109/tssa51342.2020.9310807,https://doi.org/10.1109/tssa51342.2020.9310807,"Today, the Internet of Things (IoT) application have developed rapidly, such as smart home, smart city, smart greenhouse, smart retail, industrial automation, intelligent transportation, etc. These applications use sensor to transmit measurement information result and control instruction over a wireless sensor network. WSN is an intelligent network application system that collects, integrates and transmits data autonomously. The main obstacle in using WSN is the limited power of each sensor. Thus energy inefficiency in all sensor protocol layers needs to be suppressed. One solution to overcome this problem is to use clustering techniques. This paper discusses the results of a survey of clustering techniques in IoT. From this survey, it can be seen that alternative clustering techniques can be used in IoT.",identified,unique,exclude,R02_wrong_document_type_or_domain,
RAW259,OpenAlex,Q8,"Smart Hydroponic Greenhouse (Sensing, Monitoring and Control) Prototype Based on Arduino and IOT",2021,M. Abul-Soud; M. Emam; Sh. M. Mohammed,International Journal of Plant & Soil Science,10.9734/ijpss/2021/v33i430430,https://doi.org/10.9734/ijpss/2021/v33i430430,"Aims: Sensing, monitoring and control the micro-climate measurements and environmental conditions of greenhouse prototype to create a smart hydroponic greenhouse for maximizing the food production as well as minimizing the ecological footprint under the climate change impacts, Coved 19 crisis, and natural resources shortages. Study Design: Factorial with 3 replicates. Place and Duration of Study: Central Laboratory for Agriculture Climate (CLAC), Agriculture Research Center, Egypt during 2020. Methodology: Two systems of hydroponic culture, nutrient film technique (NFT) and deep flow technique (DFT) that cultivated by lettuce plants were established under greenhouse (polycarbonate) prototype (0.8 * 1.2 * 0.6 m) designed with artificial grown light and cooling system. Based on Arduino Mega 2560 that programmed via the Arduino IDE program, different sensors and actuators were used to establishing the smart greenhouse. Internet of things (IoT) via Node MCU ESP 8266 that programmed to transmitted the data every 30 min. to the internet web google platform (Firebase) for presenting the real-time records and hosting the data. Vegetative characteristics; yield parameters and N, P, and K contents of lettuce plants were measured. Results: the smart greenhouse worked according to the programming of Arduino Mega and Node MCU with high efficiency. Google firebase platform displays the real-time records and hosts about 100 thousand different sensor records during the lettuce season. Decreasing the distance between the lettuce and artificial lightning source led to increasing the intensity of light that had a positive impact on lettuce growth but it wasn't sufficient to give a high quality of lettuce yield under the experiment. NFT system gave higher values of average No. of leaves and fresh weight of lettuce plants than DFT system that presented higher plant length. Conclusion: Integrated monitoring and control system and IOT provide a wireless sensors network that offered a high capability of accessing huge data anywhere and anytime. Smart management of nutrient solution (TDS, pH, temperature, and level), without smart control, were not useful enough regarding the rapid solution changes and the need for a high response.",identified,unique,candidate_core,,
RAW260,OpenAlex,Q8,Developing a new IoT network topology for effective Greenhouse Monitoring and Control,2025,Claire Dinn; Roshan Adhikari; Esteve Hassan; Elhadi Shakshuki; Amir Eaman,Procedia Computer Science,10.1016/j.procs.2025.07.183,https://doi.org/10.1016/j.procs.2025.07.183,"Greenhouses provide a controlled environment that supports optimal plant growth by controlling key environmental conditions. However, traditional greenhouse systems face challenges such as real-time data collection and monitoring of accurate environmental parameters. IoT is becoming a critical tool in addressing these concerns and optimizing environmental monitoring in greenhouses. This paper presents an IoT-based Wireless Sensor Network (WSN) for smart greenhouse monitoring. The system is implemented at the K.C. Irving Environmental Science Centre in Wolfville, NS. It integrates Crossbow Iris Motes with sensors for temperature, humidity, and light to collect and transmit real-time environmental data. The system uses a Raspberry Pi as a processing hub to clean and modify data before it is sent to InfluxDB, which acts as a central server for accessing and storing the data. Grafana is used next for data visualization and analytics. Additionally, we discuss the potential for integrating Artificial Intelligence (AI) into the system. This includes predictive analytics to support decision-making and automation, as well as anomaly detection to ensure smooth system operation. Our system addresses key limitations of existing systems by improving scalability and real-time responsiveness. It also lays the groundwork for future project iterations through the integration of expanded sensor networks and AI. This work contributes to the advancement of smart agriculture by using IoT to enable energy-efficient, data-driven greenhouse management that supports plant growth and health.",identified,unique,candidate_core,,
RAW261,OpenAlex,Q8,A Hybrid IoT and Machine Learning Framework for Smart Greenhouse Automation in Sustainable Agriculture,2025,V. Venkataramanan; Mrunalini Pimpale; Vijay Kapure; Pankaj Mishra; Aarya Rokade; Tulsi Bhushan,International Research Journal of Multidisciplinary Technovation,10.54392/irjmt2545,https://doi.org/10.54392/irjmt2545,"Growing demand for green farming has expedited the progress of smart greenhouse technology. This paper presents a smart greenhouse system combining Internet of Things (IoT) platforms with autonomous controls and artificial intelligence (AI) to improve the efficiency of crop production and minimize the utilization of resources. Greenhouse management under traditional technique is usually influenced by ineffective controls and dependency on human intervention, which includes wastage of resources and reduced yields. The newly proposed system provides real-time tracking of climate factors—temperature, humidity, light intensity, and soil moisture—by means of a network of sensors. Irrigation, ventilation, and lighting functions are managed by machine learning (ML) algorithms that predict optimal climatic conditions. The system utilizes cost-effective ESP8266 and ESP32 microcontrollers and MQTT for data transmission at low costs. Experimental validation confirmed a 30% reduction in water consumption and 15% increase in crop yield, and energy efficiency improved to traditional systems. The system is flexible for different scales of greenhouses and types of crops. The results confirmed that the integration of IoT with AI provides a scalable, green solution to green farming and resource management.",identified,unique,candidate_core,,
RAW262,OpenAlex,Q8,IoT-based monitoring and control for optimized plant growth in smart greenhouses using soil and hydroponic systems,2025,Kenza Bouarroudj; Fatima Babaa; Abderrahim Touil,Internet of Things,10.1016/j.iot.2025.101710,https://doi.org/10.1016/j.iot.2025.101710,,identified,unique,candidate_core,,
RAW263,OpenAlex,Q8,Intelligent Greenhouse cultivation empowered in IoT ecosystem,2021,George Princess T; E Poovammal,,10.1109/agers53903.2021.9617304,https://doi.org/10.1109/agers53903.2021.9617304,"The Internet of Things (IOT) is a network of physical objects that are embedded with electronics, software, sensors and network connectivity for collecting and exchanging the data. IOT in agriculture helps in monitoring the soil moistures and temperature, controls the irrigation and usage of water, pesticides and fertilizers. The greenhouse planting hires only the migrant users due to lack of effectiveness in technology and by facing the difficulties in controlling the quality. Thus integrating IOT in greenhouse farming helps in monitoring the pesticides and storage facilities, tracking the required products of farm and also prevents the farmers from illegal logging. It becomes more effective by reducing the cost of production, connecting the greenhouses, stabling and monitoring the livestock. This paper furnishes the comprehensive analysis on smart agriculture and greenhouse farming using the current trends of IoT. It discusses the several distinct types of sensors for monitoring the consumption of power, energy and water. It also aims in assisting the researchers and helps farmers to accumulate the knowledge of the innovative IOT technology in the smart greenhouse cultivation.",identified,unique,candidate_core,,
RAW264,OpenAlex,Q8,Monitoring of Smart Greenhouse Using Internet of Things (IoT),2024,S. Asha Bharathi; Bandlamudi Meghana; S Meghana; M Akshatha; S. Hamsa,Lecture notes in civil engineering,10.1007/978-981-99-9610-0_19,https://doi.org/10.1007/978-981-99-9610-0_19,,identified,unique,candidate_core,,
RAW265,OpenAlex,Q9,LoRaWAN based internet of things (IoT) system for precision irrigation in plasticulture fresh-market tomato,2022,Haozhe Zhang; Long He; Francesco Di Gioia; Daeun Choi; A. Elia; Paul Heinemann,Smart Agricultural Technology,10.1016/j.atech.2022.100053,https://doi.org/10.1016/j.atech.2022.100053,"Precision irrigation with sensors has proven to be effective for water saving in crop production. An Internet of Things (IoT) system is necessary for monitoring real-time data from sensors and automating irrigation systems. Long-range wide-area network (LoRaWAN), a type of low-power wide-area network (LPWAN), is a low-cost and easily implemented IoT system which can be used for precision crop irrigation. In this study, a LoRaWAN based IoT system was developed and evaluated as a precision irrigation tool on fresh-market tomato production in a plasticulture system. Four irrigation scheduling treatments were designed and tested, including irrigation based on crop evapotranspiration (ET), soil matric potential sensors (Watermark 200SS-5) at -60 kPa (MP60) or -40 kPa (MP40), and GesCoN fertigation decision support system (DSS). The treatments were arranged based on a randomized complete block design with four replicates. System feasibility, irrigation water use efficiency (iWUE), and crop yield were evaluated. Throughout the season, the overall water use efficiencies were 22.2, 26.5, 27.9, and 28.4 kg·m−3 for ET, MP60, MP40, and GesCoN, respectively. The results indicated that treatment MP60 and GesCoN had 15.2 and 22.1% higher marketable fruit yield than ET, while, MP40 had 12.5% lower marketable yield compared to ET. Overall, the LoRaWAN-based IoT system performed well in terms of power consumption, communication, sensor reading, and valve control. These results suggested that the IoT system can be implemented for precision and automatic irrigation operations for vegetable and other horticultural crops with enhancing crop's water use efficiency and sustainability.",identified,unique,candidate_core,,
RAW266,OpenAlex,Q9,Development of an IoT-Based Precision Irrigation System for Tomato Production from Indoor Seedling Germination to Outdoor Field Production,2023,Mohammad Hussain Seyar; Tofael Ahamed,Applied Sciences,10.3390/app13095556,https://doi.org/10.3390/app13095556,"Proper irrigation management, especially for tomatoes that are sensitive to water, is the key to ensuring sustainable tomato production. Using a low-cost sensor coupled with IoT technology could help to achieve precise control of the moisture content in the plant root-zone soil and apply water on demand with minimum human intervention. An IoT-based precision irrigation system was developed for growing Momotaro tomato seedlings inside a dark chamber. Four irrigation thresholds, 5%, 8%, 12%, and 15%, and two irrigation systems, surface and subsurface drip irrigation, were compared to assess which threshold and irrigation system referred the ideal tomato seedling growth. As a result, the 12% soil moisture threshold applied through the subsurface drip irrigation system significantly (p &lt; 0.05) increased tomato seedling growth in soil composed of a main blend of peat moss, vermiculite, and perlite. Furthermore, in two repeated experiments, a subsurface drip irrigation system with 0.86 distribution uniformity used 10% less water than the surface drip irrigation system. The produced tomato seedlings were transplanted to open fields for further assessment. A low-power wide area networking Long Range Wide Area Network (LoRaWAN) protocol was developed with remote monitoring and controlling capability for irrigation management. Two irrigation systems, including surface and subsurface drip irrigations, were used to compare which system resulted in higher tomato yields. The results showed that the subsurface drip irrigation system with 0.74 distribution uniformity produced 1243 g/plant, while each plant produced 1061 g in the surface drip irrigation system treatment. The results also indicated that the LoRaWAN-based subsurface drip irrigation system was suitable under outdoor conditions with easy operation and robust controlling capability for tomato production.",identified,unique,candidate_core,,
RAW267,OpenAlex,Q9,&amp;lt;i&amp;gt;Internet of Things (IoT)-based Precision Irrigation with LoRaWAN Technology Applied to High Tunnel Vegetable Production&amp;lt;/i&amp;gt;,2020,Haozhe Zhang; Long He; Francesco Di Gioia; Daeun Choi; Paul Heinemann,"2020 ASABE Annual International Virtual Meeting, July 13-15, 2020",10.13031/aim.202000762,https://doi.org/10.13031/aim.202000762,"<b><sc>Abstract.</sc></b> <b>Precision irrigation with sensor-based decision-making system has proven to be effective for water saving in crop production. Internet of things (IoT) system is necessary for monitoring the real-time data from sensors as well as automatically applying water. LoRaWAN, a new low-power wide-range network technology, is low-cost and easy to be implemented in IoT systems that can be used for precision crop irrigation. In this study, an IoT-based precision drip irrigation system with LoRaWAN technology was developed and evaluated for a vegetable high tunnel production system. Four irrigation management systems were designed and tested, including one based on volumetric soil water content sensors (SWC), two based on soil water potential sensors set to irrigate at different moisture thresholds (SWP#1 -30kPa and SWP#2 -60kPa, respectively) and a simple pre-set timer-based irrigation management system as a reference. Treatments were arranged according to a randomized complete block design with three replications. Sensor data were recorded and uploaded to an IoT platform (AllThingsTalk) for monitoring and irrigation control. Thresholds were determined for each irrigation strategy to start and stop the irrigation. The results indicated that the developed IoT system worked properly for the irrigation task.</b>",identified,unique,candidate_core,,
RAW268,OpenAlex,Q9,Internet of Things (IoT)-Based Precision Irrigation With LoRaWAN Technology Applied to Vegetable Production,2021,Haozhe Zhang; Long He; Francesco Di Gioia; Daeun Choi; Paul Heinemann,"2021 ASABE Annual International Virtual Meeting, July 12-16, 2021",10.13031/aim.202100877,https://doi.org/10.13031/aim.202100877,"<b><sc>Abstract.</sc></b> <b>Precision irrigation with sensors has proven to be effective for water saving in crop production. Internet of things (IoT) system is necessary for monitoring real-time data from sensors and automating irrigation systems. Long-range wide-area network (LoRaWAN) is low-cost and easy to be implemented in IoT systems that can be used for precision crop irrigation. In this study, an IoT-based precision irrigation system with LoRaWAN technology was developed and evaluated as a precision management tool on fresh-market tomato production in an open field. Four irrigation scheduling treatments were designed and tested, including ET (ETc), MP60 (Watermark 200SS-5 soil matric potential sensors, -60 kPa), MP40 (-40 kPa), and GesCoN (decision support system). The treatments were arranged based on a randomized complete block design (RCBD) with four replications. System feasibility, yield, and irrigation water use efficiency (iWUE) were evaluated during the experiment. The results indicated that treatment MP60 and GesCoN had a marketable yield 15.2% and 22.1% higher than ET, respectively. MP40 had a marketable yield 12.5% lower than ET. GesCoN had a significantly higher yield than ET and MP40. However, MP60 did not produce significantly different results from GesCoN and ET but had higher yield than MP40. MP40 received relatively low water via irrigation because of unproper installation and positioning of the soil moisture sensors, which caused a higher incidence of blossom end-rot and thus lower marketable yield. Nevertheless, the LoRaWAN-based IoT system worked well in terms of power consumption, communication, sensors reading and valve control. It can be potentially implemented for precision and automatic irrigation operation in vegetable fields.</b>",identified,unique,candidate_core,,
RAW269,OpenAlex,Q9,"Implementing internet of things (IoT) sensor-based precision irrigation with LoRaWAN technology for enhancing yield, quality, and resource use efficiency of soilless basil",2023,Haozhe Zhang; Long He; Francesco Di Gioia,Acta Horticulturae,10.17660/actahortic.2023.1377.79,https://doi.org/10.17660/actahortic.2023.1377.79,"ISHS XXXI International Horticultural Congress (IHC2022): International Symposium on Innovative Technologies and Production Strategies for Sustainable Controlled Environment Horticulture Implementing internet of things (IoT) sensor-based precision irrigation with LoRaWAN technology for enhancing yield, quality, and resource use efficiency of soilless basil",identified,unique,candidate_core,,
RAW270,OpenAlex,Q9,Smart Water Management Platform: IoT-Based Precision Irrigation for Agriculture,2019,Carlos Kamienski; Juha-Pekka Soininen; Markus Taumberger; Ramide Dantas; Attilio Toscano; Tullio Salmon Cinotti,Sensors,10.3390/s19020276,https://doi.org/10.3390/s19020276,"The smart management of freshwater for precision irrigation in agriculture is essential for increasing crop yield and decreasing costs, while contributing to environmental sustainability. The intense use of technologies offers a means for providing the exact amount of water needed by plants. The Internet of Things (IoT) is the natural choice for smart water management applications, even though the integration of different technologies required for making it work seamlessly in practice is still not fully accomplished. The SWAMP project develops an IoT-based smart water management platform for precision irrigation in agriculture with a hands-on approach based on four pilots in Brazil and Europe. This paper presents the SWAMP architecture, platform, and system deployments that highlight the replicability of the platform, and, as scalability is a major concern for IoT applications, it includes a performance analysis of FIWARE components used in the Platform. Results show that it is able to provide adequate performance for the SWAMP pilots, but requires specially designed configurations and the re-engineering of some components to provide higher scalability using less computational resources.",identified,duplicate,pending,D01_duplicate_of_RAW059,
RAW271,OpenAlex,Q9,A Survey on the Role of IoT in Agriculture for the Implementation of Smart Farming,2019,Muhammad Shoaib Farooq; Shamyla Riaz; Adnan Abid; Kamran Abid; Muhammad Azhar Naeem,IEEE Access,10.1109/access.2019.2949703,https://doi.org/10.1109/access.2019.2949703,"Internet of things (IoT) is a promising technology which provides efficient and reliable solutions towards the modernization of several domains. IoT based solutions are being developed to automatically maintain and monitor agricultural farms with minimal human involvement. The article presents many aspects of technologies involved in the domain of IoT in agriculture. It explains the major components of IoT based smart farming. A rigorous discussion on network technologies used in IoT based agriculture has been presented, that involves network architecture and layers, network topologies used, and protocols. Furthermore, the connection of IoT based agriculture systems with relevant technologies including cloud computing, big data storage and analytics has also been presented. In addition, security issues in IoT agriculture have been highlighted. A list of smart phone based and sensor based applications developed for different aspects of farm management has also been presented. Lastly, the regulations and policies made by several countries to standardize IoT based agriculture have been presented along with few available success stories. In the end, some open research issues and challenges in IoT agriculture field have been presented.",identified,duplicate,pending,D01_duplicate_of_RAW140,
RAW272,OpenAlex,Q9,Energy-Efficient Wireless Sensor Networks for Precision Agriculture: A Review,2017,Haider Mahmood Jawad; Rosdiadee Nordin; Sadik Kamel Gharghan; Aqeel Mahmood Jawad; Mahamod Ismail,Sensors,10.3390/s17081781,https://doi.org/10.3390/s17081781,"Wireless sensor networks (WSNs) can be used in agriculture to provide farmers with a large amount of information. Precision agriculture (PA) is a management strategy that employs information technology to improve quality and production. Utilizing wireless sensor technologies and management tools can lead to a highly effective, green agriculture. Based on PA management, the same routine to a crop regardless of site environments can be avoided. From several perspectives, field management can improve PA, including the provision of adequate nutrients for crops and the wastage of pesticides for the effective control of weeds, pests, and diseases. This review outlines the recent applications of WSNs in agriculture research as well as classifies and compares various wireless communication protocols, the taxonomy of energy-efficient and energy harvesting techniques for WSNs that can be used in agricultural monitoring systems, and comparison between early research works on agriculture-based WSNs. The challenges and limitations of WSNs in the agricultural domain are explored, and several power reduction and agricultural management techniques for long-term monitoring are highlighted. These approaches may also increase the number of opportunities for processing Internet of Things (IoT) data.",identified,duplicate,pending,D01_duplicate_of_RAW143,
RAW273,OpenAlex,Q9,Internet-of-Things (IoT)-Based Smart Agriculture: Toward Making the Fields Talk,2019,Muhammad Ayaz; Mohammad Ammad-Uddin; Zubair Sharif; Ali Mansour; El‐Hadi M. Aggoune,IEEE Access,10.1109/access.2019.2932609,https://doi.org/10.1109/access.2019.2932609,"Despite the perception people may have regarding the agricultural process, the reality is that today's agriculture industry is data-centered, precise, and smarter than ever. The rapid emergence of the Internet-of-Things (IoT) based technologies redesigned almost every industry including “smart agriculture” which moved the industry from statistical to quantitative approaches. Such revolutionary changes are shaking the existing agriculture methods and creating new opportunities along a range of challenges. This article highlights the potential of wireless sensors and IoT in agriculture, as well as the challenges expected to be faced when integrating this technology with the traditional farming practices. IoT devices and communication techniques associated with wireless sensors encountered in agriculture applications are analyzed in detail. What sensors are available for specific agriculture application, like soil preparation, crop status, irrigation, insect and pest detection are listed. How this technology helping the growers throughout the crop stages, from sowing until harvesting, packing and transportation is explained. Furthermore, the use of unmanned aerial vehicles for crop surveillance and other favorable applications such as optimizing crop yield is considered in this article. State-of-the-art IoT-based architectures and platforms used in agriculture are also highlighted wherever suitable. Finally, based on this thorough review, we identify current and future trends of IoT in agriculture and highlight potential research challenges.",identified,duplicate,pending,D01_duplicate_of_RAW182,
RAW274,OpenAlex,Q9,Role of IoT Technology in Agriculture: A Systematic Literature Review,2020,Muhammad Shoaib Farooq; Shamyla Riaz; Adnan Abid; T. Umer; Yousaf Bin Zikria,Electronics,10.3390/electronics9020319,https://doi.org/10.3390/electronics9020319,"The growing demand for food in terms of quality and quantity has increased the need for industrialization and intensification in the agriculture field. Internet of Things (IoT) is a highly promising technology that is offering many innovative solutions to modernize the agriculture sector. Research institutions and scientific groups are continuously working to deliver solutions and products using IoT to address different domains of agriculture. This paper presents a systematic literature review (SLR) by conducting a survey of IoT technologies and their current utilization in different application domains of the agriculture sector. The underlying SLR has been compiled by reviewing research articles published in well-reputed venues between 2006 and 2019. A total of 67 papers were carefully selected through a systematic process and classified accordingly. The primary objective of this systematic study is the collection of all relevant research on IoT agricultural applications, sensors/devices, communication protocols, and network types. Furthermore, it also discusses the main issues and challenges that are being investigated in the field of agriculture. Moreover, an IoT agriculture framework has been presented that contextualizes the representation of a wide range of current solutions in the field of agriculture. Similarly, country policies for IoT-based agriculture have also been presented. Lastly, open issues and challenges have been presented to provide the researchers promising future directions in the domain of IoT agriculture.",identified,duplicate,pending,D01_duplicate_of_RAW144,
RAW275,OpenAlex,Q9,"A Review of Precision Irrigation Water-Saving Technology under Changing Climate for Enhancing Water Use Efficiency, Crop Yield, and Environmental Footprints",2024,Imran Ali Lakhiar; Haofang Yan; Chuan Zhang; Guoqing Wang; Bin He; Beibei Hao,Agriculture,10.3390/agriculture14071141,https://doi.org/10.3390/agriculture14071141,"Water is considered one of the vital natural resources and factors for performing short- and long-term agricultural practices on Earth. Meanwhile, globally, most of the available freshwater resources are utilized for irrigation purposes in agriculture. Currently, many world regions are facing extreme water shortage problems, which can worsen if not managed properly. In the literature, numerous methods and remedies are used to cope with the increasing global water crises. The use of precision irrigation water-saving systems (PISs) for efficient water management under climate change is one of them and is a highly recommended approach by researchers. It can mitigate the adverse effects of changing climate and help enhance water use efficiency, crop yield, and environmental footprints. Thus, the present study aimed to comprehensively examine and review PISs, focusing on their development, implementation, and positive impacts on sustainable water management. In addition, we searched the literature using different online search engines and reviewed and summarized the main results of the previously published papers on PISs. We discussed the traditional irrigation method and its modernization for enhancing water use efficiency, PIS monitoring and controlling, architecture, data sharing communication technologies, the role of artificial intelligence for irrigation water-saving, and the future prospects of the PIS. Based on the brief literature review, the present study concluded that the future of PISs seems bright, driven by the need for efficient irrigation water management systems, technological advancements, and increasing environmental awareness. As the water scarcity problem intensifies due to climate change and population growth, the PIS is poised to play a critical role in optimizing and modernizing water usage, increasing water use efficiency, and reducing environmental footprints, thus ensuring sustainable agriculture development.",identified,duplicate,pending,D01_duplicate_of_RAW149,
RAW276,OpenAlex,Q9,Smart Sensors and Smart Data for Precision Agriculture: A Review,2024,Abdellatif Soussi; Enrico Zero; Roberto Sacile; Daniele Trinchero; Marco Fossa,Sensors,10.3390/s24082647,https://doi.org/10.3390/s24082647,"Precision agriculture, driven by the convergence of smart sensors and advanced technologies, has emerged as a transformative force in modern farming practices. The present review synthesizes insights from a multitude of research papers, exploring the dynamic landscape of precision agriculture. The main focus is on the integration of smart sensors, coupled with technologies such as the Internet of Things (IoT), big data analytics, and Artificial Intelligence (AI). This analysis is set in the context of optimizing crop management, using resources wisely, and promoting sustainability in the agricultural sector. This review aims to provide an in-depth understanding of emerging trends and key developments in the field of precision agriculture. By highlighting the benefits of integrating smart sensors and innovative technologies, it aspires to enlighten farming practitioners, researchers, and policymakers on best practices, current challenges, and prospects. It aims to foster a transition towards more sustainable, efficient, and intelligent farming practices while encouraging the continued adoption and adaptation of new technologies.",identified,duplicate,pending,D01_duplicate_of_RAW148,
RAW277,OpenAlex,Q9,Internet of Things and Wireless Sensor Networks for Smart Agriculture Applications: A Survey,2023,Md. Najmul Mowla; Neazmul Mowla; A. F. M. Shahen Shah; Khaled M. Rabie; Thokozani Shongwe,IEEE Access,10.1109/access.2023.3346299,https://doi.org/10.1109/access.2023.3346299,"The increasing food scarcity necessitates sustainable agriculture achieved through automation to meet the growing demand. Integrating the Internet of Things (IoT) and Wireless Sensor Networks (WSNs) is crucial in enhancing food production across various agricultural domains, encompassing irrigation, soil moisture monitoring, fertilizer optimization and control, early-stage pest and crop disease management, and energy conservation. Wireless application protocols such as ZigBee, WiFi, SigFox, and LoRaWAN are commonly employed to collect real-time data for monitoring purposes. Embracing advanced technology is imperative to ensure efficient annual production. Therefore, this study emphasizes a comprehensive, future-oriented approach, delving into IoT-WSNs, wireless network protocols, and their applications in agriculture since 2019. It thoroughly discusses the overview of IoT and WSNs, encompassing their architectures and summarization of network protocols. Furthermore, the study addresses recent issues and challenges related to IoT-WSNs and proposes mitigation strategies. It provides clear recommendations for the future, emphasizing the integration of advanced technology aiming to contribute to the future development of smart agriculture systems.",identified,duplicate,pending,D01_duplicate_of_RAW151,
RAW278,OpenAlex,Q9,IoT-Based Smart Irrigation Systems: An Overview on the Recent Trends on Sensors and IoT Systems for Irrigation in Precision Agriculture,2020,Laura García; Lorena Parra; Jose M. Jiménez; Jaime Lloret; Pascal Lorenz,Sensors,10.3390/s20041042,https://doi.org/10.3390/s20041042,"Water management is paramount in countries with water scarcity. This also affects agriculture, as a large amount of water is dedicated to that use. The possible consequences of global warming lead to the consideration of creating water adaptation measures to ensure the availability of water for food production and consumption. Thus, studies aimed at saving water usage in the irrigation process have increased over the years. Typical commercial sensors for agriculture irrigation systems are very expensive, making it impossible for smaller farmers to implement this type of system. However, manufacturers are currently offering low-cost sensors that can be connected to nodes to implement affordable systems for irrigation management and agriculture monitoring. Due to the recent advances in IoT and WSN technologies that can be applied in the development of these systems, we present a survey aimed at summarizing the current state of the art regarding smart irrigation systems. We determine the parameters that are monitored in irrigation systems regarding water quantity and quality, soil characteristics and weather conditions. We provide an overview of the most utilized nodes and wireless technologies. Lastly, we will discuss the challenges and the best practices for the implementation of sensor-based irrigation systems.",identified,unique,exclude,R02_wrong_document_type_or_domain,
RAW279,OpenAlex,Q9,AgriFusion: An Architecture for IoT and Emerging Technologies Based on a Precision Agriculture Survey,2021,Ritesh Kumar Singh; Rafael Berkvens; Maarten Weyn,IEEE Access,10.1109/access.2021.3116814,https://doi.org/10.1109/access.2021.3116814,"Precision Agriculture (PA) is a management strategy that utilizes communication and information technology for farm management. It is a key to improve productivity by using the best agricultural practices and optimal usage of resources. Agriculture faces diverse challenges due to soil degradation, climate variation, and increasing costs. To unfold these challenges, PA uses Wireless Sensor Networks(WSNs) and exploits acquisition, communication, and processing of the data as basic enabling technologies to amplify the crop yield. Also, many other multidisciplinary technologies are supporting PA in finding the most novel use cases for PA. The use of Machine Learning (ML) and Artificial Intelligence (AI) has transformed PA at almost every level. The fog/edge paradigm is mitigating many challenges such as network bandwidth and security by bringing computation closer to the deployed network. At the same time, Software Defined Networks (SDN) brings flexibility, big data assists in handling data, and nano-technology plays a crucial part in driving the innovation in PA. This paper delves into ways these technologies are transforming PA in respective tracks, exhibiting the significance of integrating multidisciplinary approaches towards the future of PA. In addition to a comprehensive survey, this paper proposes a multidisciplinary architecture: AgriFusion, for efficient and cost-effective agriculture solutions. A list of industrial solutions for different aspects of farm management and their underlying focused technology have been highlighted. This can help to align research and industrial goals for PA. Furthermore, this paper defines a step approach to describe the performance dichotomy between resource availability and objectives for PA. In addition, solution architecture is proposed for designing Key Performance Indicators (KPI) in PA. In the end, some open research issues in implementing PA and respective future scopes have been presented.",identified,duplicate,pending,D01_duplicate_of_RAW153,
RAW280,OpenAlex,Q9,Current Progress and Future Prospects of Agriculture Technology: Gateway to Sustainable Agriculture,2021,Nawab Khan; Ram L. Ray; Ghulam Raza Sargani; Muhammad Ihtisham; Muhammad Khayyam; Sohaib Ismail,Sustainability,10.3390/su13094883,https://doi.org/10.3390/su13094883,"The agricultural industry is getting more data-centric and requires precise, more advanced data and technologies than before, despite being familiar with agricultural processes. The agriculture industry is being advanced by various information and advanced communication technologies, such as the Internet of Things (IoT). The rapid emergence of these advanced technologies has restructured almost all other industries, as well as advanced agriculture, which has shifted the industry from a statistical approach to a quantitative one. This radical change has shaken existing farming techniques and produced the latest prospects in a series of challenges. This comprehensive review article enlightens the potential of the IoT in the advancement of agriculture and the challenges faced when combining these advanced technologies with conventional agricultural systems. A brief analysis of these advanced technologies with sensors is presented in advanced agricultural applications. Numerous sensors that can be implemented for specific agricultural practices require best management practices (e.g., land preparation, irrigation systems, insect, and disease management). This review includes the integration of all suitable techniques, from sowing to harvesting, packaging, transportation, and advanced technologies available for farmers throughout the cropping system. Besides, this review article highlights the utilization of other tools such as unmanned aerial vehicles (UAVs) for crop monitoring and other beneficiary measures, such as optimizing crop yields. In addition, advanced programs based on the IoT are also discussed. Finally, based on our comprehensive review, we identified advanced prospects regarding the IoT, which are essential tools for sustainable agriculture.",identified,unique,exclude,R02_wrong_document_type_or_domain,
RAW281,OpenAlex,Q9,Recent Developments of the Internet of Things in Agriculture: A Survey,2020,Vippon Preet Kour; Sakshi Arora,IEEE Access,10.1109/access.2020.3009298,https://doi.org/10.1109/access.2020.3009298,"A rise in the population has immensely increased the pressure on the agriculture sector. With the advent of technology, this decade is witnessing a shift from conventional approaches to the most advanced ones. The Internet of Things (IoT) has transformed both the quality and quantity of the agriculture sector. Hybridization of species along with the real-time monitoring of the farms paved a way for resource optimization. Scientists, research institutions, academicians, and most nations across the globe are moving towards the practice and execution of collaborative projects to explore the horizon of this field for serving mankind. The tech industry is racing to provide more optimal solutions. Inclusion of IoT, along with cloud computing, big data analytics, and wireless sensor networks can provide sufficient scope to predict, process, and analyze the situations and improve the activities in the real-time scenario. The concept of heterogeneity and interoperability of the devices by providing flexible, scalable, and durable methods, models are also opening new domains in this field. Therefore, this paper contributes towards the recent IoT technologies in the agriculture sector, along with the development of hardware and software systems. The public and private sector projects and startup's started all over the globe to provide smart and sustainable solutions in precision agriculture are also discussed. The current scenario, applications, research potential, limitations, and future aspects are briefly discussed. Based on the concepts of IoT a precision farming framework is also proposed in this article.",identified,duplicate,pending,D01_duplicate_of_RAW158,
RAW282,OpenAlex,Q9,A Survey on LoRa for Smart Agriculture: Current Trends and Future Perspectives,2022,Antonino Pagano; Daniele Croce; Ilenia Tinnirello; Gianpaolo Vitale,IEEE Internet of Things Journal,10.1109/jiot.2022.3230505,https://doi.org/10.1109/jiot.2022.3230505,"This article provides a survey on the adoption of LoRa in the agricultural field and reviews state-of-the-art solutions for smart agriculture, analyzing the potential of this technology in different infield applications. In particular, we consider four reference scenarios, namely, irrigation systems, plantation and crop monitoring, tree monitoring, and livestock monitoring, which exhibit heterogeneous requirements in terms of network bandwidth, density, sensors’ complexity, and energy demand, as well as latency in the decision process. We discuss how LoRa-based solutions can work in these scenarios, analyzing their scalability, interoperability, network architecture, and energy efficiency. Finally, we present possible future research directions and point out some open issues which might become the main research trends for the next years.",identified,duplicate,pending,D01_duplicate_of_RAW154,
RAW283,OpenAlex,Q9,Artificial Intelligence Technology in the Agricultural Sector: A Systematic Literature Review,2022,Ersin Elbaşı; Nour Mostafa; Zakwan Al-Arnaout; Aymen I. Zreikat; Elda Cina; Greeshma Varghese,IEEE Access,10.1109/access.2022.3232485,https://doi.org/10.1109/access.2022.3232485,"Due to the increasing global population and the growing demand for food worldwide as well as changes in weather conditions and the availability of water, artificial intelligence (AI) such as expert systems, natural language processing, speech recognition, and machine vision have changed not only the quantity but also the quality of work in the agricultural sector. Researchers and scientists are now moving toward the utilization of new IoT technologies in smart farming to help farmers use AI technology in the development of improved seeds, crop protection, and fertilizers. This will improve farmers’ profitability and the overall economy of the country. AI is emerging in three major categories in agriculture, namely soil and crop monitoring, predictive analytics, and agricultural robotics. In this regard, farmers are increasingly adopting the use of sensors and soil sampling to gather data to be used by farm management systems for further investigations and analyses. This article contributes to the field by surveying AI applications in the agricultural sector. It starts with background information on AI, including a discussion of all AI methods utilized in the agricultural industry, such as machine learning, the IoT, expert systems, image processing, and computer vision. A comprehensive literature review is then provided, addressing how researchers have utilized AI applications effectively in data collection using sensors, smart robots, and monitoring systems for crops and irrigation leakage. It is also shown that while utilizing AI applications, quality, productivity, and sustainability are maintained. Finally, we explore the benefits and challenges of AI applications together with a comparison and discussion of several AI methodologies applied in smart farming, such as machine learning, expert systems, and image processing.",identified,unique,exclude,R02_wrong_document_type_or_domain,
RAW284,OpenAlex,Q9,Monitoring Soil and Ambient Parameters in the IoT Precision Agriculture Scenario: An Original Modeling Approach Dedicated to Low-Cost Soil Water Content Sensors,2021,P. Placidi; Renato Morbidelli; Diego Fortunati; Nicola Papini; Francesco Gobbi; A. Scorzoni,Sensors,10.3390/s21155110,https://doi.org/10.3390/s21155110,"A low power wireless sensor network based on LoRaWAN protocol was designed with a focus on the IoT low-cost Precision Agriculture applications, such as greenhouse sensing and actuation. All subsystems used in this research are designed by using commercial components and free or open-source software libraries. The whole system was implemented to demonstrate the feasibility of a modular system built with cheap off-the-shelf components, including sensors. The experimental outputs were collected and stored in a database managed by a virtual machine running in a cloud service. The collected data can be visualized in real time by the user with a graphical interface. The reliability of the whole system was proven during a continued experiment with two natural soils, Loamy Sand and Silty Loam. Regarding soil parameters, the system performance has been compared with that of a reference sensor from Sentek. Measurements highlighted a good agreement for the temperature within the supposed accuracy of the adopted sensors and a non-constant sensitivity for the low-cost volumetric water contents (VWC) sensor. Finally, for the low-cost VWC sensor we implemented a novel procedure to optimize the parameters of the non-linear fitting equation correlating its analog voltage output with the reference VWC.",identified,unique,candidate_core,,
RAW285,OpenAlex,Q9,The IoT and AI in Agriculture: The Time Is Now—A Systematic Review of Smart Sensing Technologies,2025,Tymoteusz Miller; Grzegorz Mikiciuk; Irmina Durlik; Małgorzata Mikiciuk; Adrianna Łobodzińska; M. Śnieg,Sensors,10.3390/s25123583,https://doi.org/10.3390/s25123583,"The integration of the Internet of Things (IoT) and artificial intelligence (AI) has reshaped modern agriculture by enabling precision farming, real-time monitoring, and data-driven decision-making. This systematic review, conducted in accordance with the PRISMA methodology, provides a comprehensive overview of recent advancements in smart sensing technologies for arable crops and grasslands. We analyzed the peer-reviewed literature published between 2020 and 2024, focusing on the adoption of IoT-based sensor networks and AI-driven analytics across various agricultural applications. The findings reveal a significant increase in research output, particularly in the use of optical, acoustic, electromagnetic, and soil sensors, alongside machine learning models such as SVMs, CNNs, and random forests for optimizing irrigation, fertilization, and pest management strategies. However, this review also identifies critical challenges, including high infrastructure costs, limited interoperability, connectivity constraints in rural areas, and ethical concerns regarding transparency and data privacy. To address these barriers, recent innovations have emphasized the potential of Edge AI for local inference, blockchain systems for decentralized data governance, and autonomous platforms for field-level automation. Moreover, policy interventions are needed to ensure fair data ownership, cybersecurity, and equitable access to smart farming tools, especially in developing regions. This review is the first to systematically examine AI-integrated sensing technologies with an exclusive focus on arable crops and grasslands, offering an in-depth synthesis of both technological progress and real-world implementation gaps.",identified,unique,exclude,R02_wrong_document_type_or_domain,
RAW286,OpenAlex,Q9,Applying IoT Sensors and Big Data to Improve Precision Crop Production: A Review,2023,Tarek Alahmad; Miklós Neményi; Anikó Nyéki,Agronomy,10.3390/agronomy13102603,https://doi.org/10.3390/agronomy13102603,"The potential benefits of applying information and communication technology (ICT) in precision agriculture to enhance sustainable agricultural growth were discussed in this review article. The current technologies, such as the Internet of Things (IoT) and artificial intelligence (AI), as well as their applications, must be integrated into the agricultural sector to ensure long-term agricultural productivity. These technologies have the potential to improve global food security by reducing crop output gaps, decreasing food waste, and minimizing resource use inefficiencies. The importance of collecting and analyzing big data from multiple sources, particularly in situ and on-the-go sensors, is also highlighted as an important component of achieving predictive decision making capabilities in precision agriculture and forecasting yields using advanced yield prediction models developed through machine learning. Finally, we cover the replacement of wired-based, complicated systems in infield monitoring with wireless sensor networks (WSN), particularly in the agricultural sector, and emphasize the necessity of knowing the radio frequency (RF) contributing aspects that influence signal intensity, interference, system model, bandwidth, and transmission range when creating a successful Agricultural Internet of Thing Ag-IoT system. The relevance of communication protocols and interfaces for presenting agricultural data acquired from sensors in various formats is also emphasized in the paper, as is the function of 4G, 3G, and 5G technologies in IoT-based smart farming. Overall, these research sheds light on the significance of wireless sensor networks and big data in the future of precision crop production",identified,duplicate,pending,D01_duplicate_of_RAW162,
RAW287,OpenAlex,Q9,Application of digital technologies for ensuring agricultural productivity,2023,Rambod Abiri; Nastaran Rizan; Siva K. Balasundram; Arash Bayat Shahbazi; Hazandy Abdul Hamid,Heliyon,10.1016/j.heliyon.2023.e22601,https://doi.org/10.1016/j.heliyon.2023.e22601,"Over the decades, agri-food security has become one of the most critical concerns in the world. Sustainable agri-food production technologies have been reliable in mitigating poverty caused by high demands for food. Recently, the applications of agri-food system technologies have been meaningfully changing the worldwide scene due to both external strengths and internal forces. Digital agriculture (DA) is a pioneering technology helping to meet the growing global demand for sustainable food production. Integrating different sub-branches of DA technologies such as artificial intelligence, automation and robotics, sensors, Internet of Things (IoT) and data analytics into agriculture practices to reduce waste, optimize farming inputs and enhance crop production. This can help shift from tedious operations to continuously automated processes, resulting in increasing agricultural production by enabling the traceability of products and processes. The application of DA provides agri-food producers with accurate and real-time observations regarding different features influencing their productivity, such as plant health, soil quality, weather conditions, and pest and disease pressure. Analyzing the results achieved by DA can help agricultural producers and scholars make better decisions to increase yields, improve efficiency, reduce costs, and manage resources. The core focus of the current work is to clarify the benefits of some sub-branches of DA in increasing agricultural production efficiency, discuss the challenges of practical DA in the field, and highlight the future perspectives of DA. This review paper can open new directions to speed up the DA application on the farm and link traditional agriculture with modern farming technologies.",identified,unique,exclude,R02_wrong_document_type_or_domain,
RAW288,OpenAlex,Q9,Evaluation of Machine Learning Approaches for Precision Farming in Smart Agriculture System: A Comprehensive Review,2024,Ghulam Mohyuddin; Muhammad Adnan Khan; Abdul Haseeb; Shahzadi Mahpara; Muhammad Waseem; Ahmed Mohammed Saleh,IEEE Access,10.1109/access.2024.3390581,https://doi.org/10.1109/access.2024.3390581,"In the era of digital data proliferation, agriculture stands on the cusp of a transformative revolution driven by Machine Learning (ML). This study delves into the intricate interplay between Information and Communications Technology (ICT) and conventional agriculture, emphasizing the role of ML in reshaping farming practices. With the ongoing data tsunami impacting data-driven businesses, the fusion of smart farming and precision agriculture emerges as a beacon of innovation. ML algorithms, analyzing historical and real-time environmental data, soil conditioning, predicts suitable crop for maximum yields, detect diseases, and optimize irrigation in smart farming, facilitating informed decision-making. Precision agriculture benefits from autonomous vehicles and drones, driven by ML, ensuring precision in planting, harvesting, and crop monitoring. Resource efficiency increases as ML optimizes energy consumption, manages fertilizer application, and promotes climate-resilient practices. This comprehensive assessment underscores ML’s pivotal role in maximizing productivity, minimizing environmental impact, and navigating the complexities of modern agriculture.",identified,duplicate,pending,D01_duplicate_of_RAW132,
RAW289,OpenAlex,Q9,"Integration of smart sensors and IOT in precision agriculture: trends, challenges and future prospectives",2025,Sheikh Mansoor; Shahzad Iqbal; Simona Mariana Popescu; Song Lim Kim; Yong Suk Chung; Jeongho Baek,Frontiers in Plant Science,10.3389/fpls.2025.1587869,https://doi.org/10.3389/fpls.2025.1587869,"Traditional farming methods, effective for generations, struggle to meet rising global food demands due to limitations in productivity, efficiency, and sustainability amid climate change and resource scarcity. Precision agriculture presents a viable solution by optimizing resource use, enhancing efficiency, and fostering sustainable practices through data-driven decision-making supported by advanced sensors and Internet of Things (IoT) technologies. This review examines various smart sensors used in precision agriculture, including soil sensors for moisture, pH, and plant stress sensors etc. These sensors deliver real-time data that enables informed decision-making, facilitating targeted interventions like optimized irrigation, fertilization, and pest management. Additionally, the review highlights the transformative role of IoT in precision agriculture. The integration of sensor networks with IoT platforms allows for remote monitoring, data analysis via artificial intelligence (AI) and machine learning (ML), and automated control systems, enabling predictive analytics to address challenges such as disease outbreaks and yield forecasting. However, while precision agriculture offers significant benefits, it faces challenges including high initial investment costs, complexities in data management, needs for technical expertise, data security and privacy concerns, and issues with connectivity in remote agricultural areas. Addressing these technological and economic challenges is essential for maximizing the potential of precision agriculture in enhancing global food security and sustainability. Therefore, in this review we explore the latest trends, challenges, and opportunities associated with IoT enabled smart sensors in precision agriculture.",identified,duplicate,pending,D01_duplicate_of_RAW128,
RAW290,OpenAlex,Q10,Smart Irrigation Technologies and Prospects for Enhancing Water Use Efficiency for Sustainable Agriculture,2025,Awais Ali; Tajamul Hussain; Azlan Zahid,AgriEngineering,10.3390/agriengineering7040106,https://doi.org/10.3390/agriengineering7040106,"Rapid population growth, rising food demand, and climate change have created significant challenges to meet the water demands for agriculture. Effective irrigation water management is essential to address the world’s water crisis. The transition from conventional, frequently ineffective gravity-driven irrigations to contemporary, pressure-driven precision irrigation methods are explored in this article, addressing the difficulties associated with water-intensive irrigation, the possibility of updating conventional techniques, and the developments in smart and precision irrigation technologies. This study comprehensively analyses published literature of 150 articles from the year 2005 to 2024, based on titles, abstract, and conclusions that contain keywords such as precision irrigation scheduling, water-saving technologies, and smart irrigation systems, in addition to providing potential solutions to achieve sustainable development goals and smart agricultural production systems. Moreover, it explores the fundamentals and processes of smart irrigation, such as open- and closed-loop control, precision monitoring and control systems, and smart monitoring methods based on soil data, plant water status, weather data, remote sensing, and participatory irrigation management. Likewise, to emphasize the potential of these technologies for a more sustainable agricultural future, several smart techniques, including IoT, wireless sensor networks, deep learning, and fuzzy logic, and their effects on crop performance and water conservation across various crops are discussed. The review concludes by summarizing the limitations and challenges of implementing precision irrigation systems and AI in agriculture along with highlighting the relationship of adopting precision irrigation and ultimately achieving various sustainable development goals (SDGs).",identified,unique,exclude,R02_wrong_document_type_or_domain,
RAW291,OpenAlex,Q10,A Fuzzy-Logic-Based Smart Irrigation Controller for Precision Agriculture,2024,Moomal Bukhari; Syed Owais Athar; M. Habib Ullah; Muhammad Naveed Aman,IEEE Internet of Things Journal,10.1109/jiot.2024.3440200,https://doi.org/10.1109/jiot.2024.3440200,"Precision irrigation utilizing sensors and IoT devices was introduced for efficient utilization of natural water resources in the agriculture sector. Most existing precision irrigation techniques are computationally complex. To solve this issue, a precision irrigation controller using a fuzzy inference system (FIS) is proposed. The proposed FIS uses the deviation from the reference soil moisture and the crop coefficient as inputs. Then, the optimal incremental control of irrigation volume is computed using a 28-rules rule base. While discrete linear quadratic regulator (DLQR) is considered one of the most accurate techniques in the control of closed-loop systems, it is computationally expensive and not feasible for real-time control using the IoT. On the other hand, proportional-integral (PI) controllers are computationally lightweight but struggle to achieve higher accuracy. Simulations using actual data in MATLAB show that the proposed fuzzy-based model predictive control (MPC) controller not only closely follows the behavior of DLQR but it does so with significantly lower computational complexity of <inline-formula xmlns:mml=""http://www.w3.org/1998/Math/MathML"" xmlns:xlink=""http://www.w3.org/1999/xlink""> <tex-math notation=""LaTeX"">$(O(r^{k}))$ </tex-math></inline-formula>, approximately the same as a PI-based controller. The proposed fuzzy-based MPC controller is implemented on real hardware for validation and testing using an IoT device. The IoT device not only exhibits similar behavior as the simulations, an improvement of up to 37% in execution time as compared to the state-of-the-art existing techniques is observed. The proposed technique is a step forward to the development of a simple and fast irrigation controller that will enable better scalability and application to a wide range of agricultural environments.",identified,unique,candidate_core,,
RAW292,OpenAlex,Q10,Controlling irrigation in a container nursery using IoT,2018,Joe Mari Maja; James A. Robbins,AIMS Agriculture and Food,10.3934/agrfood.2018.3.205,https://doi.org/10.3934/agrfood.2018.3.205,"The demand for water has increased while the supply has been stagnant. This may be attributed to population growth, land-use dynamics and climatic factors. The availability of a sustainable source of water for food production is forecast as a critical issue facing agriculture. The recent EPA Strategic Plan emphasized the need to ensure waters are clean through improved water infrastructure and sustainably manage programs to support the different uses of water. This plan though broad dictates the need to develop new technologies that can help optimize the use of water via sensor-based irrigation. The goal of this project was to design a prototype irrigation controller using the internet of things (IoT). The controller is a closed-loop design which uses the soil moisture data to turn on and off the irrigation system based on specified thresholds. The data and control was hosted in an online IoT platform. The IoT platform provides real-time monitoring and control via a simplified online Graphical User Interface (GUI). The system was developed at the Sensor and Automation Lab of Edisto-REC, Clemson University and then field tested at McCorkle Nurseries in Dearing, GA during summer 2017. During the four month field test a number of challenges were identified including signal transmission and hardwire connections although overall, the prototype achieved the six objectives established for the system.",identified,unique,candidate_core,,
RAW293,OpenAlex,Q10,Digital twin-enabled intelligent irrigation-drainage system for precision water-salt management in saline agroecosystems,2025,Mengting Qin; Chuansong Zhang; Guorong Ma; Yongcheng Ma; Feng Xiong; Peijie Li,Agricultural Water Management,10.1016/j.agwat.2025.109957,https://doi.org/10.1016/j.agwat.2025.109957,"Soil salinization and freshwater scarcity are widely recognized as persistent constraints on sustainable agricultural intensification, especially in arid and semi-arid regions. This study presents a targeted approach by developing an integrated intelligent irrigation-drainage platform that combines Internet of Things (IoT)-based multi-layer environmental sensing, Long Short-Term Memory (LSTM) deep learning for predictive modeling, and digital twin-assisted management. A closed-loop irrigation-drainage infrastructure was concurrently implemented, incorporating multi-source water reuse pipelines, subsurface drainage networks, and photovoltaic-powered units for brackish water purification. Field deployment in saline-affected agricultural plots in northwestern China enabled high-frequency monitoring of soil moisture, temperature, and salinity dynamics under complex soil stratification conditions. The Long Short-Term Memory (LSTM) model demonstrated high predictive accuracy (R² = 0.97 for soil electrical conductivity and R² = 0.92 for water content), while feature importance analysis identified soil moisture, temperature, and groundwater depth were the dominant factors driving water-salt interactions. Coordinated irrigation and drainage scheduling significantly reduced soil salinity across permeable soil profiles, while closed-loop water reuse strategies enhanced water-use efficiency without increasing salinity risks. This study highlights the potential of intelligent irrigation-drainage systems integrating real-time monitoring, predictive modeling, and closed-loop water reuse to enhance salt leaching efficiency, optimize water utilization, and stabilize crop production across heterogeneous saline agroecosystems. • A digital twin-based irrigation-drainage system was developed for saline farmlands. • Real-time monitoring and Long Short-Term Memory (LSTM) prediction enabled adaptive water-salt control. • A closed-loop reuse system improved leaching efficiency and reduced salinity. • Field experiments demonstrated significant salt reduction across soil profiles.",identified,unique,candidate_core,,
RAW294,OpenAlex,Q10,"Creation of Parcelas 5.0 using the 5S framework (social, sustainable, smart, sensing and safe) to improve traditional farming in Mexico",2025,Arturo Molina; Amanda Lopez; E. Martínez; Ana Lidia Barcenas Cortés; Pedro Ponce,International Journal of Sustainable Engineering,10.1080/19397038.2025.2471306,https://doi.org/10.1080/19397038.2025.2471306,"This paper presents a comprehensive solution for Parcelas 5.0, designed to enhance sustainable agriculture in Mexico by utilising photovoltaic energy, rainwater capture, precision agriculture, and vertical farming using the 5S framework – Social, Sustainable, Sensing, Smart, and Safe and exponential technologies (nanotechnology, biotechnology, information technology, cogno technology). The proposed novel reference model, a Solar-Powered Vertical Farming Hub, is a modular and scalable system that integrates renewable energy and resource-efficient farming technologies to optimise productivity and environmental sustainability on small parcels of land, known as ‘parcelas’. Photovoltaic panels provide off-grid energy, powering LED grow lights, climate control, and IoT sensors, while rainwater capture systems support a closed-loop irrigation system for water efficiency. Precision agriculture technologies, including IoT-connected sensors and data analytics, enable real-time monitoring of crop health and environmental conditions, optimising resource use and reducing waste. Socially, this solution empowers local communities by providing access to training, creating jobs, and enhancing food security through localised food production. The system is inherently sustainable, utilising renewable resources and minimising chemical inputs, while smart technologies and sensing capabilities are enhanced. Three cases (Portable Micro-Greenhouse, Pilot Greenhouse and Parcelas 5.0) to grow Cherry Tomatoes are described to explain the technology development evolution towards Parcelas 5.0.",identified,unique,candidate_core,,
RAW295,OpenAlex,Q10,Machine Learning Applications for Precision Agriculture: A Comprehensive Review,2020,Abhinav Sharma; Arpit Jain; Prateek Gupta; Vinay Chowdary,IEEE Access,10.1109/access.2020.3048415,https://doi.org/10.1109/access.2020.3048415,"Agriculture plays a vital role in the economic growth of any country. With the increase of population, frequent changes in climatic conditions and limited resources, it becomes a challenging task to fulfil the food requirement of the present population. Precision agriculture also known as smart farming have emerged as an innovative tool to address current challenges in agricultural sustainability. The mechanism that drives this cutting edge technology is machine learning (ML). It gives the machine ability to learn without being explicitly programmed. ML together with IoT (Internet of Things) enabled farm machinery are key components of the next agriculture revolution. In this article, authors present a systematic review of ML applications in the field of agriculture. The areas that are focused are prediction of soil parameters such as organic carbon and moisture content, crop yield prediction, disease and weed detection in crops and species detection. ML with computer vision are reviewed for the classification of a different set of crop images in order to monitor the crop quality and yield assessment. This approach can be integrated for enhanced livestock production by predicting fertility patterns, diagnosing eating disorders, cattle behaviour based on ML models using data collected by collar sensors, etc. Intelligent irrigation which includes drip irrigation and intelligent harvesting techniques are also reviewed that reduces human labour to a great extent. This article demonstrates how knowledge-based agriculture can improve the sustainable productivity and quality of the product.",identified,duplicate,pending,D01_duplicate_of_RAW185,
RAW296,OpenAlex,Q10,Design of an Efficient Automated Closed-Loop Irrigation System for Stable Remote Access to Field Conditions,2019,A. Jabeena; Tarandeep Singh; M. Jasmin,International Journal of Engineering and Advanced Technology,10.35940/ijeat.f8366.088619,https://doi.org/10.35940/ijeat.f8366.088619,"Many major metro cities face a water crisis today. It has been predicted that Bangalore will become unlivable by 2020. Proficient water administration is a noteworthy worry in many agricultural sites in these parched zones. As engineers, it our duty to help avert this crisis. Automated closed loop irrigation systems offer a potential answer in order to help site-specific water system administration which will enable producers to increase their profitability while also sparing water. This project puts forward a humble design of an automated irrigation system controlled via closed-loop operation, employing a host of sensors to attain data to check against the predetermined threshold values. The collected data should be available to the agriculturalist at all times to maximize efficiency of the agricultural process. The Internet of Things (IOT) is one of the technological advancements which can provide a remote viewing ability to the system by giving the user a platform to analyze this data. With more development in the field of IOT expected in the coming years, these systems can be made more efficient, much faster and cost lesser.",identified,unique,candidate_core,,
RAW297,OpenAlex,Q10,From Smart Farming towards Agriculture 5.0: A Review on Crop Data Management,2020,Verónica Sáiz-Rubio; Francisco Rovira-Más,Agronomy,10.3390/agronomy10020207,https://doi.org/10.3390/agronomy10020207,"The information that crops offer is turned into profitable decisions only when efficiently managed. Current advances in data management are making Smart Farming grow exponentially as data have become the key element in modern agriculture to help producers with critical decision-making. Valuable advantages appear with objective information acquired through sensors with the aim of maximizing productivity and sustainability. This kind of data-based managed farms rely on data that can increase efficiency by avoiding the misuse of resources and the pollution of the environment. Data-driven agriculture, with the help of robotic solutions incorporating artificial intelligent techniques, sets the grounds for the sustainable agriculture of the future. This paper reviews the current status of advanced farm management systems by revisiting each crucial step, from data acquisition in crop fields to variable rate applications, so that growers can make optimized decisions to save money while protecting the environment and transforming how food will be produced to sustainably match the forthcoming population growth.",identified,unique,exclude,R02_wrong_document_type_or_domain,
RAW298,OpenAlex,Q10,"Digital Twin: Values, Challenges and Enablers From a Modeling Perspective",2020,Adil Rasheed; Omer San; Trond Kvamsdal,IEEE Access,10.1109/access.2020.2970143,https://doi.org/10.1109/access.2020.2970143,"Digital twin can be defined as a virtual representation of a physical asset enabled through data and simulators for real-time prediction, optimization, monitoring, controlling, and improved decision making. Recent advances in computational pipelines, multiphysics solvers, artificial intelligence, big data cybernetics, data processing and management tools bring the promise of digital twins and their impact on society closer to reality. Digital twinning is now an important and emerging trend in many applications. Also referred to as a computational megamodel, device shadow, mirrored system, avatar or a synchronized virtual prototype, there can be no doubt that a digital twin plays a transformative role not only in how we design and operate cyber-physical intelligent systems, but also in how we advance the modularity of multi-disciplinary systems to tackle fundamental barriers not addressed by the current, evolutionary modeling practices. In this work, we review the recent status of methodologies and techniques related to the construction of digital twins mostly from a modeling perspective. Our aim is to provide a detailed coverage of the current challenges and enabling technologies along with recommendations and reflections for various stakeholders.",identified,duplicate,pending,D01_duplicate_of_RAW156,
RAW299,OpenAlex,Q10,Automated Irrigation and Fertigation System Applying Sensing Technology,2021,Universiti Tun Hussein Onn Malaysia; Mahyuzie Jenal; Hakimi Zikri Nasirin; Universiti Tun Hussein Onn Malaysia; Nur Aida Nabilah Mohd Razali Kamaruddin; Universiti Tun Hussein Onn Malaysia,Journal of Electronic Voltage and Application,10.30880/jeva.2021.02.02.009,https://doi.org/10.30880/jeva.2021.02.02.009,"Internet of Things (IoT) is the most discussed topic nowadays and it finds many applications in various industries. The development of efficient agricultural systems has become essential to address the challenges of feeding the enormous and ever-increasing population around the globe. One way of dealing with this is to expand agricultural production standard and quantity. An integrated IoT system with irrigation and finishing on the market was missing. To increase production efficiency, farmers shall collect massive data from various devices. The system's effectiveness depends on the performance of the sensor under various climate changes. The network and a closed-loop feedback system need to be connected to the system for maximum operational capacity. The module of the Soil Moisture Sensor and the MCU ESP8266 V2 MCU Node, the float switch and the 5V Optocoupler relay module are used in this project. The remote control of the system is a mobile application. If the moisture level in the soil reaches the desired value, it will stop water supply. The project could be expended on a larger scale in the future and the system may also be developed with solar energy rather than batteries.",identified,unique,candidate_core,,
RAW300,OpenAlex,Q10,Reinforcement Learning based Decentralized Approach for Precision Agriculture and Environment Monitoring,2025,V Nivi; Senthil G. A; S Geerthik; Venu Aravind M; Sashi Tarun,,10.1109/icaiss61471.2025.11042035,https://doi.org/10.1109/icaiss61471.2025.11042035,"Environmental sensing and precision agriculture are critical to maximizing agricultural production and minimizing environmental footprint. Conventional centralized systems suffer from limitations in scalability, energy use, and adaption to a changing environment. This paper presents a decentralized multi-agent reinforcement learning (MARL) architecture combined with an Automatic Water Sprinkle and Monitoring System utilizing Internet of Things (IoT) technology, real-time analytics, and precision agriculture techniques. In the MARL framework, agents are dispatched across field zones, allowing them to autonomously control the use of resources (e.g., irrigation, fertilizer, and pest control) and to learn the most effective strategy to improve the crop yield and health. IoT-based sensors measure soil water content, temperature, relative humidity and nutrient status in co-operation with weather forecasts to enable adaptive allocation of resources. The decentralized architecture of the system has the capability of real time, closed-loop, decision level, scalability as well as decoupling from hierarchical, centralized control. Communicating between agents enables effective coordination, resource use optimization and lower operational costs. One of the system's important Ness is the solar powered system, this allows the system to be sustainable in rural and resource-scarce regions. IoT-based automation facilitates in-line data analysis and precision irrigation scheduling and control of resources. Experimental evidence reveals an average 28% reduction in water consumption, 18% reduction in fertilizer application, and 16% crop yield improvement, with a smaller footprint on the environment. The agent de-centralized architecture improves scalability, robustness against agent crashes, and flexibility for mobile agriculture. Through the integration of distributed Reinforcement Learning (RL), IoT, and renewable energy, this system provides an environmentally friendly and sustainably as well efficient solution for overcoming the problems of current agricultural practices and environmental management.",identified,unique,candidate_core,,
RAW301,OpenAlex,Q10,IoT and Inception V3 for Precision Rice Disease Detection,2025,A. Sriram; B. Ramasubramanian; G. Parameswaran; M. Krishnarani; E. Raja; S. Sundaresan,,10.1109/cmss66566.2025.11182534,https://doi.org/10.1109/cmss66566.2025.11182534,"This paper shows how to use artificial intelligence and the Internet of Things (IoT) together to make an integrated smart farming framework that helps with precision agriculture in rice farming. The suggested system has a rice disease detection module that uses deep learning and the Inception V3 convolutional neural network (CNN). It also has a proximity-based irrigation control system that uses real-time soil data to turn on. We first trained the disease detection model with 3,000 real-field rice leaf images. Then, this method improved it with images from public datasets like PlantVillage, Mendeley, and Kaggle, which made it better at generalising across different conditions. The model had an F1 score of 98.06%, an accuracy of 98.12%, a precision of 98.93%, and a recall of 98.35%. Sensor nodes are used to continuously check the temperature, humidity, and moisture levels in the soil. These outputs are then combined into a low-cost IoT subsystem. An ultrasonic proximity sensor controls the irrigation system, which turns on when the soil moisture drops below 35%. This makes sure that the water is used efficiently. When used in the field, it showed a 22.4% increase in irrigation efficiency and an 18.7% increase in crop yield compared to traditional methods. The system is made to work well on small computers like the Raspberry Pi, making it a scalable and cost-effective solution for real-world farming. This study creates a new closed-loop crop monitoring system that connects AI diagnostics with sensor-driven actuation to make farming more sustainable.",identified,unique,candidate_core,,
RAW302,OpenAlex,Q10,"A Review of Precision Irrigation Water-Saving Technology under Changing Climate for Enhancing Water Use Efficiency, Crop Yield, and Environmental Footprints",2024,Imran Ali Lakhiar; Haofang Yan; Chuan Zhang; Guoqing Wang; Bin He; Beibei Hao,Agriculture,10.3390/agriculture14071141,https://doi.org/10.3390/agriculture14071141,"Water is considered one of the vital natural resources and factors for performing short- and long-term agricultural practices on Earth. Meanwhile, globally, most of the available freshwater resources are utilized for irrigation purposes in agriculture. Currently, many world regions are facing extreme water shortage problems, which can worsen if not managed properly. In the literature, numerous methods and remedies are used to cope with the increasing global water crises. The use of precision irrigation water-saving systems (PISs) for efficient water management under climate change is one of them and is a highly recommended approach by researchers. It can mitigate the adverse effects of changing climate and help enhance water use efficiency, crop yield, and environmental footprints. Thus, the present study aimed to comprehensively examine and review PISs, focusing on their development, implementation, and positive impacts on sustainable water management. In addition, we searched the literature using different online search engines and reviewed and summarized the main results of the previously published papers on PISs. We discussed the traditional irrigation method and its modernization for enhancing water use efficiency, PIS monitoring and controlling, architecture, data sharing communication technologies, the role of artificial intelligence for irrigation water-saving, and the future prospects of the PIS. Based on the brief literature review, the present study concluded that the future of PISs seems bright, driven by the need for efficient irrigation water management systems, technological advancements, and increasing environmental awareness. As the water scarcity problem intensifies due to climate change and population growth, the PIS is poised to play a critical role in optimizing and modernizing water usage, increasing water use efficiency, and reducing environmental footprints, thus ensuring sustainable agriculture development.",identified,duplicate,pending,D01_duplicate_of_RAW149,
RAW303,OpenAlex,Q10,"Security and Privacy for Green IoT-Based Agriculture: Review, Blockchain Solutions, and Challenges",2020,Mohamed Amine Ferrag; Lei Shu; Xing Yang; Abdelouahid Derhab; Λέανδρος Μαγλαράς,IEEE Access,10.1109/access.2020.2973178,https://doi.org/10.1109/access.2020.2973178,"This paper presents research challenges on security and privacy issues in the field of green IoT-based agriculture. We start by describing a four-tier green IoT-based agriculture architecture and summarizing the existing surveys that deal with smart agriculture. Then, we provide a classification of threat models against green IoT-based agriculture into five categories, including, attacks against privacy, authentication, confidentiality, availability, and integrity properties. Moreover, we provide a taxonomy and a side-by-side comparison of the state-of-the-art methods toward secure and privacy-preserving technologies for IoT applications and how they will be adapted for green IoT-based agriculture. In addition, we analyze the privacy-oriented blockchain-based solutions as well as consensus algorithms for IoT applications and how they will be adapted for green IoT-based agriculture. Based on the current survey, we highlight open research challenges and discuss possible future research directions in the security and privacy of green IoT-based agriculture.",identified,duplicate,pending,D01_duplicate_of_RAW214,
RAW304,OpenAlex,Q10,State-of-the-Art Internet of Things in Protected Agriculture,2019,Xiaojie Shi; Xingshuang An; Qingxue Zhao; Huimin Liu; Lianming Xia; Xia Sun,Sensors,10.3390/s19081833,https://doi.org/10.3390/s19081833,"The Internet of Things (IoT) has tremendous success in health care, smart city, industrial production and so on. Protected agriculture is one of the fields which has broad application prospects of IoT. Protected agriculture is a mode of highly efficient development of modern agriculture that uses artificial techniques to change climatic factors such as temperature, to create environmental conditions suitable for the growth of animals and plants. This review aims to gain insight into the state-of-the-art of IoT applications in protected agriculture and to identify the system structure and key technologies. Therefore, we completed a systematic literature review of IoT research and deployments in protected agriculture over the past 10 years and evaluated the contributions made by different academicians and organizations. Selected references were clustered into three application domains corresponding to plant management, animal farming and food/agricultural product supply traceability. Furthermore, we discussed the challenges along with future research prospects, to help new researchers of this domain understand the current research progress of IoT in protected agriculture and to propose more novel and innovative ideas in the future.",identified,duplicate,pending,D01_duplicate_of_RAW211,
RAW305,OpenAlex,Q10,A Review of IoT Sensing Applications and Challenges Using RFID and Wireless Sensor Networks,2020,Hugo Landaluce; Laura Arjona; Asier Perallos; Francisco Falcone; Ignacio Angulo; Florian Muralter,Sensors,10.3390/s20092495,https://doi.org/10.3390/s20092495,"Radio frequency identification (RFID) and wireless sensors networks (WSNs) are two fundamental pillars that enable the Internet of Things (IoT). RFID systems are able to identify and track devices, whilst WSNs cooperate to gather and provide information from interconnected sensors. This involves challenges, for example, in transforming RFID systems with identification capabilities into sensing and computational platforms, as well as considering them as architectures of wirelessly connected sensing tags. This, together with the latest advances in WSNs and with the integration of both technologies, has resulted in the opportunity to develop novel IoT applications. This paper presents a review of these two technologies and the obstacles and challenges that need to be overcome. Some of these challenges are the efficiency of the energy harvesting, communication interference, fault tolerance, higher capacities to handling data processing, cost feasibility, and an appropriate integration of these factors. Additionally, two emerging trends in IoT are reviewed: the combination of RFID and WSNs in order to exploit their advantages and complement their limitations, and wearable sensors, which enable new promising IoT applications.",identified,duplicate,pending,D01_duplicate_of_RAW236,
RAW306,OpenAlex,Q10,Advances in greenhouse automation and controlled environment agriculture: A transition to plant factories and urban agriculture,2018,Redmond R. Shamshiri; Fatemeh Kalantari; K. C. Ting; Kelly R. Thorp; Ibrahim A. Hameed; Cornelia Weltzien,International journal of agricultural and biological engineering,10.25165/j.ijabe.20181101.3210,https://doi.org/10.25165/j.ijabe.20181101.3210,"Greenhouse cultivation has evolved from simple covered rows of open-fields crops to highly sophisticated controlled environment agriculture (CEA) facilities that projected the image of plant factories for urban agriculture. The advances and improvements in CEA have promoted the scientific solutions for the efficient production of plants in populated cities and multi-story buildings. Successful deployment of CEA for urban agriculture requires many components and subsystems, as well as the understanding of the external influencing factors that should be systematically considered and integrated. This review is an attempt to highlight some of the most recent advances in greenhouse technology and CEA in order to raise the awareness for technology transfer and adaptation, which is necessary for a successful transition to urban agriculture. This study reviewed several aspects of a high-tech CEA system including improvements in the frame and covering materials, environment perception and data sharing, and advanced microclimate control and energy optimization models. This research highlighted urban agriculture and its derivatives, including vertical farming, rooftop greenhouses and plant factories which are the extensions of CEA and have emerged as a response to the growing population, environmental degradation, and urbanization that are threatening food security. Finally, several opportunities and challenges have been identified in implementing the integrated CEA and vertical farming for urban agriculture. Keywords: smart agriculture, greenhouse modelling, urban agriculture, vertical farming, automation, internet of things (IoT), wireless sensor network, plant factories DOI: 10.25165/j.ijabe.20181101.3210 Citation: Shamshiri R R, Kalantari F, Ting K C, Thorp K R, Hameed I A, Weltzien C, et al. Advances in greenhouse automation and controlled environment agriculture: A transition to plant factories and urban agriculture. Int J Agric & Biol Eng, 2018; 11(1): 1–22.",identified,unique,exclude,R02_wrong_document_type_or_domain,
RAW307,OpenAlex,Q10,Towards Precision Agriculture: IoT-Enabled Intelligent Irrigation Systems Using Deep Learning Neural Network,2021,Pankaj Kashyap; Sushil Kumar; Ankita Jaiswal; Mukesh Prasad; Amir H. Gandomi,IEEE Sensors Journal,10.1109/jsen.2021.3069266,https://doi.org/10.1109/jsen.2021.3069266,"Recently, precision agriculture has gained substantial attention due to the ever-growing world population demands for food and water. Consequently, farmers will need water and arable land to meet this demand. Due to the limited availability of both resources, farmers need a solution that changes the way they operate. Precision irrigation is the solution to deliver bigger, better, and more profitable yields with fewer resources. Several machine learning-based irrigation models have been proposed to use water more efficiently. Due to the limited learning ability of these models, they are not well suited to unpredictable climates. In this context, this paper proposes a deep learning neural network-based Internet of Things (IoT)-enabled intelligent irrigation system for precision agriculture (DLiSA). This is a feedback integrated system that keeps its functionality better in the weather of any region for any period of time. DLiSA utilizes a long short-term memory network (LSTM) to predict the volumetric soil moisture content for one day ahead, irrigation period, and spatial distribution of water required to feed the arable land. It is evident from the simulation results that DLiSA uses water more wisely than state-of-the-art models in the experimental farming area.",identified,unique,candidate_core,,
RAW308,OpenAlex,Q10,Adoption of the Internet of Things (IoT) in Agriculture and Smart Farming towards Urban Greening: A Review,2019,A. A Raneesha Madushanki; Malka N. Halgamuge; W. H. A.; Ali M. Syed,International Journal of Advanced Computer Science and Applications,10.14569/ijacsa.2019.0100402,https://doi.org/10.14569/ijacsa.2019.0100402,"It is essential to increase the productivity of agricultural and farming processes to improve yields and cost-effectiveness with new technology such as the Internet of Things (IoT). In particular, IoT can make agricultural and farming industry processes more efficient by reducing human intervention through automation. In this study, the aim to analyze recently developed IoT applications in the agriculture and farming industries to provide an overview of sensor data collections, technologies, and sub-verticals such as water management and crop management. In this review, data is extracted from 60 peer-reviewed scientific publications (2016-2018) with a focus on IoT sub-verticals and sensor data collection for measurements to make accurate decisions. Our results from the reported studies show water management is the highest sub-vertical (28.08%) followed by crop management (14.60%) then smart farming (10.11%). From the data collection, livestock management and irrigation management resulted in the same percentage (5.61%). In regard to sensor data collection, the highest result was for the measurement of environmental temperature (24.87%) and environmental humidity (19.79%). There are also some other sensor data regarding soil moisture (15.73%) and soil pH (7.61%). Research indicates that of the technologies used in IoT application development, Wi-Fi is the most frequently used (30.27%) followed by mobile technology (21.10%). As per our review of the research, we can conclude that the agricultural sector (76.1%) is researched considerably more than compared to the farming sector (23.8%). This study should be used as a reference for members of the agricultural industry to improve and develop the use of IoT to enhance agricultural production efficiencies. This study also provides recommendations for future research to include IoT systems' scalability, heterogeneity aspects, IoT system architecture, data analysis methods, size or scale of the observed land or agricultural domain, IoT security and threat solutions/protocols, operational technology, data storage, cloud platform, and power supplies.",identified,duplicate,pending,D01_duplicate_of_RAW210,
RAW309,OpenAlex,Q10,Recent Developments of the Internet of Things in Agriculture: A Survey,2020,Vippon Preet Kour; Sakshi Arora,IEEE Access,10.1109/access.2020.3009298,https://doi.org/10.1109/access.2020.3009298,"A rise in the population has immensely increased the pressure on the agriculture sector. With the advent of technology, this decade is witnessing a shift from conventional approaches to the most advanced ones. The Internet of Things (IoT) has transformed both the quality and quantity of the agriculture sector. Hybridization of species along with the real-time monitoring of the farms paved a way for resource optimization. Scientists, research institutions, academicians, and most nations across the globe are moving towards the practice and execution of collaborative projects to explore the horizon of this field for serving mankind. The tech industry is racing to provide more optimal solutions. Inclusion of IoT, along with cloud computing, big data analytics, and wireless sensor networks can provide sufficient scope to predict, process, and analyze the situations and improve the activities in the real-time scenario. The concept of heterogeneity and interoperability of the devices by providing flexible, scalable, and durable methods, models are also opening new domains in this field. Therefore, this paper contributes towards the recent IoT technologies in the agriculture sector, along with the development of hardware and software systems. The public and private sector projects and startup's started all over the globe to provide smart and sustainable solutions in precision agriculture are also discussed. The current scenario, applications, research potential, limitations, and future aspects are briefly discussed. Based on the concepts of IoT a precision farming framework is also proposed in this article.",identified,duplicate,pending,D01_duplicate_of_RAW158,
RAW310,OpenAlex,Q10,IoT-Blockchain Enabled Optimized Provenance System for Food Industry 4.0 Using Advanced Deep Learning,2020,Prince Waqas Khan; Yung-Cheol Byun; Namje Park,Sensors,10.3390/s20102990,https://doi.org/10.3390/s20102990,"Agriculture and livestock play a vital role in social and economic stability. Food safety and transparency in the food supply chain are a significant concern for many people. Internet of Things (IoT) and blockchain are gaining attention due to their success in versatile applications. They generate a large amount of data that can be optimized and used efficiently by advanced deep learning (ADL) techniques. The importance of such innovations from the viewpoint of supply chain management is significant in different processes such as for broadened visibility, provenance, digitalization, disintermediation, and smart contracts. This article takes the secure IoT-blockchain data of Industry 4.0 in the food sector as a research object. Using ADL techniques, we propose a hybrid model based on recurrent neural networks (RNN). Therefore, we used long short-term memory (LSTM) and gated recurrent units (GRU) as a prediction model and genetic algorithm (GA) optimization jointly to optimize the parameters of the hybrid model. We select the optimal training parameters by GA and finally cascade LSTM with GRU. We evaluated the performance of the proposed system for a different number of users. This paper aims to help supply chain practitioners to take advantage of the state-of-the-art technologies; it will also help the industry to make policies according to the predictions of ADL.",identified,unique,candidate_core,,
RAW311,OpenAlex,Q10,Smart Sensors and Smart Data for Precision Agriculture: A Review,2024,Abdellatif Soussi; Enrico Zero; Roberto Sacile; Daniele Trinchero; Marco Fossa,Sensors,10.3390/s24082647,https://doi.org/10.3390/s24082647,"Precision agriculture, driven by the convergence of smart sensors and advanced technologies, has emerged as a transformative force in modern farming practices. The present review synthesizes insights from a multitude of research papers, exploring the dynamic landscape of precision agriculture. The main focus is on the integration of smart sensors, coupled with technologies such as the Internet of Things (IoT), big data analytics, and Artificial Intelligence (AI). This analysis is set in the context of optimizing crop management, using resources wisely, and promoting sustainability in the agricultural sector. This review aims to provide an in-depth understanding of emerging trends and key developments in the field of precision agriculture. By highlighting the benefits of integrating smart sensors and innovative technologies, it aspires to enlighten farming practitioners, researchers, and policymakers on best practices, current challenges, and prospects. It aims to foster a transition towards more sustainable, efficient, and intelligent farming practices while encouraging the continued adoption and adaptation of new technologies.",identified,duplicate,pending,D01_duplicate_of_RAW148,
RAW312,OpenAlex,Q10,Hydroponic Solutions for Soilless Production Systems: Issues and Opportunities in a Smart Agriculture Perspective,2019,Paolo Sambo; Carlo Nicoletto; Andrea Giro; Youry Pii; Fabio Valentinuzzi; Tanja Mimmo,Frontiers in Plant Science,10.3389/fpls.2019.00923,https://doi.org/10.3389/fpls.2019.00923,"Soilless cultivation systems represent a valid opportunity for the agricultural production sector, especially in areas characterized by severe soil degradation and limited water availability. Furthermore, this agronomic practice embodies a favourable response towards an environmental-friendly agriculture and a promising tool in the vision of a general challenge in terms of food security. This review aims therefore at unravelling limitations and opportunities of hydroponic solutions used in soilless cropping systems focusing on the plant mineral nutrition process. In particular, this review provides information i) on the processes and mechanisms occurring in the hydroponic solutions that ensure an adequate nutrient concentration and thus an optimal nutrient acquisition without leading to nutritional disorders influencing ultimately also crop quality (e.g. solubilization/precipitation of nutrients/elements in the hydroponic solution, substrate specificity in the nutrient uptake process, nutrient competition/antagonism and interactions among nutrients); ii) on new emerging technologies that might improve the management of soilless cropping systems such as the use of nanoparticles and beneficial microorganism like plant growth promoting rhizobacteria (PGPRs); iii) on tools (multi-element sensors and interpretation algorithms based on machine learning logics to analyse such data) that might be exploited in a smart agriculture approach to monitor the availability of nutrients/elements in the hydroponic solution and to modify its composition in realtime. These aspects are discussed considering what has been recently demonstrated at the scientific level and applied in the industrial context.",identified,unique,exclude,R02_wrong_document_type_or_domain,
RAW313,OpenAlex,Q10,Advances in Agriculture Robotics: A State-of-the-Art Review and Challenges Ahead,2021,Luiz Fernando Pinto de Oliveira; António Paulo Moreira; Manuel F. Silva,Robotics,10.3390/robotics10020052,https://doi.org/10.3390/robotics10020052,"The constant advances in agricultural robotics aim to overcome the challenges imposed by population growth, accelerated urbanization, high competitiveness of high-quality products, environmental preservation and a lack of qualified labor. In this sense, this review paper surveys the main existing applications of agricultural robotic systems for the execution of land preparation before planting, sowing, planting, plant treatment, harvesting, yield estimation and phenotyping. In general, all robots were evaluated according to the following criteria: its locomotion system, what is the final application, if it has sensors, robotic arm and/or computer vision algorithm, what is its development stage and which country and continent they belong. After evaluating all similar characteristics, to expose the research trends, common pitfalls and the characteristics that hinder commercial development, and discover which countries are investing into Research and Development (R&amp;D) in these technologies for the future, four major areas that need future research work for enhancing the state of the art in smart agriculture were highlighted: locomotion systems, sensors, computer vision algorithms and communication technologies. The results of this research suggest that the investment in agricultural robotic systems allows to achieve short—harvest monitoring—and long-term objectives—yield estimation.",identified,unique,exclude,R02_wrong_document_type_or_domain,
RAW314,OpenAlex,Q10,A Comprehensive Survey on TinyML,2023,Youssef Abadade; Anas Temouden; Hatim Bamoumen; Nabil Benamar; Yousra Chtouki; Abdelhakim Hafid,IEEE Access,10.1109/access.2023.3294111,https://doi.org/10.1109/access.2023.3294111,"Recent spectacular progress in computational technologies has led to an unprecedented boom in the field of Artificial Intelligence (AI). AI is now used in a plethora of research areas and has demonstrated its capability to bring new approaches and solutions to various research problems. However, the extensive computation required to train AI algorithms comes with a cost. Driven by the need to reduce the energy consumption, the carbon footprint and the cost of computers running machine learning algorithms, TinyML is nowadays considered as a promising AI alternative focusing on technologies and applications for extremely low-profile devices. This paper presents the results of a literature survey of all TinyML applications and related research efforts. Our survey builds a taxonomy of TinyML techniques that have been used so far to bring new solutions to various domains, such as healthcare, smart farming, environment, and anomaly detection. Finally, this survey highlights the remaining challenges and points out possible future research directions. We anticipate that this survey will motivate further discussions on the various fields of applications of TinyML and the synergy of resource-constrained devices and edge intelligence.",identified,duplicate,pending,D01_duplicate_of_RAW150,
RAW315,local_paper_list,LOCAL,Smart Sensor Technologies Shaping the Future of Precision Agriculture: Recent Advances and Future Outlooks,2025,"Aarif KO, M., Alam, A., \& Hotak, Y",,,,,identified,unique,exclude,R02_wrong_document_type_or_domain,
RAW316,local_paper_list,LOCAL,Dew Computing in Smart Agriculture to Improve Real-Time Data Processing and Decision-Making Capabilities for Sustainable Farming,2025,"Abarnaa, S., Anumitha, B., Dheetchanaa, K., \& Geetha, B. G",,,,,identified,unique,exclude,R03_no_clear_network_control_component,
RAW317,local_paper_list,LOCAL,Safe Control of Multi-Agent Systems with Minimal Communication,2025,"Abdelgalil, M. \& Poveda, J. I",,,,,identified,unique,exclude,R04_out_of_agriculture_scope,
RAW318,local_paper_list,LOCAL,Systematic literature review of smart greenhouse monitoring,2025,"Abou-mehdi-Hassani, F., Zaguia, A., Ait Bouh, H., \& Mkhida, A",,,,,identified,unique,exclude,R02_wrong_document_type_or_domain,
RAW319,local_paper_list,LOCAL,"Comprehensive Exploration of Smart Cities: A Systematic Review of Benefits, Challenges, and Future Directions",2025,"Adeleke, O. J., Jovanovich, K. D., Ogunbunmi, S., Samuel, O., \& Kehinde, T. O",,,,,identified,unique,exclude,R02_wrong_document_type_or_domain,
RAW320,local_paper_list,LOCAL,IoT-Enabled Adaptive Watering System with ARIMA-Based Soil Moisture Prediction for Smart Agriculture,2025,"Afzal, M., Saeed, I. A., Sohail, M. N., \& Saad, M. H. M",,,,,identified,unique,candidate_core,,
RAW321,local_paper_list,LOCAL,Learned DICOM Image Compression via Super-Resolution with Dilated Residual Blocks and Pixel Attention,2025,"Agha, O. O., Fareed, Y., \& Chachati, L",,,,,identified,unique,exclude,R02_wrong_document_type_or_domain,
RAW322,local_paper_list,LOCAL,Vegetation Effects on LoRa-Based Wireless Sensor Communication for Remote Monitoring of Automatic Orchard Irrigation Status,2025,"Ahmed, S., Reza, M. N., Samsuzzaman, Karim, M. R., Jin, H., Kim, H., \& Chung, S.-O",,,,,identified,unique,candidate_core,,
RAW323,local_paper_list,LOCAL,Artificial Intelligence in Agriculture: Advancing Crop Productivity and Sustainability,2025,"Aijaz, N., Lan, H., Raza, T., Yaqub, M., Iqbal, R., \& Pathan, M. S",,,,,identified,unique,exclude,R03_no_clear_network_control_component,
RAW324,local_paper_list,LOCAL,Analyzing the Effectiveness of Wireless Sensor Networks in Smart Agriculture with OPNET,2025,"Akinleye, A.O",,,,,identified,unique,candidate_core,,
RAW325,local_paper_list,LOCAL,Data-driven model predictive control (MPC) for irrigation management in agricultural greenhouse under CO2 enrichment,2025,"Al-Ansari, T. et al",,,,,identified,unique,candidate_core,,
RAW326,local_paper_list,LOCAL,Precision agriculture through data‐driven farming techniques,2025,"Al-Ani, N. M. K., Gharghan, S. K., Al-Abbasi, Z. Q., \& Kahtan, H",,,,,identified,unique,exclude,R03_no_clear_network_control_component,
RAW327,local_paper_list,LOCAL,Spatiotemporal prediction of soil moisture content using machine learning algorithms,2025,"Alahmad, T., Neményi, M., Széles, A., Ali, M., Hijazi, O., \& Nyéki, A",,,,,identified,unique,candidate_core,,
RAW328,local_paper_list,LOCAL,"LoRa Communication for Agriculture 4.0: Opportunities, Challenges, and Future Directions",2025,"Aldhaheri, L., Alshehhi, N., Manzil, I. I. J., Khalil, R. A., Javaid, S., \& Saeed, N",,,,,identified,unique,exclude,R02_wrong_document_type_or_domain,
RAW329,local_paper_list,LOCAL,"MIMO-OFDM Based Wireless Sensor Networks: Standards, Challenges, and Opportunities in Smart Agriculture",2025,"Algabroun, H. \& Håkansson, L",,,,,identified,unique,candidate_core,,
RAW330,local_paper_list,LOCAL,"Application of Smart Techniques, Internet of Things and Data Mining for Resource Use Efficient and Sustainable Crop Production",2025,"Ali, A., et al",,,,,identified,unique,exclude,R03_no_clear_network_control_component,
RAW331,local_paper_list,LOCAL,Optimal cooperative routing protocol for energy efficiency in wireless sensor networks,2025,"Al-Shatnawi, A. M. \& Al-Oqaily, H. A",,,,,identified,unique,exclude,R04_out_of_agriculture_scope,
RAW332,local_paper_list,LOCAL,Intelligent Irrigation Management using Reinforcement Learning and Digital Twins,2025,"Anagnostis, A. et al",,,,,identified,unique,exclude,R03_no_clear_network_control_component,
RAW333,local_paper_list,LOCAL,"Recent advances in evolving computing paradigms: Cloud, edge, and fog technologies",2025,"Angel, N. A",,,,,identified,unique,exclude,R04_out_of_agriculture_scope,
RAW334,local_paper_list,LOCAL,"Digital Twin: Benefits, use cases, challenges, and opportunities",2025,"Attaran, M. \& Celik, B. G",,,,,identified,unique,exclude,R04_out_of_agriculture_scope,
RAW335,local_paper_list,LOCAL,Energy-Efficient and Secure Routing in WSN-IoT for Smart Agriculture using Hybrid Optimization,2025,"Ayaz, H",,,,,identified,unique,candidate_core,,
RAW336,local_paper_list,LOCAL,Internet of Things (IoT) Based Smart Agriculture Monitoring System,2025,"Bakthavatchalam, K",,,,,identified,unique,candidate_core,,
RAW337,local_paper_list,LOCAL,"Smart agriculture: A review of IoT applications, challenges, and future trends",2025,"Bansal, P",,,,,identified,unique,exclude,R02_wrong_document_type_or_domain,
RAW338,local_paper_list,LOCAL,Internet of Things (IoT) and Agricultural Unmanned Aerial Vehicles (UAVs) in Smart Farming,2025,"Boursianis, A. D",,,,,identified,unique,candidate_core,,
RAW339,local_paper_list,LOCAL,LoRa Communications as an Enabler for Internet of Drones towards Large-Scale Livestock Monitoring in Rural Farms,2021,"Behjati, Mehran, Nordin, Rosdiadee, Abdullah, Nor Fadzilah, et al.",,10.3390/s21155044,https://doi.org/10.3390/s21155044,,identified,unique,candidate_core,,
RAW340,local_paper_list,LOCAL,Energy-Efficient IoT-Based Monitoring System for Precision Viticulture,2025,"Castrillo, M",,,,,identified,unique,exclude,R04_out_of_agriculture_scope,
RAW341,local_paper_list,LOCAL,Multi-objective optimized GPSR intelligent routing protocol for UAV clusters,2025,"Chen, H",,,,,identified,unique,exclude,R02_wrong_document_type_or_domain,
RAW342,local_paper_list,LOCAL,Deep Learning for Pest Detection in Smart Agriculture: A Review,2025,"Chen, J",,,,,identified,unique,exclude,R02_wrong_document_type_or_domain,
RAW343,local_paper_list,LOCAL,Applications of Remote Sensing in Precision Agriculture: A Review,2020,"Sishodia, Rajendra P., Ray, Ram Lakhan, Singh, Sudhir Kumar",,10.3390/rs12193136,https://doi.org/10.3390/rs12193136,,identified,unique,candidate_core,,
RAW344,local_paper_list,LOCAL,Green-IoT based Smart Agriculture System for Real-time Monitoring and Control,2025,"Choudhury, S",,,,,identified,unique,candidate_core,,
RAW345,local_paper_list,LOCAL,Security and Privacy Issues in Smart Agriculture: A Survey,2025,"Dahiya, S",,,,,identified,unique,exclude,R02_wrong_document_type_or_domain,
RAW346,local_paper_list,LOCAL,"Smart Farming: A Comprehensive Review of IoT, AI, and Big Data Applications",2025,"Darwish, A",,,,,identified,unique,exclude,R02_wrong_document_type_or_domain,
RAW347,local_paper_list,LOCAL,Solar dryer dome to improve post-harvest processing for smallholder farmers,2026,"Das, N",,,,,identified,unique,exclude,R01_out_of_year_range,
RAW348,local_paper_list,LOCAL,Harnessing the power of transformers and data fusion in smart irrigation,2025,"Deforce, B",,,,,identified,unique,exclude,R03_no_clear_network_control_component,
RAW349,local_paper_list,LOCAL,Farming Assistance for Soil Fertility Improvement and Crop Prediction using XGBoost,2025,"Deshmukh, M",,,,,identified,unique,exclude,R02_wrong_document_type_or_domain,
RAW350,local_paper_list,LOCAL,Edge-AI-Enabled IoT Systems for Smart Agriculture,2025,"Dhelim, S",,,,,identified,unique,candidate_core,,
RAW351,local_paper_list,LOCAL,Smart Agriculture System Based on Long Range Wide Area Network,2025,"Dong, X",,,,,identified,unique,candidate_core,,
RAW352,local_paper_list,LOCAL,IoT Based Smart Agriculture Monitoring and Irrigation System,2025,"Ezhilazhagan, V",,,,,identified,unique,candidate_core,,
RAW353,local_paper_list,LOCAL,AI-based framework for early detection and segmentation of green Citrus fruits,2025,"El Akrouchi, M., Mhada, M., Bayad, M., Hawkesford, M. J., \& Gérard, B",,,,,identified,unique,exclude,R04_out_of_agriculture_scope,
RAW354,local_paper_list,LOCAL,Impact of Minimum Spanning Tree Algorithms on Extractive Arabic Text Summarization,2025,"El Khatib, A",,,,,identified,unique,exclude,R02_wrong_document_type_or_domain,
RAW355,local_paper_list,LOCAL,Prediction the Depth of Color of Cationised Cotton Fabric Dyed with Reactive Dyes Using Fuzzy Logic,2025,"Elkhaoudii, M",,,,,identified,unique,exclude,R04_out_of_agriculture_scope,
RAW356,local_paper_list,LOCAL,Review of Current Robotic Approaches for Weed Management in Paddy Cultivation,2025,"Eyasin, M. S. H",,,,,identified,unique,exclude,R02_wrong_document_type_or_domain,
RAW357,local_paper_list,LOCAL,Control And Monitoring System Design Cultivation of Lettuce Using Method Aeroponics Based on Smart Farming,2025,"Fhaizal, M. A., Rizki, M., Wijaya, W., \& Mulyadi, C. D",,,,,identified,unique,candidate_core,,
RAW358,local_paper_list,LOCAL,Post-quantum digital signature algorithms on IoT,2025,"Fournaris, K",,,,,identified,unique,exclude,R04_out_of_agriculture_scope,
RAW359,local_paper_list,LOCAL,Design and Implementation of an efficient IoT based approach to Supply Chain Management,2025,"Gaikwad, K",,,,,identified,unique,exclude,R04_out_of_agriculture_scope,
RAW360,local_paper_list,LOCAL,Event-Triggered Distributed Optimal Bipartite Consensus Control for Multi-Agent Systems,2025,"Gao, H., Yu, Z., Liu, J., \& Sun, C",,,,,identified,unique,exclude,R04_out_of_agriculture_scope,
RAW361,local_paper_list,LOCAL,Data-driven model predictive control (MPC) for irrigation management to optimize water and energy,2025,"Ghiat, I., Govindan, R., \& Al-Ansari, T",,,,,identified,unique,candidate_core,,
RAW362,local_paper_list,LOCAL,"Edge Computing-Enabled Smart Agriculture: Technical Architectures, Practical Evolution, and Bottleneck Breakthroughs",2025,"Gong, R",,,,,identified,unique,candidate_core,,
RAW363,local_paper_list,LOCAL,Dragonfly-Inspired OLSR Protocol for Interference-Aware Seamless Connectivity in FANET,2025,"Gunavathy, H",,,,,identified,unique,exclude,R04_out_of_agriculture_scope,
RAW364,local_paper_list,LOCAL,Path planning for unmanned aerial vehicles in dynamic environments,2025,"Haidar Ahmad, A",,,,,identified,unique,exclude,R04_out_of_agriculture_scope,
RAW365,local_paper_list,LOCAL,Next-generation lithium-ion batteries for electric vehicles: AI driven performance optimization,2025,"Hammed, V",,,,,identified,unique,exclude,R04_out_of_agriculture_scope,
RAW366,local_paper_list,LOCAL,AI and Robotics in Agriculture: A Systematic and Quantitative Review of Research Trends,2025,"Hamrani, A",,,,,identified,unique,exclude,R02_wrong_document_type_or_domain,
RAW367,local_paper_list,LOCAL,Navigating ethics in wireless sensor networks for sustainable agriculture,2025,"Han, M",,,,,identified,unique,candidate_core,,
RAW368,local_paper_list,LOCAL,Bundled authenticated key exchange: a concrete treatment of (post-quantum) signal’s handshake protocol,2025,"Hashimoto, K",,,,,identified,unique,exclude,R04_out_of_agriculture_scope,
RAW369,local_paper_list,LOCAL,"Smart Farming Technologies: IoT, Sensors, and Data Analytics",2026,"Dilip, R., Nishchitha, M. H., Talikoti, Mallika, Kalpavi, C. Y., Balaraj, Harshini Veronica Deepak, Tejashwini, N.",,10.1002/9781394248711.ch13,https://doi.org/10.1002/9781394248711.ch13,,identified,unique,candidate_core,,
RAW370,local_paper_list,LOCAL,Self-Triggering Evolutionary Optimal Control of Multi-Modular Robot Manipulators,2025,"Huang, H",,,,,identified,unique,exclude,R04_out_of_agriculture_scope,
RAW371,local_paper_list,LOCAL,Learning-based Pest Count Forecasting for Solar Insecticidal Lamps,2025,"Huang, X",,,,,identified,unique,exclude,R04_out_of_agriculture_scope,
RAW372,local_paper_list,LOCAL,Sustainable food systems transformation in the face of climate change,2025,"Iqbal, B",,,,,identified,unique,exclude,R04_out_of_agriculture_scope,
RAW373,local_paper_list,LOCAL,Sustainable Smart Irrigation System using solar PV with rainwater harvesting,2025,"Islam, S. Z",,,,,identified,unique,exclude,R03_no_clear_network_control_component,
RAW374,local_paper_list,LOCAL,DP-MCR: A Bio-Inspired Multi-Constraint Routing Protocol for Delay-Resilient and Secure Communication,2025,"Jagadeeswaran, V. S",,,,,identified,unique,exclude,R04_out_of_agriculture_scope,
RAW375,local_paper_list,LOCAL,Peregrine Falcon Optimization Routing Protocol for Hazardous Drone Ad-Hoc Networks,2025,"Jaganathan, R",,,,,identified,unique,exclude,R04_out_of_agriculture_scope,
RAW376,local_paper_list,LOCAL,Decentralized Dynamic Event-Triggered Communication and Active Suspension Control of In-Wheel Motor Driven Electric Vehicles,2025,"Jin, X",,,,,identified,unique,exclude,R04_out_of_agriculture_scope,
RAW377,local_paper_list,LOCAL,Automated Greenhouses: IoT-Driven Climate Control,2026,"Kalia, A. \& M V, S",,,,,identified,unique,exclude,R01_out_of_year_range,
RAW378,local_paper_list,LOCAL,Intelligent Offloading of IoT-Based Smart Agriculture Data in Edge-Cloud Continuum,2025,"Khan, I",,,,,identified,unique,candidate_core,,
RAW379,local_paper_list,LOCAL,Analysis of multi-dimensional Industrial IoT (IIoT) data in Edge–Fog–Cloud based architectural frameworks,2025,"Kumar, R",,,,,identified,unique,exclude,R04_out_of_agriculture_scope,
RAW380,local_paper_list,LOCAL,Digital Technologies for Sustainable Development of Agri-Food: Implementation Guidelines Toward Industry 5.0,2025,"Latino, M. E",,,,,identified,unique,exclude,R04_out_of_agriculture_scope,
RAW381,local_paper_list,LOCAL,"Foundation models in smart agriculture: Basics, opportunities, and challenges",2025,"Li, J",,,,,identified,unique,exclude,R03_no_clear_network_control_component,
RAW382,local_paper_list,LOCAL,Co-design of dynamic event-triggered mechanism and observer-based control for networked systems,2025,"Liu, M",,,,,identified,unique,exclude,R04_out_of_agriculture_scope,
RAW383,local_paper_list,LOCAL,Security Analysis in Smart Agriculture: Insights from a Cyber-Physical System Application,2025,"Mahlous, A. R",,,,,identified,unique,exclude,R03_no_clear_network_control_component,
RAW384,local_paper_list,LOCAL,Management Practices for Sustainable Agriculture in the Age of Smart Farming,2025,"Mathiyalagan, P",,,,,identified,unique,exclude,R03_no_clear_network_control_component,
RAW385,local_paper_list,LOCAL,Optimal Operation of Integrated Energy Systems Case Study on Application of Event-Triggered MPC,2025,"Meng, S",,,,,identified,unique,exclude,R04_out_of_agriculture_scope,
RAW386,local_paper_list,LOCAL,"Design, development, and evaluation of a low-cost smart greenhouse control system",2025,"Mokhtarzadeh, H",,,,,identified,unique,candidate_core,,
RAW387,local_paper_list,LOCAL,Cross-layer analysis of machine learning models for secure and energy-efficient IoT networks,2025,"Mustafa, R",,,,,identified,unique,exclude,R04_out_of_agriculture_scope,
RAW388,local_paper_list,LOCAL,Design and development of IoT smart drip irrigation and fertigation prototype,2025,"Ngoma, D. H",,,,,identified,unique,candidate_core,,
RAW389,local_paper_list,LOCAL,Virtual sensors for smart farming: An IoT-and AI-enabled approach,2025,"Nithya, V",,,,,identified,unique,candidate_core,,
RAW390,local_paper_list,LOCAL,A Review of Smart Crop Technologies for Resource Constrained Environments,2025,"Olatinwo, D. D",,,,,identified,unique,exclude,R02_wrong_document_type_or_domain,
RAW391,local_paper_list,LOCAL,Integrated Fluid Dynamics Modeling for Smart Agricultural Irrigation,2025,"Pahlawan, R",,,,,identified,unique,exclude,R03_no_clear_network_control_component,
RAW392,local_paper_list,LOCAL,A review of cybersecurity incidents in the food and agriculture sector,2025,"Pan, Y",,,,,identified,unique,exclude,R02_wrong_document_type_or_domain,
RAW393,local_paper_list,LOCAL,RL-Guided MPC for Autonomous Greenhouse Control,2025,"Panagopoulos, I",,,,,identified,unique,candidate_core,,
RAW394,local_paper_list,LOCAL,Real-Time Respiratory Sound Classification For Remote Diagnostic Systems in Agriculture,2025,"Pandala, M. L",,,,,identified,unique,exclude,R03_no_clear_network_control_component,
RAW395,local_paper_list,LOCAL,Development and evaluation of wireless sensor network (WSN) based automated drip irrigation system,2025,"Patle, G. T",,,,,identified,unique,candidate_core,,
RAW396,local_paper_list,LOCAL,Hybrid LoRaWAN–MQTT Architecture for Portable Smart Greenhouses,2025,"Perdana, D",,,,,identified,unique,candidate_core,,
RAW397,local_paper_list,LOCAL,Observer-based AE-T cooperative DMPC for a class of interconnected nonlinear systems,2025,"Plšičík Pavlovičová, E",,,,,identified,unique,exclude,R04_out_of_agriculture_scope,
RAW398,local_paper_list,LOCAL,CropSynergy: Harnessing IoT Solutions for Smart and Efficient Crop Management,2025,"Pöchtrager, S",,,,,identified,unique,candidate_core,,
RAW399,local_paper_list,LOCAL,Stable Plithogenic Cubic Sets in Agricultural Decision Making,2025,"Ponnukumar, P. S",,,,,identified,unique,exclude,R03_no_clear_network_control_component,
RAW400,local_paper_list,LOCAL,A platform to support the fast development of digital twins for agricultural holdings,2025,"Prasanjana, V",,,,,identified,unique,exclude,R03_no_clear_network_control_component,
RAW401,local_paper_list,LOCAL,Design and performance of nutrient dosing control system using fuzzy logic,2025,"Prastono, H",,,,,identified,unique,exclude,R04_out_of_agriculture_scope,
RAW402,local_paper_list,LOCAL,Mappings Of Plithogenic Cubic Sets,2025,"Priyadharshini, S. P",,,,,identified,unique,exclude,R04_out_of_agriculture_scope,
RAW403,local_paper_list,LOCAL,Efficient state synchronization in distributed electrical grid systems,2025,"Prymushko, A",,,,,identified,unique,exclude,R04_out_of_agriculture_scope,
RAW404,local_paper_list,LOCAL,ILoRa: Interleaving-driven neural network for rate adaptation in LoRa communications,2025,"Qi, X",,,,,identified,unique,exclude,R04_out_of_agriculture_scope,
RAW405,local_paper_list,LOCAL,"Control Algorithms for Intelligent Agriculture: Applications, Challenges, and Future Directions",2025,"Qin, S",,,,,identified,unique,candidate_core,,
RAW406,local_paper_list,LOCAL,Jaguar-Based Routing Protocol (JRP) For Improved Reliability in DANET,2025,"Ramkumar, J",,,,,identified,unique,exclude,R04_out_of_agriculture_scope,
RAW407,local_paper_list,LOCAL,Machine learning and robotics in urban traffic flow optimization,2025,"Ramkumar, J",,,,,identified,unique,exclude,R04_out_of_agriculture_scope,
RAW408,local_paper_list,LOCAL,Optimizing Quality of Service and Energy Efficiency in Hazardous DANET,2025,"Ramkumar, J",,,,,identified,unique,exclude,R04_out_of_agriculture_scope,
RAW409,local_paper_list,LOCAL,Early Prediction of Heart Disease Using Deep Belief-Assisted Neural Predictor (Agricultural Health App),2025,"Ranjani, M",,,,,identified,unique,exclude,R03_no_clear_network_control_component,
RAW410,local_paper_list,LOCAL,Towards the quantum-safe web: benchmarking post-quantum tls,2025,"Ríos, R",,,,,identified,unique,exclude,R04_out_of_agriculture_scope,
RAW411,local_paper_list,LOCAL,Emerging technologies for smart and sustainable precision agriculture,2025,"Roothan, C",,,,,identified,unique,exclude,R03_no_clear_network_control_component,
RAW412,local_paper_list,LOCAL,An Overview of LoRa Localization Technologies,2025,"Ruan, H",,,,,identified,unique,exclude,R04_out_of_agriculture_scope,
RAW413,local_paper_list,LOCAL,IoT-Enabled Autonomous Rover for Small-Scale Precision Farming,2025,"Rustemi, A",,,,,identified,unique,candidate_core,,
RAW414,local_paper_list,LOCAL,Versatile quantum-safe hybrid key exchange and its application to MACsec,2025,"Sáez de Buruaga Brouns, J",,,,,identified,unique,exclude,R04_out_of_agriculture_scope,
RAW415,local_paper_list,LOCAL,LoRa-Based Smart Agriculture Monitoring and Automatic Irrigation System,2025,"Sagali, E. K",,,,,identified,unique,candidate_core,,
RAW416,local_paper_list,LOCAL,Innovations in Sensor-Based Systems and Sustainable Energy Solutions for Smart Agriculture,2025,"Sajib, M. M. H",,,,,identified,unique,exclude,R03_no_clear_network_control_component,
RAW417,local_paper_list,LOCAL,Control And Monitoring System Design Cultivation of Lettuce Using Method Aeroponics,2025,"Sellami, B",,,,,identified,unique,exclude,R04_out_of_agriculture_scope,
RAW418,local_paper_list,LOCAL,Robust Event-Triggered Control for Networked Control Systems Under DoS Attacks,2025,"Shang, Y",,,,,identified,unique,exclude,R04_out_of_agriculture_scope,
RAW419,local_paper_list,LOCAL,Data-Driven Distributed Event-Triggered Control for Networked Multi-Agent Systems,2025,"Song, C",,,,,identified,unique,exclude,R04_out_of_agriculture_scope,
RAW420,local_paper_list,LOCAL,Event-Based Model Predictive Control for Greenhouse Climate Control with Energy Optimization,2025,"Sun, Y",,,,,identified,unique,candidate_core,,
RAW421,local_paper_list,LOCAL,An Efficient Deep Learning Approach for Plant Disease Detection in Smart Agriculture,2025,"Truong, T. A",,,,,identified,unique,exclude,R03_no_clear_network_control_component,
RAW422,local_paper_list,LOCAL,Federated Learning for Privacy-Preserving Smart Agriculture: A Survey,2025,"Uppal, M",,,,,identified,unique,exclude,R02_wrong_document_type_or_domain,
RAW423,local_paper_list,LOCAL,AI in Agriculture: Cloud-Powered Precision Farming with Real-Time Data Analytics,2025,"Vissarapu, S",,,,,identified,unique,exclude,R03_no_clear_network_control_component,
RAW424,local_paper_list,LOCAL,Social Irrigation: An Intelligent Irrigation System,2026,"Wang, Y.-J",,,,,identified,unique,exclude,R01_out_of_year_range,
RAW425,local_paper_list,LOCAL,A comprehensive review of proximal spectral sensing devices for crop monitoring,2025,"Wang, Y",,,,,identified,unique,exclude,R02_wrong_document_type_or_domain,
RAW426,local_paper_list,LOCAL,Observer-based Practical Prescribed-Time Consensus Tracking Control,2025,"Wang, J",,,,,identified,unique,exclude,R04_out_of_agriculture_scope,
RAW427,local_paper_list,LOCAL,Event-based Sensor Data Scheduling: Trade-off between Communication and Control,2025,"Wu, J",,,,,identified,unique,exclude,R04_out_of_agriculture_scope,
RAW428,local_paper_list,LOCAL,Event-Driven Robust Model Predictive Control for Electromagnetic Levitation Systems,2025,"Yan, M",,,,,identified,unique,exclude,R04_out_of_agriculture_scope,
RAW429,local_paper_list,LOCAL,Semi–Global Exponential Stabilization of Nonlinear Time–Delay Systems via Event–Triggered Controllers,2025,"Yang, M",,,,,identified,unique,exclude,R04_out_of_agriculture_scope,
RAW430,local_paper_list,LOCAL,Disturbance Rejection Self-Triggered Distributed MPC for Asynchronous Multiagent Systems,2025,"Yang, Y",,,,,identified,unique,exclude,R04_out_of_agriculture_scope,
RAW431,local_paper_list,LOCAL,A Compensation Matrix Based Model Predictive Control Structure for Manufacturing,2025,"Yao, X",,,,,identified,unique,exclude,R04_out_of_agriculture_scope,
RAW432,local_paper_list,LOCAL,FLTrans-Net: transformer-based feature learning network for wheat head detection,2025,"Yousafzai, S. N",,,,,identified,unique,exclude,R04_out_of_agriculture_scope,
RAW433,local_paper_list,LOCAL,"Smart Farming, Smarter Solutions: Revolutionizing Agriculture with Artificial Intelligence",2025,"Yousefi, M",,,,,identified,unique,exclude,R03_no_clear_network_control_component,
RAW434,local_paper_list,LOCAL,A systematic review of multi-mode analytics for enhanced plant stress evaluation,2025,"Zandy, A",,,,,identified,unique,exclude,R02_wrong_document_type_or_domain,
RAW435,local_paper_list,LOCAL,Q-learning-based semi-fixed clustering routing algorithm in WSNs,2025,"Zhaohui, Z",,,,,identified,unique,exclude,R04_out_of_agriculture_scope,
RAW436,local_paper_list,LOCAL,Towards an intelligent and automatic irrigation system based on internet of things,2025,"Zhang, H",,,,,identified,unique,exclude,R03_no_clear_network_control_component,
RAW437,local_paper_list,LOCAL,Research and Development of an IoT Smart Irrigation System for Farmland Based on LoRa,2025,"Zhang, Y",,,,,identified,unique,candidate_core,,
RAW438,local_paper_list,LOCAL,Dynamic Self-Triggered Intelligent Path Tracking Control via Reinforcement Learning,2025,"Zhang, Y",,,,,identified,unique,exclude,R04_out_of_agriculture_scope,
RAW439,local_paper_list,LOCAL,Optimal Yaw Attitude Tracking Control of Maglev Cars Via Reinforcement Learning-Based MPC,2025,"Zhang, Y",,,,,identified,unique,exclude,R04_out_of_agriculture_scope,
RAW440,local_paper_list,LOCAL,Immersion and Invariance Adaptive Control for Unmanned Helicopter,2025,"Zhou, X",,,,,identified,unique,exclude,R04_out_of_agriculture_scope,
RAW441,local_paper_list,LOCAL,LoRA-Augmented ConvMixed-ViT Architecture for Adaptive Compressive Sensing in AIoT,2025,"Zhou, Y",,,,,identified,unique,exclude,R04_out_of_agriculture_scope,
RAW442,local_paper_list,LOCAL,Observer-based reinforcement learning for optimal fault-tolerant consensus control,2025,"Zhu, B",,,,,identified,unique,exclude,R04_out_of_agriculture_scope,
RAW443,local_paper_list,LOCAL,Using multi-sensor data fusion techniques and machine learning algorithms for UAV-based yield prediction,2025,"Zhu, H",,,,,identified,unique,exclude,R04_out_of_agriculture_scope,
RAW444,local_paper_list,LOCAL,Gateway configuration in 2.4 GHz LoRa networks,2025,"Zorbas, D",,,,,identified,unique,exclude,R04_out_of_agriculture_scope,
RAW445,local_paper_list,LOCAL,"Climate change, water resources and sustainable agriculture: Impact, adaptation and mitigation",2023,"Abbas, A. et al",,,,,identified,unique,exclude,R03_no_clear_network_control_component,
RAW446,local_paper_list,LOCAL,AI in precision agriculture: A review of technologies for sustainable farming practices,2024,"Adewusi, A.O. et al",,,,,identified,unique,exclude,R02_wrong_document_type_or_domain,
RAW447,local_paper_list,LOCAL,IoT-based intelligent pest management system for precision agriculture,2024,"Ahmed, S. et al",,,,,identified,unique,candidate_core,,
RAW448,local_paper_list,LOCAL,"Application of smart techniques, internet of things and data mining for sustainable crop production",2023,"Ali, A. et al",,,,,identified,unique,exclude,R03_no_clear_network_control_component,
RAW449,local_paper_list,LOCAL,Big data privacy in smart farming: a review,2022,"Amiri-Zarandi, M. et al",,,,,identified,unique,exclude,R02_wrong_document_type_or_domain,
RAW450,local_paper_list,LOCAL,Internet-of-Things (IoT)-based smart agriculture: Toward making the fields talk,2019,"Ayaz, M. et al",,,,,identified,unique,candidate_core,,
RAW451,local_paper_list,LOCAL,Internet of things (IoT) and agricultural unmanned aerial vehicles (UAVs) in smart farming,2022,"Boursianis, A.D. et al",,,,,identified,duplicate,pending,D01_duplicate_of_RAW338,
RAW452,local_paper_list,LOCAL,Feature Selection for Portable Spectral Sensing Data of Soil Using Broad Learning Network,2024,"Chen, H. et al",,,,,identified,unique,exclude,R04_out_of_agriculture_scope,
RAW453,local_paper_list,LOCAL,The effect of biologically mediated decay rates on modelling soil carbon sequestration,2023,"Davoudabadi, M.J. et al",,,,,identified,unique,exclude,R04_out_of_agriculture_scope,
RAW454,local_paper_list,LOCAL,Design of an Internet of Things (IoT)-based photosynthetically active radiation (PAR) monitoring system,2024,"Dong, Y. \& Hansen, H",,,,,identified,unique,exclude,R04_out_of_agriculture_scope,
RAW455,local_paper_list,LOCAL,Technologies driving the shift to smart farming: A review,2022,"ElBeheiry, N. \& Balog, R.S",,,,,identified,unique,exclude,R02_wrong_document_type_or_domain,
RAW456,local_paper_list,LOCAL,Internet of things for the future of smart agriculture: A comprehensive survey,2021,"Friha, O. et al",,,,,identified,unique,exclude,R02_wrong_document_type_or_domain,
RAW457,local_paper_list,LOCAL,Transformative technologies in digital agriculture: Leveraging Internet of Things and AI,2024,"Fuentes-Peñailillo, F. et al",,,,,identified,unique,exclude,R03_no_clear_network_control_component,
RAW458,local_paper_list,LOCAL,IoT-based smart irrigation systems: an overview on the recent trends,2020,"Garcia, L. et al",,,,,identified,unique,candidate_core,,
RAW459,local_paper_list,LOCAL,A Survey of LoRaWAN for IoT: From Technology to Application,2018,"Haxhibeqiri, J. et al",,,,,identified,unique,exclude,R02_wrong_document_type_or_domain,
RAW460,local_paper_list,LOCAL,Machine learning enabled IoT system for soil nutrients monitoring and crop recommendation,2023,"Islam, M.R. et al",,,,,identified,unique,candidate_core,,
RAW461,local_paper_list,LOCAL,An eXplainable AI (XAI) model for text-based patent novelty analysis,2023,"Jang, H. et al",,,,,identified,unique,exclude,R04_out_of_agriculture_scope,
RAW462,local_paper_list,LOCAL,Enhancing smart farming through the applications of Agriculture 4.0 technologies,2022,"Javaid, M. et al",,,,,identified,unique,exclude,R03_no_clear_network_control_component,
RAW463,local_paper_list,LOCAL,Energy-Efficient Wireless Sensor Networks for Precision Agriculture: A Review,2017,"Jawad, H.M. et al",,,,,identified,unique,exclude,R02_wrong_document_type_or_domain,
RAW464,local_paper_list,LOCAL,Smart water management platform: IoT-based precision irrigation for agriculture,2019,"Kamienski, C. et al",,,,,identified,unique,candidate_core,,
RAW465,local_paper_list,LOCAL,Deep learning in agriculture: A survey,2018,"Kamilaris, A. \& Prenafeta-Boldú, F.X",,,,,identified,unique,exclude,R02_wrong_document_type_or_domain,
RAW466,local_paper_list,LOCAL,A comprehensive survey on IoT and AI based applications in smart agriculture,2024,"Kumar Kasera, R. et al",,,,,identified,unique,exclude,R02_wrong_document_type_or_domain,
RAW467,local_paper_list,LOCAL,An effective hybrid attention model for crop yield prediction,2024,"Kumar, B.V. \& Rao, P.G.K",,,,,identified,unique,exclude,R03_no_clear_network_control_component,
RAW468,local_paper_list,LOCAL,A comprehensive review on smart and sustainable agriculture using IoT technologies,2024,"Kumar, V. et al",,,,,identified,unique,exclude,R02_wrong_document_type_or_domain,
RAW469,local_paper_list,LOCAL,Digital Technologies for Sustainable Development of Agri-Food: Implementation Guidelines Toward Industry 5.0,2024,"Latino, M.E. et al",,,,,identified,duplicate,pending,D01_duplicate_of_RAW380,
RAW470,local_paper_list,LOCAL,"Foundation models in smart agriculture: Basics, opportunities, and challenges",2024,"Li, J. et al",,,,,identified,duplicate,pending,D01_duplicate_of_RAW381,
RAW471,local_paper_list,LOCAL,"From Industry 4.0 to Agriculture 4.0: Current Status, Enabling Technologies, and Research Challenges",2021,"Liu, Y. et al",,,,,identified,unique,exclude,R03_no_clear_network_control_component,
RAW472,local_paper_list,LOCAL,Security Analysis in Smart Agriculture: Insights from a Cyber-Physical System Application,2024,"Mahlous, A.R",,,,,identified,duplicate,pending,D01_duplicate_of_RAW383,
RAW473,local_paper_list,LOCAL,Machine Learning for Smart Agriculture: A Comprehensive Survey,2024,"Mahmood, M.R. et al",,,,,identified,unique,exclude,R02_wrong_document_type_or_domain,
RAW474,local_paper_list,LOCAL,Malicious detection model with artificial neural network in IoT-based smart farming security,2024,"Mohy-eddine, M. et al",,,,,identified,unique,candidate_core,,
RAW475,local_paper_list,LOCAL,IoT-based smart irrigation management system to enhance agricultural water security,2024,"Morchid, A. et al",,,,,identified,unique,candidate_core,,
RAW476,local_paper_list,LOCAL,Updating guidance for reporting systematic reviews: Development of the PRISMA statement,2020,"Page, M.J. et al",,,,,identified,unique,exclude,R02_wrong_document_type_or_domain,
RAW477,local_paper_list,LOCAL,Towards sustainable agriculture: Harnessing AI for global food security,2024,"Pandey, D.K. \& Mishra, R",,,,,identified,unique,exclude,R03_no_clear_network_control_component,
RAW478,local_paper_list,LOCAL,An ingenious IoT-based crop prediction system using ML and EL,2024,"Ramzan, S. et al",,,,,identified,unique,exclude,R02_wrong_document_type_or_domain,
RAW479,local_paper_list,LOCAL,Smart Crop Recommender System-A Machine Learning Approach,2022,"Ray, R.K. et al",,,,,identified,unique,exclude,R03_no_clear_network_control_component,
RAW480,local_paper_list,LOCAL,"Technological revolutions in smart farming: Current trends, challenges \& future directions",2022,"Sharma, V. et al",,,,,identified,unique,exclude,R03_no_clear_network_control_component,
RAW481,local_paper_list,LOCAL,Agriculture 4.0 and smart sensors: the scientific evolution of digital agriculture,2021,"Sott, M.K. et al",,,,,identified,unique,exclude,R03_no_clear_network_control_component,
RAW482,local_paper_list,LOCAL,An improved random forest based on the classification accuracy and correlation measurement,2024,"Sun, Z. et al",,,,,identified,unique,exclude,R04_out_of_agriculture_scope,
RAW483,local_paper_list,LOCAL,Performance Evaluation of Unsupervised Learning in Optimization of IOT-based Irrigation System,2024,"Sunori, S.K. et al",,,,,identified,unique,candidate_core,,
RAW484,local_paper_list,LOCAL,An empirical study on system level aspects of Internet of Things (IoT),2020,"Swamy, S.N. \& Kota, S.R",,,,,identified,unique,exclude,R04_out_of_agriculture_scope,
RAW485,local_paper_list,LOCAL,Construction and comprehensive evaluation of an index system for climate-smart agricultural development in China,2024,"Tong, H. et al",,,,,identified,unique,exclude,R03_no_clear_network_control_component,
RAW486,local_paper_list,LOCAL,Fast generalized ramp loss support vector machine for pattern classification,2024,"Wang, H. \& Shao, Y",,,,,identified,unique,exclude,R04_out_of_agriculture_scope,
RAW487,local_paper_list,LOCAL,IoT-based system of prevention and control for crop diseases and insect pests,2024,"Wang, Z. et al",,,,,identified,unique,candidate_core,,
RAW488,local_paper_list,LOCAL,Big data in smart farming – A review,2017,"Wolfert, S. et al",,,,,identified,unique,exclude,R02_wrong_document_type_or_domain,
RAW489,local_paper_list,LOCAL,Monitoring citrus soil moisture and nutrients using an IoT-based system,2017,"Zhang, X. et al",,,,,identified,unique,candidate_core,,
RAW490,local_paper_list,LOCAL,Harvesting a sustainable future: An overview of smart agriculture’s role in sustainability,2024,"Zul Azlan, Z.H. et al",,,,,identified,unique,exclude,R03_no_clear_network_control_component,
RAW491,local_cleaned_papers,LOCAL,Dew Computing in Smart Agriculture to Improve Real-Time Data Processing and Decision-Making Capabilities for Sustainable Farming,2025,"Abarnaa, S., Anumitha, B., Dheetchanaa, K., \& Geetha, B. G",,,,,identified,duplicate,pending,D01_duplicate_of_RAW316,
RAW492,local_cleaned_papers,LOCAL,Safe Control of Multi-Agent Systems with Minimal Communication,2025,"Abdelgalil, M. \& Poveda, J. I",,,,,identified,duplicate,pending,D01_duplicate_of_RAW317,
RAW493,local_cleaned_papers,LOCAL,IoT-Enabled Adaptive Watering System with ARIMA-Based Soil Moisture Prediction for Smart Agriculture,2025,"Afzal, M., Saeed, I. A., Sohail, M. N., \& Saad, M. H. M",,,,,identified,duplicate,pending,D01_duplicate_of_RAW320,
RAW494,local_cleaned_papers,LOCAL,Learned DICOM Image Compression via Super-Resolution with Dilated Residual Blocks and Pixel Attention,2025,"Agha, O. O., Fareed, Y., \& Chachati, L",,,,,identified,duplicate,pending,D01_duplicate_of_RAW321,
RAW495,local_cleaned_papers,LOCAL,Vegetation Effects on LoRa-Based Wireless Sensor Communication for Remote Monitoring of Automatic Orchard Irrigation Status,2025,"Ahmed, S., Reza, M. N., Samsuzzaman, Karim, M. R., Jin, H., Kim, H., \& Chung, S.-O",,,,,identified,duplicate,pending,D01_duplicate_of_RAW322,
RAW496,local_cleaned_papers,LOCAL,Artificial Intelligence in Agriculture: Advancing Crop Productivity and Sustainability,2025,"Aijaz, N., Lan, H., Raza, T., Yaqub, M., Iqbal, R., \& Pathan, M. S",,,,,identified,duplicate,pending,D01_duplicate_of_RAW323,
RAW497,local_cleaned_papers,LOCAL,Analyzing the Effectiveness of Wireless Sensor Networks in Smart Agriculture with OPNET,2025,"Akinleye, A.O",,,,,identified,duplicate,pending,D01_duplicate_of_RAW324,
RAW498,local_cleaned_papers,LOCAL,Data-driven model predictive control (MPC) for irrigation management in agricultural greenhouse under CO2 enrichment,2025,"Al-Ansari, T. et al",,,,,identified,duplicate,pending,D01_duplicate_of_RAW325,
RAW499,local_cleaned_papers,LOCAL,Precision agriculture through data‐driven farming techniques,2025,"Al-Ani, N. M. K., Gharghan, S. K., Al-Abbasi, Z. Q., \& Kahtan, H",,,,,identified,duplicate,pending,D01_duplicate_of_RAW326,
RAW500,local_cleaned_papers,LOCAL,Spatiotemporal prediction of soil moisture content using machine learning algorithms,2025,"Alahmad, T., Neményi, M., Széles, A., Ali, M., Hijazi, O., \& Nyéki, A",,,,,identified,duplicate,pending,D01_duplicate_of_RAW327,
RAW501,local_cleaned_papers,LOCAL,"MIMO-OFDM Based Wireless Sensor Networks: Standards, Challenges, and Opportunities in Smart Agriculture",2025,"Algabroun, H. \& Håkansson, L",,,,,identified,duplicate,pending,D01_duplicate_of_RAW329,
RAW502,local_cleaned_papers,LOCAL,"Application of Smart Techniques, Internet of Things and Data Mining for Resource Use Efficient and Sustainable Crop Production",2025,"Ali, A., et al",,,,,identified,duplicate,pending,D01_duplicate_of_RAW330,
RAW503,local_cleaned_papers,LOCAL,Optimal cooperative routing protocol for energy efficiency in wireless sensor networks,2025,"Al-Shatnawi, A. M. \& Al-Oqaily, H. A",,,,,identified,duplicate,pending,D01_duplicate_of_RAW331,
RAW504,local_cleaned_papers,LOCAL,Intelligent Irrigation Management using Reinforcement Learning and Digital Twins,2025,"Anagnostis, A. et al",,,,,identified,duplicate,pending,D01_duplicate_of_RAW332,
RAW505,local_cleaned_papers,LOCAL,"Digital Twin: Benefits, use cases, challenges, and opportunities",2025,"Attaran, M. \& Celik, B. G",,,,,identified,duplicate,pending,D01_duplicate_of_RAW334,
RAW506,local_cleaned_papers,LOCAL,Energy-Efficient and Secure Routing in WSN-IoT for Smart Agriculture using Hybrid Optimization,2025,"Ayaz, H",,,,,identified,duplicate,pending,D01_duplicate_of_RAW335,
RAW507,local_cleaned_papers,LOCAL,Internet of Things (IoT) Based Smart Agriculture Monitoring System,2025,"Bakthavatchalam, K",,,,,identified,duplicate,pending,D01_duplicate_of_RAW336,
RAW508,local_cleaned_papers,LOCAL,Internet of Things (IoT) and Agricultural Unmanned Aerial Vehicles (UAVs) in Smart Farming,2025,"Boursianis, A. D",,,,,identified,duplicate,pending,D01_duplicate_of_RAW338,
RAW509,local_cleaned_papers,LOCAL,LoRa Communications as an Enabler for Internet of Drones towards Large-Scale Livestock Monitoring in Rural Farms,2021,"Behjati, Mehran, Nordin, Rosdiadee, Abdullah, Nor Fadzilah, et al.",,10.3390/s21155044,https://doi.org/10.3390/s21155044,,identified,duplicate,pending,D01_duplicate_of_RAW339,
RAW510,local_cleaned_papers,LOCAL,Energy-Efficient IoT-Based Monitoring System for Precision Viticulture,2025,"Castrillo, M",,,,,identified,duplicate,pending,D01_duplicate_of_RAW340,
RAW511,local_cleaned_papers,LOCAL,Multi-objective optimized GPSR intelligent routing protocol for UAV clusters,2025,"Chen, H",,,,,identified,duplicate,pending,D01_duplicate_of_RAW341,
RAW512,local_cleaned_papers,LOCAL,Research on Agricultural Environmental Monitoring System Based on IoT,2025,"Chen, Y",,,,,identified,duplicate,pending,D01_duplicate_of_RAW343,
RAW513,local_cleaned_papers,LOCAL,Green-IoT based Smart Agriculture System for Real-time Monitoring and Control,2025,"Choudhury, S",,,,,identified,duplicate,pending,D01_duplicate_of_RAW344,
RAW514,local_cleaned_papers,LOCAL,Solar dryer dome to improve post-harvest processing for smallholder farmers,2026,"Das, N",,,,,identified,duplicate,pending,D01_duplicate_of_RAW347,
RAW515,local_cleaned_papers,LOCAL,Harnessing the power of transformers and data fusion in smart irrigation,2025,"Deforce, B",,,,,identified,duplicate,pending,D01_duplicate_of_RAW348,
RAW516,local_cleaned_papers,LOCAL,Farming Assistance for Soil Fertility Improvement and Crop Prediction using XGBoost,2025,"Deshmukh, M",,,,,identified,duplicate,pending,D01_duplicate_of_RAW349,
RAW517,local_cleaned_papers,LOCAL,Edge-AI-Enabled IoT Systems for Smart Agriculture,2025,"Dhelim, S",,,,,identified,duplicate,pending,D01_duplicate_of_RAW350,
RAW518,local_cleaned_papers,LOCAL,Smart Agriculture System Based on Long Range Wide Area Network,2025,"Dong, X",,,,,identified,duplicate,pending,D01_duplicate_of_RAW351,
RAW519,local_cleaned_papers,LOCAL,IoT Based Smart Agriculture Monitoring and Irrigation System,2025,"Ezhilazhagan, V",,,,,identified,duplicate,pending,D01_duplicate_of_RAW352,
RAW520,local_cleaned_papers,LOCAL,AI-based framework for early detection and segmentation of green Citrus fruits,2025,"El Akrouchi, M., Mhada, M., Bayad, M., Hawkesford, M. J., \& Gérard, B",,,,,identified,duplicate,pending,D01_duplicate_of_RAW353,
RAW521,local_cleaned_papers,LOCAL,Impact of Minimum Spanning Tree Algorithms on Extractive Arabic Text Summarization,2025,"El Khatib, A",,,,,identified,duplicate,pending,D01_duplicate_of_RAW354,
RAW522,local_cleaned_papers,LOCAL,Prediction the Depth of Color of Cationised Cotton Fabric Dyed with Reactive Dyes Using Fuzzy Logic,2025,"Elkhaoudii, M",,,,,identified,duplicate,pending,D01_duplicate_of_RAW355,
RAW523,local_cleaned_papers,LOCAL,Control And Monitoring System Design Cultivation of Lettuce Using Method Aeroponics Based on Smart Farming,2025,"Fhaizal, M. A., Rizki, M., Wijaya, W., \& Mulyadi, C. D",,,,,identified,duplicate,pending,D01_duplicate_of_RAW357,
RAW524,local_cleaned_papers,LOCAL,Post-quantum digital signature algorithms on IoT,2025,"Fournaris, K",,,,,identified,duplicate,pending,D01_duplicate_of_RAW358,
RAW525,local_cleaned_papers,LOCAL,Design and Implementation of an efficient IoT based approach to Supply Chain Management,2025,"Gaikwad, K",,,,,identified,duplicate,pending,D01_duplicate_of_RAW359,
RAW526,local_cleaned_papers,LOCAL,Event-Triggered Distributed Optimal Bipartite Consensus Control for Multi-Agent Systems,2025,"Gao, H., Yu, Z., Liu, J., \& Sun, C",,,,,identified,duplicate,pending,D01_duplicate_of_RAW360,
RAW527,local_cleaned_papers,LOCAL,Data-driven model predictive control (MPC) for irrigation management to optimize water and energy,2025,"Ghiat, I., Govindan, R., \& Al-Ansari, T",,,,,identified,duplicate,pending,D01_duplicate_of_RAW361,
RAW528,local_cleaned_papers,LOCAL,"Edge Computing-Enabled Smart Agriculture: Technical Architectures, Practical Evolution, and Bottleneck Breakthroughs",2025,"Gong, R",,,,,identified,duplicate,pending,D01_duplicate_of_RAW362,
RAW529,local_cleaned_papers,LOCAL,Dragonfly-Inspired OLSR Protocol for Interference-Aware Seamless Connectivity in FANET,2025,"Gunavathy, H",,,,,identified,duplicate,pending,D01_duplicate_of_RAW363,
RAW530,local_cleaned_papers,LOCAL,Path planning for unmanned aerial vehicles in dynamic environments,2025,"Haidar Ahmad, A",,,,,identified,duplicate,pending,D01_duplicate_of_RAW364,
RAW531,local_cleaned_papers,LOCAL,Next-generation lithium-ion batteries for electric vehicles: AI driven performance optimization,2025,"Hammed, V",,,,,identified,duplicate,pending,D01_duplicate_of_RAW365,
RAW532,local_cleaned_papers,LOCAL,Navigating ethics in wireless sensor networks for sustainable agriculture,2025,"Han, M",,,,,identified,duplicate,pending,D01_duplicate_of_RAW367,
RAW533,local_cleaned_papers,LOCAL,Bundled authenticated key exchange: a concrete treatment of (post-quantum) signal’s handshake protocol,2025,"Hashimoto, K",,,,,identified,duplicate,pending,D01_duplicate_of_RAW368,
RAW534,local_cleaned_papers,LOCAL,"Smart Farming Technologies: IoT, Sensors, and Data Analytics",2026,"Dilip, R., Nishchitha, M. H., Talikoti, Mallika, Kalpavi, C. Y., Balaraj, Harshini Veronica Deepak, Tejashwini, N.",,10.1002/9781394248711.ch13,https://doi.org/10.1002/9781394248711.ch13,,identified,duplicate,pending,D01_duplicate_of_RAW369,
RAW535,local_cleaned_papers,LOCAL,Self-Triggering Evolutionary Optimal Control of Multi-Modular Robot Manipulators,2025,"Huang, H",,,,,identified,duplicate,pending,D01_duplicate_of_RAW370,
RAW536,local_cleaned_papers,LOCAL,Learning-based Pest Count Forecasting for Solar Insecticidal Lamps,2025,"Huang, X",,,,,identified,duplicate,pending,D01_duplicate_of_RAW371,
RAW537,local_cleaned_papers,LOCAL,Sustainable food systems transformation in the face of climate change,2025,"Iqbal, B",,,,,identified,duplicate,pending,D01_duplicate_of_RAW372,
RAW538,local_cleaned_papers,LOCAL,Sustainable Smart Irrigation System using solar PV with rainwater harvesting,2025,"Islam, S. Z",,,,,identified,duplicate,pending,D01_duplicate_of_RAW373,
RAW539,local_cleaned_papers,LOCAL,DP-MCR: A Bio-Inspired Multi-Constraint Routing Protocol for Delay-Resilient and Secure Communication,2025,"Jagadeeswaran, V. S",,,,,identified,duplicate,pending,D01_duplicate_of_RAW374,
RAW540,local_cleaned_papers,LOCAL,Peregrine Falcon Optimization Routing Protocol for Hazardous Drone Ad-Hoc Networks,2025,"Jaganathan, R",,,,,identified,duplicate,pending,D01_duplicate_of_RAW375,
RAW541,local_cleaned_papers,LOCAL,Decentralized Dynamic Event-Triggered Communication and Active Suspension Control of In-Wheel Motor Driven Electric Vehicles,2025,"Jin, X",,,,,identified,duplicate,pending,D01_duplicate_of_RAW376,
RAW542,local_cleaned_papers,LOCAL,Automated Greenhouses: IoT-Driven Climate Control,2026,"Kalia, A. \& M V, S",,,,,identified,duplicate,pending,D01_duplicate_of_RAW377,
RAW543,local_cleaned_papers,LOCAL,Intelligent Offloading of IoT-Based Smart Agriculture Data in Edge-Cloud Continuum,2025,"Khan, I",,,,,identified,duplicate,pending,D01_duplicate_of_RAW378,
RAW544,local_cleaned_papers,LOCAL,Analysis of multi-dimensional Industrial IoT (IIoT) data in Edge–Fog–Cloud based architectural frameworks,2025,"Kumar, R",,,,,identified,duplicate,pending,D01_duplicate_of_RAW379,
RAW545,local_cleaned_papers,LOCAL,Digital Technologies for Sustainable Development of Agri-Food: Implementation Guidelines Toward Industry 5.0,2025,"Latino, M. E",,,,,identified,duplicate,pending,D01_duplicate_of_RAW380,
RAW546,local_cleaned_papers,LOCAL,"Foundation models in smart agriculture: Basics, opportunities, and challenges",2025,"Li, J",,,,,identified,duplicate,pending,D01_duplicate_of_RAW381,
RAW547,local_cleaned_papers,LOCAL,Co-design of dynamic event-triggered mechanism and observer-based control for networked systems,2025,"Liu, M",,,,,identified,duplicate,pending,D01_duplicate_of_RAW382,
RAW548,local_cleaned_papers,LOCAL,Security Analysis in Smart Agriculture: Insights from a Cyber-Physical System Application,2025,"Mahlous, A. R",,,,,identified,duplicate,pending,D01_duplicate_of_RAW383,
RAW549,local_cleaned_papers,LOCAL,Management Practices for Sustainable Agriculture in the Age of Smart Farming,2025,"Mathiyalagan, P",,,,,identified,duplicate,pending,D01_duplicate_of_RAW384,
RAW550,local_cleaned_papers,LOCAL,"Design, development, and evaluation of a low-cost smart greenhouse control system",2025,"Mokhtarzadeh, H",,,,,identified,duplicate,pending,D01_duplicate_of_RAW386,
RAW551,local_cleaned_papers,LOCAL,Cross-layer analysis of machine learning models for secure and energy-efficient IoT networks,2025,"Mustafa, R",,,,,identified,duplicate,pending,D01_duplicate_of_RAW387,
RAW552,local_cleaned_papers,LOCAL,Design and development of IoT smart drip irrigation and fertigation prototype,2025,"Ngoma, D. H",,,,,identified,duplicate,pending,D01_duplicate_of_RAW388,
RAW553,local_cleaned_papers,LOCAL,Virtual sensors for smart farming: An IoT-and AI-enabled approach,2025,"Nithya, V",,,,,identified,duplicate,pending,D01_duplicate_of_RAW389,
RAW554,local_cleaned_papers,LOCAL,Integrated Fluid Dynamics Modeling for Smart Agricultural Irrigation,2025,"Pahlawan, R",,,,,identified,duplicate,pending,D01_duplicate_of_RAW391,
RAW555,local_cleaned_papers,LOCAL,RL-Guided MPC for Autonomous Greenhouse Control,2025,"Panagopoulos, I",,,,,identified,duplicate,pending,D01_duplicate_of_RAW393,
RAW556,local_cleaned_papers,LOCAL,Real-Time Respiratory Sound Classification For Remote Diagnostic Systems in Agriculture,2025,"Pandala, M. L",,,,,identified,duplicate,pending,D01_duplicate_of_RAW394,
RAW557,local_cleaned_papers,LOCAL,Development and evaluation of wireless sensor network (WSN) based automated drip irrigation system,2025,"Patle, G. T",,,,,identified,duplicate,pending,D01_duplicate_of_RAW395,
RAW558,local_cleaned_papers,LOCAL,Hybrid LoRaWAN–MQTT Architecture for Portable Smart Greenhouses,2025,"Perdana, D",,,,,identified,duplicate,pending,D01_duplicate_of_RAW396,
RAW559,local_cleaned_papers,LOCAL,Observer-based AE-T cooperative DMPC for a class of interconnected nonlinear systems,2025,"Plšičík Pavlovičová, E",,,,,identified,duplicate,pending,D01_duplicate_of_RAW397,
RAW560,local_cleaned_papers,LOCAL,CropSynergy: Harnessing IoT Solutions for Smart and Efficient Crop Management,2025,"Pöchtrager, S",,,,,identified,duplicate,pending,D01_duplicate_of_RAW398,
RAW561,local_cleaned_papers,LOCAL,Stable Plithogenic Cubic Sets in Agricultural Decision Making,2025,"Ponnukumar, P. S",,,,,identified,duplicate,pending,D01_duplicate_of_RAW399,
RAW562,local_cleaned_papers,LOCAL,A platform to support the fast development of digital twins for agricultural holdings,2025,"Prasanjana, V",,,,,identified,duplicate,pending,D01_duplicate_of_RAW400,
RAW563,local_cleaned_papers,LOCAL,Design and performance of nutrient dosing control system using fuzzy logic,2025,"Prastono, H",,,,,identified,duplicate,pending,D01_duplicate_of_RAW401,
RAW564,local_cleaned_papers,LOCAL,Mappings Of Plithogenic Cubic Sets,2025,"Priyadharshini, S. P",,,,,identified,duplicate,pending,D01_duplicate_of_RAW402,
RAW565,local_cleaned_papers,LOCAL,Efficient state synchronization in distributed electrical grid systems,2025,"Prymushko, A",,,,,identified,duplicate,pending,D01_duplicate_of_RAW403,
RAW566,local_cleaned_papers,LOCAL,ILoRa: Interleaving-driven neural network for rate adaptation in LoRa communications,2025,"Qi, X",,,,,identified,duplicate,pending,D01_duplicate_of_RAW404,
RAW567,local_cleaned_papers,LOCAL,Jaguar-Based Routing Protocol (JRP) For Improved Reliability in DANET,2025,"Ramkumar, J",,,,,identified,duplicate,pending,D01_duplicate_of_RAW406,
RAW568,local_cleaned_papers,LOCAL,Machine learning and robotics in urban traffic flow optimization,2025,"Ramkumar, J",,,,,identified,duplicate,pending,D01_duplicate_of_RAW407,
RAW569,local_cleaned_papers,LOCAL,Optimizing Quality of Service and Energy Efficiency in Hazardous DANET,2025,"Ramkumar, J",,,,,identified,duplicate,pending,D01_duplicate_of_RAW408,
RAW570,local_cleaned_papers,LOCAL,Early Prediction of Heart Disease Using Deep Belief-Assisted Neural Predictor (Agricultural Health App),2025,"Ranjani, M",,,,,identified,duplicate,pending,D01_duplicate_of_RAW409,
RAW571,local_cleaned_papers,LOCAL,Towards the quantum-safe web: benchmarking post-quantum tls,2025,"Ríos, R",,,,,identified,duplicate,pending,D01_duplicate_of_RAW410,
RAW572,local_cleaned_papers,LOCAL,Emerging technologies for smart and sustainable precision agriculture,2025,"Roothan, C",,,,,identified,duplicate,pending,D01_duplicate_of_RAW411,
RAW573,local_cleaned_papers,LOCAL,IoT-Enabled Autonomous Rover for Small-Scale Precision Farming,2025,"Rustemi, A",,,,,identified,duplicate,pending,D01_duplicate_of_RAW413,
RAW574,local_cleaned_papers,LOCAL,Versatile quantum-safe hybrid key exchange and its application to MACsec,2025,"Sáez de Buruaga Brouns, J",,,,,identified,duplicate,pending,D01_duplicate_of_RAW414,
RAW575,local_cleaned_papers,LOCAL,LoRa-Based Smart Agriculture Monitoring and Automatic Irrigation System,2025,"Sagali, E. K",,,,,identified,duplicate,pending,D01_duplicate_of_RAW415,
RAW576,local_cleaned_papers,LOCAL,Innovations in Sensor-Based Systems and Sustainable Energy Solutions for Smart Agriculture,2025,"Sajib, M. M. H",,,,,identified,duplicate,pending,D01_duplicate_of_RAW416,
RAW577,local_cleaned_papers,LOCAL,Control And Monitoring System Design Cultivation of Lettuce Using Method Aeroponics,2025,"Sellami, B",,,,,identified,duplicate,pending,D01_duplicate_of_RAW417,
RAW578,local_cleaned_papers,LOCAL,Robust Event-Triggered Control for Networked Control Systems Under DoS Attacks,2025,"Shang, Y",,,,,identified,duplicate,pending,D01_duplicate_of_RAW418,
RAW579,local_cleaned_papers,LOCAL,Data-Driven Distributed Event-Triggered Control for Networked Multi-Agent Systems,2025,"Song, C",,,,,identified,duplicate,pending,D01_duplicate_of_RAW419,
RAW580,local_cleaned_papers,LOCAL,Event-Based Model Predictive Control for Greenhouse Climate Control with Energy Optimization,2025,"Sun, Y",,,,,identified,duplicate,pending,D01_duplicate_of_RAW420,
RAW581,local_cleaned_papers,LOCAL,An Efficient Deep Learning Approach for Plant Disease Detection in Smart Agriculture,2025,"Truong, T. A",,,,,identified,duplicate,pending,D01_duplicate_of_RAW421,
RAW582,local_cleaned_papers,LOCAL,AI in Agriculture: Cloud-Powered Precision Farming with Real-Time Data Analytics,2025,"Vissarapu, S",,,,,identified,duplicate,pending,D01_duplicate_of_RAW423,
RAW583,local_cleaned_papers,LOCAL,Social Irrigation: An Intelligent Irrigation System,2026,"Wang, Y.-J",,,,,identified,duplicate,pending,D01_duplicate_of_RAW424,
RAW584,local_cleaned_papers,LOCAL,Observer-based Practical Prescribed-Time Consensus Tracking Control,2025,"Wang, J",,,,,identified,duplicate,pending,D01_duplicate_of_RAW426,
RAW585,local_cleaned_papers,LOCAL,Event-based Sensor Data Scheduling: Trade-off between Communication and Control,2025,"Wu, J",,,,,identified,duplicate,pending,D01_duplicate_of_RAW427,
RAW586,local_cleaned_papers,LOCAL,Event-Driven Robust Model Predictive Control for Electromagnetic Levitation Systems,2025,"Yan, M",,,,,identified,duplicate,pending,D01_duplicate_of_RAW428,
RAW587,local_cleaned_papers,LOCAL,Semi–Global Exponential Stabilization of Nonlinear Time–Delay Systems via Event–Triggered Controllers,2025,"Yang, M",,,,,identified,duplicate,pending,D01_duplicate_of_RAW429,
RAW588,local_cleaned_papers,LOCAL,Disturbance Rejection Self-Triggered Distributed MPC for Asynchronous Multiagent Systems,2025,"Yang, Y",,,,,identified,duplicate,pending,D01_duplicate_of_RAW430,
RAW589,local_cleaned_papers,LOCAL,A Compensation Matrix Based Model Predictive Control Structure for Manufacturing,2025,"Yao, X",,,,,identified,duplicate,pending,D01_duplicate_of_RAW431,
RAW590,local_cleaned_papers,LOCAL,FLTrans-Net: transformer-based feature learning network for wheat head detection,2025,"Yousafzai, S. N",,,,,identified,duplicate,pending,D01_duplicate_of_RAW432,
RAW591,local_cleaned_papers,LOCAL,"Smart Farming, Smarter Solutions: Revolutionizing Agriculture with Artificial Intelligence",2025,"Yousefi, M",,,,,identified,duplicate,pending,D01_duplicate_of_RAW433,
RAW592,local_cleaned_papers,LOCAL,Q-learning-based semi-fixed clustering routing algorithm in WSNs,2025,"Zhaohui, Z",,,,,identified,duplicate,pending,D01_duplicate_of_RAW435,
RAW593,local_cleaned_papers,LOCAL,Towards an intelligent and automatic irrigation system based on internet of things,2025,"Zhang, H",,,,,identified,duplicate,pending,D01_duplicate_of_RAW436,
RAW594,local_cleaned_papers,LOCAL,Research and Development of an IoT Smart Irrigation System for Farmland Based on LoRa,2025,"Zhang, Y",,,,,identified,duplicate,pending,D01_duplicate_of_RAW437,
RAW595,local_cleaned_papers,LOCAL,Dynamic Self-Triggered Intelligent Path Tracking Control via Reinforcement Learning,2025,"Zhang, Y",,,,,identified,duplicate,pending,D01_duplicate_of_RAW438,
RAW596,local_cleaned_papers,LOCAL,Optimal Yaw Attitude Tracking Control of Maglev Cars Via Reinforcement Learning-Based MPC,2025,"Zhang, Y",,,,,identified,duplicate,pending,D01_duplicate_of_RAW439,
RAW597,local_cleaned_papers,LOCAL,Immersion and Invariance Adaptive Control for Unmanned Helicopter,2025,"Zhou, X",,,,,identified,duplicate,pending,D01_duplicate_of_RAW440,
RAW598,local_cleaned_papers,LOCAL,LoRA-Augmented ConvMixed-ViT Architecture for Adaptive Compressive Sensing in AIoT,2025,"Zhou, Y",,,,,identified,duplicate,pending,D01_duplicate_of_RAW441,
RAW599,local_cleaned_papers,LOCAL,Observer-based reinforcement learning for optimal fault-tolerant consensus control,2025,"Zhu, B",,,,,identified,duplicate,pending,D01_duplicate_of_RAW442,
RAW600,local_cleaned_papers,LOCAL,Using multi-sensor data fusion techniques and machine learning algorithms for UAV-based yield prediction,2025,"Zhu, H",,,,,identified,duplicate,pending,D01_duplicate_of_RAW443,
RAW601,local_cleaned_papers,LOCAL,Gateway configuration in 2.4 GHz LoRa networks,2025,"Zorbas, D",,,,,identified,duplicate,pending,D01_duplicate_of_RAW444,
RAW602,local_cleaned_papers,LOCAL,"Climate change, water resources and sustainable agriculture: Impact, adaptation and mitigation",2023,"Abbas, A. et al",,,,,identified,duplicate,pending,D01_duplicate_of_RAW445,
RAW603,local_cleaned_papers,LOCAL,IoT-based intelligent pest management system for precision agriculture,2024,"Ahmed, S. et al",,,,,identified,duplicate,pending,D01_duplicate_of_RAW447,
RAW604,local_cleaned_papers,LOCAL,"Application of smart techniques, internet of things and data mining for sustainable crop production",2023,"Ali, A. et al",,,,,identified,duplicate,pending,D01_duplicate_of_RAW448,
RAW605,local_cleaned_papers,LOCAL,Internet-of-Things (IoT)-based smart agriculture: Toward making the fields talk,2019,"Ayaz, M. et al",,,,,identified,duplicate,pending,D01_duplicate_of_RAW450,
RAW606,local_cleaned_papers,LOCAL,Feature Selection for Portable Spectral Sensing Data of Soil Using Broad Learning Network,2024,"Chen, H. et al",,,,,identified,duplicate,pending,D01_duplicate_of_RAW452,
RAW607,local_cleaned_papers,LOCAL,The effect of biologically mediated decay rates on modelling soil carbon sequestration,2023,"Davoudabadi, M.J. et al",,,,,identified,duplicate,pending,D01_duplicate_of_RAW453,
RAW608,local_cleaned_papers,LOCAL,Design of an Internet of Things (IoT)-based photosynthetically active radiation (PAR) monitoring system,2024,"Dong, Y. \& Hansen, H",,,,,identified,duplicate,pending,D01_duplicate_of_RAW454,
RAW609,local_cleaned_papers,LOCAL,Transformative technologies in digital agriculture: Leveraging Internet of Things and AI,2024,"Fuentes-Peñailillo, F. et al",,,,,identified,duplicate,pending,D01_duplicate_of_RAW457,
RAW610,local_cleaned_papers,LOCAL,Machine learning enabled IoT system for soil nutrients monitoring and crop recommendation,2023,"Islam, M.R. et al",,,,,identified,duplicate,pending,D01_duplicate_of_RAW460,
RAW611,local_cleaned_papers,LOCAL,An eXplainable AI (XAI) model for text-based patent novelty analysis,2023,"Jang, H. et al",,,,,identified,duplicate,pending,D01_duplicate_of_RAW461,
RAW612,local_cleaned_papers,LOCAL,Enhancing smart farming through the applications of Agriculture 4.0 technologies,2022,"Javaid, M. et al",,,,,identified,duplicate,pending,D01_duplicate_of_RAW462,
RAW613,local_cleaned_papers,LOCAL,Smart water management platform: IoT-based precision irrigation for agriculture,2019,"Kamienski, C. et al",,,,,identified,duplicate,pending,D01_duplicate_of_RAW464,
RAW614,local_cleaned_papers,LOCAL,An effective hybrid attention model for crop yield prediction,2024,"Kumar, B.V. \& Rao, P.G.K",,,,,identified,duplicate,pending,D01_duplicate_of_RAW467,
RAW615,local_cleaned_papers,LOCAL,"From Industry 4.0 to Agriculture 4.0: Current Status, Enabling Technologies, and Research Challenges",2021,"Liu, Y. et al",,,,,identified,duplicate,pending,D01_duplicate_of_RAW471,
RAW616,local_cleaned_papers,LOCAL,Malicious detection model with artificial neural network in IoT-based smart farming security,2024,"Mohy-eddine, M. et al",,,,,identified,duplicate,pending,D01_duplicate_of_RAW474,
RAW617,local_cleaned_papers,LOCAL,IoT-based smart irrigation management system to enhance agricultural water security,2024,"Morchid, A. et al",,,,,identified,duplicate,pending,D01_duplicate_of_RAW475,
RAW618,local_cleaned_papers,LOCAL,Towards sustainable agriculture: Harnessing AI for global food security,2024,"Pandey, D.K. \& Mishra, R",,,,,identified,duplicate,pending,D01_duplicate_of_RAW477,
RAW619,local_cleaned_papers,LOCAL,An ingenious IoT-based crop prediction system using ML and EL,2024,"Ramzan, S. et al",,,,,identified,duplicate,pending,D01_duplicate_of_RAW478,
RAW620,local_cleaned_papers,LOCAL,Smart Crop Recommender System-A Machine Learning Approach,2022,"Ray, R.K. et al",,,,,identified,duplicate,pending,D01_duplicate_of_RAW479,
RAW621,local_cleaned_papers,LOCAL,Agriculture 4.0 and smart sensors: the scientific evolution of digital agriculture,2021,"Sott, M.K. et al",,,,,identified,duplicate,pending,D01_duplicate_of_RAW481,
RAW622,local_cleaned_papers,LOCAL,An improved random forest based on the classification accuracy and correlation measurement,2024,"Sun, Z. et al",,,,,identified,duplicate,pending,D01_duplicate_of_RAW482,
RAW623,local_cleaned_papers,LOCAL,Performance Evaluation of Unsupervised Learning in Optimization of IOT-based Irrigation System,2024,"Sunori, S.K. et al",,,,,identified,duplicate,pending,D01_duplicate_of_RAW483,
RAW624,local_cleaned_papers,LOCAL,Construction and comprehensive evaluation of an index system for climate-smart agricultural development in China,2024,"Tong, H. et al",,,,,identified,duplicate,pending,D01_duplicate_of_RAW485,
RAW625,local_cleaned_papers,LOCAL,Fast generalized ramp loss support vector machine for pattern classification,2024,"Wang, H. \& Shao, Y",,,,,identified,duplicate,pending,D01_duplicate_of_RAW486,
RAW626,local_cleaned_papers,LOCAL,IoT-based system of prevention and control for crop diseases and insect pests,2024,"Wang, Z. et al",,,,,identified,duplicate,pending,D01_duplicate_of_RAW487,
RAW627,local_cleaned_papers,LOCAL,Monitoring citrus soil moisture and nutrients using an IoT-based system,2017,"Zhang, X. et al",,,,,identified,duplicate,pending,D01_duplicate_of_RAW489,
