unique_id,source_raw_id,title,year,doi,source_channel,query_id,pnce_status,decision,reason_code,evidence_basis
U001,RAW001,Data-driven model predictive control for irrigation management in agricultural greenhouses under CO2 enrichment,2025,10.1016/j.atech.2025.101071,existing_core68,CORE68,included_core,include_verified_core,verified_core68_prior_audit,metadata/title/abstract automated screen; full-text required for candidate_core
U002,RAW002,Enhancing greenhouse efficiency: Integrating IoT and reinforcement learning for optimized climate control,2024,10.3390/s24248109,existing_core68,CORE68,included_core,include_verified_core,verified_core68_prior_audit,metadata/title/abstract automated screen; full-text required for candidate_core
U003,RAW003,RL-Guided MPC for Autonomous Greenhouse Control,2025,10.1016/j.ifacol.2025.11.829,existing_core68,CORE68,included_core,include_verified_core,verified_core68_prior_audit,metadata/title/abstract automated screen; full-text required for candidate_core
U004,RAW004,Event-Triggered Predictive Control for Networked Control Systems with Random Delays,2024,,existing_core68,CORE68,included_core,include_verified_core,verified_core68_prior_audit,metadata/title/abstract automated screen; full-text required for candidate_core
U005,RAW005,Greenhouse climate management: an optimal control approach,1994,,existing_core68,CORE68,included_core,include_verified_core,verified_core68_prior_audit,metadata/title/abstract automated screen; full-text required for candidate_core
U006,RAW006,Using the Internet of Things to promote alternate wetting and drying irrigation for rice in Vietnam’s Mekong Delta,2021,10.1007/s13593-021-00705-z,existing_core68,CORE68,included_core,include_verified_core,verified_core68_prior_audit,metadata/title/abstract automated screen; full-text required for candidate_core
U007,RAW007,Model Predictive Control for Greenhouse Climate: A Comprehensive Review and Practical Case Study,2023,,existing_core68,CORE68,included_core,include_verified_core,verified_core68_prior_audit,metadata/title/abstract automated screen; full-text required for candidate_core
U008,RAW008,Reinforcement learning-based model predictive control for greenhouse climate control,2025,10.1016/j.atech.2024.100751,existing_core68,CORE68,included_core,include_verified_core,verified_core68_prior_audit,metadata/title/abstract automated screen; full-text required for candidate_core
U009,RAW009,Efficient energy management and temperature control of a high-tech greenhouse using an improved data-driven model predictive control,2025,10.1016/j.ecmx.2025.100939,existing_core68,CORE68,included_core,include_verified_core,verified_core68_prior_audit,metadata/title/abstract automated screen; full-text required for candidate_core
U010,RAW010,Predictive control for greenhouse temperature and humidity and energy optimization by improved NMPC objective function algorithm,2024,10.25165/j.ijabe.20241705.8241,existing_core68,CORE68,included_core,include_verified_core,verified_core68_prior_audit,metadata/title/abstract automated screen; full-text required for candidate_core
U011,RAW011,Learning-based multi-agent MPC for irrigation scheduling,2024,10.1016/j.conengprac.2024.105908,existing_core68,CORE68,included_core,include_verified_core,verified_core68_prior_audit,metadata/title/abstract automated screen; full-text required for candidate_core
U012,RAW012,Robust sample-based model predictive control of a greenhouse system with parametric uncertainty,2022,10.1016/j.ifacol.2022.11.135,existing_core68,CORE68,included_core,include_verified_core,verified_core68_prior_audit,metadata/title/abstract automated screen; full-text required for candidate_core
U013,RAW013,Smart Irrigation System Considering Optimal Energy Management Based on Model Predictive Control (MPC),2022,10.3390/app12094235,existing_core68,CORE68,included_core,include_verified_core,verified_core68_prior_audit,metadata/title/abstract automated screen; full-text required for candidate_core
U014,RAW014,Robust model predictive control for greenhouse temperature based on particle swarm optimization,2018,10.1016/j.inpa.2018.04.003,existing_core68,CORE68,included_core,include_verified_core,verified_core68_prior_audit,metadata/title/abstract automated screen; full-text required for candidate_core
U015,RAW015,Event-Triggered Control for Scalar Networked Systems with Random Delays,2025,10.1109/aiea66061.2025.11160534,existing_core68,CORE68,included_core,include_verified_core,verified_core68_prior_audit,metadata/title/abstract automated screen; full-text required for candidate_core
U016,RAW016,Energy-Efficient Wireless Communication Strategy for Precision Agriculture Irrigation Control,2021,10.3390/s21165541,existing_core68,CORE68,included_core,include_verified_core,verified_core68_prior_audit,metadata/title/abstract automated screen; full-text required for candidate_core
U017,RAW017,Self-triggered Control with Energy Harvesting Sensor Nodes,2023,10.1145/3597311,existing_core68,CORE68,included_core,include_verified_core,verified_core68_prior_audit,metadata/title/abstract automated screen; full-text required for candidate_core
U018,RAW018,A Sensitivity-Based Approach to Self-Triggered Nonlinear Model Predictive Control,2024,10.1109/access.2024.3480522,existing_core68,CORE68,included_core,include_verified_core,verified_core68_prior_audit,metadata/title/abstract automated screen; full-text required for candidate_core
U019,RAW019,Self-Triggered DMPC for Dynamically Coupled Systems With Reduced Conservatism,2025,10.1109/tii.2025.3593862,existing_core68,CORE68,included_core,include_verified_core,verified_core68_prior_audit,metadata/title/abstract automated screen; full-text required for candidate_core
U020,RAW020,Self-Triggered Distributed Model Predictive Control with Synchronization Parameters Interaction,2024,10.48550/arxiv.2405.11006,existing_core68,CORE68,included_core,include_verified_core,verified_core68_prior_audit,metadata/title/abstract automated screen; full-text required for candidate_core
U021,RAW021,Event-Based Sensor Data Scheduling: Trade-Off Between Communication Rate and Estimation Quality,2013,10.1109/tac.2012.2215253,existing_core68,CORE68,included_core,include_verified_core,verified_core68_prior_audit,metadata/title/abstract automated screen; full-text required for candidate_core
U022,RAW022,A survey on recent advances in event-triggered communication and control,2018,,existing_core68,CORE68,included_core,include_verified_core,verified_core68_prior_audit,metadata/title/abstract automated screen; full-text required for candidate_core
U023,RAW023,Data-driven-based fully distributed event-triggered control for nonlinear multi-agent systems,2025,10.1016/j.amc.2025.129307,existing_core68,CORE68,included_core,include_verified_core,verified_core68_prior_audit,metadata/title/abstract automated screen; full-text required for candidate_core
U024,RAW024,Event-Triggered Distributed Optimal Bipartite Consensus Control for Multi-Agent Systems via Adaptive Dynamic Programming,2025,10.1109/crc67523.2025.11288265,existing_core68,CORE68,included_core,include_verified_core,verified_core68_prior_audit,metadata/title/abstract automated screen; full-text required for candidate_core
U025,RAW025,Disturbance Rejection Self-Triggered Distributed MPC With Adaptive Prediction Horizon for Asynchronous Multiagent Systems,2024,10.1109/tsmc.2024.3350157,existing_core68,CORE68,included_core,include_verified_core,verified_core68_prior_audit,metadata/title/abstract automated screen; full-text required for candidate_core
U026,RAW026,Semi–Global Exponential Stabilization of Nonlinear Time–Delay Systems via Sampled–Data Event–Triggered Controllers,2025,10.1109/cdc57313.2025.11312052,existing_core68,CORE68,included_core,include_verified_core,verified_core68_prior_audit,metadata/title/abstract automated screen; full-text required for candidate_core
U027,RAW027,Observer-based AE-T cooperative DMPC for a class of interconnected nonlinear systems with time delay and unmodeled dynamics,2025,10.1080/00207721.2025.2467224,existing_core68,CORE68,included_core,include_verified_core,verified_core68_prior_audit,metadata/title/abstract automated screen; full-text required for candidate_core
U028,RAW028,The event-triggered sampling optimization criterion for distributed networked monitoring and control systems,,10.1109/icit.2003.1290814,existing_core68,CORE68,included_core,include_verified_core,verified_core68_prior_audit,metadata/title/abstract automated screen; full-text required for candidate_core
U029,RAW029,Stability of output event-based control systems through quadratic trigger functions,2015,10.1109/etfa.2015.7301402,existing_core68,CORE68,included_core,include_verified_core,verified_core68_prior_audit,metadata/title/abstract automated screen; full-text required for candidate_core
U030,RAW030,A Learning Approach for Joint Design of Event-Triggered Control and Power-Efficient Resource Allocation,2022,10.1109/tvt.2022.3159739,existing_core68,CORE68,included_core,include_verified_core,verified_core68_prior_audit,metadata/title/abstract automated screen; full-text required for candidate_core
U031,RAW031,Intelligent Condensation Irrigation System Based on Internet of Things,2023,10.1109/icmsp58539.2023.10170873,existing_core68,CORE68,included_core,include_verified_core,verified_core68_prior_audit,metadata/title/abstract automated screen; full-text required for candidate_core
U032,RAW032,"Control, And Monitoring System Design Cultivation of Lettude Using Method Aeroponics Based on Smart Farming",2025,10.1109/tssa68467.2025.11303843,existing_core68,CORE68,included_core,include_verified_core,verified_core68_prior_audit,metadata/title/abstract automated screen; full-text required for candidate_core
U033,RAW034,Design and performance of nutrient dosing control system for hydroponic chilli plant using fuzzy logic controller,2025,10.55981/j.mev.2025.910,existing_core68,CORE68,included_core,include_verified_core,verified_core68_prior_audit,metadata/title/abstract automated screen; full-text required for candidate_core
U034,RAW035,Smart greenhouse construction and irrigation control system for optimal Brassica Juncea development,2023,10.1371/journal.pone.0292971,existing_core68,CORE68,included_core,include_verified_core,verified_core68_prior_audit,metadata/title/abstract automated screen; full-text required for candidate_core
U035,RAW036,Design and Development of IoT Smart Drip Irrigation and Fertigation Prototype for Small and Medium Scale Farmers. Acase Study of Tomato Farmers in Tanzania,2025,10.1007/s40030-024-00857-7,existing_core68,CORE68,included_core,include_verified_core,verified_core68_prior_audit,metadata/title/abstract automated screen; full-text required for candidate_core
U036,RAW037,IoT-Enabled Adaptive Watering System With ARIMA-Based Soil Moisture Prediction for Smart Agriculture,2025,10.1109/access.2025.3532447,existing_core68,CORE68,included_core,include_verified_core,verified_core68_prior_audit,metadata/title/abstract automated screen; full-text required for candidate_core
U037,RAW038,"Smart IoT Irrigation System Based on Fuzzy Logic, LoRa, and Cloud Integration",2024,10.3390/electronics13101949,existing_core68,CORE68,included_core,include_verified_core,verified_core68_prior_audit,metadata/title/abstract automated screen; full-text required for candidate_core
U038,RAW039,Evaluation of event-based irrigation system control scheme for tomato crops in greenhouses,2017,10.1016/j.agwat.2016.08.008,existing_core68,CORE68,included_core,include_verified_core,verified_core68_prior_audit,metadata/title/abstract automated screen; full-text required for candidate_core
U039,RAW040,System Design of Online Monitoring and Controlling System Based on Zigbee in Greenhouse,2015,10.1007/978-3-319-19620-6_76,existing_core68,CORE68,included_core,include_verified_core,verified_core68_prior_audit,metadata/title/abstract automated screen; full-text required for candidate_core
U040,RAW041,Research on Precision Paddy Field Irrigation Control Technology Based on Multi-Source Sensing Hybrid Model,2025,10.62762/dia.2025.680966,existing_core68,CORE68,included_core,include_verified_core,verified_core68_prior_audit,metadata/title/abstract automated screen; full-text required for candidate_core
U041,RAW042,Sustainable Smart Irrigation System (SIS) using solar PV with rainwater harvesting technique for indoor plants,2025,10.1371/journal.pone.0316911,existing_core68,CORE68,included_core,include_verified_core,verified_core68_prior_audit,metadata/title/abstract automated screen; full-text required for candidate_core
U042,RAW043,A Solar-Powered Fertigation System Based on Low-Cost Wireless Sensor Network Remotely Controlled by Farmer for Irrigation Cycles and Crops Growth Optimization,2020,10.24425/ijet.2019.130266,existing_core68,CORE68,included_core,include_verified_core,verified_core68_prior_audit,metadata/title/abstract automated screen; full-text required for candidate_core
U043,RAW044,Design and Implementation of an Autonomous Intelligent Fertigation System for Cross-Regional Applications,2025,10.3390/act14090413,existing_core68,CORE68,included_core,include_verified_core,verified_core68_prior_audit,metadata/title/abstract automated screen; full-text required for candidate_core
U044,RAW045,Research and Development of an IoT Smart Irrigation System for Farmland Based on LoRa and Edge Computing,2025,10.3390/agronomy15020366,existing_core68,CORE68,included_core,include_verified_core,verified_core68_prior_audit,metadata/title/abstract automated screen; full-text required for candidate_core
U045,RAW046,Leveraging LoRaWAN technology for precision agriculture in greenhouses,2020,10.3390/s20071827,existing_core68,CORE68,included_core,include_verified_core,verified_core68_prior_audit,metadata/title/abstract automated screen; full-text required for candidate_core
U046,RAW047,"Hybrid LoRaWAN–MQTT Architecture for Portable Smart Greenhouses: Cross-Layer Validation of Latency, Energy, and ADMR Trade-Offs",2025,10.1109/access.2025.3643617,existing_core68,CORE68,included_core,include_verified_core,verified_core68_prior_audit,metadata/title/abstract automated screen; full-text required for candidate_core
U047,RAW048,LoRa-Based Smart Agriculture Monitoring and Automatic Irrigation System,2025,10.4236/jcc.2025.133001,existing_core68,CORE68,included_core,include_verified_core,verified_core68_prior_audit,metadata/title/abstract automated screen; full-text required for candidate_core
U048,RAW049,Wireless sensor networks for greenhouse climate and plant condition assessment,2017,10.1016/j.biosystemseng.2016.11.005,existing_core68,CORE68,included_core,include_verified_core,verified_core68_prior_audit,metadata/title/abstract automated screen; full-text required for candidate_core
U049,RAW050,WIRELESS SENSOR NETWORK BASED REMOTE DRIP IRRIGATION SYSTEM,2018,10.21923/jesd.443576,existing_core68,CORE68,included_core,include_verified_core,verified_core68_prior_audit,metadata/title/abstract automated screen; full-text required for candidate_core
U050,RAW051,IoT Based Smart Automated Agriculture and Real Time Monitoring System,2021,10.1109/icosec51865.2021.9591855,existing_core68,CORE68,included_core,include_verified_core,verified_core68_prior_audit,metadata/title/abstract automated screen; full-text required for candidate_core
U051,RAW052,"Design, Implementation, and Empirical Validation of an IoT Smart Irrigation System for Fog Computing Applications Based on LoRa and LoRaWAN Sensor Nodes",2020,10.3390/s20236865,existing_core68,CORE68,included_core,include_verified_core,verified_core68_prior_audit,metadata/title/abstract automated screen; full-text required for candidate_core
U052,RAW055,Design of IoT Monitoring System Based on LoRaWAN Architecture for Smart Green House,2022,10.1088/1755-1315/1012/1/012090,existing_core68,CORE68,included_core,include_verified_core,verified_core68_prior_audit,metadata/title/abstract automated screen; full-text required for candidate_core
U053,RAW056,Research and Design of Greenhouse Environment Monitoring System Based on NB-IoT,2021,10.1109/ccdc52312.2021.9601377,existing_core68,CORE68,included_core,include_verified_core,verified_core68_prior_audit,metadata/title/abstract automated screen; full-text required for candidate_core
U054,RAW057,Smart Agriculture: Automated Controlled Monitoring System using Internet of Things,2019,10.35940/ijrte.c6538.098319,existing_core68,CORE68,included_core,include_verified_core,verified_core68_prior_audit,metadata/title/abstract automated screen; full-text required for candidate_core
U055,RAW058,Wireless sensor network to identify the reduction of meteorological gradients in greenhouse in subtropical conditions,2020,10.4081/jae.2020.1105,existing_core68,CORE68,included_core,include_verified_core,verified_core68_prior_audit,metadata/title/abstract automated screen; full-text required for candidate_core
U056,RAW059,Smart Water Management Platform: IoT-Based Precision Irrigation for Agriculture,2019,10.3390/s19020276,existing_core68,CORE68,included_core,include_verified_core,verified_core68_prior_audit,metadata/title/abstract automated screen; full-text required for candidate_core
U057,RAW060,Monitoring Citrus Soil Moisture and Nutrients Using an IoT Based System,2017,10.3390/s17030447,existing_core68,CORE68,included_core,include_verified_core,verified_core68_prior_audit,metadata/title/abstract automated screen; full-text required for candidate_core
U058,RAW061,Using a Novel Wireless-Networked Decentralized Control Scheme under Unpredictable Environmental Conditions,2015,10.3390/s151128690,existing_core68,CORE68,included_core,include_verified_core,verified_core68_prior_audit,metadata/title/abstract automated screen; full-text required for candidate_core
U059,RAW062,A High Availability Networked Control System Architecture for Precision Agriculture,2018,10.1109/comapp.2018.8460420,existing_core68,CORE68,included_core,include_verified_core,verified_core68_prior_audit,metadata/title/abstract automated screen; full-text required for candidate_core
U060,RAW063,A layered IoT architecture for greenhouse monitoring and remote control,2019,10.1007/s42452-019-0227-8,existing_core68,CORE68,included_core,include_verified_core,verified_core68_prior_audit,metadata/title/abstract automated screen; full-text required for candidate_core
U061,RAW064,Context-aware control and monitoring system with IoT and cloud support,2019,10.1016/j.compag.2019.03.005,existing_core68,CORE68,included_core,include_verified_core,verified_core68_prior_audit,metadata/title/abstract automated screen; full-text required for candidate_core
U062,RAW065,"Stability analysis for networked control systems with sampling, transmission protocols and input delays",2021,10.1016/j.nahs.2020.100974,existing_core68,CORE68,included_core,include_verified_core,verified_core68_prior_audit,metadata/title/abstract automated screen; full-text required for candidate_core
U063,RAW066,Robust Wireless Sensor and Actuator Networks for Networked Control Systems,2019,10.3390/s19071535,existing_core68,CORE68,included_core,include_verified_core,verified_core68_prior_audit,metadata/title/abstract automated screen; full-text required for candidate_core
U064,RAW067,Smart &amp; Green: An Internet-of-Things Framework for Smart Irrigation,2019,10.3390/s20010190,existing_core68,CORE68,included_core,include_verified_core,verified_core68_prior_audit,metadata/title/abstract automated screen; full-text required for candidate_core
U065,RAW069,Renewable Energy Integration Into Cloud &amp; IoT-Based Smart Agriculture,2021,10.1109/access.2021.3138160,OpenAlex,Q1,candidate_core,fulltext_candidate,title/abstract contains agriculture + network/control PNCE terms,metadata/title/abstract automated screen; full-text required for candidate_core
U066,RAW070,Applications of Artificial Neural Networks in Greenhouse Technology and Overview for Smart Agriculture Development,2020,10.3390/app10113835,OpenAlex,Q1,exclude,exclude,R02_wrong_document_type_or_domain,metadata/title/abstract automated screen; full-text required for candidate_core
U067,RAW071,"IoT Vulnerability Assessment for Sustainable Computing: Threats, Current Solutions, and Open Challenges",2020,10.1109/access.2020.3022842,OpenAlex,Q1,exclude,exclude,R02_wrong_document_type_or_domain,metadata/title/abstract automated screen; full-text required for candidate_core
U068,RAW072,A comprehensive survey on digital twin for future networks and emerging Internet of Things industry,2024,10.1016/j.comnet.2024.110350,OpenAlex,Q1,exclude,exclude,R02_wrong_document_type_or_domain,metadata/title/abstract automated screen; full-text required for candidate_core
U069,RAW073,A Survey on Trustworthiness for the Internet of Things,2021,10.1109/access.2021.3066457,OpenAlex,Q1,exclude,exclude,R02_wrong_document_type_or_domain,metadata/title/abstract automated screen; full-text required for candidate_core
U070,RAW074,"Sustainable Water Management in Horticulture: Problems, Premises, and Promises",2024,10.3390/horticulturae10090951,OpenAlex,Q1,exclude,exclude,R02_wrong_document_type_or_domain,metadata/title/abstract automated screen; full-text required for candidate_core
U071,RAW075,Dimensions of Internet of Things: Technological Taxonomy Architecture Applications and Open Challenges—A Systematic Review,2022,10.1155/2022/9148373,OpenAlex,Q1,exclude,exclude,R02_wrong_document_type_or_domain,metadata/title/abstract automated screen; full-text required for candidate_core
U072,RAW076,The Recent Technological Trends of Smart Irrigation Systems in Smart Farming: A Review,2023,10.12785/ijcds/1401104,OpenAlex,Q1,exclude,exclude,R02_wrong_document_type_or_domain,metadata/title/abstract automated screen; full-text required for candidate_core
U073,RAW077,"SMAC-Based WSN Protocol-Current State of the Art, Challenges, and Future Directions",2022,10.1155/2022/6707413,OpenAlex,Q1,exclude,exclude,R02_wrong_document_type_or_domain,metadata/title/abstract automated screen; full-text required for candidate_core
U074,RAW078,Design and optimisation of automated hydraulic gate control systems for flood control,2024,10.31548/machinery/4.2024.58,OpenAlex,Q1,exclude,exclude,R04_out_of_agriculture_scope,metadata/title/abstract automated screen; full-text required for candidate_core
U075,RAW079,"Concerns of Ethical and Privacy in the Rapid Advancement of Artificial Intelligence: Directions, Challenges, and Solutions",2024,10.18196/jrc.v5i6.24090,OpenAlex,Q1,exclude,exclude,R02_wrong_document_type_or_domain,metadata/title/abstract automated screen; full-text required for candidate_core
U076,RAW080,"Distributed design of ultra large-scale control systems: Progress, Challenges, and Prospects",2025,10.1016/j.arcontrol.2025.100987,OpenAlex,Q1,exclude,exclude,R02_wrong_document_type_or_domain,metadata/title/abstract automated screen; full-text required for candidate_core
U077,RAW081,High-Order Neural-Network-Based Multi-Model Nonlinear Adaptive Decoupling Control for Microclimate Environment of Plant Factory,2023,10.3390/s23198323,OpenAlex,Q1,candidate_core,fulltext_candidate,title/abstract contains agriculture + network/control PNCE terms,metadata/title/abstract automated screen; full-text required for candidate_core
U078,RAW082,THE MECHANISM OF DIGITAL TRANSFORMATION OF AGRICULTURE,2023,10.12709/mest.11.11.02.09,OpenAlex,Q1,candidate_core,fulltext_candidate,title/abstract contains agriculture + network/control PNCE terms,metadata/title/abstract automated screen; full-text required for candidate_core
U079,RAW083,IOT-BASED SMART AGRICULTURE USING CLOUD BASED STORAGE,2022,10.56726/irjmets31282,OpenAlex,Q1,candidate_core,fulltext_candidate,title/abstract contains agriculture + network/control PNCE terms,metadata/title/abstract automated screen; full-text required for candidate_core
U080,RAW084,PLC Based Smart Irrigation System,2019,10.22214/ijraset.2019.6064,OpenAlex,Q1,candidate_core,fulltext_candidate,title/abstract contains agriculture + network/control PNCE terms,metadata/title/abstract automated screen; full-text required for candidate_core
U081,RAW085,Smart Greenhouse Management: Harnessing Artificial Intelligence for Sustainable Farming,2025,10.21203/rs.3.rs-7557629/v1,OpenAlex,Q1,exclude,exclude,R03_no_clear_network_control_component,metadata/title/abstract automated screen; full-text required for candidate_core
U082,RAW086,Living at the Edge? Optimizing availability in IoT,2020,10.1007/978-3-030-41110-7_5,OpenAlex,Q1,exclude,exclude,R02_wrong_document_type_or_domain,metadata/title/abstract automated screen; full-text required for candidate_core
U083,RAW087,Reliable Communications for the Industrial Internet of Things,2020,,OpenAlex,Q1,exclude,exclude,R04_out_of_agriculture_scope,metadata/title/abstract automated screen; full-text required for candidate_core
U084,RAW088,Διάχυση πληροφορίας και κυρίαρχα σύνολα σε ασύρματα δίκτυα αισθητήρων,2019,10.12681/eadd/46723,OpenAlex,Q1,exclude,exclude,R04_out_of_agriculture_scope,metadata/title/abstract automated screen; full-text required for candidate_core
U085,RAW089,Technology Trends and Opportunities for Construction Industry and Lifecycle Management,2017,,OpenAlex,Q1,exclude,exclude,R04_out_of_agriculture_scope,metadata/title/abstract automated screen; full-text required for candidate_core
U086,RAW090,Event-Triggered Distributed Fixed-Time Adaptive Attitude Control With Prescribed Performance for Multiple QUAVs,2023,10.1109/tase.2023.3297235,OpenAlex,Q2,exclude,exclude,R04_out_of_agriculture_scope,metadata/title/abstract automated screen; full-text required for candidate_core
U087,RAW091,Early Drought Detection in Maize Using UAV Images and YOLOv8+,2024,10.3390/drones8050170,OpenAlex,Q2,exclude,exclude,R03_no_clear_network_control_component,metadata/title/abstract automated screen; full-text required for candidate_core
U088,RAW092,Research Status and Development Trends of Deep Reinforcement Learning in the Intelligent Transformation of Agricultural Machinery,2025,10.3390/agriculture15111223,OpenAlex,Q2,exclude,exclude,R02_wrong_document_type_or_domain,metadata/title/abstract automated screen; full-text required for candidate_core
U089,RAW093,Influence of the Height in a Colombian Multi-Tunnel Greenhouse on Natural Ventilation and Thermal Behavior: Modeling Approach,2021,10.3390/su132413631,OpenAlex,Q2,exclude,exclude,R02_wrong_document_type_or_domain,metadata/title/abstract automated screen; full-text required for candidate_core
U090,RAW094,A Multi-Agent Deep Reinforcement Learning System for Governmental Interoperability,2025,10.3390/app15063146,OpenAlex,Q2,exclude,exclude,R04_out_of_agriculture_scope,metadata/title/abstract automated screen; full-text required for candidate_core
U091,RAW095,Synergistic Integration Between Machine Learning and Agent-Based Modeling: A Multidisciplinary Review,2021,10.1109/tnnls.2021.3106777,OpenAlex,Q2,exclude,exclude,R02_wrong_document_type_or_domain,metadata/title/abstract automated screen; full-text required for candidate_core
U092,RAW096,Wireless control: Retrospective and open vistas,2024,10.1016/j.arcontrol.2024.100972,OpenAlex,Q2,exclude,exclude,R02_wrong_document_type_or_domain,metadata/title/abstract automated screen; full-text required for candidate_core
U093,RAW097,Autonomous Driving in Agricultural Machinery: Advancing the Frontier of Precision Agriculture,2025,10.3390/act14090464,OpenAlex,Q2,exclude,exclude,R02_wrong_document_type_or_domain,metadata/title/abstract automated screen; full-text required for candidate_core
U094,RAW098,Quasi-Consensus of Time-Varying Multi-Agent Systems with External Inputs under Deception Attacks,2022,10.3390/e24040447,OpenAlex,Q2,exclude,exclude,R04_out_of_agriculture_scope,metadata/title/abstract automated screen; full-text required for candidate_core
U095,RAW099,An Overview of Model-Free Adaptive Control for the Wheeled Mobile Robot,2024,10.3390/wevj15090396,OpenAlex,Q2,exclude,exclude,R04_out_of_agriculture_scope,metadata/title/abstract automated screen; full-text required for candidate_core
U096,RAW100,Production Data Management of Smart Farming Based on Shili Theory,2023,10.3390/agriculture13040751,OpenAlex,Q2,exclude,exclude,R03_no_clear_network_control_component,metadata/title/abstract automated screen; full-text required for candidate_core
U097,RAW101,Next generation cyber-physical water distribution systems,2016,10.25560/52704,OpenAlex,Q2,exclude,exclude,R04_out_of_agriculture_scope,metadata/title/abstract automated screen; full-text required for candidate_core
U098,RAW103,"Classification Evolution, Control Strategy Innovation, and Future Challenges of Vehicle Suspension Systems: A Review",2025,10.3390/act14100485,OpenAlex,Q2,exclude,exclude,R02_wrong_document_type_or_domain,metadata/title/abstract automated screen; full-text required for candidate_core
U099,RAW105,"Smart IoT Solutions: Revolutionizing Agriculture, Urban Infrastructure, and Cybersecurity",2024,10.62311/nesx/rb978-81-982460-5-9,OpenAlex,Q2,exclude,exclude,R02_wrong_document_type_or_domain,metadata/title/abstract automated screen; full-text required for candidate_core
U100,RAW106,Research on Early Warning Method of Plough Layer Thickness of Cultivated Land in Black Soil Driven by Rainfall Events,2024,10.62051/10.62051/ijnres.v2n1.11,OpenAlex,Q2,exclude,exclude,R03_no_clear_network_control_component,metadata/title/abstract automated screen; full-text required for candidate_core
U101,RAW107,Proposing a conceptualized framework for managing smart water management system in smart cities in India,2025,10.63682/fhi2817,OpenAlex,Q2,exclude,exclude,R02_wrong_document_type_or_domain,metadata/title/abstract automated screen; full-text required for candidate_core
U102,RAW108,Robust Model Predictive Control with Aperiodic Actuation: Employing a Decentralized Triggering Mechanism,2017,,OpenAlex,Q2,exclude,exclude,R04_out_of_agriculture_scope,metadata/title/abstract automated screen; full-text required for candidate_core
U103,RAW109,Research on the Three-Level Integrated Environmental Evaluation Model for Multi-Greenhouse Potatoes,2024,10.3390/agriculture14071043,OpenAlex,Q2,candidate_core,fulltext_candidate,title/abstract contains agriculture + network/control PNCE terms,metadata/title/abstract automated screen; full-text required for candidate_core
U104,RAW110,Event and Time-Triggered Control Module Layers for Individual Robot Control Architectures of Unmanned Agricultural Ground Vehicles,2017,,OpenAlex,Q2,candidate_core,fulltext_candidate,title/abstract contains agriculture + network/control PNCE terms,metadata/title/abstract automated screen; full-text required for candidate_core
U105,RAW111,CCDC 2019 Front Matter,2019,10.1109/ccdc.2019.8832861,OpenAlex,Q2,exclude,exclude,R04_out_of_agriculture_scope,metadata/title/abstract automated screen; full-text required for candidate_core
U106,RAW112,[Front matter],2018,10.1109/ccdc.2018.8407035,OpenAlex,Q2,exclude,exclude,R04_out_of_agriculture_scope,metadata/title/abstract automated screen; full-text required for candidate_core
U107,RAW114,Holistic Control for Cyber-Physical Systems,2021,10.7936/31bn-m317,OpenAlex,Q2,candidate_core,fulltext_candidate,title/abstract contains agriculture + network/control PNCE terms,metadata/title/abstract automated screen; full-text required for candidate_core
U108,RAW115,Model predictive control and its application in agriculture: A review,2018,10.1016/j.compag.2018.06.004,OpenAlex,Q3,exclude,exclude,R02_wrong_document_type_or_domain,metadata/title/abstract automated screen; full-text required for candidate_core
U109,RAW116,Renewable energy-powered semi-closed greenhouse for sustainable crop production using model predictive control and machine learning for energy management,2022,10.1016/j.rser.2022.112790,OpenAlex,Q3,candidate_core,fulltext_candidate,title/abstract contains agriculture + network/control PNCE terms,metadata/title/abstract automated screen; full-text required for candidate_core
U110,RAW117,A model predictive controller for precision irrigation using discrete lagurre networks,2021,10.1016/j.compag.2020.105953,OpenAlex,Q3,candidate_core,fulltext_candidate,title/abstract contains agriculture + network/control PNCE terms,metadata/title/abstract automated screen; full-text required for candidate_core
U111,RAW119,Model Predictive Control Structures for Periodic ON–OFF Irrigation,2023,10.1109/access.2023.3277618,OpenAlex,Q3,candidate_core,fulltext_candidate,title/abstract contains agriculture + network/control PNCE terms,metadata/title/abstract automated screen; full-text required for candidate_core
U112,RAW120,Hierarchical model predictive control for managing agricultural greenhouse systems,2022,10.1109/iai55780.2022.9976658,OpenAlex,Q3,candidate_core,fulltext_candidate,title/abstract contains agriculture + network/control PNCE terms,metadata/title/abstract automated screen; full-text required for candidate_core
U113,RAW121,Advanced Monitoring and Management Systems for Improving Sustainability in Precision Irrigation,2017,10.3390/su9030353,OpenAlex,Q3,exclude,exclude,R02_wrong_document_type_or_domain,metadata/title/abstract automated screen; full-text required for candidate_core
U114,RAW122,An Overview of Smart Irrigation Management for Improving Water Productivity under Climate Change in Drylands,2023,10.3390/agronomy13082113,OpenAlex,Q3,candidate_core,fulltext_candidate,title/abstract contains agriculture + network/control PNCE terms,metadata/title/abstract automated screen; full-text required for candidate_core
U115,RAW123,Demand-side management in industrial sector: A review of heavy industries,2021,10.1016/j.rser.2021.111963,OpenAlex,Q3,exclude,exclude,R02_wrong_document_type_or_domain,metadata/title/abstract automated screen; full-text required for candidate_core
U116,RAW124,RETRACTED ARTICLE: Artificial intelligence-based solutions for climate change: a review,2023,10.1007/s10311-023-01617-y,OpenAlex,Q3,exclude,exclude,R02_wrong_document_type_or_domain,metadata/title/abstract automated screen; full-text required for candidate_core
U117,RAW126,Recent Advancements in Agriculture Robots: Benefits and Challenges,2023,10.3390/machines11010048,OpenAlex,Q3,exclude,exclude,R02_wrong_document_type_or_domain,metadata/title/abstract automated screen; full-text required for candidate_core
U118,RAW127,Incorporating Artificial Intelligence Technology in Smart Greenhouses: Current State of the Art,2022,10.3390/app13010014,OpenAlex,Q3,exclude,exclude,R02_wrong_document_type_or_domain,metadata/title/abstract automated screen; full-text required for candidate_core
U119,RAW128,"Integration of smart sensors and IOT in precision agriculture: trends, challenges and future prospectives",2025,10.3389/fpls.2025.1587869,OpenAlex,Q3,exclude,exclude,R02_wrong_document_type_or_domain,metadata/title/abstract automated screen; full-text required for candidate_core
U120,RAW129,Internet of Things Approaches for Monitoring and Control of Smart Greenhouses in Industry 4.0,2022,10.3390/en15103834,OpenAlex,Q3,candidate_core,fulltext_candidate,title/abstract contains agriculture + network/control PNCE terms,metadata/title/abstract automated screen; full-text required for candidate_core
U121,RAW130,"Cherry Tomato Production in Intelligent Greenhouses—Sensors and AI for Control of Climate, Irrigation, Crop Yield, and Quality",2020,10.3390/s20226430,OpenAlex,Q3,candidate_core,fulltext_candidate,title/abstract contains agriculture + network/control PNCE terms,metadata/title/abstract automated screen; full-text required for candidate_core
U122,RAW132,Evaluation of Machine Learning Approaches for Precision Farming in Smart Agriculture System: A Comprehensive Review,2024,10.1109/access.2024.3390581,OpenAlex,Q3,exclude,exclude,R02_wrong_document_type_or_domain,metadata/title/abstract automated screen; full-text required for candidate_core
U123,RAW133,Model Predictive Control of Smart Greenhouses as the Path towards Near Zero Energy Consumption,2020,10.3390/en13143647,OpenAlex,Q3,exclude,exclude,R02_wrong_document_type_or_domain,metadata/title/abstract automated screen; full-text required for candidate_core
U124,RAW134,Smart greenhouses as the path towards precision agriculture in the food-energy and water nexus: case study of Qatar,2022,10.1007/s10669-022-09862-2,OpenAlex,Q3,candidate_core,fulltext_candidate,title/abstract contains agriculture + network/control PNCE terms,metadata/title/abstract automated screen; full-text required for candidate_core
U125,RAW135,Agricultural Greenhouses: Resource Management Technologies and Perspectives for Zero Greenhouse Gas Emissions,2023,10.3390/agriculture13071464,OpenAlex,Q3,exclude,exclude,R02_wrong_document_type_or_domain,metadata/title/abstract automated screen; full-text required for candidate_core
U126,RAW136,Agricultural Robotics,2018,10.1146/annurev-control-053018-023617,OpenAlex,Q3,candidate_core,fulltext_candidate,title/abstract contains agriculture + network/control PNCE terms,metadata/title/abstract automated screen; full-text required for candidate_core
U127,RAW137,Design and field evaluation of a ground robot for high-throughput phenotyping of energy sorghum,2018,10.1007/s11119-018-9601-6,OpenAlex,Q3,exclude,exclude,R03_no_clear_network_control_component,metadata/title/abstract automated screen; full-text required for candidate_core
U128,RAW138,Sensor-Based Model Driven Control Strategy for Precision Irrigation,2016,10.1155/2016/9784071,OpenAlex,Q3,candidate_core,fulltext_candidate,title/abstract contains agriculture + network/control PNCE terms,metadata/title/abstract automated screen; full-text required for candidate_core
U129,RAW139,Deployment Strategies of Soil Monitoring WSN for Precision Agriculture Irrigation Scheduling in Rural Areas,2021,10.3390/s21051693,OpenAlex,Q3,candidate_core,fulltext_candidate,title/abstract contains agriculture + network/control PNCE terms,metadata/title/abstract automated screen; full-text required for candidate_core
U130,RAW140,A Survey on the Role of IoT in Agriculture for the Implementation of Smart Farming,2019,10.1109/access.2019.2949703,OpenAlex,Q4,exclude,exclude,R02_wrong_document_type_or_domain,metadata/title/abstract automated screen; full-text required for candidate_core
U131,RAW141,Precision Agriculture Techniques and Practices: From Considerations to Applications,2019,10.3390/s19173796,OpenAlex,Q4,exclude,exclude,R02_wrong_document_type_or_domain,metadata/title/abstract automated screen; full-text required for candidate_core
U132,RAW142,The Path to Smart Farming: Innovations and Opportunities in Precision Agriculture,2023,10.3390/agriculture13081593,OpenAlex,Q4,exclude,exclude,R02_wrong_document_type_or_domain,metadata/title/abstract automated screen; full-text required for candidate_core
U133,RAW143,Energy-Efficient Wireless Sensor Networks for Precision Agriculture: A Review,2017,10.3390/s17081781,OpenAlex,Q4,exclude,exclude,R02_wrong_document_type_or_domain,metadata/title/abstract automated screen; full-text required for candidate_core
U134,RAW144,Role of IoT Technology in Agriculture: A Systematic Literature Review,2020,10.3390/electronics9020319,OpenAlex,Q4,exclude,exclude,R02_wrong_document_type_or_domain,metadata/title/abstract automated screen; full-text required for candidate_core
U135,RAW145,"IoT-Enabled Smart Agriculture: Architecture, Applications, and Challenges",2022,10.3390/app12073396,OpenAlex,Q4,exclude,exclude,R02_wrong_document_type_or_domain,metadata/title/abstract automated screen; full-text required for candidate_core
U136,RAW146,A Review of Applications and Communication Technologies for Internet of Things (IoT) and Unmanned Aerial Vehicle (UAV) Based Sustainable Smart Farming,2021,10.3390/su13041821,OpenAlex,Q4,exclude,exclude,R02_wrong_document_type_or_domain,metadata/title/abstract automated screen; full-text required for candidate_core
U137,RAW147,"Internet of Things: Architectures, Protocols, and Applications",2017,10.1155/2017/9324035,OpenAlex,Q4,exclude,exclude,R02_wrong_document_type_or_domain,metadata/title/abstract automated screen; full-text required for candidate_core
U138,RAW148,Smart Sensors and Smart Data for Precision Agriculture: A Review,2024,10.3390/s24082647,OpenAlex,Q4,exclude,exclude,R02_wrong_document_type_or_domain,metadata/title/abstract automated screen; full-text required for candidate_core
U139,RAW149,"A Review of Precision Irrigation Water-Saving Technology under Changing Climate for Enhancing Water Use Efficiency, Crop Yield, and Environmental Footprints",2024,10.3390/agriculture14071141,OpenAlex,Q4,exclude,exclude,R02_wrong_document_type_or_domain,metadata/title/abstract automated screen; full-text required for candidate_core
U140,RAW150,A Comprehensive Survey on TinyML,2023,10.1109/access.2023.3294111,OpenAlex,Q4,exclude,exclude,R02_wrong_document_type_or_domain,metadata/title/abstract automated screen; full-text required for candidate_core
U141,RAW151,Internet of Things and Wireless Sensor Networks for Smart Agriculture Applications: A Survey,2023,10.1109/access.2023.3346299,OpenAlex,Q4,exclude,exclude,R02_wrong_document_type_or_domain,metadata/title/abstract automated screen; full-text required for candidate_core
U142,RAW152,LoRaFarM: A LoRaWAN-Based Smart Farming Modular IoT Architecture,2020,10.3390/s20072028,OpenAlex,Q4,candidate_core,fulltext_candidate,title/abstract contains agriculture + network/control PNCE terms,metadata/title/abstract automated screen; full-text required for candidate_core
U143,RAW153,AgriFusion: An Architecture for IoT and Emerging Technologies Based on a Precision Agriculture Survey,2021,10.1109/access.2021.3116814,OpenAlex,Q4,exclude,exclude,R02_wrong_document_type_or_domain,metadata/title/abstract automated screen; full-text required for candidate_core
U144,RAW154,A Survey on LoRa for Smart Agriculture: Current Trends and Future Perspectives,2022,10.1109/jiot.2022.3230505,OpenAlex,Q4,exclude,exclude,R02_wrong_document_type_or_domain,metadata/title/abstract automated screen; full-text required for candidate_core
U145,RAW155,Energy-Efficient Edge-Fog-Cloud Architecture for IoT-Based Smart Agriculture Environment,2021,10.1109/access.2021.3101397,OpenAlex,Q4,candidate_core,fulltext_candidate,title/abstract contains agriculture + network/control PNCE terms,metadata/title/abstract automated screen; full-text required for candidate_core
U146,RAW156,"Digital Twin: Values, Challenges and Enablers From a Modeling Perspective",2020,10.1109/access.2020.2970143,OpenAlex,Q4,exclude,exclude,R02_wrong_document_type_or_domain,metadata/title/abstract automated screen; full-text required for candidate_core
U147,RAW157,"A Survey on Energy Efficient Narrowband Internet of Things (NBIoT): Architecture, Application and Challenges",2018,10.1109/access.2018.2881533,OpenAlex,Q4,exclude,exclude,R02_wrong_document_type_or_domain,metadata/title/abstract automated screen; full-text required for candidate_core
U148,RAW158,Recent Developments of the Internet of Things in Agriculture: A Survey,2020,10.1109/access.2020.3009298,OpenAlex,Q4,exclude,exclude,R02_wrong_document_type_or_domain,metadata/title/abstract automated screen; full-text required for candidate_core
U149,RAW159,"Towards Next Generation Teaching, Learning, and Context-Aware Applications for Higher Education: A Review on Blockchain, IoT, Fog and Edge Computing Enabled Smart Campuses and Universities",2019,10.3390/app9214479,OpenAlex,Q4,exclude,exclude,R02_wrong_document_type_or_domain,metadata/title/abstract automated screen; full-text required for candidate_core
U150,RAW160,Precision Agriculture: A Remote Sensing Monitoring System Architecture,2019,10.3390/info10110348,OpenAlex,Q4,exclude,exclude,R02_wrong_document_type_or_domain,metadata/title/abstract automated screen; full-text required for candidate_core
U151,RAW161,Internet of Things and LoRaWAN-Enabled Future Smart Farming,2019,10.1109/iotm.0001.1900043,OpenAlex,Q4,exclude,exclude,R02_wrong_document_type_or_domain,metadata/title/abstract automated screen; full-text required for candidate_core
U152,RAW162,Applying IoT Sensors and Big Data to Improve Precision Crop Production: A Review,2023,10.3390/agronomy13102603,OpenAlex,Q4,exclude,exclude,R02_wrong_document_type_or_domain,metadata/title/abstract automated screen; full-text required for candidate_core
U153,RAW163,"IoT-Enabled Smart Cities: A Review of Concepts, Frameworks and Key Technologies",2022,10.3390/app12031607,OpenAlex,Q4,exclude,exclude,R02_wrong_document_type_or_domain,metadata/title/abstract automated screen; full-text required for candidate_core
U154,RAW164,Design and Experimental Validation of a LoRaWAN Fog Computing Based Architecture for IoT Enabled Smart Campus Applications,2019,10.3390/s19153287,OpenAlex,Q4,exclude,exclude,R02_wrong_document_type_or_domain,metadata/title/abstract automated screen; full-text required for candidate_core
U155,RAW165,Zoning irrigation smart system based on fuzzy control technology and IoT for water and energy saving,2021,10.1016/j.jclepro.2021.127001,OpenAlex,Q5,candidate_core,fulltext_candidate,title/abstract contains agriculture + network/control PNCE terms,metadata/title/abstract automated screen; full-text required for candidate_core
U156,RAW166,IoT in Precision Agriculture applications using Wireless Moisture Sensor Network,2016,10.1109/icos.2016.7881983,OpenAlex,Q5,candidate_core,fulltext_candidate,title/abstract contains agriculture + network/control PNCE terms,metadata/title/abstract automated screen; full-text required for candidate_core
U157,RAW167,Smart platform based on IoT and WSN for monitoring and control of a greenhouse in the context of precision agriculture,2023,10.1016/j.iot.2023.100830,OpenAlex,Q5,candidate_core,fulltext_candidate,title/abstract contains agriculture + network/control PNCE terms,metadata/title/abstract automated screen; full-text required for candidate_core
U158,RAW168,iPathology: Robotic Applications and Management of Plants and Plant Diseases,2017,10.3390/su9061010,OpenAlex,Q5,exclude,exclude,R02_wrong_document_type_or_domain,metadata/title/abstract automated screen; full-text required for candidate_core
U159,RAW169,Smart System for Bicarbonate Control in Irrigation for Hydroponic Precision Farming,2018,10.3390/s18051333,OpenAlex,Q5,candidate_core,fulltext_candidate,title/abstract contains agriculture + network/control PNCE terms,metadata/title/abstract automated screen; full-text required for candidate_core
U160,RAW170,Design of an Intelligent Management System for Agricultural Greenhouses Based on the Internet of Things,2017,10.1109/cse-euc.2017.212,OpenAlex,Q5,candidate_core,fulltext_candidate,title/abstract contains agriculture + network/control PNCE terms,metadata/title/abstract automated screen; full-text required for candidate_core
U161,RAW171,Precision agriculture applications using wireless moisture sensor network,2015,10.1109/micc.2015.7725400,OpenAlex,Q5,candidate_core,fulltext_candidate,title/abstract contains agriculture + network/control PNCE terms,metadata/title/abstract automated screen; full-text required for candidate_core
U162,RAW172,Precision Agriculture for Greenhouses Using a Wireless Sensor Network,2017,10.1109/picict.2017.20,OpenAlex,Q5,candidate_core,fulltext_candidate,title/abstract contains agriculture + network/control PNCE terms,metadata/title/abstract automated screen; full-text required for candidate_core
U163,RAW173,The Precision Agriculture Based on Wireless Sensor Network with MQTT Protocol,2018,10.1088/1755-1315/207/1/012059,OpenAlex,Q5,candidate_core,fulltext_candidate,title/abstract contains agriculture + network/control PNCE terms,metadata/title/abstract automated screen; full-text required for candidate_core
U164,RAW174,An IoT based system for telemetry and control of Greenhouse environment,2019,10.1109/upcon47278.2019.8980258,OpenAlex,Q5,candidate_core,fulltext_candidate,title/abstract contains agriculture + network/control PNCE terms,metadata/title/abstract automated screen; full-text required for candidate_core
U165,RAW175,"Yield, quality and profitability of sensor-controlled irrigation: a case study of snapdragon (Antirrhinum majus L.) production",2016,10.1007/s00271-016-0511-y,OpenAlex,Q5,candidate_core,fulltext_candidate,title/abstract contains agriculture + network/control PNCE terms,metadata/title/abstract automated screen; full-text required for candidate_core
U166,RAW176,An Intelligent Wireless Sensor and Actuator Network System for Greenhouse Microenvironment Control and Assessment,2017,10.5307/jbe.2017.42.1.023,OpenAlex,Q5,candidate_core,fulltext_candidate,title/abstract contains agriculture + network/control PNCE terms,metadata/title/abstract automated screen; full-text required for candidate_core
U167,RAW177,Software Aspects of WSN for Monitoring in an Indian Greenhouse,2015,10.1109/cicn.2015.313,OpenAlex,Q5,candidate_core,fulltext_candidate,title/abstract contains agriculture + network/control PNCE terms,metadata/title/abstract automated screen; full-text required for candidate_core
U168,RAW178,Monitoring Climatic Conditions Using Wireless Sensor Networks,2017,,OpenAlex,Q5,exclude,exclude,R02_wrong_document_type_or_domain,metadata/title/abstract automated screen; full-text required for candidate_core
U169,RAW179,Remote Monitoring and Smart Control System for Greenhouse Environmental and Automation Irrigations Based on WSNs and GSM Module,2020,10.1088/1757-899x/928/3/032037,OpenAlex,Q5,candidate_core,fulltext_candidate,title/abstract contains agriculture + network/control PNCE terms,metadata/title/abstract automated screen; full-text required for candidate_core
U170,RAW180,Game Theory-Based Multi-Hop Routing Protocol with Metaheuristic Optimization-Based Clustering Process in WSN for Precision Agriculture,2024,10.18280/jesa.570302,OpenAlex,Q5,candidate_core,fulltext_candidate,title/abstract contains agriculture + network/control PNCE terms,metadata/title/abstract automated screen; full-text required for candidate_core
U171,RAW181,Design of Smart Irrigation System in the Greenhouse Using WSN and Renewable Energies,2023,10.1007/978-3-031-21216-1_14,OpenAlex,Q5,candidate_core,fulltext_candidate,title/abstract contains agriculture + network/control PNCE terms,metadata/title/abstract automated screen; full-text required for candidate_core
U172,RAW182,Internet-of-Things (IoT)-Based Smart Agriculture: Toward Making the Fields Talk,2019,10.1109/access.2019.2932609,OpenAlex,Q5,exclude,exclude,R02_wrong_document_type_or_domain,metadata/title/abstract automated screen; full-text required for candidate_core
U173,RAW184,Optimizing Environmental Parameters in Smart Greenhouse Design with IoT and Sensor Networks,2024,10.1109/iccds60734.2024.10560448,OpenAlex,Q5,candidate_core,fulltext_candidate,title/abstract contains agriculture + network/control PNCE terms,metadata/title/abstract automated screen; full-text required for candidate_core
U174,RAW185,Machine Learning Applications for Precision Agriculture: A Comprehensive Review,2020,10.1109/access.2020.3048415,OpenAlex,Q5,exclude,exclude,R02_wrong_document_type_or_domain,metadata/title/abstract automated screen; full-text required for candidate_core
U175,RAW188,Applications of Wireless Sensor Networks: An Up-to-Date Survey,2020,10.3390/asi3010014,OpenAlex,Q5,exclude,exclude,R02_wrong_document_type_or_domain,metadata/title/abstract automated screen; full-text required for candidate_core
U176,RAW189,Monitoring Plant Growth in a Greenhouse Using IoT with the Energy-Efficient Wireless Sensor Network,2022,10.1007/978-3-031-14748-7_5,OpenAlex,Q5,candidate_core,fulltext_candidate,title/abstract contains agriculture + network/control PNCE terms,metadata/title/abstract automated screen; full-text required for candidate_core
U177,RAW190,"Internet of Things in Greenhouse Agriculture: A Survey on Enabling Technologies, Applications, and Protocols",2022,10.1109/access.2022.3166634,OpenAlex,Q6,exclude,exclude,R02_wrong_document_type_or_domain,metadata/title/abstract automated screen; full-text required for candidate_core
U178,RAW191,Edge Computing in Smart Agriculture Scenario Based on TinyML for Irrigation Control,2023,10.1109/wf-iot58464.2023.10539452,OpenAlex,Q6,candidate_core,fulltext_candidate,title/abstract contains agriculture + network/control PNCE terms,metadata/title/abstract automated screen; full-text required for candidate_core
U179,RAW192,A Comprehensive IoT edge based smart irrigation system for tomato cultivation,2024,10.1016/j.iot.2024.101356,OpenAlex,Q6,candidate_core,fulltext_candidate,title/abstract contains agriculture + network/control PNCE terms,metadata/title/abstract automated screen; full-text required for candidate_core
U180,RAW193,Edge IoT Prototyping Using Model-Driven Representations: A Use Case for Smart Agriculture,2024,10.3390/s24020495,OpenAlex,Q6,candidate_core,fulltext_candidate,title/abstract contains agriculture + network/control PNCE terms,metadata/title/abstract automated screen; full-text required for candidate_core
U181,RAW194,Edge-Computing Architectures for Real-Time Agricultural Decision Support Using IoT Sensor Networks,2023,10.54660/.jfmr.2023.4.2.329-337,OpenAlex,Q6,exclude,exclude,R02_wrong_document_type_or_domain,metadata/title/abstract automated screen; full-text required for candidate_core
U182,RAW195,Smart agricultural monitoring system: a practical design approach,2022,10.1145/3567445.3569165,OpenAlex,Q6,candidate_core,fulltext_candidate,title/abstract contains agriculture + network/control PNCE terms,metadata/title/abstract automated screen; full-text required for candidate_core
U183,RAW196,Implementing an Efficient Architecture for Latency Optimisation in Smart Farming,2024,10.1109/access.2024.3466994,OpenAlex,Q6,candidate_core,fulltext_candidate,title/abstract contains agriculture + network/control PNCE terms,metadata/title/abstract automated screen; full-text required for candidate_core
U184,RAW197,A Wireless Sensor Network Integrated with Edge Computing for Real-Time Crop Monitoring and Automated Irrigation,2024,10.1109/tssa63730.2024.10864141,OpenAlex,Q6,candidate_core,fulltext_candidate,title/abstract contains agriculture + network/control PNCE terms,metadata/title/abstract automated screen; full-text required for candidate_core
U185,RAW198,"A Survey on IoT Security: Application Areas, Security Threats, and Solution Architectures",2019,10.1109/access.2019.2924045,OpenAlex,Q6,exclude,exclude,R02_wrong_document_type_or_domain,metadata/title/abstract automated screen; full-text required for candidate_core
U186,RAW203,Privacy-Preserving Edge Intelligence for Agriculture: A 6G-Enabled Federated Learning Architecture,2025,10.1109/icscn67106.2025.11308696,OpenAlex,Q6,exclude,exclude,R02_wrong_document_type_or_domain,metadata/title/abstract automated screen; full-text required for candidate_core
U187,RAW205,"IoT-Equipped and AI-Enabled Next Generation Smart Agriculture: A Critical Review, Current Challenges and Future Trends",2022,10.1109/access.2022.3152544,OpenAlex,Q6,exclude,exclude,R02_wrong_document_type_or_domain,metadata/title/abstract automated screen; full-text required for candidate_core
U188,RAW206,Toward the Next Generation of Digitalization in Agriculture Based on Digital Twin Paradigm,2022,10.3390/s22020498,OpenAlex,Q6,exclude,exclude,R02_wrong_document_type_or_domain,metadata/title/abstract automated screen; full-text required for candidate_core
U189,RAW207,Security and Privacy in Smart Farming: Challenges and Opportunities,2020,10.1109/access.2020.2975142,OpenAlex,Q6,candidate_core,fulltext_candidate,title/abstract contains agriculture + network/control PNCE terms,metadata/title/abstract automated screen; full-text required for candidate_core
U190,RAW209,"Internet of Things in arable farming: Implementation, applications, challenges and potential",2020,10.1016/j.biosystemseng.2019.12.013,OpenAlex,Q6,exclude,exclude,R02_wrong_document_type_or_domain,metadata/title/abstract automated screen; full-text required for candidate_core
U191,RAW210,Adoption of the Internet of Things (IoT) in Agriculture and Smart Farming towards Urban Greening: A Review,2019,10.14569/ijacsa.2019.0100402,OpenAlex,Q6,exclude,exclude,R02_wrong_document_type_or_domain,metadata/title/abstract automated screen; full-text required for candidate_core
U192,RAW211,State-of-the-Art Internet of Things in Protected Agriculture,2019,10.3390/s19081833,OpenAlex,Q6,exclude,exclude,R02_wrong_document_type_or_domain,metadata/title/abstract automated screen; full-text required for candidate_core
U193,RAW212,"Characterising the Agriculture 4.0 Landscape—Emerging Trends, Challenges and Opportunities",2021,10.3390/agronomy11040667,OpenAlex,Q6,exclude,exclude,R02_wrong_document_type_or_domain,metadata/title/abstract automated screen; full-text required for candidate_core
U194,RAW213,Artificial Intelligence to Improve the Food and Agriculture Sector,2021,10.1155/2021/5584754,OpenAlex,Q6,exclude,exclude,R03_no_clear_network_control_component,metadata/title/abstract automated screen; full-text required for candidate_core
U195,RAW214,"Security and Privacy for Green IoT-Based Agriculture: Review, Blockchain Solutions, and Challenges",2020,10.1109/access.2020.2973178,OpenAlex,Q6,exclude,exclude,R02_wrong_document_type_or_domain,metadata/title/abstract automated screen; full-text required for candidate_core
U196,RAW215,Design and Implementation of Crop Automatic Diagnosis and Treatment System Based on Internet of Things,2021,10.1088/1742-6596/1883/1/012062,OpenAlex,Q7,candidate_core,fulltext_candidate,title/abstract contains agriculture + network/control PNCE terms,metadata/title/abstract automated screen; full-text required for candidate_core
U197,RAW216,Role of IoT in sustainable farming,2020,10.1201/b22627-8,OpenAlex,Q7,candidate_core,fulltext_candidate,title/abstract contains agriculture + network/control PNCE terms,metadata/title/abstract automated screen; full-text required for candidate_core
U198,RAW217,Design of Agricultural Irrigation Hydropower Dual Control Intelligent Equipment Based on NB-IoT Technology,2018,10.1145/3208854.3208897,OpenAlex,Q7,candidate_core,fulltext_candidate,title/abstract contains agriculture + network/control PNCE terms,metadata/title/abstract automated screen; full-text required for candidate_core
U199,RAW222,A Comprehensive Review of Using WSNs and Drones for Improving Crop Production in Precision Agriculture,2025,10.1049/wss2.70019,OpenAlex,Q7,exclude,exclude,R02_wrong_document_type_or_domain,metadata/title/abstract automated screen; full-text required for candidate_core
U200,RAW225,Revolution 4.0: Industry vs. Agriculture in a Future Development for SMEs,2019,10.3390/pr7010036,OpenAlex,Q7,exclude,exclude,R02_wrong_document_type_or_domain,metadata/title/abstract automated screen; full-text required for candidate_core
U201,RAW236,A Review of IoT Sensing Applications and Challenges Using RFID and Wireless Sensor Networks,2020,10.3390/s20092495,OpenAlex,Q7,exclude,exclude,R02_wrong_document_type_or_domain,metadata/title/abstract automated screen; full-text required for candidate_core
U202,RAW237,Survey on Network Slicing for Internet of Things Realization in 5G Networks,2021,10.1109/comst.2021.3067807,OpenAlex,Q7,exclude,exclude,R02_wrong_document_type_or_domain,metadata/title/abstract automated screen; full-text required for candidate_core
U203,RAW240,Internet of Things Empowered Smart Greenhouse Farming,2020,10.1109/jrfid.2020.2984391,OpenAlex,Q8,exclude,exclude,R02_wrong_document_type_or_domain,metadata/title/abstract automated screen; full-text required for candidate_core
U204,RAW242,Intelligent Data Analytics Framework for Precision Farming Using IoT and Regressor Machine Learning Algorithms,2022,10.3390/app12199992,OpenAlex,Q8,candidate_core,fulltext_candidate,title/abstract contains agriculture + network/control PNCE terms,metadata/title/abstract automated screen; full-text required for candidate_core
U205,RAW243,"Technologies, Protocols, and applications of Internet of Things in greenhouse Farming: A survey of recent advances",2024,10.1016/j.inpa.2024.04.002,OpenAlex,Q8,exclude,exclude,R02_wrong_document_type_or_domain,metadata/title/abstract automated screen; full-text required for candidate_core
U206,RAW244,Smart Greenhouse Monitoring System Using Internet of Things and Artificial Intelligence,2022,10.1007/s11277-022-09528-x,OpenAlex,Q8,exclude,exclude,R03_no_clear_network_control_component,metadata/title/abstract automated screen; full-text required for candidate_core
U207,RAW245,"Intelligent greenhouse monitoring and control scheme: An arrangement of Sensors, Raspberry Pi based Embedded System and IoT platform",2020,10.17485/ijst/v13i27.311,OpenAlex,Q8,candidate_core,fulltext_candidate,title/abstract contains agriculture + network/control PNCE terms,metadata/title/abstract automated screen; full-text required for candidate_core
U208,RAW246,Greenhouse Climate Controller by Using of Internet of Things Technology and Fuzzy Logic,2021,10.18280/i2m.200105,OpenAlex,Q8,candidate_core,fulltext_candidate,title/abstract contains agriculture + network/control PNCE terms,metadata/title/abstract automated screen; full-text required for candidate_core
U209,RAW247,"Multi-Sensor Monitoring, Intelligent Control, and Data Processing for Smart Greenhouse Environment Management",2025,10.3390/s25196134,OpenAlex,Q8,exclude,exclude,R02_wrong_document_type_or_domain,metadata/title/abstract automated screen; full-text required for candidate_core
U210,RAW248,Design and Manufacture of a Smart Greenhouse with Supervisory Control of Environmental Parameters Using Fuzzy Inference Controller,2020,10.1109/icspis51611.2020.9349619,OpenAlex,Q8,candidate_core,fulltext_candidate,title/abstract contains agriculture + network/control PNCE terms,metadata/title/abstract automated screen; full-text required for candidate_core
U211,RAW249,An Integrated IoT Sensor-Camera System toward Leveraging Edge Computing for Smart Greenhouse Mushroom Cultivation,2024,10.3390/agriculture14030489,OpenAlex,Q8,candidate_core,fulltext_candidate,title/abstract contains agriculture + network/control PNCE terms,metadata/title/abstract automated screen; full-text required for candidate_core
U212,RAW250,IoT Based Smart Greenhouse Design with an Intelligent Supervisory Fuzzy Optimized Controller,2021,10.1109/icwr51868.2021.9443022,OpenAlex,Q8,candidate_core,fulltext_candidate,title/abstract contains agriculture + network/control PNCE terms,metadata/title/abstract automated screen; full-text required for candidate_core
U213,RAW251,Adaptive Deep Learning Model to Enhance Smart Greenhouse Agriculture,2023,10.32604/cmc.2023.042179,OpenAlex,Q8,candidate_core,fulltext_candidate,title/abstract contains agriculture + network/control PNCE terms,metadata/title/abstract automated screen; full-text required for candidate_core
U214,RAW252,Smart Greenhouse Control via NB-IoT,2022,10.32604/iasc.2022.026927,OpenAlex,Q8,candidate_core,fulltext_candidate,title/abstract contains agriculture + network/control PNCE terms,metadata/title/abstract automated screen; full-text required for candidate_core
U215,RAW253,Efficient smart greenhouse modeling for optimal energy consumption and climate conditions Setting,2024,10.1016/j.compag.2024.109674,OpenAlex,Q8,exclude,exclude,R03_no_clear_network_control_component,metadata/title/abstract automated screen; full-text required for candidate_core
U216,RAW254,A drip irrigation prediction system in a greenhouse based on long short-term memory and connected objects,2023,10.23939/mmc2023.02.524,OpenAlex,Q8,candidate_core,fulltext_candidate,title/abstract contains agriculture + network/control PNCE terms,metadata/title/abstract automated screen; full-text required for candidate_core
U217,RAW255,An Autonomous Smart Farming System for Computational Data Analytics using IoT,2022,10.1088/1742-6596/2327/1/012019,OpenAlex,Q8,exclude,exclude,R02_wrong_document_type_or_domain,metadata/title/abstract automated screen; full-text required for candidate_core
U218,RAW256,Optimizing Resource Efficiency in Smart Greenhouses Through IoT,2024,10.1109/incet61516.2024.10593254,OpenAlex,Q8,exclude,exclude,R02_wrong_document_type_or_domain,metadata/title/abstract automated screen; full-text required for candidate_core
U219,RAW257,Smart Nursery with Health Monitoring System Through Integration of IoT and Machine Learning,2020,10.1108/978-1-83909-099-820201017,OpenAlex,Q8,candidate_core,fulltext_candidate,title/abstract contains agriculture + network/control PNCE terms,metadata/title/abstract automated screen; full-text required for candidate_core
U220,RAW258,Survey of Clustering Techniques in Internet of Things Architecture,2020,10.1109/tssa51342.2020.9310807,OpenAlex,Q8,exclude,exclude,R02_wrong_document_type_or_domain,metadata/title/abstract automated screen; full-text required for candidate_core
U221,RAW259,"Smart Hydroponic Greenhouse (Sensing, Monitoring and Control) Prototype Based on Arduino and IOT",2021,10.9734/ijpss/2021/v33i430430,OpenAlex,Q8,candidate_core,fulltext_candidate,title/abstract contains agriculture + network/control PNCE terms,metadata/title/abstract automated screen; full-text required for candidate_core
U222,RAW260,Developing a new IoT network topology for effective Greenhouse Monitoring and Control,2025,10.1016/j.procs.2025.07.183,OpenAlex,Q8,candidate_core,fulltext_candidate,title/abstract contains agriculture + network/control PNCE terms,metadata/title/abstract automated screen; full-text required for candidate_core
U223,RAW261,A Hybrid IoT and Machine Learning Framework for Smart Greenhouse Automation in Sustainable Agriculture,2025,10.54392/irjmt2545,OpenAlex,Q8,candidate_core,fulltext_candidate,title/abstract contains agriculture + network/control PNCE terms,metadata/title/abstract automated screen; full-text required for candidate_core
U224,RAW262,IoT-based monitoring and control for optimized plant growth in smart greenhouses using soil and hydroponic systems,2025,10.1016/j.iot.2025.101710,OpenAlex,Q8,candidate_core,fulltext_candidate,title/abstract contains agriculture + network/control PNCE terms,metadata/title/abstract automated screen; full-text required for candidate_core
U225,RAW263,Intelligent Greenhouse cultivation empowered in IoT ecosystem,2021,10.1109/agers53903.2021.9617304,OpenAlex,Q8,candidate_core,fulltext_candidate,title/abstract contains agriculture + network/control PNCE terms,metadata/title/abstract automated screen; full-text required for candidate_core
U226,RAW264,Monitoring of Smart Greenhouse Using Internet of Things (IoT),2024,10.1007/978-981-99-9610-0_19,OpenAlex,Q8,candidate_core,fulltext_candidate,title/abstract contains agriculture + network/control PNCE terms,metadata/title/abstract automated screen; full-text required for candidate_core
U227,RAW265,LoRaWAN based internet of things (IoT) system for precision irrigation in plasticulture fresh-market tomato,2022,10.1016/j.atech.2022.100053,OpenAlex,Q9,candidate_core,fulltext_candidate,title/abstract contains agriculture + network/control PNCE terms,metadata/title/abstract automated screen; full-text required for candidate_core
U228,RAW266,Development of an IoT-Based Precision Irrigation System for Tomato Production from Indoor Seedling Germination to Outdoor Field Production,2023,10.3390/app13095556,OpenAlex,Q9,candidate_core,fulltext_candidate,title/abstract contains agriculture + network/control PNCE terms,metadata/title/abstract automated screen; full-text required for candidate_core
U229,RAW267,&amp;lt;i&amp;gt;Internet of Things (IoT)-based Precision Irrigation with LoRaWAN Technology Applied to High Tunnel Vegetable Production&amp;lt;/i&amp;gt;,2020,10.13031/aim.202000762,OpenAlex,Q9,candidate_core,fulltext_candidate,title/abstract contains agriculture + network/control PNCE terms,metadata/title/abstract automated screen; full-text required for candidate_core
U230,RAW268,Internet of Things (IoT)-Based Precision Irrigation With LoRaWAN Technology Applied to Vegetable Production,2021,10.13031/aim.202100877,OpenAlex,Q9,candidate_core,fulltext_candidate,title/abstract contains agriculture + network/control PNCE terms,metadata/title/abstract automated screen; full-text required for candidate_core
U231,RAW269,"Implementing internet of things (IoT) sensor-based precision irrigation with LoRaWAN technology for enhancing yield, quality, and resource use efficiency of soilless basil",2023,10.17660/actahortic.2023.1377.79,OpenAlex,Q9,candidate_core,fulltext_candidate,title/abstract contains agriculture + network/control PNCE terms,metadata/title/abstract automated screen; full-text required for candidate_core
U232,RAW278,IoT-Based Smart Irrigation Systems: An Overview on the Recent Trends on Sensors and IoT Systems for Irrigation in Precision Agriculture,2020,10.3390/s20041042,OpenAlex,Q9,exclude,exclude,R02_wrong_document_type_or_domain,metadata/title/abstract automated screen; full-text required for candidate_core
U233,RAW280,Current Progress and Future Prospects of Agriculture Technology: Gateway to Sustainable Agriculture,2021,10.3390/su13094883,OpenAlex,Q9,exclude,exclude,R02_wrong_document_type_or_domain,metadata/title/abstract automated screen; full-text required for candidate_core
U234,RAW283,Artificial Intelligence Technology in the Agricultural Sector: A Systematic Literature Review,2022,10.1109/access.2022.3232485,OpenAlex,Q9,exclude,exclude,R02_wrong_document_type_or_domain,metadata/title/abstract automated screen; full-text required for candidate_core
U235,RAW284,Monitoring Soil and Ambient Parameters in the IoT Precision Agriculture Scenario: An Original Modeling Approach Dedicated to Low-Cost Soil Water Content Sensors,2021,10.3390/s21155110,OpenAlex,Q9,candidate_core,fulltext_candidate,title/abstract contains agriculture + network/control PNCE terms,metadata/title/abstract automated screen; full-text required for candidate_core
U236,RAW285,The IoT and AI in Agriculture: The Time Is Now—A Systematic Review of Smart Sensing Technologies,2025,10.3390/s25123583,OpenAlex,Q9,exclude,exclude,R02_wrong_document_type_or_domain,metadata/title/abstract automated screen; full-text required for candidate_core
U237,RAW287,Application of digital technologies for ensuring agricultural productivity,2023,10.1016/j.heliyon.2023.e22601,OpenAlex,Q9,exclude,exclude,R02_wrong_document_type_or_domain,metadata/title/abstract automated screen; full-text required for candidate_core
U238,RAW290,Smart Irrigation Technologies and Prospects for Enhancing Water Use Efficiency for Sustainable Agriculture,2025,10.3390/agriengineering7040106,OpenAlex,Q10,exclude,exclude,R02_wrong_document_type_or_domain,metadata/title/abstract automated screen; full-text required for candidate_core
U239,RAW291,A Fuzzy-Logic-Based Smart Irrigation Controller for Precision Agriculture,2024,10.1109/jiot.2024.3440200,OpenAlex,Q10,candidate_core,fulltext_candidate,title/abstract contains agriculture + network/control PNCE terms,metadata/title/abstract automated screen; full-text required for candidate_core
U240,RAW292,Controlling irrigation in a container nursery using IoT,2018,10.3934/agrfood.2018.3.205,OpenAlex,Q10,candidate_core,fulltext_candidate,title/abstract contains agriculture + network/control PNCE terms,metadata/title/abstract automated screen; full-text required for candidate_core
U241,RAW293,Digital twin-enabled intelligent irrigation-drainage system for precision water-salt management in saline agroecosystems,2025,10.1016/j.agwat.2025.109957,OpenAlex,Q10,candidate_core,fulltext_candidate,title/abstract contains agriculture + network/control PNCE terms,metadata/title/abstract automated screen; full-text required for candidate_core
U242,RAW294,"Creation of Parcelas 5.0 using the 5S framework (social, sustainable, smart, sensing and safe) to improve traditional farming in Mexico",2025,10.1080/19397038.2025.2471306,OpenAlex,Q10,candidate_core,fulltext_candidate,title/abstract contains agriculture + network/control PNCE terms,metadata/title/abstract automated screen; full-text required for candidate_core
U243,RAW296,Design of an Efficient Automated Closed-Loop Irrigation System for Stable Remote Access to Field Conditions,2019,10.35940/ijeat.f8366.088619,OpenAlex,Q10,candidate_core,fulltext_candidate,title/abstract contains agriculture + network/control PNCE terms,metadata/title/abstract automated screen; full-text required for candidate_core
U244,RAW297,From Smart Farming towards Agriculture 5.0: A Review on Crop Data Management,2020,10.3390/agronomy10020207,OpenAlex,Q10,exclude,exclude,R02_wrong_document_type_or_domain,metadata/title/abstract automated screen; full-text required for candidate_core
U245,RAW299,Automated Irrigation and Fertigation System Applying Sensing Technology,2021,10.30880/jeva.2021.02.02.009,OpenAlex,Q10,candidate_core,fulltext_candidate,title/abstract contains agriculture + network/control PNCE terms,metadata/title/abstract automated screen; full-text required for candidate_core
U246,RAW300,Reinforcement Learning based Decentralized Approach for Precision Agriculture and Environment Monitoring,2025,10.1109/icaiss61471.2025.11042035,OpenAlex,Q10,candidate_core,fulltext_candidate,title/abstract contains agriculture + network/control PNCE terms,metadata/title/abstract automated screen; full-text required for candidate_core
U247,RAW301,IoT and Inception V3 for Precision Rice Disease Detection,2025,10.1109/cmss66566.2025.11182534,OpenAlex,Q10,candidate_core,fulltext_candidate,title/abstract contains agriculture + network/control PNCE terms,metadata/title/abstract automated screen; full-text required for candidate_core
U248,RAW306,Advances in greenhouse automation and controlled environment agriculture: A transition to plant factories and urban agriculture,2018,10.25165/j.ijabe.20181101.3210,OpenAlex,Q10,exclude,exclude,R02_wrong_document_type_or_domain,metadata/title/abstract automated screen; full-text required for candidate_core
U249,RAW307,Towards Precision Agriculture: IoT-Enabled Intelligent Irrigation Systems Using Deep Learning Neural Network,2021,10.1109/jsen.2021.3069266,OpenAlex,Q10,candidate_core,fulltext_candidate,title/abstract contains agriculture + network/control PNCE terms,metadata/title/abstract automated screen; full-text required for candidate_core
U250,RAW310,IoT-Blockchain Enabled Optimized Provenance System for Food Industry 4.0 Using Advanced Deep Learning,2020,10.3390/s20102990,OpenAlex,Q10,candidate_core,fulltext_candidate,title/abstract contains agriculture + network/control PNCE terms,metadata/title/abstract automated screen; full-text required for candidate_core
U251,RAW312,Hydroponic Solutions for Soilless Production Systems: Issues and Opportunities in a Smart Agriculture Perspective,2019,10.3389/fpls.2019.00923,OpenAlex,Q10,exclude,exclude,R02_wrong_document_type_or_domain,metadata/title/abstract automated screen; full-text required for candidate_core
U252,RAW313,Advances in Agriculture Robotics: A State-of-the-Art Review and Challenges Ahead,2021,10.3390/robotics10020052,OpenAlex,Q10,exclude,exclude,R02_wrong_document_type_or_domain,metadata/title/abstract automated screen; full-text required for candidate_core
U253,RAW315,Smart Sensor Technologies Shaping the Future of Precision Agriculture: Recent Advances and Future Outlooks,2025,,local_paper_list,LOCAL,exclude,exclude,R02_wrong_document_type_or_domain,metadata/title/abstract automated screen; full-text required for candidate_core
U254,RAW316,Dew Computing in Smart Agriculture to Improve Real-Time Data Processing and Decision-Making Capabilities for Sustainable Farming,2025,,local_paper_list,LOCAL,exclude,exclude,R03_no_clear_network_control_component,metadata/title/abstract automated screen; full-text required for candidate_core
U255,RAW317,Safe Control of Multi-Agent Systems with Minimal Communication,2025,,local_paper_list,LOCAL,exclude,exclude,R04_out_of_agriculture_scope,metadata/title/abstract automated screen; full-text required for candidate_core
U256,RAW318,Systematic literature review of smart greenhouse monitoring,2025,,local_paper_list,LOCAL,exclude,exclude,R02_wrong_document_type_or_domain,metadata/title/abstract automated screen; full-text required for candidate_core
U257,RAW319,"Comprehensive Exploration of Smart Cities: A Systematic Review of Benefits, Challenges, and Future Directions",2025,,local_paper_list,LOCAL,exclude,exclude,R02_wrong_document_type_or_domain,metadata/title/abstract automated screen; full-text required for candidate_core
U258,RAW320,IoT-Enabled Adaptive Watering System with ARIMA-Based Soil Moisture Prediction for Smart Agriculture,2025,,local_paper_list,LOCAL,candidate_core,fulltext_candidate,title/abstract contains agriculture + network/control PNCE terms,metadata/title/abstract automated screen; full-text required for candidate_core
U259,RAW321,Learned DICOM Image Compression via Super-Resolution with Dilated Residual Blocks and Pixel Attention,2025,,local_paper_list,LOCAL,exclude,exclude,R02_wrong_document_type_or_domain,metadata/title/abstract automated screen; full-text required for candidate_core
U260,RAW322,Vegetation Effects on LoRa-Based Wireless Sensor Communication for Remote Monitoring of Automatic Orchard Irrigation Status,2025,,local_paper_list,LOCAL,candidate_core,fulltext_candidate,title/abstract contains agriculture + network/control PNCE terms,metadata/title/abstract automated screen; full-text required for candidate_core
U261,RAW323,Artificial Intelligence in Agriculture: Advancing Crop Productivity and Sustainability,2025,,local_paper_list,LOCAL,exclude,exclude,R03_no_clear_network_control_component,metadata/title/abstract automated screen; full-text required for candidate_core
U262,RAW324,Analyzing the Effectiveness of Wireless Sensor Networks in Smart Agriculture with OPNET,2025,,local_paper_list,LOCAL,candidate_core,fulltext_candidate,title/abstract contains agriculture + network/control PNCE terms,metadata/title/abstract automated screen; full-text required for candidate_core
U263,RAW325,Data-driven model predictive control (MPC) for irrigation management in agricultural greenhouse under CO2 enrichment,2025,,local_paper_list,LOCAL,candidate_core,fulltext_candidate,title/abstract contains agriculture + network/control PNCE terms,metadata/title/abstract automated screen; full-text required for candidate_core
U264,RAW326,Precision agriculture through data‐driven farming techniques,2025,,local_paper_list,LOCAL,exclude,exclude,R03_no_clear_network_control_component,metadata/title/abstract automated screen; full-text required for candidate_core
U265,RAW327,Spatiotemporal prediction of soil moisture content using machine learning algorithms,2025,,local_paper_list,LOCAL,candidate_core,fulltext_candidate,title/abstract contains agriculture + network/control PNCE terms,metadata/title/abstract automated screen; full-text required for candidate_core
U266,RAW328,"LoRa Communication for Agriculture 4.0: Opportunities, Challenges, and Future Directions",2025,,local_paper_list,LOCAL,exclude,exclude,R02_wrong_document_type_or_domain,metadata/title/abstract automated screen; full-text required for candidate_core
U267,RAW329,"MIMO-OFDM Based Wireless Sensor Networks: Standards, Challenges, and Opportunities in Smart Agriculture",2025,,local_paper_list,LOCAL,candidate_core,fulltext_candidate,title/abstract contains agriculture + network/control PNCE terms,metadata/title/abstract automated screen; full-text required for candidate_core
U268,RAW330,"Application of Smart Techniques, Internet of Things and Data Mining for Resource Use Efficient and Sustainable Crop Production",2025,,local_paper_list,LOCAL,exclude,exclude,R03_no_clear_network_control_component,metadata/title/abstract automated screen; full-text required for candidate_core
U269,RAW331,Optimal cooperative routing protocol for energy efficiency in wireless sensor networks,2025,,local_paper_list,LOCAL,exclude,exclude,R04_out_of_agriculture_scope,metadata/title/abstract automated screen; full-text required for candidate_core
U270,RAW332,Intelligent Irrigation Management using Reinforcement Learning and Digital Twins,2025,,local_paper_list,LOCAL,exclude,exclude,R03_no_clear_network_control_component,metadata/title/abstract automated screen; full-text required for candidate_core
U271,RAW333,"Recent advances in evolving computing paradigms: Cloud, edge, and fog technologies",2025,,local_paper_list,LOCAL,exclude,exclude,R04_out_of_agriculture_scope,metadata/title/abstract automated screen; full-text required for candidate_core
U272,RAW334,"Digital Twin: Benefits, use cases, challenges, and opportunities",2025,,local_paper_list,LOCAL,exclude,exclude,R04_out_of_agriculture_scope,metadata/title/abstract automated screen; full-text required for candidate_core
U273,RAW335,Energy-Efficient and Secure Routing in WSN-IoT for Smart Agriculture using Hybrid Optimization,2025,,local_paper_list,LOCAL,candidate_core,fulltext_candidate,title/abstract contains agriculture + network/control PNCE terms,metadata/title/abstract automated screen; full-text required for candidate_core
U274,RAW336,Internet of Things (IoT) Based Smart Agriculture Monitoring System,2025,,local_paper_list,LOCAL,candidate_core,fulltext_candidate,title/abstract contains agriculture + network/control PNCE terms,metadata/title/abstract automated screen; full-text required for candidate_core
U275,RAW337,"Smart agriculture: A review of IoT applications, challenges, and future trends",2025,,local_paper_list,LOCAL,exclude,exclude,R02_wrong_document_type_or_domain,metadata/title/abstract automated screen; full-text required for candidate_core
U276,RAW338,Internet of Things (IoT) and Agricultural Unmanned Aerial Vehicles (UAVs) in Smart Farming,2025,,local_paper_list,LOCAL,candidate_core,fulltext_candidate,title/abstract contains agriculture + network/control PNCE terms,metadata/title/abstract automated screen; full-text required for candidate_core
U277,RAW339,Scalable and Efficient Data Collection in IoT-Based Smart Farming,2025,,local_paper_list,LOCAL,candidate_core,fulltext_candidate,title/abstract contains agriculture + network/control PNCE terms,metadata/title/abstract automated screen; full-text required for candidate_core
U278,RAW340,Energy-Efficient IoT-Based Monitoring System for Precision Viticulture,2025,,local_paper_list,LOCAL,exclude,exclude,R04_out_of_agriculture_scope,metadata/title/abstract automated screen; full-text required for candidate_core
U279,RAW341,Multi-objective optimized GPSR intelligent routing protocol for UAV clusters,2025,,local_paper_list,LOCAL,exclude,exclude,R02_wrong_document_type_or_domain,metadata/title/abstract automated screen; full-text required for candidate_core
U280,RAW342,Deep Learning for Pest Detection in Smart Agriculture: A Review,2025,,local_paper_list,LOCAL,exclude,exclude,R02_wrong_document_type_or_domain,metadata/title/abstract automated screen; full-text required for candidate_core
U281,RAW343,Research on Agricultural Environmental Monitoring System Based on IoT,2025,,local_paper_list,LOCAL,candidate_core,fulltext_candidate,title/abstract contains agriculture + network/control PNCE terms,metadata/title/abstract automated screen; full-text required for candidate_core
U282,RAW344,Green-IoT based Smart Agriculture System for Real-time Monitoring and Control,2025,,local_paper_list,LOCAL,candidate_core,fulltext_candidate,title/abstract contains agriculture + network/control PNCE terms,metadata/title/abstract automated screen; full-text required for candidate_core
U283,RAW345,Security and Privacy Issues in Smart Agriculture: A Survey,2025,,local_paper_list,LOCAL,exclude,exclude,R02_wrong_document_type_or_domain,metadata/title/abstract automated screen; full-text required for candidate_core
U284,RAW346,"Smart Farming: A Comprehensive Review of IoT, AI, and Big Data Applications",2025,,local_paper_list,LOCAL,exclude,exclude,R02_wrong_document_type_or_domain,metadata/title/abstract automated screen; full-text required for candidate_core
U285,RAW347,Solar dryer dome to improve post-harvest processing for smallholder farmers,2026,,local_paper_list,LOCAL,exclude,exclude,R01_out_of_year_range,metadata/title/abstract automated screen; full-text required for candidate_core
U286,RAW348,Harnessing the power of transformers and data fusion in smart irrigation,2025,,local_paper_list,LOCAL,exclude,exclude,R03_no_clear_network_control_component,metadata/title/abstract automated screen; full-text required for candidate_core
U287,RAW349,Farming Assistance for Soil Fertility Improvement and Crop Prediction using XGBoost,2025,,local_paper_list,LOCAL,exclude,exclude,R02_wrong_document_type_or_domain,metadata/title/abstract automated screen; full-text required for candidate_core
U288,RAW350,Edge-AI-Enabled IoT Systems for Smart Agriculture,2025,,local_paper_list,LOCAL,candidate_core,fulltext_candidate,title/abstract contains agriculture + network/control PNCE terms,metadata/title/abstract automated screen; full-text required for candidate_core
U289,RAW351,Smart Agriculture System Based on Long Range Wide Area Network,2025,,local_paper_list,LOCAL,candidate_core,fulltext_candidate,title/abstract contains agriculture + network/control PNCE terms,metadata/title/abstract automated screen; full-text required for candidate_core
U290,RAW352,IoT Based Smart Agriculture Monitoring and Irrigation System,2025,,local_paper_list,LOCAL,candidate_core,fulltext_candidate,title/abstract contains agriculture + network/control PNCE terms,metadata/title/abstract automated screen; full-text required for candidate_core
U291,RAW353,AI-based framework for early detection and segmentation of green Citrus fruits,2025,,local_paper_list,LOCAL,exclude,exclude,R04_out_of_agriculture_scope,metadata/title/abstract automated screen; full-text required for candidate_core
U292,RAW354,Impact of Minimum Spanning Tree Algorithms on Extractive Arabic Text Summarization,2025,,local_paper_list,LOCAL,exclude,exclude,R02_wrong_document_type_or_domain,metadata/title/abstract automated screen; full-text required for candidate_core
U293,RAW355,Prediction the Depth of Color of Cationised Cotton Fabric Dyed with Reactive Dyes Using Fuzzy Logic,2025,,local_paper_list,LOCAL,exclude,exclude,R04_out_of_agriculture_scope,metadata/title/abstract automated screen; full-text required for candidate_core
U294,RAW356,Review of Current Robotic Approaches for Weed Management in Paddy Cultivation,2025,,local_paper_list,LOCAL,exclude,exclude,R02_wrong_document_type_or_domain,metadata/title/abstract automated screen; full-text required for candidate_core
U295,RAW357,Control And Monitoring System Design Cultivation of Lettuce Using Method Aeroponics Based on Smart Farming,2025,,local_paper_list,LOCAL,candidate_core,fulltext_candidate,title/abstract contains agriculture + network/control PNCE terms,metadata/title/abstract automated screen; full-text required for candidate_core
U296,RAW358,Post-quantum digital signature algorithms on IoT,2025,,local_paper_list,LOCAL,exclude,exclude,R04_out_of_agriculture_scope,metadata/title/abstract automated screen; full-text required for candidate_core
U297,RAW359,Design and Implementation of an efficient IoT based approach to Supply Chain Management,2025,,local_paper_list,LOCAL,exclude,exclude,R04_out_of_agriculture_scope,metadata/title/abstract automated screen; full-text required for candidate_core
U298,RAW360,Event-Triggered Distributed Optimal Bipartite Consensus Control for Multi-Agent Systems,2025,,local_paper_list,LOCAL,exclude,exclude,R04_out_of_agriculture_scope,metadata/title/abstract automated screen; full-text required for candidate_core
U299,RAW361,Data-driven model predictive control (MPC) for irrigation management to optimize water and energy,2025,,local_paper_list,LOCAL,candidate_core,fulltext_candidate,title/abstract contains agriculture + network/control PNCE terms,metadata/title/abstract automated screen; full-text required for candidate_core
U300,RAW362,"Edge Computing-Enabled Smart Agriculture: Technical Architectures, Practical Evolution, and Bottleneck Breakthroughs",2025,,local_paper_list,LOCAL,candidate_core,fulltext_candidate,title/abstract contains agriculture + network/control PNCE terms,metadata/title/abstract automated screen; full-text required for candidate_core
U301,RAW363,Dragonfly-Inspired OLSR Protocol for Interference-Aware Seamless Connectivity in FANET,2025,,local_paper_list,LOCAL,exclude,exclude,R04_out_of_agriculture_scope,metadata/title/abstract automated screen; full-text required for candidate_core
U302,RAW364,Path planning for unmanned aerial vehicles in dynamic environments,2025,,local_paper_list,LOCAL,exclude,exclude,R04_out_of_agriculture_scope,metadata/title/abstract automated screen; full-text required for candidate_core
U303,RAW365,Next-generation lithium-ion batteries for electric vehicles: AI driven performance optimization,2025,,local_paper_list,LOCAL,exclude,exclude,R04_out_of_agriculture_scope,metadata/title/abstract automated screen; full-text required for candidate_core
U304,RAW366,AI and Robotics in Agriculture: A Systematic and Quantitative Review of Research Trends,2025,,local_paper_list,LOCAL,exclude,exclude,R02_wrong_document_type_or_domain,metadata/title/abstract automated screen; full-text required for candidate_core
U305,RAW367,Navigating ethics in wireless sensor networks for sustainable agriculture,2025,,local_paper_list,LOCAL,candidate_core,fulltext_candidate,title/abstract contains agriculture + network/control PNCE terms,metadata/title/abstract automated screen; full-text required for candidate_core
U306,RAW368,Bundled authenticated key exchange: a concrete treatment of (post-quantum) signal’s handshake protocol,2025,,local_paper_list,LOCAL,exclude,exclude,R04_out_of_agriculture_scope,metadata/title/abstract automated screen; full-text required for candidate_core
U307,RAW369,"Smart Farming Technologies: IoT, Sensors, and Data Analytics",2025,,local_paper_list,LOCAL,candidate_core,fulltext_candidate,title/abstract contains agriculture + network/control PNCE terms,metadata/title/abstract automated screen; full-text required for candidate_core
U308,RAW370,Self-Triggering Evolutionary Optimal Control of Multi-Modular Robot Manipulators,2025,,local_paper_list,LOCAL,exclude,exclude,R04_out_of_agriculture_scope,metadata/title/abstract automated screen; full-text required for candidate_core
U309,RAW371,Learning-based Pest Count Forecasting for Solar Insecticidal Lamps,2025,,local_paper_list,LOCAL,exclude,exclude,R04_out_of_agriculture_scope,metadata/title/abstract automated screen; full-text required for candidate_core
U310,RAW372,Sustainable food systems transformation in the face of climate change,2025,,local_paper_list,LOCAL,exclude,exclude,R04_out_of_agriculture_scope,metadata/title/abstract automated screen; full-text required for candidate_core
U311,RAW373,Sustainable Smart Irrigation System using solar PV with rainwater harvesting,2025,,local_paper_list,LOCAL,exclude,exclude,R03_no_clear_network_control_component,metadata/title/abstract automated screen; full-text required for candidate_core
U312,RAW374,DP-MCR: A Bio-Inspired Multi-Constraint Routing Protocol for Delay-Resilient and Secure Communication,2025,,local_paper_list,LOCAL,exclude,exclude,R04_out_of_agriculture_scope,metadata/title/abstract automated screen; full-text required for candidate_core
U313,RAW375,Peregrine Falcon Optimization Routing Protocol for Hazardous Drone Ad-Hoc Networks,2025,,local_paper_list,LOCAL,exclude,exclude,R04_out_of_agriculture_scope,metadata/title/abstract automated screen; full-text required for candidate_core
U314,RAW376,Decentralized Dynamic Event-Triggered Communication and Active Suspension Control of In-Wheel Motor Driven Electric Vehicles,2025,,local_paper_list,LOCAL,exclude,exclude,R04_out_of_agriculture_scope,metadata/title/abstract automated screen; full-text required for candidate_core
U315,RAW377,Automated Greenhouses: IoT-Driven Climate Control,2026,,local_paper_list,LOCAL,exclude,exclude,R01_out_of_year_range,metadata/title/abstract automated screen; full-text required for candidate_core
U316,RAW378,Intelligent Offloading of IoT-Based Smart Agriculture Data in Edge-Cloud Continuum,2025,,local_paper_list,LOCAL,candidate_core,fulltext_candidate,title/abstract contains agriculture + network/control PNCE terms,metadata/title/abstract automated screen; full-text required for candidate_core
U317,RAW379,Analysis of multi-dimensional Industrial IoT (IIoT) data in Edge–Fog–Cloud based architectural frameworks,2025,,local_paper_list,LOCAL,exclude,exclude,R04_out_of_agriculture_scope,metadata/title/abstract automated screen; full-text required for candidate_core
U318,RAW380,Digital Technologies for Sustainable Development of Agri-Food: Implementation Guidelines Toward Industry 5.0,2025,,local_paper_list,LOCAL,exclude,exclude,R04_out_of_agriculture_scope,metadata/title/abstract automated screen; full-text required for candidate_core
U319,RAW381,"Foundation models in smart agriculture: Basics, opportunities, and challenges",2025,,local_paper_list,LOCAL,exclude,exclude,R03_no_clear_network_control_component,metadata/title/abstract automated screen; full-text required for candidate_core
U320,RAW382,Co-design of dynamic event-triggered mechanism and observer-based control for networked systems,2025,,local_paper_list,LOCAL,exclude,exclude,R04_out_of_agriculture_scope,metadata/title/abstract automated screen; full-text required for candidate_core
U321,RAW383,Security Analysis in Smart Agriculture: Insights from a Cyber-Physical System Application,2025,,local_paper_list,LOCAL,exclude,exclude,R03_no_clear_network_control_component,metadata/title/abstract automated screen; full-text required for candidate_core
U322,RAW384,Management Practices for Sustainable Agriculture in the Age of Smart Farming,2025,,local_paper_list,LOCAL,exclude,exclude,R03_no_clear_network_control_component,metadata/title/abstract automated screen; full-text required for candidate_core
U323,RAW385,Optimal Operation of Integrated Energy Systems Case Study on Application of Event-Triggered MPC,2025,,local_paper_list,LOCAL,exclude,exclude,R04_out_of_agriculture_scope,metadata/title/abstract automated screen; full-text required for candidate_core
U324,RAW386,"Design, development, and evaluation of a low-cost smart greenhouse control system",2025,,local_paper_list,LOCAL,candidate_core,fulltext_candidate,title/abstract contains agriculture + network/control PNCE terms,metadata/title/abstract automated screen; full-text required for candidate_core
U325,RAW387,Cross-layer analysis of machine learning models for secure and energy-efficient IoT networks,2025,,local_paper_list,LOCAL,exclude,exclude,R04_out_of_agriculture_scope,metadata/title/abstract automated screen; full-text required for candidate_core
U326,RAW388,Design and development of IoT smart drip irrigation and fertigation prototype,2025,,local_paper_list,LOCAL,candidate_core,fulltext_candidate,title/abstract contains agriculture + network/control PNCE terms,metadata/title/abstract automated screen; full-text required for candidate_core
U327,RAW389,Virtual sensors for smart farming: An IoT-and AI-enabled approach,2025,,local_paper_list,LOCAL,candidate_core,fulltext_candidate,title/abstract contains agriculture + network/control PNCE terms,metadata/title/abstract automated screen; full-text required for candidate_core
U328,RAW390,A Review of Smart Crop Technologies for Resource Constrained Environments,2025,,local_paper_list,LOCAL,exclude,exclude,R02_wrong_document_type_or_domain,metadata/title/abstract automated screen; full-text required for candidate_core
U329,RAW391,Integrated Fluid Dynamics Modeling for Smart Agricultural Irrigation,2025,,local_paper_list,LOCAL,exclude,exclude,R03_no_clear_network_control_component,metadata/title/abstract automated screen; full-text required for candidate_core
U330,RAW392,A review of cybersecurity incidents in the food and agriculture sector,2025,,local_paper_list,LOCAL,exclude,exclude,R02_wrong_document_type_or_domain,metadata/title/abstract automated screen; full-text required for candidate_core
U331,RAW393,RL-Guided MPC for Autonomous Greenhouse Control,2025,,local_paper_list,LOCAL,candidate_core,fulltext_candidate,title/abstract contains agriculture + network/control PNCE terms,metadata/title/abstract automated screen; full-text required for candidate_core
U332,RAW394,Real-Time Respiratory Sound Classification For Remote Diagnostic Systems in Agriculture,2025,,local_paper_list,LOCAL,exclude,exclude,R03_no_clear_network_control_component,metadata/title/abstract automated screen; full-text required for candidate_core
U333,RAW395,Development and evaluation of wireless sensor network (WSN) based automated drip irrigation system,2025,,local_paper_list,LOCAL,candidate_core,fulltext_candidate,title/abstract contains agriculture + network/control PNCE terms,metadata/title/abstract automated screen; full-text required for candidate_core
U334,RAW396,Hybrid LoRaWAN–MQTT Architecture for Portable Smart Greenhouses,2025,,local_paper_list,LOCAL,candidate_core,fulltext_candidate,title/abstract contains agriculture + network/control PNCE terms,metadata/title/abstract automated screen; full-text required for candidate_core
U335,RAW397,Observer-based AE-T cooperative DMPC for a class of interconnected nonlinear systems,2025,,local_paper_list,LOCAL,exclude,exclude,R04_out_of_agriculture_scope,metadata/title/abstract automated screen; full-text required for candidate_core
U336,RAW398,CropSynergy: Harnessing IoT Solutions for Smart and Efficient Crop Management,2025,,local_paper_list,LOCAL,candidate_core,fulltext_candidate,title/abstract contains agriculture + network/control PNCE terms,metadata/title/abstract automated screen; full-text required for candidate_core
U337,RAW399,Stable Plithogenic Cubic Sets in Agricultural Decision Making,2025,,local_paper_list,LOCAL,exclude,exclude,R03_no_clear_network_control_component,metadata/title/abstract automated screen; full-text required for candidate_core
U338,RAW400,A platform to support the fast development of digital twins for agricultural holdings,2025,,local_paper_list,LOCAL,exclude,exclude,R03_no_clear_network_control_component,metadata/title/abstract automated screen; full-text required for candidate_core
U339,RAW401,Design and performance of nutrient dosing control system using fuzzy logic,2025,,local_paper_list,LOCAL,exclude,exclude,R04_out_of_agriculture_scope,metadata/title/abstract automated screen; full-text required for candidate_core
U340,RAW402,Mappings Of Plithogenic Cubic Sets,2025,,local_paper_list,LOCAL,exclude,exclude,R04_out_of_agriculture_scope,metadata/title/abstract automated screen; full-text required for candidate_core
U341,RAW403,Efficient state synchronization in distributed electrical grid systems,2025,,local_paper_list,LOCAL,exclude,exclude,R04_out_of_agriculture_scope,metadata/title/abstract automated screen; full-text required for candidate_core
U342,RAW404,ILoRa: Interleaving-driven neural network for rate adaptation in LoRa communications,2025,,local_paper_list,LOCAL,exclude,exclude,R04_out_of_agriculture_scope,metadata/title/abstract automated screen; full-text required for candidate_core
U343,RAW405,"Control Algorithms for Intelligent Agriculture: Applications, Challenges, and Future Directions",2025,,local_paper_list,LOCAL,candidate_core,fulltext_candidate,title/abstract contains agriculture + network/control PNCE terms,metadata/title/abstract automated screen; full-text required for candidate_core
U344,RAW406,Jaguar-Based Routing Protocol (JRP) For Improved Reliability in DANET,2025,,local_paper_list,LOCAL,exclude,exclude,R04_out_of_agriculture_scope,metadata/title/abstract automated screen; full-text required for candidate_core
U345,RAW407,Machine learning and robotics in urban traffic flow optimization,2025,,local_paper_list,LOCAL,exclude,exclude,R04_out_of_agriculture_scope,metadata/title/abstract automated screen; full-text required for candidate_core
U346,RAW408,Optimizing Quality of Service and Energy Efficiency in Hazardous DANET,2025,,local_paper_list,LOCAL,exclude,exclude,R04_out_of_agriculture_scope,metadata/title/abstract automated screen; full-text required for candidate_core
U347,RAW409,Early Prediction of Heart Disease Using Deep Belief-Assisted Neural Predictor (Agricultural Health App),2025,,local_paper_list,LOCAL,exclude,exclude,R03_no_clear_network_control_component,metadata/title/abstract automated screen; full-text required for candidate_core
U348,RAW410,Towards the quantum-safe web: benchmarking post-quantum tls,2025,,local_paper_list,LOCAL,exclude,exclude,R04_out_of_agriculture_scope,metadata/title/abstract automated screen; full-text required for candidate_core
U349,RAW411,Emerging technologies for smart and sustainable precision agriculture,2025,,local_paper_list,LOCAL,exclude,exclude,R03_no_clear_network_control_component,metadata/title/abstract automated screen; full-text required for candidate_core
U350,RAW412,An Overview of LoRa Localization Technologies,2025,,local_paper_list,LOCAL,exclude,exclude,R04_out_of_agriculture_scope,metadata/title/abstract automated screen; full-text required for candidate_core
U351,RAW413,IoT-Enabled Autonomous Rover for Small-Scale Precision Farming,2025,,local_paper_list,LOCAL,candidate_core,fulltext_candidate,title/abstract contains agriculture + network/control PNCE terms,metadata/title/abstract automated screen; full-text required for candidate_core
U352,RAW414,Versatile quantum-safe hybrid key exchange and its application to MACsec,2025,,local_paper_list,LOCAL,exclude,exclude,R04_out_of_agriculture_scope,metadata/title/abstract automated screen; full-text required for candidate_core
U353,RAW415,LoRa-Based Smart Agriculture Monitoring and Automatic Irrigation System,2025,,local_paper_list,LOCAL,candidate_core,fulltext_candidate,title/abstract contains agriculture + network/control PNCE terms,metadata/title/abstract automated screen; full-text required for candidate_core
U354,RAW416,Innovations in Sensor-Based Systems and Sustainable Energy Solutions for Smart Agriculture,2025,,local_paper_list,LOCAL,exclude,exclude,R03_no_clear_network_control_component,metadata/title/abstract automated screen; full-text required for candidate_core
U355,RAW417,Control And Monitoring System Design Cultivation of Lettuce Using Method Aeroponics,2025,,local_paper_list,LOCAL,exclude,exclude,R04_out_of_agriculture_scope,metadata/title/abstract automated screen; full-text required for candidate_core
U356,RAW418,Robust Event-Triggered Control for Networked Control Systems Under DoS Attacks,2025,,local_paper_list,LOCAL,exclude,exclude,R04_out_of_agriculture_scope,metadata/title/abstract automated screen; full-text required for candidate_core
U357,RAW419,Data-Driven Distributed Event-Triggered Control for Networked Multi-Agent Systems,2025,,local_paper_list,LOCAL,exclude,exclude,R04_out_of_agriculture_scope,metadata/title/abstract automated screen; full-text required for candidate_core
U358,RAW420,Event-Based Model Predictive Control for Greenhouse Climate Control with Energy Optimization,2025,,local_paper_list,LOCAL,candidate_core,fulltext_candidate,title/abstract contains agriculture + network/control PNCE terms,metadata/title/abstract automated screen; full-text required for candidate_core
U359,RAW421,An Efficient Deep Learning Approach for Plant Disease Detection in Smart Agriculture,2025,,local_paper_list,LOCAL,exclude,exclude,R03_no_clear_network_control_component,metadata/title/abstract automated screen; full-text required for candidate_core
U360,RAW422,Federated Learning for Privacy-Preserving Smart Agriculture: A Survey,2025,,local_paper_list,LOCAL,exclude,exclude,R02_wrong_document_type_or_domain,metadata/title/abstract automated screen; full-text required for candidate_core
U361,RAW423,AI in Agriculture: Cloud-Powered Precision Farming with Real-Time Data Analytics,2025,,local_paper_list,LOCAL,exclude,exclude,R03_no_clear_network_control_component,metadata/title/abstract automated screen; full-text required for candidate_core
U362,RAW424,Social Irrigation: An Intelligent Irrigation System,2026,,local_paper_list,LOCAL,exclude,exclude,R01_out_of_year_range,metadata/title/abstract automated screen; full-text required for candidate_core
U363,RAW425,A comprehensive review of proximal spectral sensing devices for crop monitoring,2025,,local_paper_list,LOCAL,exclude,exclude,R02_wrong_document_type_or_domain,metadata/title/abstract automated screen; full-text required for candidate_core
U364,RAW426,Observer-based Practical Prescribed-Time Consensus Tracking Control,2025,,local_paper_list,LOCAL,exclude,exclude,R04_out_of_agriculture_scope,metadata/title/abstract automated screen; full-text required for candidate_core
U365,RAW427,Event-based Sensor Data Scheduling: Trade-off between Communication and Control,2025,,local_paper_list,LOCAL,exclude,exclude,R04_out_of_agriculture_scope,metadata/title/abstract automated screen; full-text required for candidate_core
U366,RAW428,Event-Driven Robust Model Predictive Control for Electromagnetic Levitation Systems,2025,,local_paper_list,LOCAL,exclude,exclude,R04_out_of_agriculture_scope,metadata/title/abstract automated screen; full-text required for candidate_core
U367,RAW429,Semi–Global Exponential Stabilization of Nonlinear Time–Delay Systems via Event–Triggered Controllers,2025,,local_paper_list,LOCAL,exclude,exclude,R04_out_of_agriculture_scope,metadata/title/abstract automated screen; full-text required for candidate_core
U368,RAW430,Disturbance Rejection Self-Triggered Distributed MPC for Asynchronous Multiagent Systems,2025,,local_paper_list,LOCAL,exclude,exclude,R04_out_of_agriculture_scope,metadata/title/abstract automated screen; full-text required for candidate_core
U369,RAW431,A Compensation Matrix Based Model Predictive Control Structure for Manufacturing,2025,,local_paper_list,LOCAL,exclude,exclude,R04_out_of_agriculture_scope,metadata/title/abstract automated screen; full-text required for candidate_core
U370,RAW432,FLTrans-Net: transformer-based feature learning network for wheat head detection,2025,,local_paper_list,LOCAL,exclude,exclude,R04_out_of_agriculture_scope,metadata/title/abstract automated screen; full-text required for candidate_core
U371,RAW433,"Smart Farming, Smarter Solutions: Revolutionizing Agriculture with Artificial Intelligence",2025,,local_paper_list,LOCAL,exclude,exclude,R03_no_clear_network_control_component,metadata/title/abstract automated screen; full-text required for candidate_core
U372,RAW434,A systematic review of multi-mode analytics for enhanced plant stress evaluation,2025,,local_paper_list,LOCAL,exclude,exclude,R02_wrong_document_type_or_domain,metadata/title/abstract automated screen; full-text required for candidate_core
U373,RAW435,Q-learning-based semi-fixed clustering routing algorithm in WSNs,2025,,local_paper_list,LOCAL,exclude,exclude,R04_out_of_agriculture_scope,metadata/title/abstract automated screen; full-text required for candidate_core
U374,RAW436,Towards an intelligent and automatic irrigation system based on internet of things,2025,,local_paper_list,LOCAL,exclude,exclude,R03_no_clear_network_control_component,metadata/title/abstract automated screen; full-text required for candidate_core
U375,RAW437,Research and Development of an IoT Smart Irrigation System for Farmland Based on LoRa,2025,,local_paper_list,LOCAL,candidate_core,fulltext_candidate,title/abstract contains agriculture + network/control PNCE terms,metadata/title/abstract automated screen; full-text required for candidate_core
U376,RAW438,Dynamic Self-Triggered Intelligent Path Tracking Control via Reinforcement Learning,2025,,local_paper_list,LOCAL,exclude,exclude,R04_out_of_agriculture_scope,metadata/title/abstract automated screen; full-text required for candidate_core
U377,RAW439,Optimal Yaw Attitude Tracking Control of Maglev Cars Via Reinforcement Learning-Based MPC,2025,,local_paper_list,LOCAL,exclude,exclude,R04_out_of_agriculture_scope,metadata/title/abstract automated screen; full-text required for candidate_core
U378,RAW440,Immersion and Invariance Adaptive Control for Unmanned Helicopter,2025,,local_paper_list,LOCAL,exclude,exclude,R04_out_of_agriculture_scope,metadata/title/abstract automated screen; full-text required for candidate_core
U379,RAW441,LoRA-Augmented ConvMixed-ViT Architecture for Adaptive Compressive Sensing in AIoT,2025,,local_paper_list,LOCAL,exclude,exclude,R04_out_of_agriculture_scope,metadata/title/abstract automated screen; full-text required for candidate_core
U380,RAW442,Observer-based reinforcement learning for optimal fault-tolerant consensus control,2025,,local_paper_list,LOCAL,exclude,exclude,R04_out_of_agriculture_scope,metadata/title/abstract automated screen; full-text required for candidate_core
U381,RAW443,Using multi-sensor data fusion techniques and machine learning algorithms for UAV-based yield prediction,2025,,local_paper_list,LOCAL,exclude,exclude,R04_out_of_agriculture_scope,metadata/title/abstract automated screen; full-text required for candidate_core
U382,RAW444,Gateway configuration in 2.4 GHz LoRa networks,2025,,local_paper_list,LOCAL,exclude,exclude,R04_out_of_agriculture_scope,metadata/title/abstract automated screen; full-text required for candidate_core
U383,RAW445,"Climate change, water resources and sustainable agriculture: Impact, adaptation and mitigation",2023,,local_paper_list,LOCAL,exclude,exclude,R03_no_clear_network_control_component,metadata/title/abstract automated screen; full-text required for candidate_core
U384,RAW446,AI in precision agriculture: A review of technologies for sustainable farming practices,2024,,local_paper_list,LOCAL,exclude,exclude,R02_wrong_document_type_or_domain,metadata/title/abstract automated screen; full-text required for candidate_core
U385,RAW447,IoT-based intelligent pest management system for precision agriculture,2024,,local_paper_list,LOCAL,candidate_core,fulltext_candidate,title/abstract contains agriculture + network/control PNCE terms,metadata/title/abstract automated screen; full-text required for candidate_core
U386,RAW448,"Application of smart techniques, internet of things and data mining for sustainable crop production",2023,,local_paper_list,LOCAL,exclude,exclude,R03_no_clear_network_control_component,metadata/title/abstract automated screen; full-text required for candidate_core
U387,RAW449,Big data privacy in smart farming: a review,2022,,local_paper_list,LOCAL,exclude,exclude,R02_wrong_document_type_or_domain,metadata/title/abstract automated screen; full-text required for candidate_core
U388,RAW450,Internet-of-Things (IoT)-based smart agriculture: Toward making the fields talk,2019,,local_paper_list,LOCAL,candidate_core,fulltext_candidate,title/abstract contains agriculture + network/control PNCE terms,metadata/title/abstract automated screen; full-text required for candidate_core
U389,RAW452,Feature Selection for Portable Spectral Sensing Data of Soil Using Broad Learning Network,2024,,local_paper_list,LOCAL,exclude,exclude,R04_out_of_agriculture_scope,metadata/title/abstract automated screen; full-text required for candidate_core
U390,RAW453,The effect of biologically mediated decay rates on modelling soil carbon sequestration,2023,,local_paper_list,LOCAL,exclude,exclude,R04_out_of_agriculture_scope,metadata/title/abstract automated screen; full-text required for candidate_core
U391,RAW454,Design of an Internet of Things (IoT)-based photosynthetically active radiation (PAR) monitoring system,2024,,local_paper_list,LOCAL,exclude,exclude,R04_out_of_agriculture_scope,metadata/title/abstract automated screen; full-text required for candidate_core
U392,RAW455,Technologies driving the shift to smart farming: A review,2022,,local_paper_list,LOCAL,exclude,exclude,R02_wrong_document_type_or_domain,metadata/title/abstract automated screen; full-text required for candidate_core
U393,RAW456,Internet of things for the future of smart agriculture: A comprehensive survey,2021,,local_paper_list,LOCAL,exclude,exclude,R02_wrong_document_type_or_domain,metadata/title/abstract automated screen; full-text required for candidate_core
U394,RAW457,Transformative technologies in digital agriculture: Leveraging Internet of Things and AI,2024,,local_paper_list,LOCAL,exclude,exclude,R03_no_clear_network_control_component,metadata/title/abstract automated screen; full-text required for candidate_core
U395,RAW458,IoT-based smart irrigation systems: an overview on the recent trends,2020,,local_paper_list,LOCAL,candidate_core,fulltext_candidate,title/abstract contains agriculture + network/control PNCE terms,metadata/title/abstract automated screen; full-text required for candidate_core
U396,RAW459,A Survey of LoRaWAN for IoT: From Technology to Application,2018,,local_paper_list,LOCAL,exclude,exclude,R02_wrong_document_type_or_domain,metadata/title/abstract automated screen; full-text required for candidate_core
U397,RAW460,Machine learning enabled IoT system for soil nutrients monitoring and crop recommendation,2023,,local_paper_list,LOCAL,candidate_core,fulltext_candidate,title/abstract contains agriculture + network/control PNCE terms,metadata/title/abstract automated screen; full-text required for candidate_core
U398,RAW461,An eXplainable AI (XAI) model for text-based patent novelty analysis,2023,,local_paper_list,LOCAL,exclude,exclude,R04_out_of_agriculture_scope,metadata/title/abstract automated screen; full-text required for candidate_core
U399,RAW462,Enhancing smart farming through the applications of Agriculture 4.0 technologies,2022,,local_paper_list,LOCAL,exclude,exclude,R03_no_clear_network_control_component,metadata/title/abstract automated screen; full-text required for candidate_core
U400,RAW463,Energy-Efficient Wireless Sensor Networks for Precision Agriculture: A Review,2017,,local_paper_list,LOCAL,exclude,exclude,R02_wrong_document_type_or_domain,metadata/title/abstract automated screen; full-text required for candidate_core
U401,RAW464,Smart water management platform: IoT-based precision irrigation for agriculture,2019,,local_paper_list,LOCAL,candidate_core,fulltext_candidate,title/abstract contains agriculture + network/control PNCE terms,metadata/title/abstract automated screen; full-text required for candidate_core
U402,RAW465,Deep learning in agriculture: A survey,2018,,local_paper_list,LOCAL,exclude,exclude,R02_wrong_document_type_or_domain,metadata/title/abstract automated screen; full-text required for candidate_core
U403,RAW466,A comprehensive survey on IoT and AI based applications in smart agriculture,2024,,local_paper_list,LOCAL,exclude,exclude,R02_wrong_document_type_or_domain,metadata/title/abstract automated screen; full-text required for candidate_core
U404,RAW467,An effective hybrid attention model for crop yield prediction,2024,,local_paper_list,LOCAL,exclude,exclude,R03_no_clear_network_control_component,metadata/title/abstract automated screen; full-text required for candidate_core
U405,RAW468,A comprehensive review on smart and sustainable agriculture using IoT technologies,2024,,local_paper_list,LOCAL,exclude,exclude,R02_wrong_document_type_or_domain,metadata/title/abstract automated screen; full-text required for candidate_core
U406,RAW471,"From Industry 4.0 to Agriculture 4.0: Current Status, Enabling Technologies, and Research Challenges",2021,,local_paper_list,LOCAL,exclude,exclude,R03_no_clear_network_control_component,metadata/title/abstract automated screen; full-text required for candidate_core
U407,RAW473,Machine Learning for Smart Agriculture: A Comprehensive Survey,2024,,local_paper_list,LOCAL,exclude,exclude,R02_wrong_document_type_or_domain,metadata/title/abstract automated screen; full-text required for candidate_core
U408,RAW474,Malicious detection model with artificial neural network in IoT-based smart farming security,2024,,local_paper_list,LOCAL,candidate_core,fulltext_candidate,title/abstract contains agriculture + network/control PNCE terms,metadata/title/abstract automated screen; full-text required for candidate_core
U409,RAW475,IoT-based smart irrigation management system to enhance agricultural water security,2024,,local_paper_list,LOCAL,candidate_core,fulltext_candidate,title/abstract contains agriculture + network/control PNCE terms,metadata/title/abstract automated screen; full-text required for candidate_core
U410,RAW476,Updating guidance for reporting systematic reviews: Development of the PRISMA statement,2020,,local_paper_list,LOCAL,exclude,exclude,R02_wrong_document_type_or_domain,metadata/title/abstract automated screen; full-text required for candidate_core
U411,RAW477,Towards sustainable agriculture: Harnessing AI for global food security,2024,,local_paper_list,LOCAL,exclude,exclude,R03_no_clear_network_control_component,metadata/title/abstract automated screen; full-text required for candidate_core
U412,RAW478,An ingenious IoT-based crop prediction system using ML and EL,2024,,local_paper_list,LOCAL,exclude,exclude,R02_wrong_document_type_or_domain,metadata/title/abstract automated screen; full-text required for candidate_core
U413,RAW479,Smart Crop Recommender System-A Machine Learning Approach,2022,,local_paper_list,LOCAL,exclude,exclude,R03_no_clear_network_control_component,metadata/title/abstract automated screen; full-text required for candidate_core
U414,RAW480,"Technological revolutions in smart farming: Current trends, challenges \& future directions",2022,,local_paper_list,LOCAL,exclude,exclude,R03_no_clear_network_control_component,metadata/title/abstract automated screen; full-text required for candidate_core
U415,RAW481,Agriculture 4.0 and smart sensors: the scientific evolution of digital agriculture,2021,,local_paper_list,LOCAL,exclude,exclude,R03_no_clear_network_control_component,metadata/title/abstract automated screen; full-text required for candidate_core
U416,RAW482,An improved random forest based on the classification accuracy and correlation measurement,2024,,local_paper_list,LOCAL,exclude,exclude,R04_out_of_agriculture_scope,metadata/title/abstract automated screen; full-text required for candidate_core
U417,RAW483,Performance Evaluation of Unsupervised Learning in Optimization of IOT-based Irrigation System,2024,,local_paper_list,LOCAL,candidate_core,fulltext_candidate,title/abstract contains agriculture + network/control PNCE terms,metadata/title/abstract automated screen; full-text required for candidate_core
U418,RAW484,An empirical study on system level aspects of Internet of Things (IoT),2020,,local_paper_list,LOCAL,exclude,exclude,R04_out_of_agriculture_scope,metadata/title/abstract automated screen; full-text required for candidate_core
U419,RAW485,Construction and comprehensive evaluation of an index system for climate-smart agricultural development in China,2024,,local_paper_list,LOCAL,exclude,exclude,R03_no_clear_network_control_component,metadata/title/abstract automated screen; full-text required for candidate_core
U420,RAW486,Fast generalized ramp loss support vector machine for pattern classification,2024,,local_paper_list,LOCAL,exclude,exclude,R04_out_of_agriculture_scope,metadata/title/abstract automated screen; full-text required for candidate_core
U421,RAW487,IoT-based system of prevention and control for crop diseases and insect pests,2024,,local_paper_list,LOCAL,candidate_core,fulltext_candidate,title/abstract contains agriculture + network/control PNCE terms,metadata/title/abstract automated screen; full-text required for candidate_core
U422,RAW488,Big data in smart farming – A review,2017,,local_paper_list,LOCAL,exclude,exclude,R02_wrong_document_type_or_domain,metadata/title/abstract automated screen; full-text required for candidate_core
U423,RAW489,Monitoring citrus soil moisture and nutrients using an IoT-based system,2017,,local_paper_list,LOCAL,candidate_core,fulltext_candidate,title/abstract contains agriculture + network/control PNCE terms,metadata/title/abstract automated screen; full-text required for candidate_core
U424,RAW490,Harvesting a sustainable future: An overview of smart agriculture’s role in sustainability,2024,,local_paper_list,LOCAL,exclude,exclude,R03_no_clear_network_control_component,metadata/title/abstract automated screen; full-text required for candidate_core
