candidate_id,source_raw_id,title,year,doi,landing_url,pdf_url,final_decision,final_status,reason_code,evidence_level,evidence_text,retrieval_chain
FT001,RAW069,Renewable Energy Integration Into Cloud &amp; IoT-Based Smart Agriculture,2021,10.1109/access.2021.3138160,https://doi.org/10.1109/access.2021.3138160,,include,include_after_fulltext_metadata,A01_PNCE_all_present_in_available_text,openalex_unpaywall_metadata,"P=Renewable Energy Integration Into Cloud &amp; IoT-Based Smart Agriculture. Water is becoming scarcer. The unmonitored control and the extensive use of fossil fuel in water-table pumping for irrigation exacerbate global warming and harm the environment. Along with the rapid populati | N=Renewable Energy Integration Into Cloud &amp; IoT-Based Smart Agriculture. Water is becoming scarcer. The unmonitored control and the extensive use of fossil fuel in water-table pumping for irrigation exacerbate global warming and harm the environment. Along with th | C=d &amp; IoT-Based Smart Agriculture. Water is becoming scarcer. The unmonitored control and the extensive use of fossil fuel in water-table pumping for irrigation exacerbate global warming and harm the environment. Along with the rapid population growth and the concomitant increase in the demand for | E=r solution has been deployed and tested in a real-world Smart Farm testbed. The results have shown that the adoption of our SA system reduces the amount of water consumption (with a traditional irrigation system) up to 71.8&#x0025;. Finally, our solution is <i>open-source</i> and can be easily adopt",abstract_available+landing_url
FT002,RAW081,High-Order Neural-Network-Based Multi-Model Nonlinear Adaptive Decoupling Control for Microclimate Environment of Plant Factory,2023,10.3390/s23198323,https://doi.org/10.3390/s23198323,,include,include_after_fulltext_metadata,A01_PNCE_all_present_in_available_text,openalex_unpaywall_metadata,"P=ment of Plant Factory. Plant factory is an important field of practice in smart agriculture which uses highly sophisticated equipment for precision regulation of the environment to ensure crop growth and development efficiently. Environmental factors, such as temperature and humidity, significantly | N=High-Order Neural-Network-Based Multi-Model Nonlinear Adaptive Decoupling Control for Microclimate Environment of Plant Factory. Plant factory is an important field of practice in smart agriculture which uses highly sophisticated equipmen | C=High-Order Neural-Network-Based Multi-Model Nonlinear Adaptive Decoupling Control for Microclimate Environment of Plant Factory. Plant factory is an important field of practice in smart agriculture which uses highly sophisticated equipment for precision regulation of the environment to ensure | E=ar terms, consequently mitigating the impact of nonlinearity on the system. The simulation results show that the mean error and standard error of the traditional controller for temperature control are 0.3615 and 0.8425, respectively. In contrast, the proposed control strategy has made significant im",abstract_available+landing_url
FT003,RAW082,THE MECHANISM OF DIGITAL TRANSFORMATION OF AGRICULTURE,2023,10.12709/mest.11.11.02.09,https://doi.org/10.12709/mest.11.11.02.09,,exclude,exclude_fulltext,R06_missing_PNCE_CE,openalex_unpaywall_metadata,"P=THE MECHANISM OF DIGITAL TRANSFORMATION OF AGRICULTURE. &lt;em&gt;The article is devoted to the study of the construction of the mechanism of digital transformation of agriculture when building a management system for agro-industrial clusters. The new realities o | N=and management system techniques is an element of integration and activation of network, cluster, and other innovative mechanisms in the modernization of the management system in the agro-industrial complex. The development of the agriculture digital transformation will allow to specify of the tools | C=missing | E=missing",abstract_available+landing_url
FT004,RAW083,IOT-BASED SMART AGRICULTURE USING CLOUD BASED STORAGE,2022,10.56726/irjmets31282,https://doi.org/10.56726/irjmets31282,,include,include_after_fulltext_metadata,A01_PNCE_all_present_in_available_text,openalex_unpaywall_metadata,"P=IOT-BASED SMART AGRICULTURE USING CLOUD BASED STORAGE. There is less water available. The unchecked operation and excessive usage of fossil fuels in water-table pumping for irrigation contribute to global warming and harm the ecosystem. | N=IOT-BASED SMART AGRICULTURE USING CLOUD BASED STORAGE. There is less water available. The unchecked operation and excessive usage of fossil fuels in water-table pumping for irrigation contribute to global warming and har | C=ation contribute to global warming and harm the ecosystem. In addition to the rapid increase in population and the corresponding rise in food consumption. For sustainable agriculture, energy and the water table are increasingly essential and unavoidable. In this environment, Smart Agriculture (SA) i | E=or the water table. A real-world Smart Farm testbed has been used to deploy and evaluate our system. The outcomes have demonstrated that using our SA system reduces water use (compared to a conventional system).. International Research Journal of Modernization in Engineering Technology and Science",abstract_available+landing_url
FT005,RAW084,PLC Based Smart Irrigation System,2019,10.22214/ijraset.2019.6064,https://doi.org/10.22214/ijraset.2019.6064,,exclude,exclude_fulltext,R06_missing_PNCE_N,openalex_unpaywall_metadata,"P=PLC Based Smart Irrigation System. Agriculture has been the most essential practice from absolute starting point of the human progress. Customary strategies that are utilized for water system, for example, overhead sprinkler and surge compose, aren't that | N=missing | C=crop is monitored through sensors and as per need watering is done through the controlled irrigation. The relatively endless capacities of storage and preparing, the fast versatility makes distributed computing an alluring answer for the extensive sum of information produced. The main objective of | E=tarting point of the human progress. Customary strategies that are utilized for water system, for example, overhead sprinkler and surge compose, aren't that much effective. They bring about a considerable measure of wastage of water and can likewise advance infection, for example, parasite arrangeme",abstract_available+landing_url
FT006,RAW109,Research on the Three-Level Integrated Environmental Evaluation Model for Multi-Greenhouse Potatoes,2024,10.3390/agriculture14071043,https://doi.org/10.3390/agriculture14071043,,include,include_after_fulltext_metadata,A01_PNCE_all_present_in_available_text,openalex_unpaywall_metadata,"P=nd redundancy of the original data, laying a foundation for big data analysis.. Agriculture | N=nformation, a three-level fusion algorithm based on adaptive weighting, an LMBP network, and an improved D-S theory is proposed. The box-and-line graph method recognizes the original data and then replaces it based on the mean value method; the air temperature, humidity, and light intensity measurem | C=fusion result of each data level is considered comprehensively, and the remote control agency makes a decision, which makes full use of the complementary nature of multi-sensor information resources and solves the problem of fusion of multi-source environmental information and the problem of combin | E=Research on the Three-Level Integrated Environmental Evaluation Model for Multi-Greenhouse Potatoes. Aiming at the problems of large error and redundancy in the multi-node data acquisition of multi-greenhouse photo growth environmental information, a three-level fusion alg",abstract_available+landing_url
FT007,RAW110,Event and Time-Triggered Control Module Layers for Individual Robot Control Architectures of Unmanned Agricultural Ground Vehicles,2017,,https://openalex.org/W2774301718,,include,include_after_fulltext_metadata,A01_PNCE_all_present_in_available_text,openalex_unpaywall_metadata,"P=ntrol Architectures of Unmanned Agricultural Ground Vehicles. Automation in the agriculture sector has increased to an extent where the accompanying methods for unmanned field management are becoming more economically viable. This manifests in the industry’s recent presentation of conceptual cab-les | N=this system was shown by its entire implementation running on microcontrollers networked on a Time-Triggered Controller Area Network (TTCAN) bus. A basic form of user input and output was added to the system to demonstrate a simple instance of sub-system integration. In this work, all major levels | C=Event and Time-Triggered Control Module Layers for Individual Robot Control Architectures of Unmanned Agricultural Ground Vehicles. Automation in the agriculture sector has increased to an extent where the accompanying methods for unmanned field | E=field task automation. Additional recommendations for future time-triggered CML experiments in bus robustness and redundancy are discussed. The work presented is foundational in the shift from event-triggered communications towards time-triggered CMLs for unmanned agricultural machinery and is a fro",abstract_available+landing_url
FT008,RAW114,Holistic Control for Cyber-Physical Systems,2021,10.7936/31bn-m317,https://doi.org/10.7936/31bn-m317,,exclude,exclude_fulltext,R05_review_or_secondary_study,openalex_unpaywall_metadata,"P=e management of cyber platforms (networks and computing platforms) and physical plant control at run-time in an integrated architecture. Specifically, this dissertation research comprises the following primary components.\nHolistic wireless control: The core of holistic wireless control is a holisti | N=olistic Control for Cyber-Physical Systems. The Industrial Internet of Things (IIoT) are transforming industries through emerging technologies such as wireless networks, edge computing, and machine learning. However, IIoT technologies are not ready for control systems for industrial automation that | C=Holistic Control for Cyber-Physical Systems. The Industrial Internet of Things (IIoT) are transforming industries through emerging technologies such as wireless networks, edge computing, and machine learning. However, IIoT techno | E=platforms (WCPS-EC). The real-time WCPS provides a holistic environment for CPS simulations that incorporate wireless dynamics that are challenging to simulate accurately, explore the impacts and trade-off of computation and communication of multi-tier platforms, and leverage simulation support for",abstract_available+landing_url
FT009,RAW116,Renewable energy-powered semi-closed greenhouse for sustainable crop production using model predictive control and machine learning for energy management,2022,10.1016/j.rser.2022.112790,https://doi.org/10.1016/j.rser.2022.112790,,exclude,exclude_fulltext,R05_review_or_secondary_study,crossref_abstract_metadata,P=Renewable energy-powered semi-closed greenhouse for sustainable crop production using model predictive control and machine learning for energy management. . Renewable and Sustainable Energy Reviews | N=missing | C=d semi-closed greenhouse for sustainable crop production using model predictive control and machine learning for energy management. . Renewable and Sustainable Energy Reviews | E=Renewable energy-powered semi-closed greenhouse for sustainable crop production using model predictive control and machine learning for energy management. . Renewable and Sustainable Energy Reviews,metadata_only+landing_url; crossref=R05_review_or_secondary_study
FT010,RAW117,A model predictive controller for precision irrigation using discrete lagurre networks,2021,10.1016/j.compag.2020.105953,https://linkinghub.elsevier.com/retrieve/pii/S0168169920331586,,exclude,exclude_fulltext_unretrievable,R12_fulltext_or_abstract_unretrievable_after_OpenAlex_Unpaywall_Crossref_landing_checks,retrieval_failure_documented,No sufficient abstract/full-text evidence was retrievable. Conservative PRISMA eligibility rule: exclude rather than infer PNCE fit.,metadata_only+landing_url; crossref=R08_crossref_text_insufficient; landing=R10_landing_text_insufficient
FT011,RAW119,Model Predictive Control Structures for Periodic ON–OFF Irrigation,2023,10.1109/access.2023.3277618,https://doi.org/10.1109/access.2023.3277618,,exclude,exclude_fulltext,R06_missing_PNCE_N,openalex_unpaywall_metadata,"P=Model Predictive Control Structures for Periodic ON–OFF Irrigation. Agriculture accounts for approximately 70% of the world’s freshwater consumption. Furthermore, traditional irrigation practices, which rely on empirical methods, result in excessive water usage. This, in turn, leads to i | N=missing | C=Model Predictive Control Structures for Periodic ON–OFF Irrigation. Agriculture accounts for approximately 70% of the world’s freshwater consumption. Furthermore, traditional irrigation practices, which rely on empirical methods, result | E=her electricity consumption. The main objective of this study is to develop and evaluate periodic model predictive control structures that explicitly account for on-off irrigation, a characteristic of drip irrigation systems where watering can be turned on and off, but flow cannot be regulated. Whil",abstract_available+landing_url
FT012,RAW120,Hierarchical model predictive control for managing agricultural greenhouse systems,2022,10.1109/iai55780.2022.9976658,https://doi.org/10.1109/iai55780.2022.9976658,,exclude,exclude_fulltext,R06_missing_PNCE_N,openalex_unpaywall_metadata,"P=Hierarchical model predictive control for managing agricultural greenhouse systems. This paper presents a hierarchical model predictive control method for the management of agricultural greenhouse systems. The proposed approach consists of an optimization layer and a con | N=missing | C=Hierarchical model predictive control for managing agricultural greenhouse systems. This paper presents a hierarchical model predictive control method for the management of agricultural greenhouse systems. The proposed approach consists of an optimiz | E=esigned to track the reference trajectory obtained from the optimization layer. Simulation results show that the proposed method can reduce the total cost by R827 and the carbon emissions by 1.16 tons compared with the baseline method. Moreover, the designed MPC controller is verified to have good c",abstract_available+landing_url
FT013,RAW122,An Overview of Smart Irrigation Management for Improving Water Productivity under Climate Change in Drylands,2023,10.3390/agronomy13082113,https://doi.org/10.3390/agronomy13082113,,exclude,exclude_fulltext,R05_review_or_secondary_study,openalex_unpaywall_metadata,"P=oductivity, and food insecurity. This paper highlights the major constraints to agricultural productivity, traditional irrigation scheduling methods, and associated challenges, efforts, and progress to enhance water use efficiency (WUE), conserve water, and guarantee food security by overviewing dif | N=pproaches, such as artificial intelligence and deep learning (artificial neural network, fuzzy logic, expert system, hybrid intelligent system, and deep learning), model predictive irrigation systems, variable rate irrigation (VRI) technology, and unmanned aerial vehicles (UAVs) could ensure high wa | C=ork, fuzzy logic, expert system, hybrid intelligent system, and deep learning), model predictive irrigation systems, variable rate irrigation (VRI) technology, and unmanned aerial vehicles (UAVs) could ensure high water use efficiency in water-scarce regions. These smart irrigation technologies can | E=ion can drive better irrigation decisions that can help save water and increase yields. Various smart irrigation approaches, such as artificial intelligence and deep learning (artificial neural network, fuzzy logic, expert system, hybrid intelligent system, and deep learning), model predictive irrig",abstract_available+landing_url
FT014,RAW129,Internet of Things Approaches for Monitoring and Control of Smart Greenhouses in Industry 4.0,2022,10.3390/en15103834,https://doi.org/10.3390/en15103834,,exclude,exclude_fulltext,R05_review_or_secondary_study,openalex_unpaywall_metadata,"P=hange and a shortage of resources have brought about the need for technology in agriculture. Farmers have been forced to use information and innovation in communication in order to enhance production efficiency and crop resilience. Systems engineering and information infrastructure based on the Inte | N=ems engineering and information infrastructure based on the Internet of Things (IoT) are the main novel approaches that have generated growing interest. In agriculture, IoT solutions according to the challenges for Industry 4.0 can be applied to greenhouses. Greenhouses are protected environments in | C=Internet of Things Approaches for Monitoring and Control of Smart Greenhouses in Industry 4.0. In recent decades, climate change and a shortage of resources have brought about the need for technology in agriculture. Farmers have been forced to use information and innov | E=missing",abstract_available+landing_url
FT015,RAW130,"Cherry Tomato Production in Intelligent Greenhouses—Sensors and AI for Control of Climate, Irrigation, Crop Yield, and Quality",2020,10.3390/s20226430,https://doi.org/10.3390/s20226430,,exclude,exclude_fulltext,R05_review_or_secondary_study,openalex_unpaywall_metadata,"P=to Production in Intelligent Greenhouses—Sensors and AI for Control of Climate, Irrigation, Crop Yield, and Quality. Greenhouses and indoor farming systems play an important role in providing fresh and nutritious food for the growing global population. Farms are becoming larger and greenhouse grower | N=missing | C=Cherry Tomato Production in Intelligent Greenhouses—Sensors and AI for Control of Climate, Irrigation, Crop Yield, and Quality. Greenhouses and indoor farming systems play an important role in providing fresh and nutritious food for the growing global population. Farms are becoming larger a | E=results of the second ""Autonomous Greenhouse Challenge"". In this challenge, an experiment was conducted in six high-tech greenhouse compartments during a period of six months of cherry tomato growing. The primary goal of the greenhouse operation was to maximize net profit, by controlling the greenh",abstract_available+landing_url
FT016,RAW134,Smart greenhouses as the path towards precision agriculture in the food-energy and water nexus: case study of Qatar,2022,10.1007/s10669-022-09862-2,https://doi.org/10.1007/s10669-022-09862-2,,include,include_after_fulltext_metadata,A01_PNCE_all_present_in_available_text,openalex_unpaywall_metadata,"P=Smart greenhouses as the path towards precision agriculture in the food-energy and water nexus: case study of Qatar. Abstract Greenhouse farming is essential in increasing domestic crop production in countries with limited resources and a harsh climate like Qatar. Sma | N=ate variables by utilizing the latest control techniques, advanced metering and communication infrastructures, and smart management systems thus providing the optimal environment for crop development. However, due to the development of information technology, greenhouses are undergoing a big transfo | C=om adverse climate conditions, smart greenhouses provide precise regulation and control of the microclimate variables by utilizing the latest control techniques, advanced metering and communication infrastructures, and smart management systems thus providing the optimal environment for crop developm | E=Smart greenhouses as the path towards precision agriculture in the food-energy and water nexus: case study of Qatar. Abstract Greenhouse farming is essential in increasing domestic crop production in countries with limited resources and a harsh climate like Qatar. Smart greenhouse developmen",abstract_available+landing_url
FT017,RAW136,Agricultural Robotics,2018,10.1146/annurev-control-053018-023617,https://doi.org/10.1146/annurev-control-053018-023617,,exclude,exclude_fulltext,R05_review_or_secondary_study,openalex_unpaywall_metadata,"P=Agricultural Robotics. A key goal of contemporary agriculture is to dramatically increase production of food, feed, fiber, and biofuel products in a sustainable fashion, facing the pressure of diminishing farm labor supply. Agricultural robots can accelerate plant breed | N=ed labor inputs by providing task-appropriate sensing and actuation at fine spatiotemporal resolutions. This article highlights the distinctive challenges imposed on ground robots by agricultural environments, which are characterized by wide variations in environmental conditions, diversity and comp | C=se perception robustness and performance despite variability.. Annual Review of Control Robotics and Autonomous Systems | E=available benchmark data sets are needed to increase perception robustness and performance despite variability.. Annual Review of Control Robotics and Autonomous Systems",abstract_available+landing_url
FT018,RAW138,Sensor-Based Model Driven Control Strategy for Precision Irrigation,2016,10.1155/2016/9784071,https://doi.org/10.1155/2016/9784071,,exclude,exclude_fulltext,R06_missing_PNCE_N,openalex_unpaywall_metadata,P=iven Control Strategy for Precision Irrigation. Improving the efficiency of the agricultural irrigation systems substantially contributes to sustainable water management. This improvement can be achieved through an automated irrigation system that includes a real-time control strategy based on the w | N=missing | C=Sensor-Based Model Driven Control Strategy for Precision Irrigation. Improving the efficiency of the agricultural irrigation systems substantially contributes to sustainable water management. This improvement can be achieved through an automated | E=termine optimal amount of water required by the crop. This proposed approach is evaluated against a traditional irrigation system based on the empirical definition of time periods and against a basic soil moisture control system. Results indicate that the use of a model predictive control in an irri,abstract_available+landing_url
FT019,RAW139,Deployment Strategies of Soil Monitoring WSN for Precision Agriculture Irrigation Scheduling in Rural Areas,2021,10.3390/s21051693,https://doi.org/10.3390/s21051693,,exclude,exclude_fulltext,R05_review_or_secondary_study,openalex_unpaywall_metadata,"P=Deployment Strategies of Soil Monitoring WSN for Precision Agriculture Irrigation Scheduling in Rural Areas. Deploying wireless sensor networks (WSN) in rural environments such as agricultural fields may present some challenges that affect the communication between the nodes due | N=g WSN for Precision Agriculture Irrigation Scheduling in Rural Areas. Deploying wireless sensor networks (WSN) in rural environments such as agricultural fields may present some challenges that affect the communication between the nodes due to the vegetation. These challenges must be addressed when | C=missing | E=n and on-ground, near-ground, and above-ground ESP32 Wi-Fi node placements. The results of the testbed show high variability in densely vegetated areas. These results are analyzed to determine the theoretical maximum coverage for acceptable signal quality for each of the studied configurations. The",abstract_available+landing_url
FT020,RAW152,LoRaFarM: A LoRaWAN-Based Smart Farming Modular IoT Architecture,2020,10.3390/s20072028,https://doi.org/10.3390/s20072028,,include,include_after_fulltext_metadata,A01_PNCE_all_present_in_available_text,openalex_unpaywall_metadata,"P=with the purpose of achieving an optimized and more environmentally sustainable agriculture. In this paper, a low-cost, modular, and Long-Range Wide-Area Network (LoRaWAN)-based IoT platform, denoted as “LoRaWAN-based Smart Farming Modular IoT Architecture” (LoRaFarM), and aimed at improving the man | N=LoRaFarM: A LoRaWAN-Based Smart Farming Modular IoT Architecture. Presently, the adoption of Internet of Things (IoT)-related technologies in the Smart Farming domain is rapidly emerging. The ultimate goal is to collect, monitor, an | C=Internet of Things (IoT)-related technologies in the Smart Farming domain is rapidly emerging. The ultimate goal is to collect, monitor, and effectively employ relevant data for agricultural processes, with the purpose of achieving an optimized and more environmentally sustainable agriculture. In t | E=oviding advanced functionalities to the farmer). The proposed platform has been evaluated in a real farm in Italy, collecting environmental data (air/soil temperature and humidity) related to the growth of farm products (namely grapes and greenhouse vegetables) over a period of three months. A web-b",abstract_available+landing_url
FT021,RAW155,Energy-Efficient Edge-Fog-Cloud Architecture for IoT-Based Smart Agriculture Environment,2021,10.1109/access.2021.3101397,https://doi.org/10.1109/access.2021.3101397,,exclude,exclude_fulltext,R06_missing_PNCE_C,openalex_unpaywall_metadata,"P=Energy-Efficient Edge-Fog-Cloud Architecture for IoT-Based Smart Agriculture Environment. The current agriculture systems compete to take advantage of industry advanced technologies, including the internet of things (IoT), cloud/fog/edge computing, artificial intelligence, and agricul | N=Energy-Efficient Edge-Fog-Cloud Architecture for IoT-Based Smart Agriculture Environment. The current agriculture systems compete to take advantage of industry advanced technologies, including the internet of things (IoT), cloud/fog/edge computing, artificial intellige | C=missing | E=rt agriculture environment, where the proposed architecture is implemented, and results are analyzed and compared to the traditional implementation. According to the results of thousands of agriculture sensors, the proposed architecture outperforms the traditional cloud-based architecture in terms o",abstract_available+landing_url
FT022,RAW165,Zoning irrigation smart system based on fuzzy control technology and IoT for water and energy saving,2021,10.1016/j.jclepro.2021.127001,https://doi.org/10.1016/j.jclepro.2021.127001,,include,include_after_crossref_metadata,A02_PNCE_all_present_in_crossref_text,crossref_abstract_metadata,P=Zoning irrigation smart system based on fuzzy control technology and IoT for water and energy saving. . Journal of Cleaner Production | N=Zoning irrigation smart system based on fuzzy control technology and IoT for water and energy saving. . Journal of Cleaner Production | C=Zoning irrigation smart system based on fuzzy control technology and IoT for water and energy saving. . Journal of Cleaner Production | E=irrigation smart system based on fuzzy control technology and IoT for water and energy saving. . Journal of Cleaner Production,metadata_only+landing_url; crossref=A02_PNCE_all_present_in_crossref_text
FT023,RAW166,IoT in Precision Agriculture applications using Wireless Moisture Sensor Network,2016,10.1109/icos.2016.7881983,https://doi.org/10.1109/icos.2016.7881983,,include,include_after_fulltext_metadata,A01_PNCE_all_present_in_available_text,openalex_unpaywall_metadata,"P=IoT in Precision Agriculture applications using Wireless Moisture Sensor Network. Internet of Things (IoT) is a network of sensors and connectivity to enable application like agriculture optimum irrigation. Wireless sensor network (WSN) | N=ors and connectivity to enable application like agriculture optimum irrigation. Wireless sensor network (WSN) and Wireless Moisture Sensor Network (WMSN) are components of IoT. One of the important processes in agriculture is irrigation. Improper irrigation will result in waste of water. Proper irri | C=per irrigation system could be achieved by using WSN technology. Monitoring and control applications have been tremendously improved by using WSN technology. It enabled efficient communication with many sensors. WMSN is a WSN with moisture sensors. In this study, Precision Agriculture (PA) used WMSN | E=the important processes in agriculture is irrigation. Improper irrigation will result in waste of water. Proper irrigation system could be achieved by using WSN technology. Monitoring and control applications have been tremendously improved by using WSN technology. It enabled efficient communicatio",abstract_available+landing_url
FT024,RAW167,Smart platform based on IoT and WSN for monitoring and control of a greenhouse in the context of precision agriculture,2023,10.1016/j.iot.2023.100830,https://linkinghub.elsevier.com/retrieve/pii/S2542660523001531,,exclude,exclude_fulltext_unretrievable,R12_fulltext_or_abstract_unretrievable_after_OpenAlex_Unpaywall_Crossref_landing_checks,retrieval_failure_documented,No sufficient abstract/full-text evidence was retrievable. Conservative PRISMA eligibility rule: exclude rather than infer PNCE fit.,metadata_only+landing_url; crossref=R08_crossref_text_insufficient; landing=R10_landing_text_insufficient
FT025,RAW169,Smart System for Bicarbonate Control in Irrigation for Hydroponic Precision Farming,2018,10.3390/s18051333,https://doi.org/10.3390/s18051333,,include,include_after_fulltext_metadata,A01_PNCE_all_present_in_available_text,openalex_unpaywall_metadata,"P=in Irrigation for Hydroponic Precision Farming. Improving the sustainability in agriculture is nowadays an important challenge. The automation of irrigation processes via low-cost sensors can to spread technological advances in a sector very influenced by economical costs. This article presents an a | N=to-calibrated pH sensor connected to a wireless node. Several nodes compose our wireless sensor networks (WSN) to control our greenhouse. The sensors periodically measure the pH level of each hydroponic support and send the information to a data base (DB) which stores and analyzes the data to warn f | C=Smart System for Bicarbonate Control in Irrigation for Hydroponic Precision Farming. Improving the sustainability in agriculture is nowadays an important challenge. The automation of irrigation processes via low-cost sensors can to spread technologi | E=pour the different liquid solutions to maintain the sensor calibration and the water samples from the channels that contain the nutrient solution. To implement our architecture, we use an auto-calibrated pH sensor connected to a wireless node. Several nodes compose our wireless sensor networks (WSN",abstract_available+landing_url
FT026,RAW170,Design of an Intelligent Management System for Agricultural Greenhouses Based on the Internet of Things,2017,10.1109/cse-euc.2017.212,https://doi.org/10.1109/cse-euc.2017.212,,include,include_after_fulltext_metadata,A01_PNCE_all_present_in_available_text,openalex_unpaywall_metadata,"P=er are:1. To research the current development of new technologies applicable to agriculture and summarizes the strong points concerning the application of the Agricultural Internet of Things both at home and abroad. Also proposed are some new methods of agricultural greenhouse management.2. An analy | N=by short-distance wireless communication technology, such as Bluetooth, WIFI or Zigbee. In fact, Zigbee technology, because of its convenient networking and low power consumption, is widely used in the agricultural internet. The sensor network is combined with well-established web technology, in the | C=tablished web technology, in the form of a wireless sensor network, to remotely control and monitor data from the sensors.In this paper a smart system of greenhouse management based on the Internet of Things is proposed using sensor networks and web-based technologies. The system consists of sensor | E=s a high demand for food, which is prompting the study of high quality and high-yielding crops. China's current agricultural production is sufficient to feed the nation; however, compared with developed countries agricultural farming is still lagging behind, mainly due to the fact that the system of",abstract_available+landing_url
FT027,RAW171,Precision agriculture applications using wireless moisture sensor network,2015,10.1109/micc.2015.7725400,https://doi.org/10.1109/micc.2015.7725400,,include,include_after_fulltext_metadata,A01_PNCE_all_present_in_available_text,openalex_unpaywall_metadata,P=Precision agriculture applications using wireless moisture sensor network. Improper irrigation will result in waste of water. Proper irrigation system could be achieved by using Wireless sensor networks (WSN) technology. Monitorin | N=l result in waste of water. Proper irrigation system could be achieved by using Wireless sensor networks (WSN) technology. Monitoring and control applications have been tremendously improved by using Wireless sensor networks technology. It enabled efficient communication with many sensors. Wireless | C=be achieved by using Wireless sensor networks (WSN) technology. Monitoring and control applications have been tremendously improved by using Wireless sensor networks technology. It enabled efficient communication with many sensors. Wireless moisture sensor network (WMSN) is a WSN with moisture sens | E=e applications using wireless moisture sensor network. Improper irrigation will result in waste of water. Proper irrigation system could be achieved by using Wireless sensor networks (WSN) technology. Monitoring and control applications have been tremendously improved by using Wireless sensor networ,abstract_available+landing_url
FT028,RAW172,Precision Agriculture for Greenhouses Using a Wireless Sensor Network,2017,10.1109/picict.2017.20,https://doi.org/10.1109/picict.2017.20,,include,include_after_fulltext_metadata,A01_PNCE_all_present_in_available_text,openalex_unpaywall_metadata,"P=Precision Agriculture for Greenhouses Using a Wireless Sensor Network. Agriculture is one of the most crucial needs of the life since it supports human and animals with food supplies and benefits the human employment and the natio | N=Precision Agriculture for Greenhouses Using a Wireless Sensor Network. Agriculture is one of the most crucial needs of the life since it supports human and animals with food supplies and benefits the human employment and the national economy. Wireless Sensor Network | C=Management System (GSMS) using WSNs is designed and developed to automatically control, manage and monitor the agricultural parameters and activities inside the greenhouses. The ambient relative humidity and temperature of the greenhouse are measured using sensor nodes. When the sensed parameters e | E=s. Hardware and software for the proposed GSMS are developed in this paper. The results show that the GSMS can save the agricultural resources and improve the crop yields, compared with other traditional schemes..",abstract_available+landing_url
FT029,RAW173,The Precision Agriculture Based on Wireless Sensor Network with MQTT Protocol,2018,10.1088/1755-1315/207/1/012059,https://doi.org/10.1088/1755-1315/207/1/012059,,include,include_after_fulltext_metadata,A01_PNCE_all_present_in_available_text,openalex_unpaywall_metadata,"P=The Precision Agriculture Based on Wireless Sensor Network with MQTT Protocol. Precision agricultural techniques are widely developed to monitor and control growth of plant in greenhouse. The use of greenhouses is suitable for the cou | N=The Precision Agriculture Based on Wireless Sensor Network with MQTT Protocol. Precision agricultural techniques are widely developed to monitor and control growth of plant in greenhouse. The use of greenhouses is suitable for the countries that have unpr | C=Protocol. Precision agricultural techniques are widely developed to monitor and control growth of plant in greenhouse. The use of greenhouses is suitable for the countries that have unpredictable weather e.g. Indonesia. The main monitors and controls in greenhouse are sensor networks and actuators. | E=ed to observe temperature, humidity and light intensity of the greenhouse. Test results of three sensors in data transmission speeds indicate that the MQTT protocol run with very small bandwidth. It can transmit data on the 4G network of AXIS provider with download capability of 0.02 kbps and upload",abstract_available+landing_url
FT030,RAW174,An IoT based system for telemetry and control of Greenhouse environment,2019,10.1109/upcon47278.2019.8980258,https://doi.org/10.1109/upcon47278.2019.8980258,,include,include_after_fulltext_metadata,A01_PNCE_all_present_in_available_text,openalex_unpaywall_metadata,"P=l of greenhouse environment is a key feature of the developed system. Real time irrigation needs are received via messages on the Blynk app installed on the mobile phone. The experimental results show that the proposed system is an effective solution for energy efficient smart farming in greenhouse | N=greenhouse environmental parameters in real time. The state of art systems use zigbee based wireless sensor networks for monitoring and control, which have a limited range of operation, bandwidth and cognitive abilities. This paper presents a novel IoT based system for telemetry and control of gree | C=An IoT based system for telemetry and control of Greenhouse environment. Maintaining suitable environmental conditions like soil moisture, temperature, humidity etc. is required for good crop produce in industrial greenhouses. Internet of Things (IoT) can en | E=s are received via messages on the Blynk app installed on the mobile phone. The experimental results show that the proposed system is an effective solution for energy efficient smart farming in greenhouse and thus contribute towards a sustainable and green environment.. 2019 International Conference",abstract_available+landing_url
FT031,RAW175,"Yield, quality and profitability of sensor-controlled irrigation: a case study of snapdragon (Antirrhinum majus L.) production",2016,10.1007/s00271-016-0511-y,https://link.springer.com/article/10.1007/s00271-016-0511-y?error=cookies_not_supported&code=b021b1ff-67db-4a1f-9c52-3776fe98b977,,include,include_after_landing_text,A03_PNCE_all_present_in_landing_text,doi_landing_text,"P=Yield, quality and profitability of sensor-controlled irrigation: a case study of snapdragon (Antirrhinum majus L.) production. Irrigation Science - Advanced wireless irrigation sensor networks that can monitor and control irrigation are only recently available commercially | N=me and labor, together with increased profitability. We examined the effects of wireless sensor networks to precisely control irrigation based on substrate moisture in a 0.15-ha greenhouse producing cut-flower snapdragons (Antirrhinum majus). We calculated changes in yield, production time, quality, | C=Yield, quality and profitability of sensor-controlled irrigation: a case study of snapdragon (Antirrhinum majus L.) production. Irrigation Science - Advanced wireless irrigation sensor networks that can monitor and control irrigation are only recently available c | E=so reduced, likely due to less frequent irrigation using sensor networks. These results are in line with other benefits we have seen by installing sensor networks in other types of ornamental operations. Advanced wireless irrigation sensor networks that can monitor and control irrigation are only re",metadata_only+landing_url; crossref=R08_crossref_text_insufficient; landing=A03_PNCE_all_present_in_landing_text
FT032,RAW176,An Intelligent Wireless Sensor and Actuator Network System for Greenhouse Microenvironment Control and Assessment,2017,10.5307/jbe.2017.42.1.023,https://doi.org/10.5307/jbe.2017.42.1.023,,include,include_after_fulltext_metadata,A01_PNCE_all_present_in_available_text,openalex_unpaywall_metadata,"P=also ascertains when, where, and how much to irrigate and spatially manages the irrigation schedule within the greenhouse grids. Further, given the need to understand the microclimate control dynamics of a greenhouse during the crop season or a specific time, a statistical assessment tool to estimat | N=An Intelligent Wireless Sensor and Actuator Network System for Greenhouse Microenvironment Control and Assessment. Purpose: As application-specific wireless sensor networks are gaining popularity, this paper discusses the development a | C=ent Wireless Sensor and Actuator Network System for Greenhouse Microenvironment Control and Assessment. Purpose: As application-specific wireless sensor networks are gaining popularity, this paper discusses the development and field performance of the GHAN, a greenhouse area network system to monito | E=ifferent outside weather conditions for a long period of time. Conclusions: Day results of the greenhouse microclimate control dynamics were recorded and analyzed, and they proved the successful operation of the system in keeping the greenhouse climate optimal and uniform most of the time, with high",abstract_available+landing_url
FT033,RAW177,Software Aspects of WSN for Monitoring in an Indian Greenhouse,2015,10.1109/cicn.2015.313,https://doi.org/10.1109/cicn.2015.313,,exclude,exclude_fulltext,R06_missing_PNCE_E,openalex_unpaywall_metadata,"P=at leads to the low production of greenhouse. In general equipment cost of drip irrigation, motors, solenoid valves etc. Which may cost upto Rs. 4 lakh, many not be affordable for greenhouse owners. Keep this in view, we propose an innovative implementation of software aspects of WSN (Wireless Senso | N=is in view, we propose an innovative implementation of software aspects of WSN (Wireless Sensor Networking) for monitoring greenhouses in Indian economical condition. Yuktix IOT hardware platform along with end sensor nodes and CDAU (Central data acquisition unit) together can be used to locally / r | C=pplication and Android application as well as their internal environment can be controlled locally/remotely using Yuktix controller. Same data in the cloud can be downloaded from the archive further to do the in-depth analysis like analysing the shift/second order statistics in the mean temperature | E=missing",abstract_available+landing_url
FT034,RAW179,Remote Monitoring and Smart Control System for Greenhouse Environmental and Automation Irrigations Based on WSNs and GSM Module,2020,10.1088/1757-899x/928/3/032037,https://doi.org/10.1088/1757-899x/928/3/032037,,include,include_after_fulltext_metadata,A01_PNCE_all_present_in_available_text,openalex_unpaywall_metadata,"P=are applied in the database are stored to be analyzed for purposes of improving Agriculture.. IOP Conference Series Materials Science and Engineering | N=ic irrigation and environmental monitoring inside the greenhouse based on WSNs (Wireless Sensor Networks) and GSM Module. The system is able to collect information about key environmental parameters, such as temperature, relative humidity, Water level within irrigation water tanks, light ratio, CO2 | C=Remote Monitoring and Smart Control System for Greenhouse Environmental and Automation Irrigations Based on WSNs and GSM Module. This paper depicts the automatic irrigation and environmental monitoring inside the greenhouse based on WSNs (Wireless | E=ion about key environmental parameters, such as temperature, relative humidity, Water level within irrigation water tanks, light ratio, CO2 dosage and soil dryness within the greenhouse. Analog signals from different sensors are converted to digital values by taking advantage of the ability of GSM (",abstract_available+landing_url
FT035,RAW180,Game Theory-Based Multi-Hop Routing Protocol with Metaheuristic Optimization-Based Clustering Process in WSN for Precision Agriculture,2024,10.18280/jesa.570302,https://doi.org/10.18280/jesa.570302,,include,include_after_fulltext_metadata,A01_PNCE_all_present_in_available_text,openalex_unpaywall_metadata,"P=l with Metaheuristic Optimization-Based Clustering Process in WSN for Precision Agriculture. In precision agriculture, a wireless sensor network (WSN) is employed to gather data pertaining to atmospheric conditions.WSN consists of sensor nodes installed at multiple points in a greenhouse for monitor | N=lustering Process in WSN for Precision Agriculture. In precision agriculture, a wireless sensor network (WSN) is employed to gather data pertaining to atmospheric conditions.WSN consists of sensor nodes installed at multiple points in a greenhouse for monitoring soil properties like moisture, pestic | C=development model to effectively manage irrigation, fertilization, and climate control systems in a greenhouse.This allows for exact control over temperature and humidity levels.By using appropriate inputs, crops may be effectively managed, resulting in improved crop health and increased yield.Reli | E=humidity levels.By using appropriate inputs, crops may be effectively managed, resulting in improved crop health and increased yield.Reliable transmission data is a crucial design objective for WSN in precision agriculture as the presence of foliage in the transmission channel causes significant at",abstract_available+landing_url
FT036,RAW181,Design of Smart Irrigation System in the Greenhouse Using WSN and Renewable Energies,2023,10.1007/978-3-031-21216-1_14,https://link.springer.com/chapter/10.1007/978-3-031-21216-1_14?error=cookies_not_supported&code=f146b24f-f2a0-4359-8e27-779f8bec12ef,,exclude,exclude_fulltext_unretrievable,R12_fulltext_or_abstract_unretrievable_after_OpenAlex_Unpaywall_Crossref_landing_checks,retrieval_failure_documented,No sufficient abstract/full-text evidence was retrievable. Conservative PRISMA eligibility rule: exclude rather than infer PNCE fit.,metadata_only+landing_url; crossref=R08_crossref_text_insufficient; landing=R10_landing_text_insufficient
FT037,RAW184,Optimizing Environmental Parameters in Smart Greenhouse Design with IoT and Sensor Networks,2024,10.1109/iccds60734.2024.10560448,https://doi.org/10.1109/iccds60734.2024.10560448,,include,include_after_fulltext_metadata,A01_PNCE_all_present_in_available_text,openalex_unpaywall_metadata,"P=reenhouse Design with IoT and Sensor Networks. This paper explores contemporary agricultural practices and cutting-edge technologies to improve crop yields. Implementing an intelligent greenhouse model that automates farm tasks, minimizing manual intervention. The closed structure of the greenhouse | N=inkSpeak, Soil moisture and temperature sensors feed data to NodeMCU V3 ESP8266 WiFi transceiver module controller, A key feature is integrating Android applications and web servers, enabling remote control and monitoring. This technological innovation ensures control over water and energy resources | C=tional agricultural irrigation methods, emphasizing efficient water consumption control and energy utilization. The proposed system integrates a distributed wireless sensor network, including soil moisture, humidity, and temperature sensors, utilizing the Blynk cloud-based IoT platform and ThinkSpea | E=ultural irrigation methods, emphasizing efficient water consumption control and energy utilization. The proposed system integrates a distributed wireless sensor network, including soil moisture, humidity, and temperature sensors, utilizing the Blynk cloud-based IoT platform and ThinkSpeak, Soil mois",abstract_available+landing_url
FT038,RAW189,Monitoring Plant Growth in a Greenhouse Using IoT with the Energy-Efficient Wireless Sensor Network,2022,10.1007/978-3-031-14748-7_5,https://link.springer.com/chapter/10.1007/978-3-031-14748-7_5?error=cookies_not_supported&code=6077b9ff-f1fb-4c04-896c-a1af241688dd,,exclude,exclude_fulltext_unretrievable,R12_fulltext_or_abstract_unretrievable_after_OpenAlex_Unpaywall_Crossref_landing_checks,retrieval_failure_documented,No sufficient abstract/full-text evidence was retrievable. Conservative PRISMA eligibility rule: exclude rather than infer PNCE fit.,metadata_only+landing_url; crossref=R08_crossref_text_insufficient; landing=R10_landing_text_insufficient
FT039,RAW191,Edge Computing in Smart Agriculture Scenario Based on TinyML for Irrigation Control,2023,10.1109/wf-iot58464.2023.10539452,https://doi.org/10.1109/wf-iot58464.2023.10539452,,include,include_after_fulltext_metadata,A01_PNCE_all_present_in_available_text,openalex_unpaywall_metadata,"P=Edge Computing in Smart Agriculture Scenario Based on TinyML for Irrigation Control. Various regions around the world are encountering substantial difficulties as a result of arid conditions, vulnerability to climate change, and water shortages | N=Edge Computing in Smart Agriculture Scenario Based on TinyML for Irrigation Control. Various regions around the world are encountering substantial difficulties as a result of arid conditions, vulnerability to climate cha | C=Edge Computing in Smart Agriculture Scenario Based on TinyML for Irrigation Control. Various regions around the world are encountering substantial difficulties as a result of arid conditions, vulnerability to climate change, and water shortages. These factors present significant obstacles to mai | E=Various regions around the world are encountering substantial difficulties as a result of arid conditions, vulnerability to climate change, and water shortages. These factors present significant obstacles to maintaining agricultural practices. Water stress resulting from limited water availability a",abstract_available+landing_url
FT040,RAW192,A Comprehensive IoT edge based smart irrigation system for tomato cultivation,2024,10.1016/j.iot.2024.101356,https://linkinghub.elsevier.com/retrieve/pii/S254266052400297X,,exclude,exclude_fulltext_unretrievable,R12_fulltext_or_abstract_unretrievable_after_OpenAlex_Unpaywall_Crossref_landing_checks,retrieval_failure_documented,No sufficient abstract/full-text evidence was retrievable. Conservative PRISMA eligibility rule: exclude rather than infer PNCE fit.,metadata_only+landing_url; crossref=R08_crossref_text_insufficient; landing=R10_landing_text_insufficient
FT041,RAW193,Edge IoT Prototyping Using Model-Driven Representations: A Use Case for Smart Agriculture,2024,10.3390/s24020495,https://doi.org/10.3390/s24020495,,include,include_after_fulltext_metadata,A01_PNCE_all_present_in_available_text,openalex_unpaywall_metadata,"P=Edge IoT Prototyping Using Model-Driven Representations: A Use Case for Smart Agriculture. Industry 4.0 is positioned at the junction of different disciplines, aiming to re-engineer processes and improve effectiveness and efficiency. It is taking over many industries whose traditional practices ar | N=Edge IoT Prototyping Using Model-Driven Representations: A Use Case for Smart Agriculture. Industry 4.0 is positioned at the junction of different disciplines, aiming to re-engineer processes and improve effectiveness and eff | C=ue detection, smart irrigation, etc.) and also include novel processes for crop control (reproducible environmental conditions, proven strategies for water stress, etc.). At the same time, advances in model-driven development (MDD) simplify software development by introducing domain-specific abstrac | E=for crop control (reproducible environmental conditions, proven strategies for water stress, etc.). At the same time, advances in model-driven development (MDD) simplify software development by introducing domain-specific abstractions of the code that makes application development feasible for doma",abstract_available+landing_url
FT042,RAW195,Smart agricultural monitoring system: a practical design approach,2022,10.1145/3567445.3569165,https://doi.org/10.1145/3567445.3569165,,exclude,exclude_fulltext,R05_review_or_secondary_study,openalex_unpaywall_metadata,"P=f Artificial Intelligence (AI) and Internet of Things (IoT) technologies, Smart Agriculture Systems (SAS) have seen considerable research into innovations such as early disease detection, irrigation control techniques and farm management systems. There have also been significant proprietary interest | N=ty and efficacy of our system, we designed and deployed weather-proof IoT-based wireless sensor nodes, with a command-and-control edge computing module and a pump control module on a family-owned smallholder rice paddy fields in Japan. We explain our methodology, experiences and challenges, which ma | C=siderable research into innovations such as early disease detection, irrigation control techniques and farm management systems. There have also been significant proprietary interests from organizations, that develop solutions with high-end hardware and software systems, which require a capital inves | E=missing",abstract_available+landing_url
FT043,RAW196,Implementing an Efficient Architecture for Latency Optimisation in Smart Farming,2024,10.1109/access.2024.3466994,https://doi.org/10.1109/access.2024.3466994,,include,include_after_fulltext_metadata,A01_PNCE_all_present_in_available_text,openalex_unpaywall_metadata,"P=ure for Latency Optimisation in Smart Farming. In various industries, including Agriculture, the application of the Fifth Generation (5G) of wireless technology has led to significant advancement. One of the most intriguing aspects of 5G technology is the potential to reduce latency for Internet of | N=cts of 5G technology is the potential to reduce latency for Internet of Things (IoT) applications, especially for latency-sensitive smart farming applications such as fire detection. The data generated by IoT devices such as sensors, cameras, and actuators in intelligent farming applications are gro | C=Plane Function (UPF) node to the edge of the network closer to users using the Control and User Plane Separation (CUPS) strategy. Furthermore, this paper further proposed Software-Defined Networking (SDN) based backhaul. This backhaul was configured to use the Open Network Operating System (ONOS) c | E=of services and applications with varying performance needs. The results of the experiment conducted on the Third Generation Partnership Project (3GPP) compliant 5G testbed demonstrated that the proposed architecture reduced the average Round Time Trip (RTT) by 60.7% while improving the throughput b",abstract_available+landing_url
FT044,RAW197,A Wireless Sensor Network Integrated with Edge Computing for Real-Time Crop Monitoring and Automated Irrigation,2024,10.1109/tssa63730.2024.10864141,https://doi.org/10.1109/tssa63730.2024.10864141,,include,include_after_fulltext_metadata,A01_PNCE_all_present_in_available_text,openalex_unpaywall_metadata,"P=uting for Real-Time Crop Monitoring and Automated Irrigation. Cloud-based smart agriculture systems struggle with real-time processing and connectivity in remote areas. This study integrates edge computing with WSNs to create a real-time crop monitoring and auto-irrigation system. The edge node hand | N=node handles RF communication with sensor and actuator nodes and connects to a LoRaWAN gateway provided by Packetworx using an SX1276 LoRa chip at 868 MHz. This design allows efficient data collection, local processing, and automated control without needing constant internet access. Implemented in | C=. This design allows efficient data collection, local processing, and automated control without needing constant internet access. Implemented in Rosario, Batangas, Philippines, the system monitors soil moisture, NPK levels, temperature, and humidity, and controls irrigation via five solenoid valves. | E=on with sensor and actuator nodes and connects to a LoRaWAN gateway provided by Packetworx using an SX1276 LoRa chip at 868 MHz. This design allows efficient data collection, local processing, and automated control without needing constant internet access. Implemented in Rosario, Batangas, Philippin",abstract_available+landing_url
FT045,RAW207,Security and Privacy in Smart Farming: Challenges and Opportunities,2020,10.1109/access.2020.2975142,https://doi.org/10.1109/access.2020.2975142,,exclude,exclude_fulltext,R05_review_or_secondary_study,openalex_unpaywall_metadata,"P=of domains such as automobile, smart home, healthcare, etc. In particular, the Agriculture and Farming industries have also embraced this technological intervention. Smart devices are widely used by a range of people from farmers to entrepreneurs. These technologies are used in a variety of ways, f | N=and Privacy in Smart Farming: Challenges and Opportunities. Internet of Things (IoT) and smart computing technologies have revolutionized every sphere of 21 <sup xmlns:mml=""http://www.w3.org/1998/Math/MathML"" xmlns:xlink=""http://www.w3.org/1999/xlink"">st</sup> century humans. IoT technologies and th | C=missing | E=missing",abstract_available+landing_url
FT046,RAW215,Design and Implementation of Crop Automatic Diagnosis and Treatment System Based on Internet of Things,2021,10.1088/1742-6596/1883/1/012062,https://doi.org/10.1088/1742-6596/1883/1/012062,,include,include_after_fulltext_metadata,A01_PNCE_all_present_in_available_text,openalex_unpaywall_metadata,"P=eatment System Based on Internet of Things. Abstract This paper designs a smart agriculture Internet of Things system which combines crop disease detection with automatic diagnosis and treatment, and provides support for subsequent research on crop disease detection and control. The smart agricultur | N=rs environmental data, which is uploaded to the cloud by BC35 module through NB-IoT protocol and can be viewed by users on the display screen. Users can adjust the exhaust system, lighting system and humidification system in the system through the cloud or mobile phone to improve the environment and | C=ent, and provides support for subsequent research on crop disease detection and control. The smart agricultural Internet of Things system uses TCS3200 colour sensor to identify leaf disease characteristics; colour sensor sends the data back; This system compares it with the recorded plant identifica | E=oud or mobile phone to improve the environment and alleviate crop diseases. The experimental results show that the intelligent agricultural Internet of Things system designed in this paper has achieved the initial goal, and can roughly judge the disease types of plants by leaf colour, which has grea",abstract_available+landing_url
FT047,RAW216,Role of IoT in sustainable farming,2020,10.1201/b22627-8,https://doi.org/10.1201/b22627-8,,exclude,exclude_fulltext,R06_missing_PNCE_E,openalex_unpaywall_metadata,"P=rol and adopting the latest IoT-based technologies. IoT policies are focused on agriculture to strengthen the Indian economy all over the world. To transform the agriculture in a more efficient and innovative way, Huawei Company launched an App named NB-IoT. It provides cost-effective agriculture so | N=Role of IoT in sustainable farming. Computing and communication have been revolutionized with the invention of Internet of Things (IoT). Smart farming can be achieved by introducing automation in irrigation, monitoring and contr | C=farming can be achieved by introducing automation in irrigation, monitoring and controlling of crop growth, pest control and insect population control and adopting the latest IoT-based technologies. IoT policies are focused on agriculture to strengthen the Indian economy all over the world. To trans | E=missing",abstract_available+landing_url
FT048,RAW217,Design of Agricultural Irrigation Hydropower Dual Control Intelligent Equipment Based on NB-IoT Technology,2018,10.1145/3208854.3208897,https://doi.org/10.1145/3208854.3208897,,include,include_after_fulltext_metadata,A01_PNCE_all_present_in_available_text,openalex_unpaywall_metadata,"P=l water price, promote agricultural water saving and sustainable development of agriculture, meet the need of water management and metering and charge for farmland water conservancy, agricultural irrigation hydropower dual control intelligent equipment based on NB-IoT technology. In order to ensure | N=ricultural Irrigation Hydropower Dual Control Intelligent Equipment Based on NB-IoT Technology. In order to establish and improve the formation mechanism of agricultural water price, promote agricultural water saving and sustainable development of agriculture, meet the need of water management and m | C=Design of Agricultural Irrigation Hydropower Dual Control Intelligent Equipment Based on NB-IoT Technology. In order to establish and improve the formation mechanism of agricultural water price, promote agricultural water saving and sustainable development of agricultur | E=ure the safety of system charging, the reliability of command execution and the accuracy of data collection, the equipment adopts the design of ""one card dual-use"" and ""one card dual control"" according to the actual functional requirements of the task. A smart IC card can achieve water and electrici",abstract_available+landing_url
FT049,RAW242,Intelligent Data Analytics Framework for Precision Farming Using IoT and Regressor Machine Learning Algorithms,2022,10.3390/app12199992,https://doi.org/10.3390/app12199992,,include,include_after_fulltext_metadata,A01_PNCE_all_present_in_available_text,openalex_unpaywall_metadata,"P=g with precise greenhouse monitoring in various scenarios is vital for improved agricultural growth management. The Internet of Things (IoT) leads to a modern age in computer networking that is gaining traction. This paper used a regression-based supervised machine learning approach to demonstrate a | N=Intelligent Data Analytics Framework for Precision Farming Using IoT and Regressor Machine Learning Algorithms. Smart farming with precise greenhouse monitoring in various scenarios is vital for improved agricultural growth management. The Internet of Things (IoT) leads to a modern ag | C=regression-based supervised machine learning approach to demonstrate a precise control of sensing parameters, CO2, soil moisture, temperature, humidity, and light intensity, in a smart greenhouse agricultural system. The proposed scheme comprised four main components: cloud, fog, edge, and sensor. | E=erated for the control of CO2, soil moisture, temperature, humidity, and light, resulting in improved management. Overall implementation was remotely monitored via the IoT using Message Query Telemetry Transport (MQTT), and sensor data were analysed for their standard and anomalous behaviours. Then,",abstract_available+landing_url
FT050,RAW245,"Intelligent greenhouse monitoring and control scheme: An arrangement of Sensors, Raspberry Pi based Embedded System and IoT platform",2020,10.17485/ijst/v13i27.311,https://doi.org/10.17485/ijst/v13i27.311,,include,include_after_fulltext_metadata,A01_PNCE_all_present_in_available_text,openalex_unpaywall_metadata,"P=data being forwarded to the gateway. The gateway nodes direct this data to the agriculture professional(s) through a web browser over the internet. Findings: Based on the received data, the ES triggers the intelligent decision-making by implementing appropriate arrangements to regulate climate para | N=ntrol scheme: An arrangement of Sensors, Raspberry Pi based Embedded System and IoT platform. Objectives/ Methods: The conventional farming approaches have been found unable to deliver an appropriate quantity of fertilizer. Similarly, no explicit measure can be established to regulate the climate pa | C=Intelligent greenhouse monitoring and control scheme: An arrangement of Sensors, Raspberry Pi based Embedded System and IoT platform. Objectives/ Methods: The conventional farming approaches have been found unable to deliver an appropriate quantity of fertil | E=system include uninterrupted mobile monitoring of the greenhouse, improved crop yield and productivity, negligible human interface/dependency. Keywords: Agricultural monitoring; greenhouses; embedded system; sensor networks (SN); IoT. Indian Journal of Science and Technology",abstract_available+landing_url
FT051,RAW246,Greenhouse Climate Controller by Using of Internet of Things Technology and Fuzzy Logic,2021,10.18280/i2m.200105,https://doi.org/10.18280/i2m.200105,,include,include_after_fulltext_metadata,A01_PNCE_all_present_in_available_text,openalex_unpaywall_metadata,"P=Greenhouse Climate Controller by Using of Internet of Things Technology and Fuzzy Logic. The Internet of Things (IoT) is a new, ongoing revolution. It often uses wireless sensor network (WSN) technologies because these t | N=a acquisition and processing. The input variables are analog values captured by ZigBee wireless network sensors that are then processed using fuzzy logic control software with heating and extractor control signals. At the same time, all data were sent to the server through a Wi-Fi internet connectio | C=Greenhouse Climate Controller by Using of Internet of Things Technology and Fuzzy Logic. The Internet of Things (IoT) is a new, ongoing revolution. It often uses wireless sensor network (WSN) technologies because these technologies are amo | E=analysis of the data via a web browser with tablets, smartphones, and laptops. Results show that the choice of a fuzzy logic controller could promote a comfortable greenhouse micro-climate. Also, we showed the efficiency of our proposed solution for greenhouse climate remote monitoring anywhere via",abstract_available+landing_url
FT052,RAW248,Design and Manufacture of a Smart Greenhouse with Supervisory Control of Environmental Parameters Using Fuzzy Inference Controller,2020,10.1109/icspis51611.2020.9349619,https://doi.org/10.1109/icspis51611.2020.9349619,,include,include_after_fulltext_metadata,A01_PNCE_all_present_in_available_text,openalex_unpaywall_metadata,"P=icial intelligence has been working in the world, including IoT applications in agriculture. The Internet of Things and artificial intelligence can be used to optimize water, energy consumption, more and better production of agricultural products. In this paper, an IoT-based smart greenhouse is desi | N=ironmental Parameters Using Fuzzy Inference Controller. The Internet of Things (IoT) is an Internet network consisting of a set of objects through which they can communicate with each other. Anything that can collect data, be controlled, or communicate remotely is subject to the definition of object | C=Design and Manufacture of a Smart Greenhouse with Supervisory Control of Environmental Parameters Using Fuzzy Inference Controller. The Internet of Things (IoT) is an Internet network consisting of a set of objects through which they can communicate with each other. Anything that c | E=e Internet of Things and artificial intelligence can be used to optimize water, energy consumption, more and better production of agricultural products. In this paper, an IoT-based smart greenhouse is designed and implemented with a monitoring controller to check data and prevent plant damage, and a",abstract_available+landing_url
FT053,RAW249,An Integrated IoT Sensor-Camera System toward Leveraging Edge Computing for Smart Greenhouse Mushroom Cultivation,2024,10.3390/agriculture14030489,https://doi.org/10.3390/agriculture14030489,,exclude,exclude_fulltext,R06_missing_PNCE_E,openalex_unpaywall_metadata,"P=tritious and commercial mushroom benefits and its convenience in adapting smart agriculture technologies. Traditional Device-Cloud protocol in smart agriculture wastes network resources when big data from Internet of Things (IoT) devices are directly transmitted to the cloud server without processin | N=An Integrated IoT Sensor-Camera System toward Leveraging Edge Computing for Smart Greenhouse Mushroom Cultivation. Industrial greenhouse mushroom cultivation is currently promising, due to the nutritious and commercial mushroom benefi | C=data reduction, and lightweight artificial intelligence (AI)-based data quality control (for anomalous environmental conditions detection) together with real-time AI model deployment (for mushroom detection) are compatible with edge computing. Integrating the Edge Layer as the center of the traditio | E=missing",abstract_available+landing_url
FT054,RAW250,IoT Based Smart Greenhouse Design with an Intelligent Supervisory Fuzzy Optimized Controller,2021,10.1109/icwr51868.2021.9443022,https://doi.org/10.1109/icwr51868.2021.9443022,,include,include_after_fulltext_metadata,A01_PNCE_all_present_in_available_text,openalex_unpaywall_metadata,"P=IoT Based Smart Greenhouse Design with an Intelligent Supervisory Fuzzy Optimized Controller. Internet of things (IoT) alludes to the network of physical objects that are connected to the internet, to share data and send control command | N=IoT Based Smart Greenhouse Design with an Intelligent Supervisory Fuzzy Optimized Controller. Internet of things (IoT) alludes to the network of physical objects that are connected to the internet, to share data and send | C=T Based Smart Greenhouse Design with an Intelligent Supervisory Fuzzy Optimized Controller. Internet of things (IoT) alludes to the network of physical objects that are connected to the internet, to share data and send control commands. It has been used in many plants for different purposes. This pa | E=tely and also be notified of the occurrence of any event like a fire. Practical results show that greenhouse parameters are successfully controlled by the suggested controller..",abstract_available+landing_url
FT055,RAW251,Adaptive Deep Learning Model to Enhance Smart Greenhouse Agriculture,2023,10.32604/cmc.2023.042179,https://doi.org/10.32604/cmc.2023.042179,,include,include_after_fulltext_metadata,A01_PNCE_all_present_in_available_text,openalex_unpaywall_metadata,"P=Adaptive Deep Learning Model to Enhance Smart Greenhouse Agriculture. The trend towards smart greenhouses stems from various factors, including a lack of agricultural land area owing to population concentration and housing construction on agricultural land, as well as water sh | N=mber, pepper, tomato, and bean. The proposed model uses the Internet of Things (IoT) to collect data on agricultural operations and then uses this data to control and monitor these operations in real time. This helps to ensure that crops are getting the right amount of fertilizer, water, light, and | C=ses a one-dimensional convolutional neural network (CNN) deep learning model to control the growth of strategic crops, including cucumber, pepper, tomato, and bean. The proposed model uses the Internet of Things (IoT) to collect data on agricultural operations and then uses this data to control and | E=voltaic construction process, agricultural engineers, and research centers. The experimental results showed that the precision, recall, F1-measures, and accuracy of the one-dimensional CNN for the tested dataset were approximately 97.3%, 98.2%, 97.25%, and 97.56%, respectively. The new smart greenho",abstract_available+landing_url
FT056,RAW252,Smart Greenhouse Control via NB-IoT,2022,10.32604/iasc.2022.026927,https://doi.org/10.32604/iasc.2022.026927,,exclude,exclude_fulltext,R06_missing_PNCE_E,openalex_unpaywall_metadata,"P=warming has complicated traditional methods to infer the weather. To this end, agriculture has also given more attention to greenhouse cultivation. In the early days of industrial research, Wi-Fi and ZigBee were used as short-or medium-distance communication technologies for transmissions in the ne | N=IoT architecture. Instead of long-distance communication technologies, such as LoRa and NB-IoT, the features of low power consumption and low cost are also more favored by the industry. This article uses the NB-IoT communication module with various sensors to monitor and control a small smart green | C=Smart Greenhouse Control via NB-IoT. The Internet of Things (IoT) has flourished in recent years, which brings convenience to people’s lives, improves the quality of life, allows more effectively managing and maximizing benefits in indus | E=missing",abstract_available+landing_url
FT057,RAW254,A drip irrigation prediction system in a greenhouse based on long short-term memory and connected objects,2023,10.23939/mmc2023.02.524,https://doi.org/10.23939/mmc2023.02.524,,include,include_after_fulltext_metadata,A01_PNCE_all_present_in_available_text,openalex_unpaywall_metadata,"P=A drip irrigation prediction system in a greenhouse based on long short-term memory and connected objects. Smart greenhouses use Internet of Things (IoT) technology to monitor and control various factors that affect plant growt | N=rt-term memory and connected objects. Smart greenhouses use Internet of Things (IoT) technology to monitor and control various factors that affect plant growth, such as soil humidity, indoor humidity, soil temperature, rain sensor, illumination, and indoor temperature. Sensors and actuators connecte | C=jects. Smart greenhouses use Internet of Things (IoT) technology to monitor and control various factors that affect plant growth, such as soil humidity, indoor humidity, soil temperature, rain sensor, illumination, and indoor temperature. Sensors and actuators connected to an IoT network can collect | E=n is predicted using GRU, LSTM, and BLSTM and a comparison was made between the results of the three techniques, and the technique with the best result was selected.. Mathematical Modeling and Computing",abstract_available+landing_url
FT058,RAW257,Smart Nursery with Health Monitoring System Through Integration of IoT and Machine Learning,2020,10.1108/978-1-83909-099-820201017,https://doi.org/10.1108/978-1-83909-099-820201017,,include,include_after_fulltext_metadata,A01_PNCE_all_present_in_available_text,openalex_unpaywall_metadata,"P=y growing demand for food. In this chapter, the authors have introduced a smart greenhouse by integration of two leading technologies in the market (i.e., Machine Learning and IoT). In proposed model, several sensors are used for data collection and managing the environment of greenhouse. The idea i | N=Smart Nursery with Health Monitoring System Through Integration of IoT and Machine Learning. Abstract Internet of Things (IoT) and artificial intelligence are two leading technologies that bought revolution to each and every field of humans using in daily life by making everything smart | C=air quality, etc. to monitor the nursery internal environment and maintain the control and flow of water and other minerals inside the nursery. The nursery will have a solar panel from which it stores the electricity generated from the sun, a small fan to control the flow of air and pressure. A cam | E=o monitor the nursery internal environment and maintain the control and flow of water and other minerals inside the nursery. The nursery will have a solar panel from which it stores the electricity generated from the sun, a small fan to control the flow of air and pressure. A camera will also be equ",abstract_available+landing_url
FT059,RAW259,"Smart Hydroponic Greenhouse (Sensing, Monitoring and Control) Prototype Based on Arduino and IOT",2021,10.9734/ijpss/2021/v33i430430,https://doi.org/10.9734/ijpss/2021/v33i430430,,include,include_after_fulltext_metadata,A01_PNCE_all_present_in_available_text,openalex_unpaywall_metadata,"P=actorial with 3 replicates. Place and Duration of Study: Central Laboratory for Agriculture Climate (CLAC), Agriculture Research Center, Egypt during 2020. Methodology: Two systems of hydroponic culture, nutrient film technique (NFT) and deep flow technique (DFT) that cultivated by lettuce plants we | N=length. Conclusion: Integrated monitoring and control system and IOT provide a wireless sensors network that offered a high capability of accessing huge data anywhere and anytime. Smart management of nutrient solution (TDS, pH, temperature, and level), without smart control, were not useful enough | C=Smart Hydroponic Greenhouse (Sensing, Monitoring and Control) Prototype Based on Arduino and IOT. Aims: Sensing, monitoring and control the micro-climate measurements and environmental conditions of greenhouse prototype to create a smart hydroponic greenhouse for maximizin | E=owth but it wasn't sufficient to give a high quality of lettuce yield under the experiment. NFT system gave higher values of average No. of leaves and fresh weight of lettuce plants than DFT system that presented higher plant length. Conclusion: Integrated monitoring and control system and IOT provi",abstract_available+landing_url
FT060,RAW260,Developing a new IoT network topology for effective Greenhouse Monitoring and Control,2025,10.1016/j.procs.2025.07.183,https://doi.org/10.1016/j.procs.2025.07.183,,exclude,exclude_fulltext,R05_review_or_secondary_study,openalex_unpaywall_metadata,"P=anded sensor networks and AI. This work contributes to the advancement of smart agriculture by using IoT to enable energy-efficient, data-driven greenhouse management that supports plant growth and health.. Procedia Computer Science | N=izing environmental monitoring in greenhouses. This paper presents an IoT-based Wireless Sensor Network (WSN) for smart greenhouse monitoring. The system is implemented at the K.C. Irving Environmental Science Centre in Wolfville, NS. It integrates Crossbow Iris Motes with sensors for temperature, h | C=Developing a new IoT network topology for effective Greenhouse Monitoring and Control. Greenhouses provide a controlled environment that supports optimal plant growth by controlling key environmental conditions. However, traditional greenhouse systems face challenges such as real-time data collect | E=work contributes to the advancement of smart agriculture by using IoT to enable energy-efficient, data-driven greenhouse management that supports plant growth and health.. Procedia Computer Science",abstract_available+landing_url
FT061,RAW261,A Hybrid IoT and Machine Learning Framework for Smart Greenhouse Automation in Sustainable Agriculture,2025,10.54392/irjmt2545,https://doi.org/10.54392/irjmt2545,,include,include_after_fulltext_metadata,A01_PNCE_all_present_in_available_text,openalex_unpaywall_metadata,"P=T and Machine Learning Framework for Smart Greenhouse Automation in Sustainable Agriculture. Growing demand for green farming has expedited the progress of smart greenhouse technology. This paper presents a smart greenhouse system combining Internet of Things (IoT) platforms with autonomous controls | N=A Hybrid IoT and Machine Learning Framework for Smart Greenhouse Automation in Sustainable Agriculture. Growing demand for green farming has expedited the progress of smart greenhouse technology. This paper presents a smart green | C=greenhouse system combining Internet of Things (IoT) platforms with autonomous controls and artificial intelligence (AI) to improve the efficiency of crop production and minimize the utilization of resources. Greenhouse management under traditional technique is usually influenced by ineffective con | E=ESP8266 and ESP32 microcontrollers and MQTT for data transmission at low costs. Experimental validation confirmed a 30% reduction in water consumption and 15% increase in crop yield, and energy efficiency improved to traditional systems. The system is flexible for different scales of greenhouses and",abstract_available+landing_url
FT062,RAW262,IoT-based monitoring and control for optimized plant growth in smart greenhouses using soil and hydroponic systems,2025,10.1016/j.iot.2025.101710,https://linkinghub.elsevier.com/retrieve/pii/S2542660525002240,,exclude,exclude_fulltext_unretrievable,R12_fulltext_or_abstract_unretrievable_after_OpenAlex_Unpaywall_Crossref_landing_checks,retrieval_failure_documented,No sufficient abstract/full-text evidence was retrievable. Conservative PRISMA eligibility rule: exclude rather than infer PNCE fit.,metadata_only+landing_url; crossref=R08_crossref_text_insufficient; landing=R10_landing_text_insufficient
FT063,RAW263,Intelligent Greenhouse cultivation empowered in IoT ecosystem,2021,10.1109/agers53903.2021.9617304,https://doi.org/10.1109/agers53903.2021.9617304,,include,include_after_fulltext_metadata,A01_PNCE_all_present_in_available_text,openalex_unpaywall_metadata,"P=sensors and network connectivity for collecting and exchanging the data. IOT in agriculture helps in monitoring the soil moistures and temperature, controls the irrigation and usage of water, pesticides and fertilizers. The greenhouse planting hires only the migrant users due to lack of effectivenes | N=Intelligent Greenhouse cultivation empowered in IoT ecosystem. The Internet of Things (IOT) is a network of physical objects that are embedded with electronics, software, sensors and network connectivity for collecting and exchanging the data. IOT in agriculture helps | C=ata. IOT in agriculture helps in monitoring the soil moistures and temperature, controls the irrigation and usage of water, pesticides and fertilizers. The greenhouse planting hires only the migrant users due to lack of effectiveness in technology and by facing the difficulties in controlling the qu | E=the several distinct types of sensors for monitoring the consumption of power, energy and water. It also aims in assisting the researchers and helps farmers to accumulate the knowledge of the innovative IOT technology in the smart greenhouse cultivation..",abstract_available+landing_url
FT064,RAW264,Monitoring of Smart Greenhouse Using Internet of Things (IoT),2024,10.1007/978-981-99-9610-0_19,https://link.springer.com/chapter/10.1007/978-981-99-9610-0_19?error=cookies_not_supported&code=30805ce1-c51e-4d5d-ae26-e81a8a1ebbbd,,exclude,exclude_fulltext_unretrievable,R12_fulltext_or_abstract_unretrievable_after_OpenAlex_Unpaywall_Crossref_landing_checks,retrieval_failure_documented,No sufficient abstract/full-text evidence was retrievable. Conservative PRISMA eligibility rule: exclude rather than infer PNCE fit.,metadata_only+landing_url; crossref=R08_crossref_text_insufficient; landing=R10_landing_text_insufficient
FT065,RAW265,LoRaWAN based internet of things (IoT) system for precision irrigation in plasticulture fresh-market tomato,2022,10.1016/j.atech.2022.100053,https://doi.org/10.1016/j.atech.2022.100053,,include,include_after_fulltext_metadata,A01_PNCE_all_present_in_available_text,openalex_unpaywall_metadata,"P=ral crops with enhancing crop's water use efficiency and sustainability.. Smart Agricultural Technology | N=LoRaWAN based internet of things (IoT) system for precision irrigation in plasticulture fresh-market tomato. Precision irrigation with sensors has proven to be effective for water saving in crop production. An Internet o | C=ed well in terms of power consumption, communication, sensor reading, and valve control. These results suggested that the IoT system can be implemented for precision and automatic irrigation operations for vegetable and other horticultural crops with enhancing crop's water use efficiency and sustain | E=on crop irrigation. In this study, a LoRaWAN based IoT system was developed and evaluated as a precision irrigation tool on fresh-market tomato production in a plasticulture system. Four irrigation scheduling treatments were designed and tested, including irrigation based on crop evapotranspiration",abstract_available+landing_url
FT066,RAW266,Development of an IoT-Based Precision Irrigation System for Tomato Production from Indoor Seedling Germination to Outdoor Field Production,2023,10.3390/app13095556,https://doi.org/10.3390/app13095556,,include,include_after_fulltext_metadata,A01_PNCE_all_present_in_available_text,openalex_unpaywall_metadata,"P=Development of an IoT-Based Precision Irrigation System for Tomato Production from Indoor Seedling Germination to Outdoor Field Production. Proper irrigation management, especially for tomatoes that are sensitive to water, is the key to ensuring sustainable | N=ther assessment. A low-power wide area networking Long Range Wide Area Network (LoRaWAN) protocol was developed with remote monitoring and controlling capability for irrigation management. Two irrigation systems, including surface and subsurface drip irrigations, were used to compare which system re | C=ing a low-cost sensor coupled with IoT technology could help to achieve precise control of the moisture content in the plant root-zone soil and apply water on demand with minimum human intervention. An IoT-based precision irrigation system was developed for growing Momotaro tomato seedlings inside a | E=main blend of peat moss, vermiculite, and perlite. Furthermore, in two repeated experiments, a subsurface drip irrigation system with 0.86 distribution uniformity used 10% less water than the surface drip irrigation system. The produced tomato seedlings were transplanted to open fields for further a",abstract_available+landing_url
FT067,RAW267,&amp;lt;i&amp;gt;Internet of Things (IoT)-based Precision Irrigation with LoRaWAN Technology Applied to High Tunnel Vegetable Production&amp;lt;/i&amp;gt;,2020,10.13031/aim.202000762,https://doi.org/10.13031/aim.202000762,,include,include_after_fulltext_metadata,A01_PNCE_all_present_in_available_text,openalex_unpaywall_metadata,"P=&amp;lt;i&amp;gt;Internet of Things (IoT)-based Precision Irrigation with LoRaWAN Technology Applied to High Tunnel Vegetable Production&amp;lt;/i&amp;gt;. <b><sc>Abstract.</sc></b> <b>Precision irrigation with sensor-based decision-making system has proven to be effective for | N=&amp;lt;i&amp;gt;Internet of Things (IoT)-based Precision Irrigation with LoRaWAN Technology Applied to High Tunnel Vegetable Production&amp;lt;/i&amp;gt;. <b><sc>Abstract.</sc></b> <b>Precision irrigation with sensor-based decision-making system has proven to be effective for water saving in | C=d and uploaded to an IoT platform (AllThingsTalk) for monitoring and irrigation control. Thresholds were determined for each irrigation strategy to start and stop the irrigation. The results indicated that the developed IoT system worked properly for the irrigation task.</b>. 2020 ASABE Annual Inter | E=ased precision drip irrigation system with LoRaWAN technology was developed and evaluated for a vegetable high tunnel production system. Four irrigation management systems were designed and tested, including one based on volumetric soil water content sensors (SWC), two based on soil water potential",abstract_available+landing_url
FT068,RAW268,Internet of Things (IoT)-Based Precision Irrigation With LoRaWAN Technology Applied to Vegetable Production,2021,10.13031/aim.202100877,https://doi.org/10.13031/aim.202100877,,include,include_after_fulltext_metadata,A01_PNCE_all_present_in_available_text,openalex_unpaywall_metadata,"P=Internet of Things (IoT)-Based Precision Irrigation With LoRaWAN Technology Applied to Vegetable Production. <b><sc>Abstract.</sc></b> <b>Precision irrigation with sensors has proven to be effective for water saving in crop production. Internet of things (IoT) | N=Internet of Things (IoT)-Based Precision Irrigation With LoRaWAN Technology Applied to Vegetable Production. <b><sc>Abstract.</sc></b> <b>Precision irrigation with sensors has proven to be effective for water saving in crop production. Internet of things (IoT) system is necess | C=ed well in terms of power consumption, communication, sensors reading and valve control. It can be potentially implemented for precision and automatic irrigation operation in vegetable fields.</b>. 2021 ASABE Annual International Virtual Meeting, July 12-16, 2021 | E=ty, yield, and irrigation water use efficiency (iWUE) were evaluated during the experiment. The results indicated that treatment MP60 and GesCoN had a marketable yield 15.2% and 22.1% higher than ET, respectively. MP40 had a marketable yield 12.5% lower than ET. GesCoN had a significantly higher yie",abstract_available+landing_url
FT069,RAW269,"Implementing internet of things (IoT) sensor-based precision irrigation with LoRaWAN technology for enhancing yield, quality, and resource use efficiency of soilless basil",2023,10.17660/actahortic.2023.1377.79,https://doi.org/10.17660/actahortic.2023.1377.79,,include,include_after_fulltext_metadata,A01_PNCE_all_present_in_available_text,openalex_unpaywall_metadata,"P=Implementing internet of things (IoT) sensor-based precision irrigation with LoRaWAN technology for enhancing yield, quality, and resource use efficiency of soilless basil. ISHS XXXI International Horticultural Congress (IHC2022): International Symposium on Innovative Technologies | N=Implementing internet of things (IoT) sensor-based precision irrigation with LoRaWAN technology for enhancing yield, quality, and resource use efficiency of soilless basil. ISHS XXXI International Horticultural Congress (IHC2022): International Symposium on Innovative Technologies and Production | C=Symposium on Innovative Technologies and Production Strategies for Sustainable Controlled Environment Horticulture Implementing internet of things (IoT) sensor-based precision irrigation with LoRaWAN technology for enhancing yield, quality, and resource use efficiency of soilless basil. Acta Hortic | E=s (IoT) sensor-based precision irrigation with LoRaWAN technology for enhancing yield, quality, and resource use efficiency of soilless basil. ISHS XXXI International Horticultural Congress (IHC2022): International Symposium on Innovative Technologies and Production Strategies for Sustainable Contro",abstract_available+landing_url
FT070,RAW284,Monitoring Soil and Ambient Parameters in the IoT Precision Agriculture Scenario: An Original Modeling Approach Dedicated to Low-Cost Soil Water Content Sensors,2021,10.3390/s21155110,https://doi.org/10.3390/s21155110,,include,include_after_fulltext_metadata,A01_PNCE_all_present_in_available_text,openalex_unpaywall_metadata,"P=Monitoring Soil and Ambient Parameters in the IoT Precision Agriculture Scenario: An Original Modeling Approach Dedicated to Low-Cost Soil Water Content Sensors. A low power wireless sensor network based on LoRaWAN protocol was designed with a focus on the IoT low-cost Precision | N=w-Cost Soil Water Content Sensors. A low power wireless sensor network based on LoRaWAN protocol was designed with a focus on the IoT low-cost Precision Agriculture applications, such as greenhouse sensing and actuation. All subsystems used in this research are designed by using commercial component | C=IoT low-cost Precision Agriculture applications, such as greenhouse sensing and actuation. All subsystems used in this research are designed by using commercial components and free or open-source software libraries. The whole system was implemented to demonstrate the feasibility of a modular system | E=odular system built with cheap off-the-shelf components, including sensors. The experimental outputs were collected and stored in a database managed by a virtual machine running in a cloud service. The collected data can be visualized in real time by the user with a graphical interface. The reliabil",abstract_available+landing_url
FT071,RAW291,A Fuzzy-Logic-Based Smart Irrigation Controller for Precision Agriculture,2024,10.1109/jiot.2024.3440200,https://doi.org/10.1109/jiot.2024.3440200,,include,include_after_fulltext_metadata,A01_PNCE_all_present_in_available_text,openalex_unpaywall_metadata,"P=A Fuzzy-Logic-Based Smart Irrigation Controller for Precision Agriculture. Precision irrigation utilizing sensors and IoT devices was introduced for efficient utilization of natural water resources in the agriculture sector. Most existing precision irrigation techniques are computa | N=ontroller for Precision Agriculture. Precision irrigation utilizing sensors and IoT devices was introduced for efficient utilization of natural water resources in the agriculture sector. Most existing precision irrigation techniques are computationally complex. To solve this issue, a precision irrig | C=A Fuzzy-Logic-Based Smart Irrigation Controller for Precision Agriculture. Precision irrigation utilizing sensors and IoT devices was introduced for efficient utilization of natural water resources in the agriculture sector. Most existing precision irrigati | E=ollers are computationally lightweight but struggle to achieve higher accuracy. Simulations using actual data in MATLAB show that the proposed fuzzy-based model predictive control (MPC) controller not only closely follows the behavior of DLQR but it does so with significantly lower computational com",abstract_available+landing_url
FT072,RAW292,Controlling irrigation in a container nursery using IoT,2018,10.3934/agrfood.2018.3.205,https://doi.org/10.3934/agrfood.2018.3.205,,exclude,exclude_fulltext,R05_review_or_secondary_study,openalex_unpaywall_metadata,"P=able source of water for food production is forecast as a critical issue facing agriculture. The recent EPA Strategic Plan emphasized the need to ensure waters are clean through improved water infrastructure and sustainably manage programs to support the different uses of water. This plan though bro | N=Controlling irrigation in a container nursery using IoT. The demand for water has increased while the supply has been stagnant. This may be attributed to population growth, land-use dynamics and climatic factors. The availability of a sustainable source of water for food | C=Controlling irrigation in a container nursery using IoT. The demand for water has increased while the supply has been stagnant. This may be attributed to population growth, land-use dynamics and climatic factors. The ava | E=Controlling irrigation in a container nursery using IoT. The demand for water has increased while the supply has been stagnant. This may be attributed to population growth, land-use dynamics and climatic factors. The availability of a sustainable source of water for food production is foreca",abstract_available+landing_url
FT073,RAW293,Digital twin-enabled intelligent irrigation-drainage system for precision water-salt management in saline agroecosystems,2025,10.1016/j.agwat.2025.109957,https://doi.org/10.1016/j.agwat.2025.109957,,include,include_after_fulltext_metadata,A01_PNCE_all_present_in_available_text,openalex_unpaywall_metadata,"P=shwater scarcity are widely recognized as persistent constraints on sustainable agricultural intensification, especially in arid and semi-arid regions. This study presents a targeted approach by developing an integrated intelligent irrigation-drainage platform that combines Internet of Things (IoT)- | N=ated intelligent irrigation-drainage platform that combines Internet of Things (IoT)-based multi-layer environmental sensing, Long Short-Term Memory (LSTM) deep learning for predictive modeling, and digital twin-assisted management. A closed-loop irrigation-drainage infrastructure was concurrently i | C=toring and Long Short-Term Memory (LSTM) prediction enabled adaptive water-salt control. • A closed-loop reuse system improved leaching efficiency and reduced salinity. • Field experiments demonstrated significant salt reduction across soil profiles.. Agricultural Water Management | E=ed-loop reuse system improved leaching efficiency and reduced salinity. • Field experiments demonstrated significant salt reduction across soil profiles.. Agricultural Water Management",abstract_available+landing_url
FT074,RAW294,"Creation of Parcelas 5.0 using the 5S framework (social, sustainable, smart, sensing and safe) to improve traditional farming in Mexico",2025,10.1080/19397038.2025.2471306,https://doi.org/10.1080/19397038.2025.2471306,,include,include_after_fulltext_metadata,A01_PNCE_all_present_in_available_text,openalex_unpaywall_metadata,"P=ents a comprehensive solution for Parcelas 5.0, designed to enhance sustainable agriculture in Mexico by utilising photovoltaic energy, rainwater capture, precision agriculture, and vertical farming using the 5S framework – Social, Sustainable, Sensing, Smart, and Safe and exponential technologies ( | N=inable, Sensing, Smart, and Safe and exponential technologies (nanotechnology, biotechnology, information technology, cogno technology). The proposed novel reference model, a Solar-Powered Vertical Farming Hub, is a modular and scalable system that integrates renewable energy and resource-efficient | C=Photovoltaic panels provide off-grid energy, powering LED grow lights, climate control, and IoT sensors, while rainwater capture systems support a closed-loop irrigation system for water efficiency. Precision agriculture technologies, including IoT-connected sensors and data analytics, enable real- | E=designed to enhance sustainable agriculture in Mexico by utilising photovoltaic energy, rainwater capture, precision agriculture, and vertical farming using the 5S framework – Social, Sustainable, Sensing, Smart, and Safe and exponential technologies (nanotechnology, biotechnology, information techn",abstract_available+landing_url
FT075,RAW296,Design of an Efficient Automated Closed-Loop Irrigation System for Stable Remote Access to Field Conditions,2019,10.35940/ijeat.f8366.088619,https://doi.org/10.35940/ijeat.f8366.088619,,include,include_after_fulltext_metadata,A01_PNCE_all_present_in_available_text,openalex_unpaywall_metadata,"P=nlivable by 2020. Proficient water administration is a noteworthy worry in many agricultural sites in these parched zones. As engineers, it our duty to help avert this crisis. Automated closed loop irrigation systems offer a potential answer in order to help site-specific water system administration | N=mes to maximize efficiency of the agricultural process. The Internet of Things (IOT) is one of the technological advancements which can provide a remote viewing ability to the system by giving the user a platform to analyze this data. With more development in the field of IOT expected in the coming | C=er. This project puts forward a humble design of an automated irrigation system controlled via closed-loop operation, employing a host of sensors to attain data to check against the predetermined threshold values. The collected data should be available to the agriculturalist at all times to maximize | E=em for Stable Remote Access to Field Conditions. Many major metro cities face a water crisis today. It has been predicted that Bangalore will become unlivable by 2020. Proficient water administration is a noteworthy worry in many agricultural sites in these parched zones. As engineers, it our duty t",abstract_available+landing_url
FT076,RAW299,Automated Irrigation and Fertigation System Applying Sensing Technology,2021,10.30880/jeva.2021.02.02.009,https://doi.org/10.30880/jeva.2021.02.02.009,,exclude,exclude_fulltext,R05_review_or_secondary_study,openalex_unpaywall_metadata,"P=it finds many applications in various industries. The development of efficient agricultural systems has become essential to address the challenges of feeding the enormous and ever-increasing population around the globe. One way of dealing with this is to expand agricultural production standard and | N=igation and Fertigation System Applying Sensing Technology. Internet of Things (IoT) is the most discussed topic nowadays and it finds many applications in various industries. The development of efficient agricultural systems has become essential to address the challenges of feeding the enormous and | C=switch and the 5V Optocoupler relay module are used in this project. The remote control of the system is a mobile application. If the moisture level in the soil reaches the desired value, it will stop water supply. The project could be expended on a larger scale in the future and the system may also | E=ct massive data from various devices. The system's effectiveness depends on the performance of the sensor under various climate changes. The network and a closed-loop feedback system need to be connected to the system for maximum operational capacity. The module of the Soil Moisture Sensor and the M",abstract_available+landing_url
FT077,RAW300,Reinforcement Learning based Decentralized Approach for Precision Agriculture and Environment Monitoring,2025,10.1109/icaiss61471.2025.11042035,https://doi.org/10.1109/icaiss61471.2025.11042035,,include,include_after_fulltext_metadata,A01_PNCE_all_present_in_available_text,openalex_unpaywall_metadata,"P=Reinforcement Learning based Decentralized Approach for Precision Agriculture and Environment Monitoring. Environmental sensing and precision agriculture are critical to maximizing agricultural production and minimizing environmental footprint. Conventional centralized systems suffer f | N=an Automatic Water Sprinkle and Monitoring System utilizing Internet of Things (IoT) technology, real-time analytics, and precision agriculture techniques. In the MARL framework, agents are dispatched across field zones, allowing them to autonomously control the use of resources (e.g., irrigation, f | C=mework, agents are dispatched across field zones, allowing them to autonomously control the use of resources (e.g., irrigation, fertilizer, and pest control) and to learn the most effective strategy to improve the crop yield and health. IoT-based sensors measure soil water content, temperature, rela | E=ine data analysis and precision irrigation scheduling and control of resources. Experimental evidence reveals an average 28% reduction in water consumption, 18% reduction in fertilizer application, and 16% crop yield improvement, with a smaller footprint on the environment. The agent de-centralized",abstract_available+landing_url
FT078,RAW301,IoT and Inception V3 for Precision Rice Disease Detection,2025,10.1109/cmss66566.2025.11182534,https://doi.org/10.1109/cmss66566.2025.11182534,,include,include_after_fulltext_metadata,A01_PNCE_all_present_in_available_text,openalex_unpaywall_metadata,"P=ogether to make an integrated smart farming framework that helps with precision agriculture in rice farming. The suggested system has a rice disease detection module that uses deep learning and the Inception V3 convolutional neural network (CNN). It also has a proximity-based irrigation control syst | N=IoT and Inception V3 for Precision Rice Disease Detection. This paper shows how to use artificial intelligence and the Internet of Things (IoT) together to make an integrated smart farming framework that helps with preci | C=V3 convolutional neural network (CNN). It also has a proximity-based irrigation control system that uses real-time soil data to turn on. We first trained the disease detection model with 3,000 real-field rice leaf images. Then, this method improved it with images from public datasets like PlantVilla | E=neralising across different conditions. The model had an F1 score of 98.06%, an accuracy of 98.12%, a precision of 98.93%, and a recall of 98.35%. Sensor nodes are used to continuously check the temperature, humidity, and moisture levels in the soil. These outputs are then combined into a low-cost I",abstract_available+landing_url
FT079,RAW307,Towards Precision Agriculture: IoT-Enabled Intelligent Irrigation Systems Using Deep Learning Neural Network,2021,10.1109/jsen.2021.3069266,https://doi.org/10.1109/jsen.2021.3069266,,exclude,exclude_fulltext,R06_missing_PNCE_C,openalex_unpaywall_metadata,"P=Towards Precision Agriculture: IoT-Enabled Intelligent Irrigation Systems Using Deep Learning Neural Network. Recently, precision agriculture has gained substantial attention due to the ever-growing world population demands for food and w | N=Towards Precision Agriculture: IoT-Enabled Intelligent Irrigation Systems Using Deep Learning Neural Network. Recently, precision agriculture has gained substantial attention due to the ever-growing world population demands for food and water. Consequ | C=missing | E=n results that DLiSA uses water more wisely than state-of-the-art models in the experimental farming area.. IEEE Sensors Journal",abstract_available+landing_url
FT080,RAW310,IoT-Blockchain Enabled Optimized Provenance System for Food Industry 4.0 Using Advanced Deep Learning,2020,10.3390/s20102990,https://doi.org/10.3390/s20102990,,exclude,exclude_fulltext,R06_missing_PNCE_C,openalex_unpaywall_metadata,P=Optimized Provenance System for Food Industry 4.0 Using Advanced Deep Learning. Agriculture and livestock play a vital role in social and economic stability. Food safety and transparency in the food supply chain are a significant concern for many people. Internet of Things (IoT) and blockchain are g | N=IoT-Blockchain Enabled Optimized Provenance System for Food Industry 4.0 Using Advanced Deep Learning. Agriculture and livestock play a vital role in social and economic stability. Food safety and transparency in the foo | C=missing | E=ect the optimal training parameters by GA and finally cascade LSTM with GRU. We evaluated the performance of the proposed system for a different number of users. This paper aims to help supply chain practitioners to take advantage of the state-of-the-art technologies; it will also help the industry,abstract_available+landing_url
FT081,RAW320,IoT-Enabled Adaptive Watering System with ARIMA-Based Soil Moisture Prediction for Smart Agriculture,2025,,https://doi.org/10.1109/access.2025.3532447,,include,include_after_fulltext_metadata,A01_PNCE_all_present_in_available_text,openalex_unpaywall_metadata,"P=ed Adaptive Watering System with ARIMA-Based Soil Moisture Prediction for Smart Agriculture. Agriculture is the backbone of every country as it fulfills the necessities of human beings as well as animals and also supports the country’s economy in terms of revenue by exporting food products to the in | N=IoT-Enabled Adaptive Watering System with ARIMA-Based Soil Moisture Prediction for Smart Agriculture. Agriculture is the backbone of every country as it fulfills the necessities of human beings as well as animals and als | C=sult, food shortage is increasing. A solution to handle the water shortage is a controlled watering system for crops. In this paper, we describe two different IoT-based systems for crop soil moisture, soil temperature, and outdoor temperature and humidity monitoring, one is Wi-Fi based while the oth | E=r and unpredicted weather conditions are affecting agricultural areas, and as a result, food shortage is increasing. A solution to handle the water shortage is a controlled watering system for crops. In this paper, we describe two different IoT-based systems for crop soil moisture, soil temperature,",abstract_available+landing_url
FT082,RAW322,Vegetation Effects on LoRa-Based Wireless Sensor Communication for Remote Monitoring of Automatic Orchard Irrigation Status,2025,,https://doi.org/10.3390/iot6010002,,include,include_after_fulltext_metadata,A01_PNCE_all_present_in_available_text,openalex_unpaywall_metadata,"P=-Based Wireless Sensor Communication for Remote Monitoring of Automatic Orchard Irrigation Status. LoRa-based sensor nodes may provide a reliable solution for wireless communication in orchard cultivation and smart farming, facilitating real-time environmental monitoring. However, the signal strengt | N=Vegetation Effects on LoRa-Based Wireless Sensor Communication for Remote Monitoring of Automatic Orchard Irrigation Status. LoRa-based sensor nodes may provide a reliable solution for wireless communication in orchard cultivation and smart f | C=rd conditions. A sensor node, built with a commercial LoRa transceiver and microcontroller unit (MCU), was paired with a single-channel gateway linked to an orchard irrigation system. Performance metrics such as the packet delivery ratio (PDR), received signal strength indicator (RSSI), and signal-t | E=rain, weather, and nearby electrical devices. The objective of this study is to evaluate the impact of orchard trees on the performance of a LoRa sensor node under orchard conditions. A sensor node, built with a commercial LoRa transceiver and microcontroller unit (MCU), was paired with a single-cha",abstract_available+landing_url
FT083,RAW324,Analyzing the Effectiveness of Wireless Sensor Networks in Smart Agriculture with OPNET,2025,,https://doi.org/10.5281/zenodo.17799240,,exclude,exclude_fulltext,R06_missing_PNCE_C,openalex_unpaywall_metadata,"P=Analyzing the Effectiveness of Wireless Sensor Networks in Smart Agriculture with OPNET. High rate of technological development in the agricultural systems has led to the embracement of smart farming where technology as represented by wireless communication network is highly involved | N=Analyzing the Effectiveness of Wireless Sensor Networks in Smart Agriculture with OPNET. High rate of technological development in the agricultural systems has led to the embracement of smart farming where technology as represented by wireless communi | C=missing | E=nment of optimum crop yield and preservation of environmental resources. In the simulation, the sensor nodes are placed in a virtual farmland to collect and transmit the environmental information to sink node in the center where it is to be analyzed. The critical key performance indicators such as n",abstract_available+landing_url
FT084,RAW325,Data-driven model predictive control (MPC) for irrigation management in agricultural greenhouse under CO2 enrichment,2025,,https://doi.org/10.25165/j.ijabe.20181101.3210,,exclude,exclude_fulltext,R05_review_or_secondary_study,openalex_unpaywall_metadata,"P=overed rows of open-fields crops to highly sophisticated controlled environment agriculture (CEA) facilities that projected the image of plant factories for urban agriculture. The advances and improvements in CEA have promoted the scientific solutions for the efficient production of plants in popula | N=ing, urban agriculture, vertical farming, automation, internet of things (IoT), wireless sensor network, plant factories DOI: 10.25165/j.ijabe.20181101.3210 Citation: Shamshiri R R, Kalantari F, Ting K C, Thorp K R, Hameed I A, Weltzien C, et al. Advances in greenhouse automation and controlled envi | C=Data-driven model predictive control (MPC) for irrigation management in agricultural greenhouse under CO2 enrichment. Greenhouse cultivation has evolved from simple covered rows of open-fields crops to highly sophisticated controlled environment agr | E=environment perception and data sharing, and advanced microclimate control and energy optimization models. This research highlighted urban agriculture and its derivatives, including vertical farming, rooftop greenhouses and plant factories which are the extensions of CEA and have emerged as a respo",abstract_available+landing_url
FT085,RAW327,Spatiotemporal prediction of soil moisture content using machine learning algorithms,2025,,https://doi.org/10.3389/fsoil.2025.1612908,,exclude,exclude_fulltext,R05_review_or_secondary_study,openalex_unpaywall_metadata,"P=Introduction Accurate prediction of soil moisture content (SMC) is crucial for agricultural systems as it affects hydrological cycles, crop growth, and resource management. Considering the challenges with prediction accuracy and determining the effect of soil texture, depth, and meteorological data | N=Spatiotemporal prediction of soil moisture content using machine learning algorithms. Introduction Accurate prediction of soil moisture content (SMC) is crucial for agricultural systems as it affects hydrological cycles, cro | C=missing | E=hings (IoT)-based sensors and SMC data calculated using the gravimetric method. Results The results showed variations in SMC in all studied soil types and depths, with silt loam exhibiting the highest variation in SMC. RFR demonstrated high accuracy at different depths and soil types, particularly i",abstract_available+landing_url
FT086,RAW329,"MIMO-OFDM Based Wireless Sensor Networks: Standards, Challenges, and Opportunities in Smart Agriculture",2025,,https://doi.org/10.1109/comst.2023.3249835,,exclude,exclude_fulltext,R05_review_or_secondary_study,openalex_unpaywall_metadata,"P=sed Wireless Sensor Networks: Standards, Challenges, and Opportunities in Smart Agriculture. Fifth generation (5G) mobile communication systems have entered the stage of commercial deployment, providing users with new services, improved user experiences as well as a host of novel opportunities to va | N=MIMO-OFDM Based Wireless Sensor Networks: Standards, Challenges, and Opportunities in Smart Agriculture. Fifth generation (5G) mobile communication systems have entered the stage of commercial deployment, providing users with new servic | C=missing | E=missing",abstract_available+landing_url
FT087,RAW335,Energy-Efficient and Secure Routing in WSN-IoT for Smart Agriculture using Hybrid Optimization,2025,,https://linkinghub.elsevier.com/retrieve/pii/S0167739X13000241,,exclude,exclude_fulltext_unretrievable,R12_fulltext_or_abstract_unretrievable_after_OpenAlex_Unpaywall_Crossref_landing_checks,retrieval_failure_documented,No sufficient abstract/full-text evidence was retrievable. Conservative PRISMA eligibility rule: exclude rather than infer PNCE fit.,metadata_only+landing_url; crossref=R09_crossref_no_abstract; landing=R10_landing_text_insufficient
FT088,RAW336,Internet of Things (IoT) Based Smart Agriculture Monitoring System,2025,,https://doi.org/10.1109/access.2019.2949703,,exclude,exclude_fulltext,R05_review_or_secondary_study,openalex_unpaywall_metadata,P=Internet of Things (IoT) Based Smart Agriculture Monitoring System. Internet of things (IoT) is a promising technology which provides efficient and reliable solutions towards the modernization of several domains. IoT based solutions are being developed to a | N=Internet of Things (IoT) Based Smart Agriculture Monitoring System. Internet of things (IoT) is a promising technology which provides efficient and reliable solutions towards the modernization of several domains. IoT based solutions are bei | C=missing | E=missing,abstract_available+landing_url
FT089,RAW338,Internet of Things (IoT) and Agricultural Unmanned Aerial Vehicles (UAVs) in Smart Farming,2025,,https://linkinghub.elsevier.com/retrieve/pii/S2542660520300238,,exclude,exclude_fulltext_unretrievable,R12_fulltext_or_abstract_unretrievable_after_OpenAlex_Unpaywall_Crossref_landing_checks,retrieval_failure_documented,No sufficient abstract/full-text evidence was retrievable. Conservative PRISMA eligibility rule: exclude rather than infer PNCE fit.,metadata_only+landing_url; crossref=R09_crossref_no_abstract; landing=R10_landing_text_insufficient
FT090,RAW339,LoRa Communications as an Enabler for Internet of Drones towards Large-Scale Livestock Monitoring in Rural Farms,2021,10.3390/s21155044,https://doi.org/10.3390/s21155044,,include,include_after_fulltext_metadata,A01_PNCE_all_present_in_available_text,openalex_unpaywall_metadata,"P=Scalable and Efficient Data Collection in IoT-Based Smart Farming. Currently, smart farming is considered an effective solution to enhance the productivity of farms; thereby, it has recently received broad interest from service providers to offer a wide range of applications, f | N=pect in livestock development. Then, based on the Long-Range Wide-Area Network (LoRaWAN®) technology, a multi-channel LoRaWAN® gateway was developed and integrated into a vertical takeoff and landing drone to convey collected data from the sensors to the cloud for further analysis. In addition, to d | C=lization of unmanned aerial vehicles (UAVs), also known as drones, is growing rapidly across many civil application domains. This paper aims to develop a farm monitoring system that incorporates UAV, LPWAN, and IoT technologies to transform the current farm management approach and aid farmers in obt | E=n, to develop LoRaWAN®-based aerial communication, a series of measurements and simulations were performed under different configurations and scenarios. Finally, to enhance the efficiency of aerial-based data collection, the UAV path planning was optimized. Measurement results showed that the maximu",abstract_available+landing_url
FT091,RAW343,Applications of Remote Sensing in Precision Agriculture: A Review,2020,10.3390/rs12193136,https://doi.org/10.3390/rs12193136,,include,include_after_fulltext_metadata,A01_PNCE_all_present_in_available_text,openalex_unpaywall_metadata,"P=Research on Agricultural Environmental Monitoring System Based on IoT. Agriculture provides for the most basic needs of humankind: food and fiber. The introduction of new farming techniques in the past century (e.g., during the Green Revolution) has helped agriculture keep pace with growing | N=Research on Agricultural Environmental Monitoring System Based on IoT. Agriculture provides for the most basic needs of humankind: food and fiber. The introduction of new farming techniques in the past century (e.g., during the Green Revolution) has helped agriculture keep pace with gr | C=reduce input losses. Use of remote sensing technologies for PA has increased rapidly during the past few decades. The unprecedented availability of high resolution (spatial, spectral and temporal) satellite images has promoted the use of remote sensing in many PA applications, including crop monito | E=PA. Development of accurate yet easy to use, user-friendly systems is likely to result in broader adoption of remote sensing technologies in commercial and non-commercial PA applications.. Remote Sensing",abstract_available+landing_url
FT092,RAW344,Green-IoT based Smart Agriculture System for Real-time Monitoring and Control,2025,,https://doi.org/10.3390/agronomy9050216,,exclude,exclude_fulltext,R06_missing_PNCE_E,openalex_unpaywall_metadata,P=Green-IoT based Smart Agriculture System for Real-time Monitoring and Control. New technologies have the potential to transform agriculture and to reduce environmental impact through a green revolution. Internet of Things (IoT)-based applicat | N=Green-IoT based Smart Agriculture System for Real-time Monitoring and Control. New technologies have the potential to transform agriculture and to reduce environmental impact through a green revolution. Internet of Things (IoT | C=Green-IoT based Smart Agriculture System for Real-time Monitoring and Control. New technologies have the potential to transform agriculture and to reduce environmental impact through a green revolution. Internet of Things (IoT)-based application development platforms have the potential to | E=missing,abstract_available+landing_url
FT093,RAW350,Edge-AI-Enabled IoT Systems for Smart Agriculture,2025,,https://linkinghub.elsevier.com/retrieve/pii/S0167739X13000241,,exclude,exclude_fulltext_unretrievable,R12_fulltext_or_abstract_unretrievable_after_OpenAlex_Unpaywall_Crossref_landing_checks,retrieval_failure_documented,No sufficient abstract/full-text evidence was retrievable. Conservative PRISMA eligibility rule: exclude rather than infer PNCE fit.,metadata_only+landing_url; crossref=R09_crossref_no_abstract; landing=R10_landing_text_insufficient
FT094,RAW351,Smart Agriculture System Based on Long Range Wide Area Network,2025,,https://doi.org/10.1109/comst.2021.3078433,,exclude,exclude_fulltext,R05_review_or_secondary_study,openalex_unpaywall_metadata,"P=Smart Agriculture System Based on Long Range Wide Area Network. The Internet of Things (IoT) is expected to bring new opportunities for improving several services for the Society, from transportation to agriculture, from smart | N=riculture System Based on Long Range Wide Area Network. The Internet of Things (IoT) is expected to bring new opportunities for improving several services for the Society, from transportation to agriculture, from smart cities to fleet management. In this framework, massive connectivity represents on | C=missing | E=support long-range IoT services, with a good trade-off in terms of coverage and latency. Moreover, open issues, new challenges, and innovative technologies have been focused, carefully considering the perimeter that current IoT standardization framework will impose to the practical implementation of",abstract_available+landing_url
FT095,RAW352,IoT Based Smart Agriculture Monitoring and Irrigation System,2025,,https://openalex.org/W3081843663,,exclude,exclude_fulltext_unretrievable,R12_fulltext_or_abstract_unretrievable_after_OpenAlex_Unpaywall_Crossref_landing_checks,retrieval_failure_documented,No sufficient abstract/full-text evidence was retrievable. Conservative PRISMA eligibility rule: exclude rather than infer PNCE fit.,metadata_only+landing_url; crossref=R09_crossref_no_abstract; landing=R10_landing_text_insufficient
FT096,RAW357,Control And Monitoring System Design Cultivation of Lettuce Using Method Aeroponics Based on Smart Farming,2025,,https://doi.org/10.25165/j.ijabe.20181101.3210,,exclude,exclude_fulltext,R05_review_or_secondary_study,openalex_unpaywall_metadata,"P=overed rows of open-fields crops to highly sophisticated controlled environment agriculture (CEA) facilities that projected the image of plant factories for urban agriculture. The advances and improvements in CEA have promoted the scientific solutions for the efficient production of plants in popula | N=ing, urban agriculture, vertical farming, automation, internet of things (IoT), wireless sensor network, plant factories DOI: 10.25165/j.ijabe.20181101.3210 Citation: Shamshiri R R, Kalantari F, Ting K C, Thorp K R, Hameed I A, Weltzien C, et al. Advances in greenhouse automation and controlled envi | C=Control And Monitoring System Design Cultivation of Lettuce Using Method Aeroponics Based on Smart Farming. Greenhouse cultivation has evolved from simple covered rows of open-fields crops to highly sophisticated control | E=environment perception and data sharing, and advanced microclimate control and energy optimization models. This research highlighted urban agriculture and its derivatives, including vertical farming, rooftop greenhouses and plant factories which are the extensions of CEA and have emerged as a respo",abstract_available+landing_url
FT097,RAW361,Data-driven model predictive control (MPC) for irrigation management to optimize water and energy,2025,,https://doi.org/10.5194/hess-16-3863-2012,,exclude,exclude_fulltext,R05_review_or_secondary_study,openalex_unpaywall_metadata,"P=Data-driven model predictive control (MPC) for irrigation management to optimize water and energy. Abstract. Data assimilation (DA) holds considerable potential for improving hydrologic predictions as demonstrated in numerous research studies. However, advances in hy | N=missing | C=Data-driven model predictive control (MPC) for irrigation management to optimize water and energy. Abstract. Data assimilation (DA) holds considerable potential for improving hydrologic predictions as demonstrated in numerous research studies. Howev | E=model predictive control (MPC) for irrigation management to optimize water and energy. Abstract. Data assimilation (DA) holds considerable potential for improving hydrologic predictions as demonstrated in numerous research studies. However, advances in hydrologic DA research have not been adequatel",abstract_available+landing_url
FT098,RAW362,"Edge Computing-Enabled Smart Agriculture: Technical Architectures, Practical Evolution, and Bottleneck Breakthroughs",2025,,https://doi.org/10.3390/s25175302,,exclude,exclude_fulltext,R05_review_or_secondary_study,openalex_unpaywall_metadata,"P=Edge Computing-Enabled Smart Agriculture: Technical Architectures, Practical Evolution, and Bottleneck Breakthroughs. As the global digital transformation of agriculture accelerates, the widespread deployment of farming equipment has triggered an ex | N=Edge Computing-Enabled Smart Agriculture: Technical Architectures, Practical Evolution, and Bottleneck Breakthroughs. As the global digital transformation of agriculture accelerates, the widespread deployment of farming | C=ms. Additionally, through precision farming, intelligent agricultural machinery control, and full-chain crop traceability, we demonstrate its efficacy in enhancing real-time agricultural decision-making. Finally, we identify adaptation challenges in complex environments and outline future directions | E=traditional cloud computing frameworks face critical challenges: communication latency in the field, the demand for low-power devices, and stringent real-time decision constraints. These bottlenecks collectively exacerbate bandwidth constraints, diminish response efficiency, and introduce data secu",abstract_available+landing_url
FT099,RAW367,Navigating ethics in wireless sensor networks for sustainable agriculture,2025,,https://doi.org/10.3389/fsufs.2025.1634643,,exclude,exclude_fulltext,R05_review_or_secondary_study,openalex_unpaywall_metadata,"P=Navigating ethics in wireless sensor networks for sustainable agriculture. INTRODUCTION With the global population projected to reach nearly 10 billion by 2050, food systems must become dramatically more efficient and sustainable to meet the growing demand while conserving scarce r | N=us, and crop health, these networks transmit data via protocols such as ZigBee, LoRa, or NB-IoT1 to edge gateways or cloud platforms for real-time analysis. Farmers and agronomists can then take advantage of these insights to schedule irrigation based on real-time soil moisture measurements (Meric¸, | C=agricultural decisions, such as optimizing irrigation, fertilization, and pest control. However, data quality can be compromised by sensor calibration errors, environmental interference, power limitations, and maintenance challenges (Mahmood et al., 2015). Extreme weather, such as heavy rainfall or | E=hardware for community use; restore land if damaged Share technical knowledge; evaluate long-term social impacts. CONCLUSION WSN deployments mark a new era in agriculture, creating unprecedented opportunities for efficiency and sustainability. To fully realize these benefits, a comprehensive ethica",abstract_available+landing_url
FT100,RAW369,"Smart Farming Technologies: IoT, Sensors, and Data Analytics",2026,10.1002/9781394248711.ch13,https://doi.org/10.1002/9781394248711.ch13,,exclude,exclude_fulltext,R05_review_or_secondary_study,openalex_unpaywall_metadata,"P=article presents many aspects of technologies involved in the domain of IoT in agriculture. It explains the major components of IoT based smart farming. A rigorous discussion on network technologies used in IoT based agriculture has been presented, that involves network architecture and layers, net | N=Smart Farming Technologies: IoT, Sensors, and Data Analytics. Internet of things (IoT) is a promising technology which provides efficient and reliable solutions towards the modernization of several domains. IoT based solutions are being developed t | C=missing | E=missing",abstract_available+landing_url
FT101,RAW378,Intelligent Offloading of IoT-Based Smart Agriculture Data in Edge-Cloud Continuum,2025,,https://doi.org/10.1109/comst.2018.2849509,,exclude,exclude_fulltext,R05_review_or_secondary_study,openalex_unpaywall_metadata,P=Intelligent Offloading of IoT-Based Smart Agriculture Data in Edge-Cloud Continuum. The Internet of Things (IoT) has recently advanced from an experimental technology to what will become the backbone of future customer value for both product and service sector b | N=Intelligent Offloading of IoT-Based Smart Agriculture Data in Edge-Cloud Continuum. The Internet of Things (IoT) has recently advanced from an experimental technology to what will become the backbone of future customer value for both product and | C=echnologies augmented with intelligent and big data analytics are expected to rapidly change the landscape of myriads of application domains ranging from health care to smart cities and industrial automations. The emergence of multi-access edge computing (MEC) technology aims at extending cloud comp | E=dge-Cloud Continuum. The Internet of Things (IoT) has recently advanced from an experimental technology to what will become the backbone of future customer value for both product and service sector businesses. This underscores the cardinal role of IoT on the journey toward the fifth generation of wi,abstract_available+landing_url
FT102,RAW386,"Design, development, and evaluation of a low-cost smart greenhouse control system",2025,,https://doi.org/10.1137/0117107,,exclude,exclude_fulltext,R05_review_or_secondary_study,openalex_unpaywall_metadata,"P=Design, development, and evaluation of a low-cost smart greenhouse control system. Previous article Next article The Nucleolus of a Characteristic Function GameDavid SchmeidlerDavid Schmeidlerhttps://doi.org/10.1137/0117107PDFBibTexSections ToolsAdd to favoritesExport Citatio | N=Systems with PrioritiesSSRN Electronic Journal, Vol. 26 | 1 Jan 2021 Cross Ref DELAY ANALYSIS USING NUCLEOLUS OF COOPERATIVE GAMESJournal of Japan Society of Civil Engineers, Ser. F4 (Construction and Management), Vol. 77, No. 1 | 1 Jan 2021 Cross Ref Conflict Resolution: The Gist of the Matter in | C=Design, development, and evaluation of a low-cost smart greenhouse control system. Previous article Next article The Nucleolus of a Characteristic Function GameDavid SchmeidlerDavid Schmeidlerhttps://doi.org/10.1137/0117107PDFBibTexSections ToolsAdd to favoritesExport CitationTrack Cita | E=Design, development, and evaluation of a low-cost smart greenhouse control system. Previous article Next article The Nucleolus of a Characteristic Function GameDavid SchmeidlerDavid Schmeidlerhttps://doi.org/10.1137/0117107PDFBibTexSections Tool",abstract_available+landing_url
FT103,RAW388,Design and development of IoT smart drip irrigation and fertigation prototype,2025,,https://doi.org/10.1007/s40030-024-00857-7,,exclude,exclude_fulltext,R05_review_or_secondary_study,openalex_unpaywall_metadata,"P=he seasonal rains which are only once every year. This resulted to inefficiency agriculture practices due to the absence of real-time weather data that in cooperates plants characteristics on seasonal growth for better yield. Studies have shown that, only about 10% of the crop caltivated land in Tan | N=Design and development of IoT smart drip irrigation and fertigation prototype. Abstract In Tanzania, almost 30% of the farm land are practicing traditional irrigation farming while around 60% rely on the seasonal rains which are only once every y | C=missing | E=hile around 60% rely on the seasonal rains which are only once every year. This resulted to inefficiency agriculture practices due to the absence of real-time weather data that in cooperates plants characteristics on seasonal growth for better yield. Studies have shown that, only about 10% of the cr",abstract_available+landing_url
FT104,RAW389,Virtual sensors for smart farming: An IoT-and AI-enabled approach,2025,,https://doi.org/10.1016/j.iot.2025.101611,,exclude,exclude_fulltext,R05_review_or_secondary_study,openalex_unpaywall_metadata,"P=l sensors. • Open-data integration for hardware-free virtual sensor modeling in agriculture.. Internet of Things | N=Virtual sensors for smart farming: An IoT-and AI-enabled approach. Smart farming relies on precise environmental data to optimize agricultural practices, with key metrics such as air temperature, humidity, rain, ambient light, ultraviolet (UV) radiation and | C=missing | E=, the use of open weather data to develop a hardware-free solution is explored. Experimental results show that virtual sensors provide a cost-effective and accurate method for replacing physical sensors. The Light Gradient Boosting Machine emerged as the most accurate model for virtual sensors, achi",abstract_available+landing_url
FT105,RAW393,RL-Guided MPC for Autonomous Greenhouse Control,2025,,https://doi.org/10.1016/j.ifacol.2025.11.829,,exclude,exclude_fulltext,R06_missing_PNCE_N,openalex_unpaywall_metadata,"P=RL-Guided MPC for Autonomous Greenhouse Control. The efficient operation of greenhouses is essential for enhancing crop yield while minimizing energy costs. This paper investigates a control strategy that integrates Reinforcement Learning (RL) and M | N=missing | C=RL-Guided MPC for Autonomous Greenhouse Control. The efficient operation of greenhouses is essential for enhancing crop yield while minimizing energy costs. This paper investigates a control strategy that integrates Reinforcement Learning (RL) and Model Predic | E=nce. The RL-Guided MPC framework is compared with both MPC and RL via numerical simulations. Two scenarios are considered: a deterministic environment and an uncertain environment. Simulation results demonstrate that, in both environments, RL-Guided MPC outperforms both RL and MPC with shorter predi",abstract_available+landing_url
FT106,RAW395,Development and evaluation of wireless sensor network (WSN) based automated drip irrigation system,2025,,https://openalex.org/W1588719052,,exclude,exclude_fulltext,R05_review_or_secondary_study,openalex_unpaywall_metadata,"P=er to Baronti et al. (2007). Most research about the use of WSN in the field of agriculture and horticulture are so far carried out in Australia and North America. Quite often the applications are related to irrigation and water management issues. A number of publications confirm that at the current | N=and state of the art on wireless sensor networks with special attention to the ZigBee standard we refer to Baronti et al. (2007). Most research about the use of WSN in the field of agriculture and horticulture are so far carried out in Australia and North America. Quite often the applications are r | C=s deficit irrigation (Lamaddalena, 2007). As such, the margin the grower has to control his crop becomes smaller, and information about actual crop status plays a crucial role. Especially soil water content or soil water tension as well as electrical conductivity (EC) are important parameters to mon | E=n crop in Pistoia, in the Tuscany region in Italy. The objectives of the 1 year experiment were to assess the long term robustness and reliability of a WSN with focus on: 1. Communication robustness (failure of nodes/repeaters), 2. Maximum range of wireless communication between nodes, 3. Battery li",abstract_available+landing_url
FT107,RAW396,Hybrid LoRaWAN–MQTT Architecture for Portable Smart Greenhouses,2025,,https://doi.org/10.1109/access.2025.3643617,,include,include_after_fulltext_metadata,A01_PNCE_all_present_in_available_text,openalex_unpaywall_metadata,"P=Hybrid LoRaWAN–MQTT Architecture for Portable Smart Greenhouses. This paper presents a novel hybrid LoRaWAN–MQTT connectivity framework for smart portable greenhouses, explicitly designed to meet stringent sub-2 s actuation deadlines under regulatory duty-cycle constraint | N=Hybrid LoRaWAN–MQTT Architecture for Portable Smart Greenhouses. This paper presents a novel hybrid LoRaWAN–MQTT connectivity framework for smart portable greenhouses, explicitly designed to meet stringent sub-2 s actuation dea | C=k for smart portable greenhouses, explicitly designed to meet stringent sub-2 s actuation deadlines under regulatory duty-cycle constraints. By integrating adaptive spreading factors, randomized retransmissions, and broker-level resilience mechanisms, the proposed system ensures deterministic latenc | E=maintaining high Actuation Deadline Miss Ratio (ADMR) stability. Comprehensive experiments, i.e. the evaluation combines MATLAB R2023b simulations and field tests, were conducted across diverse scenarios, including stress conditions with broker failures, dense node deployments, and energy-lifetime",abstract_available+landing_url
FT108,RAW398,CropSynergy: Harnessing IoT Solutions for Smart and Efficient Crop Management,2025,,https://linkinghub.elsevier.com/retrieve/pii/S2772899425000333,,exclude,exclude_fulltext_unretrievable,R12_fulltext_or_abstract_unretrievable_after_OpenAlex_Unpaywall_Crossref_landing_checks,retrieval_failure_documented,No sufficient abstract/full-text evidence was retrievable. Conservative PRISMA eligibility rule: exclude rather than infer PNCE fit.,metadata_only+landing_url; crossref=R09_crossref_no_abstract; landing=R10_landing_text_insufficient
FT109,RAW405,"Control Algorithms for Intelligent Agriculture: Applications, Challenges, and Future Directions",2025,,https://doi.org/10.3390/pr13103061,,exclude,exclude_fulltext,R05_review_or_secondary_study,openalex_unpaywall_metadata,"P=Control Algorithms for Intelligent Agriculture: Applications, Challenges, and Future Directions. Facing global pressures such as population growth, shrinking arable land, and climate change, intelligent agriculture has emerged as a critical pathway toward | N=ns include lightweight algorithms, digital twins, multi-sensor integration, and edge computing, which together promise to enhance the scalability and sustainability of intelligent agricultural systems.. Processes | C=Control Algorithms for Intelligent Agriculture: Applications, Challenges, and Future Directions. Facing global pressures such as population growth, shrinking arable land, and climate change, intelligent agriculture has e | E=l machinery, and resource optimization. This review systematically examines the performance and applications of both traditional (e.g., PID, fuzzy logic) and advanced control algorithms (e.g., neural networks, model predictive control, adaptive control, active disturbance rejection control, and slid",abstract_available+landing_url
FT110,RAW413,IoT-Enabled Autonomous Rover for Small-Scale Precision Farming,2025,,https://doi.org/10.1109/picc67314.2025.11291327,,include,include_after_fulltext_metadata,A01_PNCE_all_present_in_available_text,openalex_unpaywall_metadata,"P=population and there is a lack of knowledge on the same. The field of precision agriculture is rapidly developing as a way to enhance farming characteristics. This paper presents an integrated precision agriculture system using IoT technology. The proposed system consists of a device that can automa | N=IoT-Enabled Autonomous Rover for Small-Scale Precision Farming. The small-scale farming practices is increasing with the growing population and there is a lack of knowledge on the same. The field of precision agriculture | C=ere is a lack of knowledge on the same. The field of precision agriculture is rapidly developing as a way to enhance farming characteristics. This paper presents an integrated precision agriculture system using IoT technology. The proposed system consists of a device that can automate several operat | E=s an affordable, scalability, solution to small and medium-sized farmers with 98% precision, encouraging sustainable agricultural methods through automation and IoT..",abstract_available+landing_url
FT111,RAW415,LoRa-Based Smart Agriculture Monitoring and Automatic Irrigation System,2025,,https://doi.org/10.4236/jcc.2025.133001,,exclude,exclude_fulltext,R05_review_or_secondary_study,openalex_unpaywall_metadata,"P=LoRa-Based Smart Agriculture Monitoring and Automatic Irrigation System. Agriculture is a sector that plays a crucial role in ensuring food security and sustainable development. However, traditional agriculture practices face challenges | N=LoRa-Based Smart Agriculture Monitoring and Automatic Irrigation System. Agriculture is a sector that plays a crucial role in ensuring food security and sustainable development. However, traditional agriculture practices | C=nge wireless communication, Blynk platform for real-time data visualization and control, and ThingSpeak platform for data storage, visualization, and further analysis. The system incorporates multiple components, including a sensor node for data collection, a gateway for data transmission, and an ac | E=, a gateway for data transmission, and an actuator node for irrigation control. Experimental results show that the proposed system effectively monitors collected data such as soil moisture levels, visualizes data in real time, and automatically controls irrigation based on sensor data and user comma",abstract_available+landing_url
FT112,RAW420,Event-Based Model Predictive Control for Greenhouse Climate Control with Energy Optimization,2025,,https://linkinghub.elsevier.com/retrieve/pii/S0167739X13000241,,exclude,exclude_fulltext_unretrievable,R12_fulltext_or_abstract_unretrievable_after_OpenAlex_Unpaywall_Crossref_landing_checks,retrieval_failure_documented,No sufficient abstract/full-text evidence was retrievable. Conservative PRISMA eligibility rule: exclude rather than infer PNCE fit.,metadata_only+landing_url; crossref=R09_crossref_no_abstract; landing=R10_landing_text_insufficient
FT113,RAW437,Research and Development of an IoT Smart Irrigation System for Farmland Based on LoRa,2025,,https://doi.org/10.3390/agronomy15020366,,include,include_after_fulltext_metadata,A01_PNCE_all_present_in_available_text,openalex_unpaywall_metadata,"P=Research and Development of an IoT Smart Irrigation System for Farmland Based on LoRa. In response to the current key issues in the field of smart irrigation for farmland, such as the lack of data sources and insufficient integration, a low degree of automation | N=esearch and Development of an IoT Smart Irrigation System for Farmland Based on LoRa. In response to the current key issues in the field of smart irrigation for farmland, such as the lack of data sources and insufficient integration, a low degree of automation in drive execution and control, and ove | C=and insufficient integration, a low degree of automation in drive execution and control, and over-reliance on cloud platforms for analyzing and calculating decision making processes, we have developed nodes and gateways for smart irrigation. These developments are based on the EC-IOT edge computing | E=ile and web sides and remote precise irrigation control of solenoid valves. The results of the system wireless communication tests indicate that the LoRa-based sensor network has stable data transmission with a maximum communication distance of up to 4 km. At lower communication rates, the signal-to",abstract_available+landing_url
FT114,RAW447,IoT-based intelligent pest management system for precision agriculture,2024,,https://doi.org/10.1038/s41598-024-83012-3,,exclude,exclude_fulltext,R05_review_or_secondary_study,openalex_unpaywall_metadata,"P=IoT-based intelligent pest management system for precision agriculture. Despite seemingly inexorable imminent risks of food insecurity that hang over the world, especially in developing countries like Pakistan where traditional agricultural methods are being followed, there stil | N=IoT-based intelligent pest management system for precision agriculture. Despite seemingly inexorable imminent risks of food insecurity that hang over the world, especially in developing countries like Pakistan where trad | C=s threats in upcoming years. At present, the agricultural sector worldwide is rapidly pacing towards technology-driven Precision Agriculture (PA) approaches for enhancing crop protection and boosting productivity. Literature highlights the limitations of traditional approaches such as chances of hum | E=(DL) based models to verify the efficacy of the proposed model. The comparative results indicated that the best performance was achieved by the proposed model with the highest accuracy, precision, recall, F1-score, specificity, and FNR with values of 97.5%, 92.82%, 98.92%, 95.00%, 95.90%, and 5.88%",abstract_available+landing_url
FT115,RAW450,Internet-of-Things (IoT)-based smart agriculture: Toward making the fields talk,2019,,https://doi.org/10.1109/access.2019.2932609,,exclude,exclude_fulltext,R05_review_or_secondary_study,openalex_unpaywall_metadata,"P=Internet-of-Things (IoT)-based smart agriculture: Toward making the fields talk. Despite the perception people may have regarding the agricultural process, the reality is that today's agriculture industry is data-centered, precise, and smarter than ever. Th | N=rtunities along a range of challenges. This article highlights the potential of wireless sensors and IoT in agriculture, as well as the challenges expected to be faced when integrating this technology with the traditional farming practices. IoT devices and communication techniques associated with wi | C='s agriculture industry is data-centered, precise, and smarter than ever. The rapid emergence of the Internet-of-Things (IoT) based technologies redesigned almost every industry including “smart agriculture” which moved the industry from statistical to quantitative approaches. Such revolutionary cha | E=for crop surveillance and other favorable applications such as optimizing crop yield is considered in this article. State-of-the-art IoT-based architectures and platforms used in agriculture are also highlighted wherever suitable. Finally, based on this thorough review, we identify current and futu",abstract_available+landing_url
FT116,RAW458,IoT-based smart irrigation systems: an overview on the recent trends,2020,,https://doi.org/10.3390/s20041042,,exclude,exclude_fulltext,R05_review_or_secondary_study,openalex_unpaywall_metadata,"P=ter management is paramount in countries with water scarcity. This also affects agriculture, as a large amount of water is dedicated to that use. The possible consequences of global warming lead to the consideration of creating water adaptation measures to ensure the availability of water for food p | N=on management and agriculture monitoring. Due to the recent advances in IoT and WSN technologies that can be applied in the development of these systems, we present a survey aimed at summarizing the current state of the art regarding smart irrigation systems. We determine the parameters that are mon | C=missing | E=IoT-based smart irrigation systems: an overview on the recent trends. Water management is paramount in countries with water scarcity. This also affects agriculture, as a large amount of water is dedicated to that use. The possible consequences of global warming lead to the consideration of",abstract_available+landing_url
FT117,RAW460,Machine learning enabled IoT system for soil nutrients monitoring and crop recommendation,2023,,https://doi.org/10.1016/j.jafr.2023.100880,,exclude,exclude_fulltext,R06_missing_PNCE_C,openalex_unpaywall_metadata,"P=rning enabled IoT system for soil nutrients monitoring and crop recommendation. Agriculture plays a vital role in feeding the growing global population. But optimizing crop production and resource management remains a significant challenge for farmers. This research paper proposes an innovative ML-e | N=Machine learning enabled IoT system for soil nutrients monitoring and crop recommendation. Agriculture plays a vital role in feeding the growing global population. But optimizing crop production and resource management remains a significant chal | C=missing | E=l through the mobile app. The system's effectiveness is evaluated through field experiments, comparing its performance with traditional methods. The results demonstrate the device's ability to enhance crop productivity and optimize resource utilization, promoting sustainable agricultural practices a",abstract_available+landing_url
FT118,RAW464,Smart water management platform: IoT-based precision irrigation for agriculture,2019,,https://doi.org/10.3390/s19020276,,exclude,exclude_fulltext,R06_missing_PNCE_C,openalex_unpaywall_metadata,"P=Smart water management platform: IoT-based precision irrigation for agriculture. The smart management of freshwater for precision irrigation in agriculture is essential for increasing crop yield and decreasing costs, while contributing to environmental sustainability. The intense use of | N=Smart water management platform: IoT-based precision irrigation for agriculture. The smart management of freshwater for precision irrigation in agriculture is essential for increasing crop yield and decreasing costs, while contributing to environmental | C=missing | E=, it includes a performance analysis of FIWARE components used in the Platform. Results show that it is able to provide adequate performance for the SWAMP pilots, but requires specially designed configurations and the re-engineering of some components to provide higher scalability using less computa",abstract_available+landing_url
FT119,RAW474,Malicious detection model with artificial neural network in IoT-based smart farming security,2024,,https://link.springer.com/article/10.1007/s10586-024-04334-5?error=cookies_not_supported&code=63323d64-4044-486f-af4c-3835b33fed84,,exclude,exclude_fulltext_unretrievable,R12_fulltext_or_abstract_unretrievable_after_OpenAlex_Unpaywall_Crossref_landing_checks,retrieval_failure_documented,No sufficient abstract/full-text evidence was retrievable. Conservative PRISMA eligibility rule: exclude rather than infer PNCE fit.,metadata_only+landing_url; crossref=R09_crossref_no_abstract; landing=R10_landing_text_insufficient
FT120,RAW475,IoT-based smart irrigation management system to enhance agricultural water security,2024,,https://doi.org/10.1016/j.rineng.2024.102829,,exclude,exclude_fulltext,R05_review_or_secondary_study,openalex_unpaywall_metadata,"P=ased smart irrigation management system to enhance agricultural water security. Agriculture, the key sector for food production, faces challenges exacerbated by the growing global demand for food and the scarcity of water resources. Traditional irrigation methods often lead to inefficient use of wat | N=IoT-based smart irrigation management system to enhance agricultural water security. Agriculture, the key sector for food production, faces challenges exacerbated by the growing global demand for food and the scarcity of | C=missing | E=re governed by predefined thresholds, preventing an over-irrigation system. The evaluation of system performance involves deploying temperature, humidity, moisture, and water level sensors in a testing field. Further, before data is sent to the cloud, sensor values are calibrated using a functional",abstract_available+landing_url
FT121,RAW483,Performance Evaluation of Unsupervised Learning in Optimization of IOT-based Irrigation System,2024,,https://doi.org/10.1109/icicec62498.2024.10808732,,exclude,exclude_fulltext,R06_missing_PNCE_C,openalex_unpaywall_metadata,"P=tional needs for the crops. As water is a limited resource, its optimization in agricultural domain is the prime reason to conduct this study. The dataset is pre-processed on basis of thresholds for temperature, humidity and soil moisture. Temperature above 30<sup xmlns:mml=""http://www.w3.org/1998/M | N=Performance Evaluation of Unsupervised Learning in Optimization of IOT-based Irrigation System. This article emphasizes on implementation of unsupervised learning methods for efficient irrigation management system based on sensor data obtained through IoT. The work focuses on temperatur | C=missing | E=Performance Evaluation of Unsupervised Learning in Optimization of IOT-based Irrigation System. This article emphasizes on implementation of unsupervised learning methods for efficient irrigation management system based on sensor da",abstract_available+landing_url
FT122,RAW487,IoT-based system of prevention and control for crop diseases and insect pests,2024,,https://doi.org/10.3389/fpls.2024.1323074,,exclude,exclude_fulltext,R06_missing_PNCE_E,openalex_unpaywall_metadata,"P=are important to reduce the use of chemical pesticides, improve the quality of agricultural products, protect the environment, and promote sustainable development of crop production. On the basis of Internet of Things (IoT) technology, we developed a prevention and control system for crop diseases | N=IoT-based system of prevention and control for crop diseases and insect pests. Environmentally friendly technologies for the prevention and control of crop diseases and insect pests are important to reduce the use of che | C=IoT-based system of prevention and control for crop diseases and insect pests. Environmentally friendly technologies for the prevention and control of crop diseases and insect pests are important to reduce the use of chemical pesticides, improve the quali | E=missing",abstract_available+landing_url
FT123,RAW489,Monitoring citrus soil moisture and nutrients using an IoT-based system,2017,,https://doi.org/10.3390/s17030447,,exclude,exclude_fulltext,R06_missing_PNCE_C,openalex_unpaywall_metadata,"P=hnology, this paper has developed the research on the application technology of agricultural Internet of Things for real-time monitoring of citrus soil moisture and nutrients as well as the research on the integration of fertilization and irrigation decision support system. Some achievements were ob | N=ces, species characteristics and the state of tree growth. With the help of the ZigBee technology, artificial intelligence and decision support technology, this paper has developed the research on the application technology of agricultural Internet of Things for real-time monitoring of citrus soil m | C=missing | E=ystem. They were applied in citrus base in the Three Gorges Reservoir Area. The results showed that the system could help the grower to scientifically fertilize or irrigate, improve the precision operation level of citrus production, reduce the labor cost and reduce the pollution caused by chemical",abstract_available+landing_url
