record_id,record_role,title,year,doi,metadata_status,evidence_tier,evidence_basis,fulltext_status,fulltext_locator,application_class,application_confidence,protocol_class,protocol_confidence,control_strategy,control_confidence,pnce_evidence_note,D1_selection_judgement,D1_selection_support,D2_performance_judgement,D2_performance_support,D3_detection_judgement,D3_detection_support,D4_attrition_judgement,D4_attrition_support,D5_reporting_judgement,D5_reporting_support,D6_information_leakage_judgement,D6_information_leakage_support,rob_overall,rob_basis,applicability_note,audit_status,reviewer_id,audit_date
S01,analytical_primary,Data-driven model predictive control for irrigation management in agricultural greenhouses under CO2 enrichment,2025,10.1016/j.atech.2025.101071,verified original seed,E1,verified_metadata,inaccessible_after_attempts,,greenhouse_microclimate,medium,unspecified,low,MPC,high,title: 'model predictive control for irrigation management in agricultural greenhouses under CO2' | Full-text audit: None made; retain existing title/metadata-level MPC classification pending full text.,unclear,No reviewed full text or locator-backed design information.,unclear,No reviewed full text or comparator information.,unclear,No reviewed outcome definitions or results.,unclear,"No reviewed reporting of runs, exclusions, or missing data.",unclear,No reviewed reproducibility/reporting information.,unclear,No reviewed temporal-data protocol.,not_assessable,Full-text retrieval attempted but no reviewable lawful copy was obtained; method-dependent RoB remains not assessable.,"Title indicates greenhouse irrigation under CO2 enrichment, but directness and evaluation type cannot be confirmed without full text.",retrieval_attempted_fulltext_unavailable,batch_fulltext_audit_2026,2026-08-10
S02,analytical_primary,Enhancing greenhouse efficiency: Integrating IoT and reinforcement learning for optimized climate control,2024,10.3390/s24248109,verified replacement,E2,full_text,fulltext_reviewed,"PMC HTML: Sections 3. Materials and Methods (including 3.4 dataset generation and 3.5 greenhouse/RL models); Section 4.1, Figures 6-8; Sections 4.2.3-4.2.5, Figures 10-12 and Table 9; Section 5 Conclusions.",greenhouse_microclimate,high,unspecified,low,ML_RL,high,title: 'reinforcement learning for optimized climate control' | Full-text audit: Confirm greenhouse microclimate and IoT/RL control relevance. Do not convert reported energy-saving percentages into general field-effectiveness evidence.,some_concerns,The account concerns one industrial hemp greenhouse and describes adaptation with agronomic-technician input (Sections 3.4-3.5); sampling/site representativeness is insufficiently specified.,some_concerns,"RL is compared with fixed set-point/classical control in Section 4.1 and Figures 6-12, but matched controller tuning and co-interventions are not fully documented.",some_concerns,"Temperature and cumulative-energy comparisons are displayed in Figures 6-12 (including 35.44% cooling and 25.93% heating claims), but outcome measurement horizons/uncertainty are incompletely reported.",unclear,"Sections 3-4 do not provide a clear count of evaluative runs or a missing-data, failed-run, and exclusion protocol.",high,"Narrative methods and figures are supplied, but no citable raw IoT dataset, executable RL implementation, seeds, or complete reproducibility artifact is identified in Sections 3-5.",unclear,The prediction/dataset description (Sections 3.4-3.5) does not clearly specify chronological train/test separation or information availability at each decision.,high,Locator-backed full-text adapted RoB audit.,"Direct greenhouse/industrial-hemp implementation context, but effectiveness claims combine facility description with theoretical/prediction-model analyses; limited external agronomic applicability.",fulltext_review_complete,batch_fulltext_audit_2026,2026-08-10
S03,analytical_primary,RL-Guided MPC for Autonomous Greenhouse Control,2025,10.1016/j.ifacol.2025.11.829,verified original seed,E2,full_text_preprint,fulltext_reviewed,"arXiv:2506.13278v1 (16 Jun 2025) PREPRINT VERSION, not the published IFAC-PapersOnLine record; Sections 2.1-2.2 and Tables 1-3; Section 3 and Table 4; Sections 5-6 and Figures 1-2.",greenhouse_microclimate,high,unspecified,low,hybrid,high,"title: 'RL-Guided MPC for Autonomous Greenhouse Control' | Full-text audit: None; retain title-level hybrid RL/MPC coding pending review. | Full-text audit (pass 2): Retain greenhouse_microclimate and the hybrid RL-MPC strategy, but classify the evidence as numerical simulation rather than deployed control. The full text supports no networked/IoT deployment claim. Note that the reviewed copy is the arXiv preprint, not the IFAC version listed in the reference set.",some_concerns,Two numerical scenarios (deterministic and parametric-uncertainty) both use a single 40-day Venlow Greenhouse weather series (30 Jan - 11 Mar 2014) with fixed initial conditions; the stochastic case draws 30 parameter realizations (Sections 2.1-2.2; Section 6.2).,some_concerns,"RL-Guided MPC is compared with standalone MPC and SAC under a common objective (Sections 2.2, 3, 4, 6; Figures 1-2), but matched tuning and computational budgets are not established; SAC required gamma=0.95 because gamma=1 destabilized training (Section 3; Table 4).",some_concerns,"The Economic Profit Indicator is defined with units and a 40-day horizon (Section 2.2; Tables 1-3; Eq. 3), but comparative results are presented graphically (Figures 1-2) without numerical tables, and the deterministic case reports no uncertainty.",some_concerns,"Thirty parameter realizations and averaging are reported (Section 6.2), but random seeds, repeated deterministic runs, solver failures, and exclusion rules are not stated.",high,"Equations, constraints, price factors, and some hyperparameters are reported (Sections 2-5; Tables 2-5) and CasADi/IPOPT are named (Section 4), but model parameter values are deferred to another paper and no code, trained policy, weather data, seeds, or numerical result tables are supplied.",high,The simulation assumes weather is deterministic and known at each step (Section 2.1) and assumes crop dry weight is always observed although the paper states growers cannot access it directly (Sections 2.1 and 3). These information assumptions are not shown to hold at decision time.,high,"Locator-backed full-text adapted RoB audit (pass-2 lawful OA retrieval). Reviewed version is the arXiv preprint, not the published record.","Agricultural application evidence, but simulation-only and at preprint level: economic climate control of a lettuce greenhouse over a 40-day weather series, with no physical greenhouse deployment.",fulltext_review_complete,pass2_fulltext_audit_2026,2026-08-10
S04,technical_support_primary,Event-triggered Predictive Control for Networked Systems with Communication Delays Compensation,2014,10.1109/IECON.2014.7049044,verified replacement,E1,verified_metadata,inaccessible_after_attempts,,ncs_iot_platform,medium,unspecified,low,hybrid,high,title: 'Event-triggered Predictive Control for Networked Systems' (ETC + MPC) | Full-text audit: None; retain technical-support/ETC+MPC classification as metadata-level.,unclear,No locator-backed full text.,unclear,No locator-backed full text.,unclear,No locator-backed full text.,unclear,No locator-backed full text.,unclear,No locator-backed full text.,unclear,No locator-backed full text.,not_assessable,Full-text retrieval attempted but no reviewable lawful copy was obtained; method-dependent RoB remains not assessable.,Generic networked-systems predictive-control source; indirect to agricultural implementation even if later reviewed.,retrieval_attempted_fulltext_unavailable,batch_fulltext_audit_2026,2026-08-10
S05,analytical_primary,Greenhouse climate management: an optimal control approach,1994,,verified replacement,E3,full_text_thesis,fulltext_reviewed,"Doctoral thesis (Wageningen, 1994), Wageningen e-depot copy: Chapter 3 Sec. 3.2.1 (experimental greenhouse, floor area approx. 300 m2); Chapter 7 Sec. 7.2.2-7.2.3 (grower vs optimal control comparison), Fig. 7.1 and Table 7.1 (CO2, energy, ventilation outcomes); Sec. 7.4.2 (sub-optimal feedback/feedforward runs); Sec. 7.5.2 (50 of 57 days simulated, VAX workspace limit); Chapters 8-9 (conclusions and the statement that full-scale comparative experiments remain needed).",greenhouse_microclimate,high,unspecified,low,unspecified,low,"title: 'an optimal control approach' (optimal control not in taxonomy; verify full text) | Full-text audit: Correct bibliographic retrieval route: DOI 10.18174/205106 is recoverable from metadata; no change to control taxonomy without full text. | Full-text audit (pass 3): Plant is greenhouse lettuce with coupled climate, growth, CO2, heating, ventilation, and humidity models. Network is ABSENT: full-text search finds no packet, protocol, wireless, LoRa, ZigBee, networked-control, or communication-delay content, and the 'distribution network' wording in Chapter 3 refers to physical CO2 hoses rather than a data network. Control is centralised economic optimal control with time-scale decomposition, open-loop and feedback/feedforward variants, and a proposed receding-horizon implementation. Evaluation combines experimental model validation with retrospective control simulation. Correct the control label from 'unspecified' to centralised optimal control, and record explicitly that this source carries no networked-control evidence.",high,"Control-performance evidence rests on simulations tied to one experimental 4-span Venlo-type greenhouse with a floor area of approximately 300 m2 and the single 1992 lettuce experiment (Chapter 3 Sec. 3.2.1; Chapter 7 Sec. 7.2.2). The thesis itself states that full-scale comparative experiments are still necessary (Chapter 9), so the evaluation is a single illustrative case rather than a sampled or replicated trial.",high,"Optimal control is compared against the grower's recorded operation under the same measured 1992 outside climate, but both arms are produced through the model and the optimal trajectories were, in the thesis's own words, calculated after the greenhouse experiment had ended using complete knowledge about the outside climatic conditions as well as the auction price (Chapter 7 Sec. 7.2.3). The comparator therefore has a structural information advantage and is not a concurrent physical control arm.",some_concerns,"Comparator outcomes are auditable with units: CO2 consumption, energy consumption, and ventilation per unit area for the grower and simulation runs, plus relative harvest weight and net return (Chapter 7 Fig. 7.1 and Table 7.1). However, these are model-derived quantities without replicate-level uncertainty, and crop quality, fungal disease, and physiological damage are explicitly left out of the criterion (Chapter 7).",some_concerns,"The thesis discloses that although the second greenhouse experiment lasted 57 days, only 50 days were simulated because of limitations in the available workspace on the VAX mainframe (Chapter 7 Sec. 7.5.2), and it reports the integration method and stopping criterion. It does not account for failed optimisation runs, numerical breakdowns, or excluded runs, and the deterministic simulations report no replicates.",some_concerns,"Model equations, parameters, constraints, units, Runge-Kutta integration, and the steepest-ascent optimisation with its stopping rule are reported in detail (Chapter 6 Table 6.1; Chapter 7 Sec. 7.2.2 and 7.5.2), but no code, executable, or raw dataset is supplied. The source is a doctoral thesis examined at Wageningen rather than a peer-reviewed journal article, so it lacks external journal peer-review assurance.",high,The principal grower comparison uses trajectories computed with complete knowledge of future weather and auction price (Chapter 7 Sec. 7.2.3). The sub-optimal feedback/feedforward evaluation additionally sets the one-step-ahead prediction equal to the next measurement in the 1992 data (Chapter 7 Sec. 7.4.2). Both are information assumptions unavailable at prospective decision time.,high,"Locator-backed full-text adapted RoB audit (pass-3 lawful OA retrieval); every quantitative claim was verified verbatim against the cached full text. Reviewed source is a doctoral thesis, not a peer-reviewed article.","Two physical lettuce greenhouse experiments support model calibration and validation, but the optimal-control performance comparisons are retrospective simulations driven by measured greenhouse and weather inputs, not physical deployments of optimal control. Numeric comparator outcomes justify E3, yet they do not establish prospective greenhouse effectiveness. The source is a 1994 doctoral thesis, not a peer-reviewed article.",fulltext_review_complete,pass3_fulltext_audit_2026,2026-08-10
S06,analytical_primary,Using the Internet of Things to promote alternate wetting and drying irrigation for rice in Vietnam’s Mekong Delta,2021,10.1007/s13593-021-00705-z,verified replacement,E3,full_text,fulltext_reviewed,"Agronomy for Sustainable Development 41:43 (2021), pp. 3-8: Section 2.1 and Table 1 (design); Sections 2.2.1-2.2.3 (measurement/analysis); Sections 3.1-3.3 and Tables 2-4 (water, energy, yield); Section 4 (limitations/data).",irrigation_outdoor,high,unspecified,low,unspecified,low,"title: 'alternate wetting and drying irrigation for rice ... Mekong Delta' (no named control) | Full-text audit: None; retain outdoor-irrigation and unspecified-control coding pending full text. | Full-text audit (pass 2): Retain irrigation_outdoor. Replace the 'unspecified' control label with IoT-assisted AWD: solar-powered water-level sensing, LoRa transmission, app/cloud monitoring, and remotely triggered irrigation (Section 2.1.1; Figure 2). The full text establishes comparators (manual AWD and continuous flooding) and outcomes for water (m3/ha/crop), irrigation energy cost, and rice yield (t/ha at 14% moisture) (Tables 2-4).",some_concerns,"The trial covers 147 on-farm plots in Can Tho, Tra Vinh, and An Giang: 94 IoT-AWD, 28 continuously flooded, and 25 manual-AWD, with one treatment per farmer (Section 2.1; Table 1). Allocation/randomization is not reported and group sizes are unequal.",some_concerns,"Concurrent comparators (continuous flooding and manual AWD) are specified with plot counts (Section 2.1; Table 1), but infrastructure, field levelling, soil, irrigation autonomy, and AWD adherence differ materially across sites (Sections 2.1 and 3.1-3.2), so co-intervention balance is incomplete.",low,"Farmer crop diaries were validated periodically; yield came from five randomly selected 5 m2 cuts per plot standardized to 14% moisture (Section 2.2.1). Water volume came from pump capacity/duration or IoT irrigation history (Section 3.1). Tables 2-4 report outcomes with units: IoT-AWD saved 13-20% water versus manual AWD, energy savings in Can Tho were 24-25%, and yield differences ranged from -12% to 11%.",some_concerns,"The paper states transparently that experimental-trial results were dropped from the on-farm outcome analysis while retained for the water comparison (Section 3), but it does not quantify missing diaries, withdrawn plots, device failures, or excluded observations among the 147 plots.",some_concerns,"Intervention, sensors, survey, measurement procedures, and statistical analysis are described (Sections 2.1-2.2; Figure 2) and data are available from the corresponding author on request (Section 4), but no plot-level raw data, analysis code, or reproducible device/cloud configuration is included.",low,"The IoT tube measured actual field water level every five minutes and transmitted in real time; users monitored remotely and triggered individual pumps (Sections 2.1.1 and 2.2.1). The evaluated intervention relies on contemporaneous monitoring, not future information.",some_concerns,Locator-backed full-text adapted RoB audit (pass-2 lawful OA retrieval).,"Direct agricultural application evidence: multi-site on-farm rice trials in the Mekong Delta. Highly relevant to IoT-assisted AWD irrigation, but unreported allocation, site-level co-interventions, and missing-data accounting limit causal certainty and generalizability.",fulltext_review_complete,pass2_fulltext_audit_2026,2026-08-10
S07,analytical_primary,Reinforcement Learning versus Model Predictive Control on greenhouse climate control,2023,10.1016/j.compag.2023.108372,verified replacement,E3,full_text,fulltext_reviewed,"PDF pp. 1-9: Section 2 (lettuce greenhouse model), Sections 3.1-3.2 (MPC/DDPG), Section 4 (simulation results), Tables 1-8, Figures 1-8; especially Section 4.1/pp. 5-6 and Tables 4-6/Figures 5-8.",greenhouse_microclimate,high,unspecified,low,hybrid,high,title: 'Reinforcement Learning versus Model Predictive Control on greenhouse climate' (comparison RL/MPC) | Full-text audit: Confirm greenhouse microclimate and hybrid RL/MPC relevance. Qualify any RL-versus-MPC performance claim as simulation-based.,high,"Evaluation uses the employed lettuce greenhouse model as a simulation environment, not a physical greenhouse deployment (Section 2; Section 4; p. 6).",some_concerns,"DDPG and MPC are both specified and compared (Sections 3-4; Tables 4-6), but equivalence of tuning, computational budget, and exploration choices is not fully established.",some_concerns,"Defined simulated outputs, controller actions, economic performance, and computation time are reported (Section 4.3; Figures 6-8; Table 6), but evidence is one model/weather scenario without real-system outcome validation.",unclear,"Training details are stated (Section 3.2), but random seeds, independent repetitions, failed simulations, and exclusions are not reported.",some_concerns,"Network/controller settings and key parameters are reported (Tables 2-5), but no citable code, trained policy, or raw simulation artifacts are identified.",unclear,"Weather disturbance and simulation construction are described (Section 4.1; Figure 5), but a temporal hold-out/tuning-versus-final-test protocol is not documented.",some_concerns,Locator-backed full-text adapted RoB audit.,"Useful direct greenhouse-control mechanism/comparison evidence, but entirely simulated lettuce-model evidence; it does not establish deployed greenhouse, crop-yield, or external effectiveness.",fulltext_review_complete,batch_fulltext_audit_2026,2026-08-10
S08,analytical_primary,Reinforcement learning-based model predictive control for greenhouse climate control,2025,10.1016/j.atech.2024.100751,verified original seed,E3,full_text,fulltext_reviewed,"PDF pp. 1-12: Section 2.1 (lettuce greenhouse model), Section 4 (parametrized MPC/RL), Section 5 Numerical experiments (pp. 6-10), Tables 1-8 and Figures 1-10; Section 6 Conclusions (p. 10).",greenhouse_microclimate,high,unspecified,low,hybrid,high,"title: 'Reinforcement learning-based model predictive control' | Full-text audit: Confirm greenhouse microclimate and hybrid RL/MPC coding. State clearly that results are numerical simulations, not deployed outcome evidence.",high,"The paper explicitly validates and compares the framework in simulation (Section 5, p. 6) on a greenhouse model; it calls for future experimental validation (Section 6, p. 10).",some_concerns,"Several comparison approaches are specified and run on the same model (Section 5.2, pp. 7-8; Figures 4 and 6), but comparator tuning/resource parity is only partially transparent.",some_concerns,"One hundred simulated growth cycles and defined performance indicators are reported (Section 5.3; Figures 3-10; Table 7), but no physical validation or independent environmental scenarios are reported.",unclear,"The manuscript reports simulated episodes but does not state independent seeds, repetitions, failed-run handling, or exclusions (Section 5).",some_concerns,"Substantial parameterization and computing setup are reported (Tables 3-6; Section 5), and it states that Python source/simulation results can be provided, but no persistent citable code/data artifact is located in the reviewed paper.",unclear,"The weather profile construction is described (Section 5.1; Figure 2), but no fully specified temporally separated validation protocol is reported.",some_concerns,Locator-backed full-text adapted RoB audit.,"Direct greenhouse climate-control method evidence, but numerical simulation only; claimed superiority should not be generalized to commercial/field deployment without experimental validation.",fulltext_review_complete,batch_fulltext_audit_2026,2026-08-10
S09,analytical_primary,Efficient energy management and temperature control of a high-tech greenhouse using an improved data-driven model predictive control,2025,10.1016/j.ecmx.2025.100939,verified original seed,E1,verified_metadata,inaccessible_after_attempts,,greenhouse_microclimate,high,unspecified,low,MPC,high,title: 'improved data-driven model predictive control' high-tech greenhouse | Full-text audit: None; retain title-level MPC coding pending full text.,unclear,No locator-backed full text.,unclear,No locator-backed full text.,unclear,No locator-backed full text.,unclear,No locator-backed full text.,unclear,No locator-backed full text.,unclear,No locator-backed full text.,not_assessable,Full-text retrieval attempted but no reviewable lawful copy was obtained; method-dependent RoB remains not assessable.,"Title indicates high-tech greenhouse temperature/energy MPC, but directness and evidence type require full-text confirmation.",retrieval_attempted_fulltext_unavailable,batch_fulltext_audit_2026,2026-08-10
S10,analytical_primary,Predictive control for greenhouse temperature and humidity and energy optimization by improved NMPC objective function algorithm,2024,10.25165/j.ijabe.20241705.8241,verified original seed,E3,full_text,fulltext_reviewed,pp.128–136; §2 Materials and methods pp.129–132; Table 1 and Fig.4 p.133; Table 2 and Figs.5–7 pp.133–134; §4 p.135.,greenhouse_microclimate,high,unspecified,low,MPC,high,"title: 'improved NMPC objective function algorithm' greenhouse temp/humidity | Full-text audit: P, C and quantitative simulated E are verified. N is not verified as a communication-constrained/networked-control evaluation; multiple sensor nodes are described but network protocol/performance is not evaluated.",high,One modelled Venlo-type greenhouse and a single low-temperature weather-input scenario; no independent sites/greenhouse configurations were evaluated (§2; pp.133–134).,some_concerns,"MPC and regular NMPC comparators are stated, but matched tuning/solver budget and model-selection protocol are not established (p.133; Table 2; Figs.5–7).",some_concerns,"RMSE/MAE/R² and energy are reported, but outcomes are simulation/reference-model outputs rather than independent physical measurements (Table 1, Table 2, Figs.4–7).",unclear,"No repetitions, random seeds, failed solver runs, exclusions, or missing-data accounting were located (§2–§4).",some_concerns,"Key horizons, initial state and weather ranges are reported (p.133), but raw weather series, WNN training data, code and full reproducibility artefacts are not supplied.",unclear,"The WNN is data-driven, but training/validation/test temporal separation is not reported (§2; Fig.4/Table 1).",high,Locator-backed full-text adapted RoB audit.,Direct greenhouse temperature/humidity simulation evidence; not a deployed networked-control evaluation.,fulltext_review_complete,batch_fulltext_audit_2026,2026-08-10
S11,analytical_primary,Learning-based multi-agent MPC for irrigation scheduling,2024,10.1016/j.conengprac.2024.105908,verified original seed,E1,verified_metadata,inaccessible_after_retrieval_attempts,,irrigation_outdoor,medium,unspecified,low,hybrid,high,"title: 'Learning-based multi-agent MPC for irrigation scheduling' (ML + MPC) | Full-text audit: No correction: title suggests learning-based multi-agent MPC irrigation, but PNCE components require full-text verification.",unclear,No locator-backed full text read.,unclear,No locator-backed full text read.,unclear,No locator-backed full text read.,unclear,No locator-backed full text read.,unclear,No locator-backed full text read.,unclear,No locator-backed full text read.,not_assessable,Full-text retrieval attempted but no reviewable lawful copy was obtained; method-dependent RoB remains not assessable.,Irrigation relevance remains metadata-level only.,retrieval_attempted_fulltext_unavailable,batch_fulltext_audit_2026,2026-08-10
S12,analytical_primary,Robust sample-based model predictive control of a greenhouse system with parametric uncertainty,2022,10.1016/j.ifacol.2022.11.135,verified original seed,E1,verified_metadata,inaccessible_after_retrieval_attempts,,greenhouse_microclimate,high,unspecified,low,MPC,high,title: 'model predictive control of a greenhouse system' | Full-text audit: No correction; title-level P/C only.,unclear,No locator-backed full text read.,unclear,No locator-backed full text read.,unclear,No locator-backed full text read.,unclear,No locator-backed full text read.,unclear,No locator-backed full text read.,unclear,No locator-backed full text read.,not_assessable,Full-text retrieval attempted but no reviewable lawful copy was obtained; method-dependent RoB remains not assessable.,"Potentially direct greenhouse-control evidence, unverified beyond metadata.",retrieval_attempted_fulltext_unavailable,batch_fulltext_audit_2026,2026-08-10
S13,analytical_primary,Smart Irrigation System Considering Optimal Energy Management Based on Model Predictive Control (MPC),2022,10.3390/app12094235,verified original seed,E3,full_text,fulltext_reviewed,"Applied Sciences 2022, 12, 4235: Sec. 3.1-3.2 (irrigation scheduling and microgrid EMS formulation); Sec. 4.1 (case study, plot of 1173 m2 in Cotopaxi, Ecuador); Sec. 4.2-4.5 (traditional, technified, and proposed irrigation plus EMS scenarios); Table 5 (technified irrigation schedule); Table 7 (comparative crop time, irrigation hours, gallons, and cost); Figs. 4-7 (soil-moisture trajectories and one-day EMS dispatch); Data Availability Statement (declared 'Not applicable').",irrigation_outdoor,medium,unspecified,low,MPC,high,"title: 'Based on Model Predictive Control (MPC)' | Full-text audit: Crossref abstract verifies P, C (MPC energy management), and proposed evaluation context; N remains unverified/not explicit. | Full-text audit (pass 3): Plant is modelled alfalfa on a nominal 1173 m2 Ecuadorian plot over 60 days, not a measured crop deployment. Network is ABSENT: no communication protocol, delay, packet loss, or link performance is evaluated, so the existing 'unspecified' protocol label is correct and must not be upgraded. Control is rule-based daily water-balance irrigation scheduling combined with MPC-style microgrid energy optimisation for pump timing plus battery, photovoltaic, and diesel dispatch. Evaluation is software simulation with numeric comparisons in Tables 5-7 and Figs. 4-7. Retain MPC for the energy-management stage but record that the irrigation-scheduling stage is rule-based water balance, and that no networked-control evidence is present.",high,"The evaluation is a deterministic 60-day software simulation for one modelled 1173 m2 alfalfa plot in Cotopaxi, Ecuador, over a single 1 July to 29 August record (Sec. 4.1; Sec. 4). No physical deployment, hardware-in-the-loop test, replication, or site sampling is reported.",some_concerns,"Traditional, technified, and proposed irrigation are compared numerically over the same stated 60-day crop period (Table 7), but the three schedules are constructed by different procedures and matched optimisation constraints or equivalent operating policies are not established; the second scenario is applied only to the proposed EMS (Sec. 4.2 and 4.4).",some_concerns,"Modelled outcomes are auditable with units: traditional 60 h and USD 57, technified 83 h and USD 78.85, proposed 37 h and USD 35.15 over 60 days, with gallons per technique (Table 7), plus simulated soil-moisture trajectories in mm (Figs. 4-6). However, no measured field water use, crop growth, yield, or hardware energy outcome is reported, and no uncertainty estimates accompany the point values.",high,"No repeated runs, seeds, missing-data rule, solver-failure accounting, excluded periods, or sensitivity analysis is reported for the 60-day simulation; results are presented as one deterministic trajectory plus a single one-day EMS dispatch profile (Sec. 4.2-4.5; Fig. 7).",high,"Equations, component ratings, and schedules are reported (Tables 1-6), and the solver environment is named, but no code, complete input series, or reusable output artifact is supplied, and the Data Availability Statement declares 'Not applicable', which removes any route to independent verification of the reported savings.",high,"Irrigation decisions use one-day-ahead precipitation and meteorological predictions and the EMS uses a 24-sample irradiance prediction horizon (Sec. 3.1), while the evaluation inputs are described only as hourly climatological data recorded in a computational database from 1 July through 29 August (Sec. 4). No forecast issue times, archived forecast products, or hindcast protocol are reported, so forecast availability at each decision instant is not demonstrated.",high,Locator-backed full-text adapted RoB audit (pass-3 lawful OA retrieval); every quantitative claim was verified verbatim against the cached full text.,"Comparative engineering evidence from a deterministic software simulation driven by historical hourly climatological records. The article does not demonstrate field deployment or hardware-in-the-loop evaluation, so the reported water, diesel, and cost savings are modelled rather than measured outcomes.",fulltext_review_complete,pass3_fulltext_audit_2026,2026-08-10
S14,analytical_primary,Robust model predictive control for greenhouse temperature based on particle swarm optimization,2018,10.1016/j.inpa.2018.04.003,verified original seed,E1,verified_metadata,inaccessible_after_retrieval_attempts,,greenhouse_microclimate,high,unspecified,low,MPC,high,title: 'model predictive control for greenhouse temperature ... PSO' | Full-text audit: No correction; title-level P/C only.,unclear,No locator-backed full text read.,unclear,No locator-backed full text read.,unclear,No locator-backed full text read.,unclear,No locator-backed full text read.,unclear,No locator-backed full text read.,unclear,No locator-backed full text read.,not_assessable,Full-text retrieval attempted but no reviewable lawful copy was obtained; method-dependent RoB remains not assessable.,Greenhouse MPC relevance remains title/metadata-level.,retrieval_attempted_fulltext_unavailable,batch_fulltext_audit_2026,2026-08-10
S15,technical_support_primary,Event-Triggered Control for Scalar Networked Systems with Random Delays,2025,10.1109/aiea66061.2025.11160534,verified original seed,E1,verified_metadata,inaccessible_after_retrieval_attempts,,ncs_iot_platform,medium,unspecified,low,ETC_event_triggered,high,title: 'Event-Triggered Control for Scalar Networked Systems' | Full-text audit: No correction; title-level N/C only and no agricultural P/E demonstrated.,unclear,No locator-backed full text read.,unclear,No locator-backed full text read.,unclear,No locator-backed full text read.,unclear,No locator-backed full text read.,unclear,No locator-backed full text read.,unclear,No locator-backed full text read.,not_assessable,Full-text retrieval attempted but no reviewable lawful copy was obtained; method-dependent RoB remains not assessable.,Generic scalar NCS evidence; indirect for agricultural deployment.,retrieval_attempted_fulltext_unavailable,batch_fulltext_audit_2026,2026-08-10
S16,analytical_primary,Energy-Efficient Wireless Communication Strategy for Precision Agriculture Irrigation Control,2021,10.3390/s21165541,verified original seed,E3,full_text,fulltext_reviewed,§2.2 pp.5–6 (one-ha field/WSN); §3 pp.8–11; §4.1–4.4 pp.12–16; Tables 1–3; Figs.1–10; §5.,irrigation_outdoor,medium,unspecified,low,unspecified,low,"title: 'Wireless Communication Strategy for ... Irrigation Control' (no named control strategy) | Full-text audit: P (pecan irrigation), N (IEEE 802.15.4 WSN), C (closed-loop self-triggered/on-off actuation), and E (simultaneous four-week field measures) are verified. Correct control classification from unspecified to ETC/self-triggered communication strategy; actuator control is on–off.",some_concerns,"One 1-ha pecan field, four 25×100-m irrigation areas, over four weeks (§2.2; §4.1); limited crop/site/time generalizability.",some_concerns,"Four strategies were evaluated simultaneously, but allocation of strategies to the four areas/randomisation and equivalence of zone conditions are not reported (§4.1).",low,"Physical field measures and prespecified message count, water use and moisture-error outcomes are defined (§4.1) and reported in Tables 2–3/Figs.7–10.",unclear,"Transmission retries are described (§4.4), but missing readings, failed runs, exclusions and loss accounting across the four-week evaluation are not reported.",some_concerns,"System, model coefficients and metrics are described (Tables 1–3; §§2–4), but raw data, firmware/code and complete per-zone time series are unavailable.",some_concerns,Four-week data were used for identification (§2.3) and four-week evaluation is reported (§4); temporal separation/independence between those datasets is not made explicit.,some_concerns,Locator-backed full-text adapted RoB audit.,"Direct precision-irrigation WSN field implementation, but single-site short-duration comparison limits transportability.",fulltext_review_complete,batch_fulltext_audit_2026,2026-08-10
S17,technical_support_primary,Self-triggered Control with Energy Harvesting Sensor Nodes,2023,10.1145/3597311,verified original seed,E1,verified_metadata,inaccessible_after_retrieval_attempts,,ncs_iot_platform,medium,unspecified,low,ETC_event_triggered,high,title: 'Self-triggered Control with Energy Harvesting Sensor Nodes' (self-triggered = ETC family) | Full-text audit: No correction; no agricultural P established from verified metadata.,unclear,No locator-backed full text read.,unclear,No locator-backed full text read.,unclear,No locator-backed full text read.,unclear,No locator-backed full text read.,unclear,No locator-backed full text read.,unclear,No locator-backed full text read.,not_assessable,Full-text retrieval attempted but no reviewable lawful copy was obtained; method-dependent RoB remains not assessable.,Technical NCS/energy-harvesting evidence; indirect for agriculture.,retrieval_attempted_fulltext_unavailable,batch_fulltext_audit_2026,2026-08-10
S18,technical_support_primary,A Sensitivity-Based Approach to Self-Triggered Nonlinear Model Predictive Control,2024,10.1109/access.2024.3480522,verified original seed,E3,full_text,fulltext_reviewed,"IEEE Access 12 (2024), pp. 153243-153252: Sections II-IV, Eqs. (1)-(29), Algorithms 1-2; Section V.A with Figures 1-5 and Tables 1-2; Section V.B with Figures 6-7; Section VI.",ncs_iot_platform,medium,unspecified,low,hybrid,high,"title: 'Self-Triggered Nonlinear Model Predictive Control' (ETC + MPC) | Full-text audit: No correction; title-level N/C only, without agricultural P/E. | Full-text audit (pass 2): Reclassify from ncs_iot_platform to generic self-triggered nonlinear MPC technical-support evidence. The full text contains no agricultural plant and no IoT-platform deployment; networked-system references are motivational (Introduction) while the evaluated systems are the academic oscillator and VTOL model (Section V).",high,"The evaluation covers only an academic two-state nonlinear oscillator and a simulated VTOL aircraft model (Sections V.A-V.B; Eqs. 30-33). No agricultural system, field setting, or communication deployment is evaluated.",some_concerns,"Approximate and exact self-triggered implementations are compared, and self-triggered MPC is compared with fixed-sampling MPC at stated intervals and noise levels (Sections V.A.1-V.A.3; Figure 4; Table 2), but fixed-sampling choices and sensitivity weights are author-selected and no broad benchmark set is reported.",some_concerns,"Metrics, settings, and units are defined, including sampling time in seconds, total cost, sample counts, and CPU time (Sections III-V; Figures 1-5; Table 2). The academic example reports mean sampling time about 0.33 s, RMSE 5e-5 s, and maximum deviation 1e-3 s (Section V.A.1), and the noise study uses 50 runs per scenario (Section V.A.2). Several principal comparisons remain graphical.",some_concerns,"Fifty runs per noise scenario and box plots are reported (Section V.A.2; Figure 4), but random seeds, failed optimizations, infeasibility handling, and exclusion rules are not stated.",some_concerns,"The MPC formulation, algorithms, bounds, and example parameters are reported (Sections II-V; Algorithms 1-2; Eqs. 30-33) and GRAMPC is named as the solver (Section V.A.1), but no code, input files, seeds, or raw outputs are supplied.",low,At each sampling instant the optimization uses the current state x_k and derives the next sampling time from the MPC solution and current cost sensitivity (Sections II.A and III; Algorithm 1). No future measured outcomes or non-causal data are used.,high,Locator-backed full-text adapted RoB audit (pass-2 lawful OA retrieval).,"Technical-support (indirect) evidence only. It establishes simulation properties of sensitivity-based self-triggered nonlinear MPC on an academic oscillator and a VTOL model, not agricultural control or an agricultural NCS deployment.",fulltext_review_complete,pass2_fulltext_audit_2026,2026-08-10
S19,technical_support_primary,Self-Triggered DMPC for Dynamically Coupled Systems With Reduced Conservatism,2025,10.1109/tii.2025.3593862,verified original seed,E1,verified_metadata,inaccessible_after_attempts,,ncs_iot_platform,medium,unspecified,low,hybrid,high,title: 'Self-Triggered DMPC' (ETC + distributed MPC) | Full-text audit: None from full text; retain existing metadata-level classification (hybrid self-triggered/distributed MPC).,unclear,No locator-backed full text acquired; selection/scenario coverage cannot be assessed.,unclear,No full text to assess comparator design or tuning.,unclear,No full text to assess outcome measurement.,unclear,"No full text to assess exclusions, failed runs, or missing data.",unclear,No full text to assess reproducibility artifacts or reporting completeness.,unclear,No full text to assess temporal-information handling.,not_assessable,Full-text retrieval attempted but no reviewable lawful copy was obtained; method-dependent RoB remains not assessable.,Technical-support evidence on self-triggered distributed MPC; indirect for agricultural implementation.,retrieval_attempted_fulltext_unavailable,batch_fulltext_audit_2026,2026-08-10
S20,technical_support_primary,Self-Triggered Distributed Model Predictive Control with Synchronization Parameters Interaction,2024,10.48550/arxiv.2405.11006,verified original seed,E3,full_text,fulltext_reviewed,Full text pp.1--7; Section V p.6; Figs.2--6 pp.6--7.,ncs_iot_platform,medium,unspecified,low,hybrid,high,title: 'Self-Triggered Distributed Model Predictive Control' (ETC + MPC),high,"One simulated three-robot case only (Section V, p.6).",high,"No concurrent comparator in Section V/Figs.2--6, pp.6--7.",some_concerns,"Plots cover 0--20 steps; graphical outcomes only (Figs.2--5, p.7).",unclear,"No repetitions, seeds, failed runs or exclusions reported (Section V, p.6).",some_concerns,"Parameters reported, but no code/solver artifact located (Section V, p.6).",unclear,"Temporal-information protocol not described (Section V, p.6).",high,Locator-backed full-text audit using adapted D1--D6 engineering RoB framework.,"Single theoretical simulation; mechanism evidence, indirect for agriculture.",fulltext_review_complete,independent_fulltext_review_2026,2026-08-09
S21,technical_support_primary,Event-Based Sensor Data Scheduling: Trade-Off Between Communication Rate and Estimation Quality,2013,10.1109/tac.2012.2215253,verified original seed,E1,verified_metadata,repository_oa_identified_but_not_acquired,,ncs_iot_platform,medium,unspecified,low,ETC_event_triggered,high,"title: 'Event-Based Sensor Data Scheduling' | Full-text audit: None. Repository OA is a discovery lead only, not evidence of completed full-text PNCE/RoB verification.",unclear,Repository full text was identified but not obtained; no locator-backed assessment possible.,unclear,No acquired full text to assess comparison design.,unclear,No acquired full text to assess estimation-quality outcomes.,unclear,No acquired full text to assess run accounting.,unclear,No acquired full text to assess reporting/reproducibility.,unclear,No acquired full text to assess temporal-information protocol.,not_assessable,Full-text retrieval attempted but no reviewable lawful copy was obtained; method-dependent RoB remains not assessable.,Technical-support event-based sensor scheduling/estimation evidence; indirect for agricultural implementation.,retrieval_attempted_fulltext_unavailable,batch_fulltext_audit_2026,2026-08-10
S22,context_secondary,A survey on recent advances in event-triggered communication and control,2018,,verified replacement,E1-context,context_metadata,inaccessible_after_attempts_context_verified,,ncs_iot_platform,medium,unspecified,low,none_review,high,"title: 'A survey on ... event-triggered communication and control' (review, no proposed strategy) | Full-text audit: Correct retrieval metadata with DOI 10.1016/j.ins.2018.04.055. Preserve context_secondary/none_review role.",not_assessable,Context survey; excluded from analytical RoB.,not_assessable,Context survey; excluded from analytical RoB.,not_assessable,Context survey; excluded from analytical RoB.,not_assessable,Context survey; excluded from analytical RoB.,not_assessable,Context survey; excluded from analytical RoB.,not_assessable,Context survey; excluded from analytical RoB.,not_assessable,Full-text retrieval attempted but no reviewable lawful copy was obtained; method-dependent RoB remains not assessable.,Verified bibliographic/context role only: survey of event-triggered communication and control; it must remain excluded from analytical RoB/GRADE and effectiveness synthesis.,context_only_verified,batch_fulltext_audit_2026,2026-08-10
S23,technical_support_primary,Data-driven-based fully distributed event-triggered control for nonlinear multi-agent systems,2025,10.1016/j.amc.2025.129307,verified original seed,E1,verified_metadata,inaccessible_after_attempts,,ncs_iot_platform,medium,unspecified,low,ETC_event_triggered,high,title: 'fully distributed event-triggered control for nonlinear multi-agent' | Full-text audit: None from full text; retain metadata-level ETC classification.,unclear,No locator-backed full text acquired.,unclear,No locator-backed full text acquired.,unclear,No locator-backed full text acquired.,unclear,No locator-backed full text acquired.,unclear,No locator-backed full text acquired.,unclear,No locator-backed full text acquired.,not_assessable,Full-text retrieval attempted but no reviewable lawful copy was obtained; method-dependent RoB remains not assessable.,Technical-support distributed event-triggered nonlinear multi-agent control; indirect for agricultural implementation.,retrieval_attempted_fulltext_unavailable,batch_fulltext_audit_2026,2026-08-10
S24,technical_support_primary,Event-Triggered Distributed Optimal Bipartite Consensus Control for Multi-Agent Systems via Adaptive Dynamic Programming,2025,10.1109/crc67523.2025.11288265,verified original seed,E1,verified_metadata,inaccessible_after_attempts,,ncs_iot_platform,medium,unspecified,low,ETC_event_triggered,high,title: 'Event-Triggered Distributed Optimal Bipartite Consensus Control' | Full-text audit: None from full text; retain metadata-level ETC classification.,unclear,No locator-backed full text acquired.,unclear,No locator-backed full text acquired.,unclear,No locator-backed full text acquired.,unclear,No locator-backed full text acquired.,unclear,No locator-backed full text acquired.,unclear,No locator-backed full text acquired.,not_assessable,Full-text retrieval attempted but no reviewable lawful copy was obtained; method-dependent RoB remains not assessable.,Technical-support event-triggered adaptive-DP consensus control; indirect for agricultural implementation.,retrieval_attempted_fulltext_unavailable,batch_fulltext_audit_2026,2026-08-10
S25,technical_support_primary,Disturbance Rejection Self-Triggered Distributed MPC With Adaptive Prediction Horizon for Asynchronous Multiagent Systems,2024,10.1109/tsmc.2024.3350157,verified original seed,E1,verified_metadata,inaccessible_after_attempts,,ncs_iot_platform,medium,unspecified,low,hybrid,high,title: 'Self-Triggered Distributed MPC ... Multiagent' (ETC + MPC) | Full-text audit: None from full text; retain metadata-level hybrid (self-triggered plus distributed MPC) classification.,unclear,No locator-backed full text acquired.,unclear,No locator-backed full text acquired.,unclear,No locator-backed full text acquired.,unclear,No locator-backed full text acquired.,unclear,No locator-backed full text acquired.,unclear,No locator-backed full text acquired.,not_assessable,Full-text retrieval attempted but no reviewable lawful copy was obtained; method-dependent RoB remains not assessable.,Technical-support self-triggered distributed MPC evidence; indirect for agricultural implementation.,retrieval_attempted_fulltext_unavailable,batch_fulltext_audit_2026,2026-08-10
S26,technical_support_primary,Semi–Global Exponential Stabilization of Nonlinear Time–Delay Systems via Sampled–Data Event–Triggered Controllers,2025,10.1109/cdc57313.2025.11312052,verified original seed,E1,verified_metadata,inaccessible_after_attempts,,ncs_iot_platform,medium,unspecified,low,ETC_event_triggered,high,title: 'Sampled-Data Event-Triggered Controllers' | Full-text audit: None from full text; retain metadata-level ETC classification.,unclear,No locator-backed full text acquired.,unclear,No locator-backed full text acquired.,unclear,No locator-backed full text acquired.,unclear,No locator-backed full text acquired.,unclear,No locator-backed full text acquired.,unclear,No locator-backed full text acquired.,not_assessable,Full-text retrieval attempted but no reviewable lawful copy was obtained; method-dependent RoB remains not assessable.,Technical-support sampled-data event-triggered stabilization evidence; indirect for agricultural implementation.,retrieval_attempted_fulltext_unavailable,batch_fulltext_audit_2026,2026-08-10
S27,technical_support_primary,Observer-based AE-T cooperative DMPC for a class of interconnected nonlinear systems with time delay and unmodeled dynamics,2025,10.1080/00207721.2025.2467224,verified original seed,E1,verified_metadata,inaccessible_after_attempts,,ncs_iot_platform,medium,unspecified,low,hybrid,high,title: 'AE-T cooperative DMPC' (adaptive event-triggered + distributed MPC) | Full-text audit: None from full text; retain metadata-level hybrid classification.,unclear,No locator-backed full text acquired.,unclear,No locator-backed full text acquired.,unclear,No locator-backed full text acquired.,unclear,No locator-backed full text acquired.,unclear,No locator-backed full text acquired.,unclear,No locator-backed full text acquired.,not_assessable,Full-text retrieval attempted but no reviewable lawful copy was obtained; method-dependent RoB remains not assessable.,Technical-support adaptive-event-triggered cooperative DMPC evidence; indirect for agricultural implementation.,retrieval_attempted_fulltext_unavailable,batch_fulltext_audit_2026,2026-08-10
S28,technical_support_primary,The event-triggered sampling optimization criterion for distributed networked monitoring and control systems,2003,10.1109/icit.2003.1290814,verified original seed,E1,verified_metadata,inaccessible_after_attempts,,ncs_iot_platform,high,unspecified,low,ETC_event_triggered,high,title: 'event-triggered sampling ... distributed networked monitoring and control' | Full-text audit: None from full text; retain metadata-level ETC classification.,unclear,No locator-backed full text acquired.,unclear,No locator-backed full text acquired.,unclear,No locator-backed full text acquired.,unclear,No locator-backed full text acquired.,unclear,No locator-backed full text acquired.,unclear,No locator-backed full text acquired.,not_assessable,Full-text retrieval attempted but no reviewable lawful copy was obtained; method-dependent RoB remains not assessable.,Technical-support event-triggered networked monitoring/control evidence; indirect for agricultural implementation.,retrieval_attempted_fulltext_unavailable,batch_fulltext_audit_2026,2026-08-10
S29,technical_support_primary,Stability of output event-based control systems through quadratic trigger functions,2015,10.1109/etfa.2015.7301402,verified original seed,E1,verified_metadata,inaccessible_after_lawful_retrieval_attempts,,ncs_iot_platform,medium,unspecified,low,ETC_event_triggered,high,title: 'output event-based control systems ... trigger functions' | Full-text audit: No full-text basis to alter existing title/metadata coding; retain event-triggered technical-support classification with low protocol detail confidence.,not_assessable,No reviewed full text or locator.,not_assessable,No reviewed full text or locator.,not_assessable,No reviewed full text or locator.,not_assessable,No reviewed full text or locator.,not_assessable,No reviewed full text or locator.,not_assessable,No reviewed full text or locator.,not_assessable,Full-text retrieval attempted but no reviewable lawful copy was obtained; method-dependent RoB remains not assessable.,Technical event-triggered-control support only; indirect for agricultural implementation.,retrieval_attempted_fulltext_unavailable,batch_fulltext_audit_2026,2026-08-10
S30,technical_support_primary,A Learning Approach for Joint Design of Event-Triggered Control and Power-Efficient Resource Allocation,2022,10.1109/tvt.2022.3159739,verified original seed,E3,full_text,fulltext_reviewed,Full text pp.1--12; Table I/Section IV p.9; Figs.4--12 pp.9--11.,ncs_iot_platform,medium,unspecified,low,hybrid,high,title: 'Learning Approach for Joint Design of Event-Triggered Control' (ML + ETC),some_concerns,"Two simulated settings, no physical deployment (Section IV, pp.9--11).",some_concerns,"Comparators used, but matched tuning/budgets not established (Section IV, pp.9--11).",some_concerns,Scenario-specific updates/power and 300-step episodes; limited uncertainty (pp.10--11).,some_concerns,Five training processes/50 tests stated; seeds and failed-run accounting absent (pp.9--11).,high,"No code, trained policy, seeds or complete hyperparameter artifact located (Section IV).",unclear,Tuning/final-test separation not documented (Sections III--IV).,some_concerns,Locator-backed full-text audit using adapted D1--D6 engineering RoB framework.,Comparative simulation evidence only; not deployed ICPS evidence.,fulltext_review_complete,independent_fulltext_review_2026,2026-08-09
S31,analytical_primary,Intelligent Condensation Irrigation System Based on Internet of Things,2023,10.1109/icmsp58539.2023.10170873,verified original seed,E1,verified_metadata,inaccessible_after_lawful_retrieval_attempts,,irrigation_outdoor,medium,unspecified,low,unspecified,low,"title: 'Intelligent Condensation Irrigation System Based on Internet of Things' ('intelligent' vague, no named strategy) | Full-text audit: No correction justified; named strategy/protocol/control/evaluation remain unspecified pending full text.",not_assessable,No reviewed full text or locator.,not_assessable,No reviewed full text or locator.,not_assessable,No reviewed full text or locator.,not_assessable,No reviewed full text or locator.,not_assessable,No reviewed full text or locator.,not_assessable,No reviewed full text or locator.,not_assessable,Full-text retrieval attempted but no reviewable lawful copy was obtained; method-dependent RoB remains not assessable.,Irrigation-domain directness and evaluative design cannot be verified from metadata.,retrieval_attempted_fulltext_unavailable,batch_fulltext_audit_2026,2026-08-10
S32,analytical_primary,"Control, And Monitoring System Design Cultivation of Lettude Using Method Aeroponics Based on Smart Farming",2025,10.1109/tssa68467.2025.11303843,verified original seed,E1,verified_metadata,inaccessible_after_lawful_retrieval_attempts,,greenhouse_microclimate,low,unspecified,low,unspecified,low,"title: 'Cultivation ... Aeroponics ... Smart Farming' (controlled-environment, not clearly greenhouse; verify) | Full-text audit: No correction justified; preserve low-confidence controlled-environment classification and unspecified C/N/E fields.",not_assessable,No reviewed full text or locator.,not_assessable,No reviewed full text or locator.,not_assessable,No reviewed full text or locator.,not_assessable,No reviewed full text or locator.,not_assessable,No reviewed full text or locator.,not_assessable,No reviewed full text or locator.,not_assessable,Full-text retrieval attempted but no reviewable lawful copy was obtained; method-dependent RoB remains not assessable.,Aeroponics/controlled-environment relevance is not enough to establish greenhouse directness or effectiveness.,retrieval_attempted_fulltext_unavailable,batch_fulltext_audit_2026,2026-08-10
S34,analytical_primary,Design and performance of nutrient dosing control system for hydroponic chilli plant using fuzzy logic controller,2025,10.55981/j.mev.2025.910,verified original seed,E3,full_text,fulltext_reviewed,Full text pp.278--290; Sections A--B pp.285--288; Figs.14--17; Table 2.,greenhouse_microclimate,low,unspecified,low,Fuzzy_PID,high,"title: 'fuzzy logic controller' for hydroponic nutrient dosing (application=controlled-env, verify)",high,"Single greenhouse prototype with three-day observations (Section B, pp.286--288).",high,"No concurrent external comparator (Section A, pp.285--286).",some_concerns,"Relevant device measures, but only three-day horizon and no yield outcome (Section B).",some_concerns,Errors acknowledged; replicates/missing-data/failed-run rules absent (p.287).,some_concerns,Prototype parameters reported; no code/raw series located (pp.285--288).,unclear,Evapotranspiration prediction timing/source insufficiently specified (p.287).,high,Locator-backed full-text audit using adapted D1--D6 engineering RoB framework.,Three-day engineering demonstration; not comparative agronomic evidence.,fulltext_review_complete,independent_fulltext_review_2026,2026-08-09
S35,analytical_primary,Smart greenhouse construction and irrigation control system for optimal Brassica Juncea development,2023,10.1371/journal.pone.0292971,verified replacement,E3,full_text,fulltext_reviewed,Full text pp.1--46; Section 3.6 pp.30--37; Sections 4--5 pp.38--42.,greenhouse_microclimate,high,unspecified,low,unspecified,low,title: 'Smart greenhouse ... irrigation control system' (no named control strategy),not_assessable,System description without scenario-based performance evaluation (Sections 3.6--5).,not_assessable,"No comparator experiment (Figs.27--38, pp.33--37).",not_assessable,No defined numerical crop/system performance outcomes (Sections 4--5).,not_assessable,No evaluative run set or failure accounting (Sections 3.6--5).,high,"No source code, raw data or complete control configuration (pp.29--37).",unclear,Recommendation inputs lack temporal-separation specification (Section 3.6).,high,Locator-backed full-text audit using adapted D1--D6 engineering RoB framework.,Architecture/interface description only; not effectiveness evidence.,fulltext_review_complete,independent_fulltext_review_2026,2026-08-09
S36,analytical_primary,Design and Development of IoT Smart Drip Irrigation and Fertigation Prototype for Small and Medium Scale Farmers. Acase Study of Tomato Farmers in Tanzania,2025,10.1007/s40030-024-00857-7,verified original seed,E3,full_text,fulltext_reviewed,Journal PDF pp. 373–395 (23 PDF pages): Methods and Materials; Programming Flowcharts/Fig. 15 pp. 383–385; Performance Testing pp. 387–390; Tables 1–3 pp. 392–393; Conclusion p. 390.,irrigation_outdoor,medium,unspecified,low,unspecified,low,"title: 'IoT Smart Drip Irrigation and Fertigation ... tomato farmers' | Full-text audit: Confirm P=tomato irrigation/fertigation, N=ESP32/IoT cloud, C=soil-moisture/NPK threshold actuation, E=prototype functionality and short sensor tests. Do not code a demonstrated crop-yield benefit: the conclusion asserts it without a defined comparative yield result.",high,"Evaluation is a small prototype/two-bucket test with selected soil conditions; Table 2 provides eight days of readings, not a sampled farm comparison (Performance Testing pp. 387–390; Table 2 p. 393).",high,"No concurrent, matched irrigation/fertigation comparator is described. Table 1 juxtaposes set, simulated storage-tank, and field-soil values, which are not randomized comparator arms (p. 392).",some_concerns,"Moisture/NPK targets and pump state are reported, but crop-yield claim is unsupported by a defined yield outcome and the sensor/serial-monitor measures are short horizon (Performance Testing pp. 387–390; Tables 1–3 pp. 392–393).",high,"No prespecified repetitions, missing-data, failed-run, or exclusion handling is reported for functionality/efficiency testing (pp. 387–390).",some_concerns,"Hardware and flowchart are provided (Fig. 15; pp. 383–385), but no source code, raw time series, or complete reproducible configuration is supplied.",unclear,"Threshold-control timing is described, but timestamped sensor-to-actuation data and an information-separation protocol are absent (pp. 383–390).",high,Locator-backed full-text adapted RoB audit.,"Direct tomato drip/fertigation prototype evidence in Tanzania, but effectiveness inference is restricted by bench-scale/short testing and no comparator; not robust field-effectiveness evidence.",fulltext_review_complete,batch_fulltext_audit_2026,2026-08-10
S37,analytical_primary,IoT-Enabled Adaptive Watering System With ARIMA-Based Soil Moisture Prediction for Smart Agriculture,2025,10.1109/access.2025.3532447,verified original seed,E1,verified_metadata,inaccessible_after_lawful_retrieval_attempts,,irrigation_outdoor,medium,unspecified,low,unspecified,low,"title: 'ARIMA-Based Soil Moisture Prediction' (forecasting, not a control strategy in taxonomy) | Full-text audit: No correction justified. Retain caution that ARIMA prediction alone is not a named control strategy until full text confirms its actuator/decision role.",not_assessable,No reviewed full text or locator.,not_assessable,No reviewed full text or locator.,not_assessable,No reviewed full text or locator.,not_assessable,No reviewed full text or locator.,not_assessable,No reviewed full text or locator.,not_assessable,No reviewed full text or locator.,not_assessable,Full-text retrieval attempted but no reviewable lawful copy was obtained; method-dependent RoB remains not assessable.,Irrigation relevance is metadata-level only; ARIMA forecast/control integration and evaluation cannot be established.,retrieval_attempted_fulltext_unavailable,batch_fulltext_audit_2026,2026-08-10
S38,analytical_primary,"Smart IoT Irrigation System Based on Fuzzy Logic, LoRa, and Cloud Integration",2024,10.3390/electronics13101949,verified original seed,E3,full_text,fulltext_reviewed,"Electronics 2024, 13, 1949, pp. 1–18: Materials and Methods pp. 3–10 (Tables 1–3, Figs. 1–7); Results pp. 10–16 (Figs. 8–14); Conclusions pp. 16–17.",irrigation_outdoor,medium,LoRaWAN_LPWAN,high,Fuzzy_PID,high,"title: 'Fuzzy Logic, LoRa, and Cloud Integration' | Full-text audit: Confirm P=irrigation, N=LoRa plus cloud/fog service, C=fuzzy continuous controller with forecast-adjusted reference, E=HiL tests (including four-day comparator). Qualify all water-saving statements as HiL/model evidence, not field crop evidence.",high,All validation is laboratory hardware-in-the-loop (HiL) water-balance modelling rather than a crop deployment (Materials and Methods pp. 3–10; Conclusions p. 16).,some_concerns,"A fuzzy controller is compared with hysteretic on/off control over a four-day simulated experiment, but matched tuning and independent replication are not established (Results, Fig. 12 and text pp. 12–14).",some_concerns,"VWC tracking and water input are defined, but results are model/HiL outcomes with no measured crop outcome or field uncertainty (Results pp. 10–16).",unclear,"The report does not state repetitions, random seeds, failed runs, or exclusions for the HiL experiments (Results pp. 10–16).",some_concerns,"Model parameters, fuzzy output values/rules, and architecture are reported (Tables 1–3; Figs. 1–7), but no code, raw traces, or executable configuration is provided.",high,"For the forecast experiment, historical weather data are used and the authors state the contemporaneous forecasts could not be accessed, so forecast error was introduced; this does not demonstrate a prospectively available forecast stream (Results pp. 14–16).",high,Locator-backed full-text adapted RoB audit.,"Mechanistic/HiL evidence for LoRa-cloud fuzzy irrigation control, not deployed irrigation or crop-effectiveness evidence.",fulltext_review_complete,batch_fulltext_audit_2026,2026-08-10
S39,analytical_primary,Evaluation of event-based irrigation system control scheme for tomato crops in greenhouses,2017,10.1016/j.agwat.2016.08.008,verified original seed,E1,verified_metadata,inaccessible_after_lawful_retrieval_attempts,,greenhouse_microclimate,high,unspecified,low,ETC_event_triggered,high,"title: 'event-based irrigation system control scheme ... tomato crops in greenhouses' | Full-text audit: No correction; retain event-triggered classification based only on title metadata, pending locator-backed review.",not_assessable,No reviewed full text or locator.,not_assessable,No reviewed full text or locator.,not_assessable,No reviewed full text or locator.,not_assessable,No reviewed full text or locator.,not_assessable,No reviewed full text or locator.,not_assessable,No reviewed full text or locator.,not_assessable,Full-text retrieval attempted but no reviewable lawful copy was obtained; method-dependent RoB remains not assessable.,"Title indicates direct greenhouse tomato event-based irrigation relevance, but evaluative design/findings cannot be asserted without full text.",retrieval_attempted_fulltext_unavailable,batch_fulltext_audit_2026,2026-08-10
S40,analytical_primary,System Design of Online Monitoring and Controlling System Based on Zigbee in Greenhouse,2015,10.1007/978-3-319-19620-6_76,verified original seed,E2,full_text,fulltext_reviewed,"Full text (HAL deposit inria hal-01420287), Sections 1-4; in particular Section 2.3 (coordinator design), Section 3 with Figs. 9-12 (control logic/software), and Section 4 (Results and Conclusion).",greenhouse_microclimate,high,ZigBee,high,unspecified,low,"title: 'Based on Zigbee in Greenhouse' (monitoring/controlling, no named strategy) | Full-text audit: No correction justified; retain ZigBee classification but leave control strategy/evaluation unspecified. | Full-text audit (pass 2): The full text confirms P=greenhouse temperature/humidity context, N=ZigBee star network, and C=automatic threshold-triggered relays for humidifiers, fans, sprayers, and heating (Sections 1-3). Reclassify E as qualitative prototype/functionality evidence rather than a quantified performance, water-use, or yield evaluation; the supported tier is E2, not E3.",high,"The reported evaluation is a single four-node star network (one coordinator and three end nodes) about 70 m apart; no greenhouse site, crop, operating duration, or replication is reported (Section 4).",not_assessable,"No concurrent comparator system, baseline, or alternative control/network configuration is evaluated; Section 4 reports functionality of the implemented network only.",high,"Section 4 reports qualitative functional observations (node addresses, LCD showing 0 after an end node is removed, temperature/humidity display restored on rejoin) without defining any numerical metric, unit, measurement window, or quantitative monitoring/control result.",some_concerns,"Node removal and rejoin behaviour is described (Section 4), but no repetitions, packet/run denominators, failed runs, missing observations, or missing-data rule are reported.",high,"Hardware and logic are described (Sections 1-3; Figs. 1-12), but no source code, raw temperature/humidity series, threshold values, complete test protocol, or reproducible experimental artifact is supplied.",not_assessable,"The system is described as real-time threshold-based relay control (Sections 2.3 and 3; Fig. 9), not a predictive-model evaluation, so no temporal validation protocol applies.",high,Locator-backed full-text adapted RoB audit (pass-2 lawful OA retrieval).,"Agricultural application evidence: a greenhouse ZigBee prototype for temperature/humidity monitoring and threshold relay control. It is engineering feasibility evidence only, with limited reported deployment context and no quantitative or comparative agricultural-effectiveness outcome.",fulltext_review_complete,pass2_fulltext_audit_2026,2026-08-10
S41,analytical_primary,Research on Precision Paddy Field Irrigation Control Technology Based on Multi-Source Sensing Hybrid Model,2025,10.62762/dia.2025.680966,verified original seed,E3,full_text,fulltext_reviewed,Full text pp.15--20; Sections 2.1--2.7 pp.15--18; Tables 3--9 pp.19--20.,irrigation_outdoor,high,unspecified,low,unspecified,low,"title: 'Precision Paddy Field Irrigation ... Multi-Source Sensing Hybrid Model' (hybrid refers to model, not control)",some_concerns,"Two-year 80-ha field study at one rice farm, three blocks/treatment (p.15).",some_concerns,Control and RCBD stated; allocation/co-intervention balance incompletely described (p.15).,low,"Two seasons with defined irrigation, yield, nitrogen, accuracy and stability outcomes (pp.15,18--20).",some_concerns,"Failures reported, but missingness and exclusions not quantified (pp.16,20).",some_concerns,Methods detailed; no code/raw field data/model artifact (pp.15--18).,some_concerns,70/15/15 split not stated chronological; interpolation/LSTM may use future information (pp.16--17).,some_concerns,Locator-backed full-text audit using adapted D1--D6 engineering RoB framework.,Two-season single-farm comparative field evidence; limited external validity.,fulltext_review_complete,independent_fulltext_review_2026,2026-08-09
S42,analytical_primary,Sustainable Smart Irrigation System (SIS) using solar PV with rainwater harvesting technique for indoor plants,2025,10.1371/journal.pone.0316911,verified original seed,E2,full_text,fulltext_reviewed,Full text; system design Figs.1--7/Tables 2--3; results PDF pp.17--25; S1--S3 Tables p.25.,irrigation_outdoor,low,unspecified,low,unspecified,low,title: '... for indoor plants' (indoor conflicts with outdoor; verify application),some_concerns,Indoor prototype with short subsystem tests; limited sites/crops/conditions (pp.17--25).,not_assessable,No concurrent irrigation comparator (pp.17--25).,some_concerns,Short hardware horizons; no long-term plant/water outcome (p.25).,some_concerns,No missing-run/exclusion protocol (p.25).,some_concerns,"Architecture/specifications supplied; no code/raw dataset (Figs.1,5--7; Tables 2--3).",not_assessable,"Real-time prototype, no predictive validation protocol.",some_concerns,Locator-backed full-text audit using adapted D1--D6 engineering RoB framework.,Indoor implementation evidence; not comparative field effectiveness.,fulltext_review_complete,independent_fulltext_review_2026,2026-08-09
S43,analytical_primary,A Solar-Powered Fertigation System Based on Low-Cost Wireless Sensor Network Remotely Controlled by Farmer for Irrigation Cycles and Crops Growth Optimization,2020,10.24425/ijet.2019.130266,verified original seed,E2,full_text,fulltext_reviewed,Full text pp.59--68; Section IV pp.63--64; Section V pp.66--67; Fig.18.,irrigation_outdoor,medium,unspecified,low,unspecified,low,"title: 'Fertigation System ... Wireless Sensor Network ... Irrigation Cycles' (remotely controlled by farmer, no algorithm)",high,Only a short generic-node test; no seasonal/site/crop deployment results (p.67).,not_assessable,No concurrent comparator (Sections IV--V).,high,Short acquisition trend only; no water/fertilizer/crop horizon (p.67).,some_concerns,Retries described but failures/packets/exclusions not quantified (pp.63--67).,high,No agronomic model/code/configuration/raw data (Sections IV--V).,unclear,Forecast source and temporal availability unspecified (Abstract; Section IV).,high,Locator-backed full-text audit using adapted D1--D6 engineering RoB framework.,WSN/fertigation architecture feasibility only.,fulltext_review_complete,independent_fulltext_review_2026,2026-08-09
S44,analytical_primary,Design and Implementation of an Autonomous Intelligent Fertigation System for Cross-Regional Applications,2025,10.3390/act14090413,verified original seed,E2,full_text,fulltext_reviewed,"Actuators 2025, 14, 413: Sections 2–4, Figs. 1–14/Tables 1–3; Experimental Setup and Results, Section 5, Tables 4–8 and Figs. 15–23; Discussion §6, especially scalability limitation; Conclusions §7.",irrigation_outdoor,medium,unspecified,low,unspecified,low,"title: 'Autonomous Intelligent Fertigation System' ('intelligent' vague, no named strategy) | Full-text audit: Confirm P=tomato greenhouse fertigation, N=ESP8266/WiFi and UART data interconnection, C=closed-loop iris delivery and slope-adaptive fuzzy PID, E=prototype/ramp/flow/vision tests. Correct application framing from broad outdoor irrigation to small greenhouse prototype plus simulated slopes; qualify cross-regional applicability.",some_concerns,"Ramp tests use randomized order and three repetitions per slope, but the crop field test is one 3 m² tomato greenhouse and does not represent cross-regional deployment (Section 5, slope-test text/Table 6; §6 scalability limitation).",some_concerns,"Prototype performance is measured, but there is no concurrent conventional-fertigation comparator; the comparisons in Table 9 are literature/design comparisons rather than matched experimental arms (Section 5; Table 9/§6).",some_concerns,"Flow, irrigation/fertilization deviations, ramp speed, and vision mAP are defined (Tables 4, 6–8; Figs. 18, 22–23), but short prototype outcomes do not establish seasonal agronomic benefit.",some_concerns,"Three repetitions/random order are stated for slope testing and slippage at 39° is reported, but missing observations, failed runs, and exclusions are not comprehensively accounted for (Section 5, Tables 4 and 6).",some_concerns,"System parameters, design, and tables are detailed (Sections 2–5), but source code, raw experiment data, full fuzzy tuning artefacts, and vision dataset are not supplied.",some_concerns,"YOLOv5s uses a 70/20/10 train/validation/test split (Section 5), but split grouping/temporal separation and independence from deployment images are not specified.",some_concerns,Locator-backed full-text adapted RoB audit.,"Direct fertigation prototype evidence, but its ‘cross-regional’ claim is constrained by one small greenhouse plus simulated slope tests; no crop-yield or economic-effectiveness inference.",fulltext_review_complete,batch_fulltext_audit_2026,2026-08-10
S45,analytical_primary,Research and Development of an IoT Smart Irrigation System for Farmland Based on LoRa and Edge Computing,2025,10.3390/agronomy15020366,verified original seed,E2,full_text,fulltext_reviewed,"PDF pp. 1–27; §2 Materials and Methods; §3.1 System Communication Tests, pp. 19–21, Figs. 10–12; §3.2 System Irrigation Demonstration, pp. 21–26, Table 5 and Figs. 13–18; §4, p. 26.",irrigation_outdoor,high,LoRaWAN_LPWAN,high,unspecified,low,"title: 'Smart Irrigation ... for Farmland Based on LoRa and Edge Computing' | Full-text audit: P, N and C are verified (winter-wheat irrigation; LoRa/4G edge architecture; moisture/ET-informed solenoid-valve actuation). E is limited to communication and soil-moisture demonstration; do not represent this as yield/water-saving comparative evidence.",some_concerns,"A real-world wheat grain-filling demonstration used two plots (§3.2), but allocation, replication, and site/season sampling are not described as a comparative design.",not_assessable,The two monitored plots demonstrate the system; §3.2/Table 5/Figs. 17–18 do not define a concurrent conventional-irrigation or alternative-network comparator.,some_concerns,"RSSI/SNR/transmission time and soil-moisture trajectories are presented (§3.1–3.2; Figs. 11–12, 17–18), but the short grain-filling demonstration does not report yield or a prespecified irrigation-effect outcome.",unclear,"The methods acknowledge that LoRa communication may fail to record valid data (§2), but §3 does not quantify attempted versus retained transmissions, missing sensor data, or exclusions.",some_concerns,"Hardware, thresholds and irrigation parameters are described (§2; Tables 2–5), but no raw telemetry, analysis code, or complete trial dataset is supplied.",unclear,"ET0/crop-coefficient irrigation inputs are described (§2), but no prospective decision-time data-availability or independent validation protocol is specified.",high,Locator-backed full-text adapted RoB audit.,"Direct farmland/wheat and LoRa-edge implementation evidence, but only a short two-plot system demonstration rather than comparative agronomic effectiveness evidence.",fulltext_review_complete,batch_fulltext_audit_2026,2026-08-10
S46,context_secondary,Leveraging LoRaWAN technology for precision agriculture in greenhouses,2020,10.3390/s20071827,verified replacement,E2,full_text,fulltext_reviewed,"PDF pp. 1–10; §3 Materials, Methods and Field Tests in a Greenhouse, pp. 3–6, Tables 3–4 and Figs. 3–8; §4 Results and Discussion, pp. 6–8, Tables 5–7 and Figs. 9–10; §6, p. 8.",greenhouse_microclimate,high,LoRaWAN_LPWAN,high,unspecified,low,"title: 'Leveraging LoRaWAN ... in greenhouses' (networking paper, no control strategy) | Full-text audit: P and N are verified (tomato greenhouse; LoRaWAN). C is not an evaluated closed-loop intervention and E is sensor/power monitoring only. Code this as network-monitoring evidence, not control effectiveness.",some_concerns,"Deployment is at one research greenhouse (PCH, Hoogstraten) with tomato crop (§3); the report says the system was tested across three tomato growth cycles (§4), but sampling/replication across greenhouses is not defined.",not_assessable,"The study reports a deployed LoRaWAN monitoring configuration, not a concurrent comparison with another network/control system (§§3–4).",some_concerns,"One-month August sensor variation and a per-message power measurement are reported (§4, Tables 5–6), but no packet-delivery series, actuator/control effect, irrigation, or crop-performance outcome is evaluated.",unclear,"The article discusses sensor-reading error and deployment challenges (§2–3), but gives no missing-packet, failed-run, exclusion, or data-cleaning accounting for the reported monitoring period.",some_concerns,"The LoRaWAN module configuration and sensor inventory are reported (Tables 3–4), but raw sensor/power observations, code, and a reproducible analysis artifact are absent.",not_assessable,This is a monitoring/deployment study; it does not present a predictive-model validation or train/test temporal protocol.,not_assessable,"Excluded from analytical RoB synthesis: the publisher article type is a secondary review, which the eligibility criteria exclude from primary evidence. The earlier locator-backed reading (previous verdict: high) is retained in the domain columns as a record of what was read, but it does not contribute to the Tier-1 RoB counts.","Direct greenhouse/tomato LoRaWAN monitoring feasibility evidence, but not evidence that a control strategy improves greenhouse or crop outcomes.",tier2_context_not_synthesised,batch_fulltext_audit_2026,2026-08-10
S47,analytical_primary,"Hybrid LoRaWAN–MQTT Architecture for Portable Smart Greenhouses: Cross-Layer Validation of Latency, Energy, and ADMR Trade-Offs",2025,10.1109/access.2025.3643617,verified original seed,E1,verified_metadata,inaccessible_not_reviewable,,greenhouse_microclimate,high,LoRaWAN_LPWAN,high,unspecified,low,"title: 'Hybrid LoRaWAN-MQTT Architecture for ... Smart Greenhouses' ('hybrid' = networking, not control) | Full-text audit: No correction made beyond existing metadata coding; do not claim validated latency, energy, or ADMR findings without full text.",not_assessable,No full text available for locator-backed assessment.,not_assessable,No full text available for locator-backed assessment.,not_assessable,No full text available for locator-backed assessment.,not_assessable,No full text available for locator-backed assessment.,not_assessable,No full text available for locator-backed assessment.,not_assessable,No full text available for locator-backed assessment.,not_assessable,Full-text retrieval attempted but no reviewable lawful copy was obtained; method-dependent RoB remains not assessable.,Metadata title indicates portable-smart-greenhouse LoRaWAN–MQTT architecture; directness and evaluation claims require full text.,retrieval_attempted_fulltext_unavailable,batch_fulltext_audit_2026,2026-08-10
S48,analytical_primary,LoRa-Based Smart Agriculture Monitoring and Automatic Irrigation System,2025,10.4236/jcc.2025.133001,verified original seed,E2,full_text,fulltext_reviewed,Full text pp.1--20; Sections 5.1--5.3 pp.13--17; Table 1; Figs.9--13.,irrigation_outdoor,medium,LoRaWAN_LPWAN,high,unspecified,low,title: 'LoRa-Based ... Automatic Irrigation System',high,"Range test around a university, not diverse agricultural environments (p.15).",not_assessable,No comparator irrigation/communication system (pp.13--17).,some_concerns,Link/power measures reported; no irrigation/water/crop outcome horizon (pp.15--17).,some_concerns,"Signal loss reported, but packet attempts/PDR/actions/exclusions absent (p.15).",high,No code/raw experiment/cloud configuration (pp.9--15).,unclear,No timestamped decision or temporal-separation protocol (pp.7--13).,high,Locator-backed full-text audit using adapted D1--D6 engineering RoB framework.,Prototype communications evidence; not irrigation-effectiveness evidence.,fulltext_review_complete,independent_fulltext_review_2026,2026-08-09
S49,analytical_primary,Wireless sensor networks for greenhouse climate and plant condition assessment,2017,10.1016/j.biosystemseng.2016.11.005,verified replacement,E1,verified_metadata,inaccessible_not_reviewable,,greenhouse_microclimate,high,unspecified,low,unspecified,low,title: 'Wireless sensor networks for greenhouse climate ... assessment' (WSN protocol not named; monitoring) | Full-text audit: No full-text PNCE correction possible; retain as monitoring-oriented metadata classification only.,not_assessable,No full text available for locator-backed assessment.,not_assessable,No full text available for locator-backed assessment.,not_assessable,No full text available for locator-backed assessment.,not_assessable,No full text available for locator-backed assessment.,not_assessable,No full text available for locator-backed assessment.,not_assessable,No full text available for locator-backed assessment.,not_assessable,Full-text retrieval attempted but no reviewable lawful copy was obtained; method-dependent RoB remains not assessable.,Title indicates greenhouse climate/plant-condition WSN assessment; whether it evaluates control remains unverified.,retrieval_attempted_fulltext_unavailable,batch_fulltext_audit_2026,2026-08-10
S50,analytical_primary,WIRELESS SENSOR NETWORK BASED REMOTE DRIP IRRIGATION SYSTEM,2018,10.21923/jesd.443576,verified original seed,E1,verified_metadata,inaccessible_not_reviewable,,irrigation_outdoor,high,unspecified,low,unspecified,low,title: 'WIRELESS SENSOR NETWORK BASED REMOTE DRIP IRRIGATION' (WSN protocol not named) | Full-text audit: No full-text PNCE correction possible.,not_assessable,No full text available for locator-backed assessment.,not_assessable,No full text available for locator-backed assessment.,not_assessable,No full text available for locator-backed assessment.,not_assessable,No full text available for locator-backed assessment.,not_assessable,No full text available for locator-backed assessment.,not_assessable,No full text available for locator-backed assessment.,not_assessable,Full-text retrieval attempted but no reviewable lawful copy was obtained; method-dependent RoB remains not assessable.,Title indicates remote drip irrigation using WSN; design/evaluation scope remains unverified.,retrieval_attempted_fulltext_unavailable,batch_fulltext_audit_2026,2026-08-10
S51,technical_support_primary,IoT Based Smart Automated Agriculture and Real Time Monitoring System,2021,10.1109/icosec51865.2021.9591855,verified original seed,E1,verified_metadata,inaccessible_not_reviewable,,ncs_iot_platform,medium,unspecified,low,unspecified,low,title: 'IoT Based Smart Automated Agriculture ... Monitoring System' (generic platform) | Full-text audit: No full-text PNCE correction possible.,not_assessable,No full text available for locator-backed assessment.,not_assessable,No full text available for locator-backed assessment.,not_assessable,No full text available for locator-backed assessment.,not_assessable,No full text available for locator-backed assessment.,not_assessable,No full text available for locator-backed assessment.,not_assessable,No full text available for locator-backed assessment.,not_assessable,Full-text retrieval attempted but no reviewable lawful copy was obtained; method-dependent RoB remains not assessable.,Generic IoT agriculture platform title; it remains indirect technical-support evidence pending full text.,retrieval_attempted_fulltext_unavailable,batch_fulltext_audit_2026,2026-08-10
S52,analytical_primary,"Design, Implementation, and Empirical Validation of an IoT Smart Irrigation System for Fog Computing Applications Based on LoRa and LoRaWAN Sensor Nodes",2020,10.3390/s20236865,verified original seed,E2,full_text,fulltext_reviewed,"PDF pp. 1–18; §3 Propagation Modelling, pp. 5–8; §4 Simulation Results, pp. 8–11, Tables 3–5 and Figs. 11–14; §5 Experiments, pp. 11–16, Tables 6–9 and Figs. 15–20; §6, p. 16.",irrigation_outdoor,medium,LoRaWAN_LPWAN,high,unspecified,low,title: '... Based on LoRa and LoRaWAN Sensor Nodes' | Full-text audit: P/N/E are verified as smart-irrigation communication testbeds and RF simulation/measurement. The claimed ‘smart irrigation system’ does not itself evaluate irrigation actuation or crop/water outcomes; restrict E to communications performance.,some_concerns,"Evidence derives from two purpose-built outdoor testbeds and selected gateway/node locations (§5.1–5.2), limiting representativeness of irrigated farms and hardware/network configurations.",some_concerns,"LoRaWAN 868 MHz and LoRa 433 MHz systems are both tested (§5.1–5.3), but they use different protocols, frequencies and hardware; this is not a matched comparison of irrigation strategies.",some_concerns,"Measured RF power is compared with 3D ray-launching simulations (§§4–5; Figs. 11–14 and Tables 9), but the outcomes are propagation/link measures, not irrigation, water-use, or crop outcomes.",some_concerns,"Test procedures and positions are described (§5.2), but attempted/failed transmissions, retained observations, and exclusions are not fully enumerated.",some_concerns,"Simulation parameters and testbed specifications are reported (Tables 3–8), but raw measurements, 3D environment/model files, and executable analysis artifacts are not supplied.",not_assessable,The paper validates deterministic RF propagation simulation against measurements; it does not report a predictive learning train/test workflow to assess temporal leakage.,some_concerns,Locator-backed full-text adapted RoB audit.,"Relevant LoRa/LoRaWAN deployment and propagation evidence for irrigation-node communications, but indirect for effectiveness of an irrigation-control intervention.",fulltext_review_complete,batch_fulltext_audit_2026,2026-08-10
S55,analytical_primary,Design of IoT Monitoring System Based on LoRaWAN Architecture for Smart Green House,2022,10.1088/1755-1315/1012/1/012090,verified original seed,E2,full_text,fulltext_reviewed,Full text pp.1--6; Methods pp.2--4; Table 1/Fig.5 p.5.,greenhouse_microclimate,high,LoRaWAN_LPWAN,high,unspecified,low,title: 'LoRaWAN Architecture for Smart Green House' (monitoring),high,Point-to-point line-of-sight 100--1000 m trials only (pp.2--4).,not_assessable,No concurrent comparator (pp.2--5).,some_concerns,"RSSI/SNR reported; PDR, duration and greenhouse outcome absent (pp.3,5).",high,"Collisions acknowledged but not quantified; missing/excluded runs absent (pp.3,5).",high,"No code, exact transmission config or raw observations (pp.3--5).",not_assessable,Monitoring/link study; no predictive validation.,high,Locator-backed full-text audit using adapted D1--D6 engineering RoB framework.,LoRaWAN link/monitoring evidence only.,fulltext_review_complete,independent_fulltext_review_2026,2026-08-09
S56,analytical_primary,Research and Design of Greenhouse Environment Monitoring System Based on NB-IoT,2021,10.1109/ccdc52312.2021.9601377,verified original seed,E1,verified_metadata,inaccessible_not_reviewable,,greenhouse_microclimate,high,NB-IoT,high,unspecified,low,title: 'Greenhouse Environment Monitoring System Based on NB-IoT' | Full-text audit: No full-text PNCE correction possible; avoid treating monitoring as proven control.,not_assessable,No full text available for locator-backed assessment.,not_assessable,No full text available for locator-backed assessment.,not_assessable,No full text available for locator-backed assessment.,not_assessable,No full text available for locator-backed assessment.,not_assessable,No full text available for locator-backed assessment.,not_assessable,No full text available for locator-backed assessment.,not_assessable,Full-text retrieval attempted but no reviewable lawful copy was obtained; method-dependent RoB remains not assessable.,Metadata indicates an NB-IoT greenhouse monitoring system; full-text validation/effectiveness is unverified.,retrieval_attempted_fulltext_unavailable,batch_fulltext_audit_2026,2026-08-10
S57,technical_support_primary,Smart Agriculture: Automated Controlled Monitoring System using Internet of Things,2019,10.35940/ijrte.c6538.098319,verified original seed,E2,full_text,fulltext_reviewed,"PDF pp. 1–7; §III Proposed Automated Monitoring and Control System, pp. 3–4, Figs. 2–4 and Table 1; §IV Experimental Analysis and Results, pp. 5–6; §V Conclusion, p. 6.",ncs_iot_platform,medium,unspecified,low,unspecified,low,title: 'Automated Controlled Monitoring System using Internet of Things' (generic IoT platform) | Full-text audit: P and N are supported (hydroponic CEA and IoT/Wi-Fi architecture). C is an alert/threshold architecture but closed-loop actuator effect is not quantitatively evaluated; E is only a descriptive prototype display. Do not use for effectiveness claims.,high,"The report describes a prototype tested on a tomato plant (§III/§IV); no sites, replications, duration, sampling frame, or agricultural deployment selection is reported.",not_assessable,"No concurrent control system, manual practice, or alternative architecture is compared (§IV).",high,"§IV offers descriptive sensor-display narrative and seasonal background values, stating results are ‘relatively close to real world’; it gives no defined numerical performance endpoints, error statistic, water, crop, or control outcome.",unclear,"No test-run count, missing-data/failure definition, exclusions, or handling protocol is reported in §§III–IV.",high,"Architecture/algorithm narrative and Table 1 are insufficient to reproduce the implementation; no source code, raw readings, full sensor configuration, or experimental dataset is supplied.",not_assessable,No predictive model validation or temporal data-splitting workflow is reported.,high,Locator-backed full-text adapted RoB audit.,Controlled-environment hydroponic IoT prototype feasibility only; it is indirect technical-support evidence and not a comparative agronomic/control-effect study.,fulltext_review_complete,batch_fulltext_audit_2026,2026-08-10
S58,analytical_primary,Wireless sensor network to identify the reduction of meteorological gradients in greenhouse in subtropical conditions,2020,10.4081/jae.2020.1105,verified original seed,E3,full_text,fulltext_reviewed,Full text pp.1--7; Methods pp.2--3; Tables 1--3/Fig.2 pp.3--6.,greenhouse_microclimate,high,unspecified,low,unspecified,low,title: 'Wireless sensor network ... meteorological gradients in greenhouse' (measurement study),low,"Five greenhouse configurations, 45 points, ten days/configuration (pp.1--3).",some_concerns,Randomized design stated; order/weather balance/contemporaneous control unclear (p.3).,low,30-s readings for ten days/configuration with defined tests (p.3).,some_concerns,Fan failure noted; handling of anomalous/missing data unclear (p.6).,some_concerns,Sensors/layout/cadence/tests specified; no raw data/scripts (pp.2--3).,not_assessable,"Physical monitoring study, no predictive validation.",some_concerns,Locator-backed full-text audit using adapted D1--D6 engineering RoB framework.,Controlled greenhouse microclimate monitoring; not control/yield evidence.,fulltext_review_complete,independent_fulltext_review_2026,2026-08-09
S59,analytical_primary,Smart Water Management Platform: IoT-Based Precision Irrigation for Agriculture,2019,10.3390/s19020276,verified original seed,E3,full_text,fulltext_reviewed,"Full text, Sections 4–6; pilot descriptions Sections 4.1–4.4 and Figures 2–5; deployment scenarios Sections 5.1–5.5 and Figures 6–10; testbed design Section 6.1/Figure 11; scalability results Section 6.2, Tables 1–2 and Figures 12–13.",irrigation_outdoor,medium,unspecified,low,unspecified,low,"title: 'Smart Water Management Platform ... Precision Irrigation' | Full-text audit: Retain irrigation_outdoor application classification, but qualify outcome evidence as FIWARE testbed/scalability rather than demonstrated water/yield effect.",some_concerns,"Four named agricultural pilot scenarios are described, but performance evaluation abstracts them to a FIWARE testbed rather than sampling farm/seasonal irrigation outcomes (Sections 4, 6.1).",some_concerns,"Cloud/fog deployment scenarios are compared, but no concurrent usual-irrigation or agronomic control is evaluated (Sections 5–6).",some_concerns,"Elapsed-time/scalability measures are defined for the testbed, not direct water/yield endpoints (Sections 6.1–6.2; Table 1; Figure 12).",unclear,"The text reports completion limitations at 15,000 sensors but supplies no prespecified missing-run/exclusion handling (Section 6.2; Table 2).",some_concerns,"Architecture and scenario details are reported, but no code, raw workload traces, or complete reproducible configuration is linked (Sections 5–6).",not_assessable,No predictive validation exercise is the evaluated claim.,some_concerns,Locator-backed full-text adapted RoB audit.,"Directly agriculture-oriented irrigation platform/pilot architecture; the evaluated evidence is infrastructure scalability, not comparative irrigation effectiveness or crop outcome evidence.",fulltext_review_complete,batch_fulltext_audit_2026,2026-08-10
S60,analytical_primary,Monitoring Citrus Soil Moisture and Nutrients Using an IoT Based System,2017,10.3390/s17030447,verified original seed,E3,full_text,fulltext_reviewed,"Full text pp. 1–15; Section 3 (design scheme); Section 4 (System Testing), Figures 7–8; Section 5 (Conclusions).",irrigation_outdoor,medium,unspecified,low,unspecified,low,"title: 'Monitoring Citrus Soil Moisture and Nutrients ... IoT' (citrus orchard, monitoring) | Full-text audit: Retain irrigation_outdoor; code as monitoring/decision-support feasibility, not reliable comparative evidence of the reported yield or resource savings.",high,"One citrus-orchard deployment is described; no sampling frame, sites, seasons, or representativeness plan is reported (Section 4).",not_assessable,"The system advice is said to agree with experts, but no concurrent comparator intervention or allocation is described (Section 4).",high,"The claimed one-year yield/soluble-solids/water-fertilizer changes lack outcome measurement protocol, uncertainty, or independently measured comparator (Section 4).",high,"No accounting for missing sensor data, failed runs, exclusions, or the manually collected nutrient data is supplied (Section 4).",high,"Interface/design descriptions are supplied, but no raw orchard data, code, prespecified analysis, or complete decision-model configuration is provided (Sections 3–4).",not_assessable,No predictive-model validation protocol is reported.,high,Locator-backed full-text adapted RoB audit.,"Citrus-orchard monitoring/decision-support application is direct, but effectiveness claims are weakly documented and non-comparative.",fulltext_review_complete,batch_fulltext_audit_2026,2026-08-10
S61,technical_support_primary,Using a Novel Wireless-Networked Decentralized Control Scheme under Unpredictable Environmental Conditions,2015,10.3390/s151128690,verified original seed,E3,full_text,fulltext_reviewed,Full text pp. 28690–28716; Sections 3.3 and 4.1–4.3; Figures 8–15 (especially scenarios in Figures 10–15).,ncs_iot_platform,medium,unspecified,low,unspecified,low,title: 'Wireless-Networked Decentralized Control Scheme' (scheme type not in taxonomy) | Full-text audit: Technical-support classification is better retained; do not treat as robust comparative agricultural effectiveness evidence.,high,"A small tunnel-type lettuce greenhouse/prototype is used; no multi-site, seasonal, or external validity sampling is described (Sections 4.1–4.2).",not_assessable,Three target-setting scenarios test the proposed system; no concurrent alternative controller is evaluated (Section 4.2).,some_concerns,"Temperature/humidity target tracking is reported, but plant-growth outcomes are limited and measurement/blinding safeguards are absent (Sections 4.2–4.3; Figures 10–15).",high,"The authors note transmission loss/sensor anomalies and say unreliable data can be removed offline, without counts or handling rules (Section 3.3).",some_concerns,"Hardware/control architecture and scenarios are reported, but raw traces, fuzzy-rule/configuration package, and code are unavailable (Sections 2–4).",not_assessable,"This is closed-loop prototype testing, not a predictive validation study.",high,Locator-backed full-text adapted RoB audit.,Greenhouse lettuce microclimate-control feasibility is agriculturally relevant but indirect to field irrigation or crop/yield effectiveness.,fulltext_review_complete,batch_fulltext_audit_2026,2026-08-10
S62,technical_support_primary,A High Availability Networked Control System Architecture for Precision Agriculture,2018,10.1109/comapp.2018.8460420,verified original seed,E1,verified_metadata,inaccessible_after_search,,ncs_iot_platform,high,unspecified,low,unspecified,low,title: 'Networked Control System Architecture for Precision Agriculture' | Full-text audit: No correction; retain technical_support_primary and make no effectiveness inference.,unclear,No accessible full text for locator-backed assessment.,unclear,No accessible full text for locator-backed assessment.,unclear,No accessible full text for locator-backed assessment.,unclear,No accessible full text for locator-backed assessment.,unclear,No accessible full text for locator-backed assessment.,unclear,No accessible full text for locator-backed assessment.,not_assessable,Full-text retrieval attempted but no reviewable lawful copy was obtained; method-dependent RoB remains not assessable.,"Title indicates precision-agriculture NCS architecture, but directness/evaluation cannot be verified without full text.",retrieval_attempted_fulltext_unavailable,batch_fulltext_audit_2026,2026-08-10
S63,analytical_primary,A layered IoT architecture for greenhouse monitoring and remote control,2019,10.1007/s42452-019-0227-8,verified original seed,E3,full_text,fulltext_reviewed,"Full text, Sections 3-5; Fig. 1 (architecture), Tables 1-3 (Wi-Fi allocation and simulation parameters), Sections 4.2-4.3 (three scenarios and metrics), Sections 5.1-5.2 with Figs. 6-8 and Tables 4-6 (Riverbed results), and Section 6 with Table 7 (CTMC case study).",greenhouse_microclimate,medium,unspecified,low,unspecified,low,"title: 'layered IoT architecture for greenhouse monitoring and remote control' (could also be ncs_iot_platform) | Full-text audit: No correction pending full-text retrieval; do not promote OA URL discovery to reviewed evidence. | Full-text audit (pass 2): The full text confirms P=two modelled greenhouses, N=Wi-Fi/Ethernet IoT network with a cloud backend, C=local/remote actuation with controller-failure takeover, and E=auditable simulation evaluation. Retain E3 because comparator conditions, metrics with units, and numeric results are present, but record E specifically as network-simulation performance/reliability evidence, not field-measured agricultural or yield evidence.",high,"The two-greenhouse configuration is a Riverbed Modeler simulation: two modelled 200 m x 40 m greenhouses, each divided into five cells (Section 4.1; Fig. 2). No measured greenhouse deployment, crop-specific operation, or multi-site installation is reported.",some_concerns,"Fault-free operation is compared with two controller-failure scenarios (Section 4.2; Tables 4-6), but the architecture is not compared with an external implementation, an alternative channel-allocation scheme, or a matched non-fault-tolerant design.",some_concerns,"Packet loss and end-to-end delay are defined (Section 4.3) and reported over 33 seeds of 1800 s at 95% confidence (Section 5). However, the zero-packet-loss and no-over-delayed-packet results are Riverbed simulation outputs, not deployment measurements. Maximum total delay is reported in milliseconds in Tables 4-6, including 5.63-6.02 ms and 5.56-5.94 ms in the fault-free scenario.",some_concerns,"Section 5 states 33 seeds of 1800 s and analysis of maximum delay and packet loss, but does not state whether any runs failed, were discarded or rerun, nor give a failed-run rule.",high,"Extensive simulated topology and traffic parameters (Tables 1-3) and numeric results (Tables 4-7) are provided, but no Riverbed model/project file, seed list, simulation scripts, per-seed raw output, or executable configuration is supplied.",not_assessable,"This is a network/control-architecture simulation, not a predictive or learned-decision evaluation. Although Layer 2 is described as processing sensor readings and issuing actuator commands (Section 3.2), no temporal validation protocol is evaluated.",high,Locator-backed full-text adapted RoB audit (pass-2 lawful OA retrieval).,"Within agricultural scope because the architecture, sensors, actuators, and two-greenhouse scenarios are greenhouse-specific. Its evidentiary role is nevertheless technical-support/indirect: all packet-loss and delay claims, including zero packet loss and no over-delayed packets, are Riverbed simulation outputs rather than measured deployment results.",fulltext_review_complete,pass2_fulltext_audit_2026,2026-08-10
S64,technical_support_primary,Context-aware control and monitoring system with IoT and cloud support,2019,10.1016/j.compag.2019.03.005,verified original seed,E1,verified_metadata,inaccessible_after_search,,ncs_iot_platform,medium,unspecified,low,unspecified,low,"title: 'Context-aware control and monitoring system with IoT and cloud' (no crop, generic platform) | Full-text audit: Retain technical_support_primary; no outcome claim should use this record until full text is obtained.",unclear,No accessible full text for locator-backed assessment.,unclear,No accessible full text for locator-backed assessment.,unclear,No accessible full text for locator-backed assessment.,unclear,No accessible full text for locator-backed assessment.,unclear,No accessible full text for locator-backed assessment.,unclear,No accessible full text for locator-backed assessment.,not_assessable,Full-text retrieval attempted but no reviewable lawful copy was obtained; method-dependent RoB remains not assessable.,Generic IoT/cloud control-and-monitoring platform; indirect to agricultural implementation unless full text establishes application/evaluation.,retrieval_attempted_fulltext_unavailable,batch_fulltext_audit_2026,2026-08-10
S65,technical_support_primary,"Stability analysis for networked control systems with sampling, transmission protocols and input delays",2021,10.1016/j.nahs.2020.100974,verified original seed,E1,verified_metadata,inaccessible_after_search,,ncs_iot_platform,medium,unspecified,low,unspecified,low,title: 'Stability analysis for networked control systems ... transmission protocols' (NCS theory; protocols generic) | Full-text audit: Retain technical_support_primary; no application/effectiveness claim is supported at E1.,unclear,No accessible full text for locator-backed assessment.,unclear,No accessible full text for locator-backed assessment.,unclear,No accessible full text for locator-backed assessment.,unclear,No accessible full text for locator-backed assessment.,unclear,No accessible full text for locator-backed assessment.,unclear,No accessible full text for locator-backed assessment.,not_assessable,Full-text retrieval attempted but no reviewable lawful copy was obtained; method-dependent RoB remains not assessable.,NCS stability theory is technical support and indirect for agricultural implementation/effectiveness.,retrieval_attempted_fulltext_unavailable,batch_fulltext_audit_2026,2026-08-10
S66,technical_support_primary,Robust Wireless Sensor and Actuator Networks for Networked Control Systems,2019,10.3390/s19071535,verified original seed,E3,full_text,fulltext_reviewed,Full text pp. 1–36; Sections 4–5; Section 6 and Table 1; Figures 7–16 (Sections 6.1–6.6).,ncs_iot_platform,high,unspecified,low,unspecified,low,"title: 'Wireless Sensor and Actuator Networks for Networked Control Systems' | Full-text audit: Retain technical_support_primary; characterize as comparative simulation evidence, not field agricultural effectiveness.",some_concerns,Simulated 100×100 m layouts/random placements and 36–121 plants limit external realism (Section 6; Table 1).,some_concerns,"A stated centralized baseline is compared, but its favourable assumptions are author-defined and the physical system is not evaluated (Section 6).",some_concerns,"Ten 10^5-slot simulation runs and defined delay/TI measures are reported, but outcomes are model-derived rather than observed deployments (Section 6; Figures 13–16).",unclear,"Simulation run count is stated, but failed-run/exclusion and seed-handling details are not fully reported (Section 6).",some_concerns,"Equations, parameters, and figures are reported, but no simulation code, seeds, or raw outputs are provided (Sections 4–6; Table 1).",not_assessable,No predictive-model validation is undertaken.,some_concerns,Locator-backed full-text adapted RoB audit.,"Useful WSAN/NCS protocol simulation evidence; agriculture is represented as abstract ‘plants’, not a crop/irrigation deployment.",fulltext_review_complete,batch_fulltext_audit_2026,2026-08-10
S67,analytical_primary,Smart &amp; Green: An Internet-of-Things Framework for Smart Irrigation,2019,10.3390/s20010190,verified original seed,E3,full_text,fulltext_reviewed,"Full text pp. 1–31; Sections 4.1–4.2.3 (especially raw data set); Section 5.1–5.3; Tables 1, 3–5; Figures 4–8; Appendix A–B.",irrigation_outdoor,medium,unspecified,low,unspecified,low,"title: 'Internet-of-Things Framework for Smart Irrigation' | Full-text audit: Retain irrigation_outdoor; qualify ‘water savings’ as estimated irrigation-water need under retrospective data/model assumptions, not measured field savings.",high,"Data originate from one cashew field (about 250 trees, nine spots); generalizability across crops, fields, and irrigation contexts is untested (Section 4.2.1; Figure 4).",some_concerns,"Multiple algorithms and management calculations are compared, but this is retrospective computational comparison rather than concurrent irrigation intervention (Sections 4.2.3, 5.1–5.3; Tables 3–5).",some_concerns,"MAE/RMSE and estimated irrigation-water need are defined, but water savings are modelled rather than meter-verified crop/field outcomes (Section 5; Tables 3–5).",high,"Rule-based and outlier-based removals are described, but no complete flow/accounting of discarded observations or sensitivity to exclusions is provided (Section 4.2.2).",high,"Model families and some data provenance are described, but code, full raw data, split files, and executable configurations are not supplied (Sections 4–5).",high,"The reviewed text does not clearly specify a temporally separated holdout/forecasting protocol; model development and evaluation separation is insufficiently reproducible (Sections 4.2.1–4.2.3, 5.2).",high,Locator-backed full-text adapted RoB audit.,"Direct cashew-field soil-moisture/irrigation-management relevance, but findings are retrospective/modelled and not verified irrigation water/crop outcomes.",fulltext_review_complete,batch_fulltext_audit_2026,2026-08-10
