policy,network,seed,rmse_total,iae_total,violation_pct,violation_mag,transmissions,bytes_sent,energy_mj,channel_loss_pct,congestion_drops,avg_aoi,max_aoi,fairness,rmse_temperature,rmse_humidity,rmse_co2,rmse_soil_moisture,rmse_light,rmse_ventilation
periodic_all,good,2026,0.22784069685273564,67.1165675135275,28.88888888888889,18.011149088282327,360,6480,885.6,0.0,1800,150.58333333333334,360.0,0.8351759516315246,0.34375160529755033,0.03862180074316577,0.04200976998973483,0.2781709197318621,0.37584177810981606,0.28864830724428475
round_robin,good,2026,0.18799744577262167,51.97767570518646,41.666666666666664,43.26720644347018,360,6480,885.6,0.0,1800,3.483796296296296,6.0,0.9999941899410716,0.49957670542125837,0.021610139943331014,0.04401619325159152,0.0363872414175494,0.3757695878114335,0.15062480679056614
error_trigger,good,2026,0.21333694680531654,58.33734722548701,27.5,20.759149408524152,360,6450,882.0,0.0,1800,73.61898148148148,360.0,0.48673299517736945,0.3151637238609124,0.03862180074316577,0.04200976998973483,0.24079346232425364,0.37708798615532685,0.2663449377585057
aoi,good,2026,0.19853666272579631,54.85608078550569,47.77777777777778,55.553939518643865,360,6480,885.6,0.0,1795,3.4837962962962963,6.0,0.9999941899410718,0.5623837029380181,0.021467147459852096,0.04354643801604991,0.03640548759326224,0.37592566287502593,0.1514915374725696
risk,good,2026,0.2109336971755121,59.443114511222355,26.666666666666668,18.118531909140213,283,5072,716.64,0.0,345,101.63796296296296,360.0,0.6244673705766384,0.3210269551558287,0.03862180074316577,0.04200976998973483,0.19945357181024265,0.37584177810981606,0.28864830724428475
cvoi,good,2026,0.18618806707866606,50.14124750405907,27.77777777777778,18.292152769657058,360,6472,884.64,0.0,1768,12.087962962962962,75.0,0.8739644464054837,0.3229005612538475,0.038110042510576335,0.04762697659988296,0.06769637592951441,0.37704132865559453,0.2637531175225807
periodic_all,good,2027,0.24877697756808761,73.69776361046756,33.333333333333336,20.492430565828027,360,6480,885.6,0.0,1800,150.58333333333334,360.0,0.8351759516315246,0.3436277438702862,0.04482779534757243,0.039641216872980875,0.35978508346242516,0.3810939102360508,0.32368611561921007
round_robin,good,2027,0.18860603441626814,52.20381510878508,45.0,43.347494708765026,360,6480,885.6,0.0,1800,3.483796296296296,6.0,0.9999941899410716,0.49697414567789555,0.02197336382679994,0.03806672615762914,0.03715511868238306,0.38089806705807344,0.15656878509482772
error_trigger,good,2027,0.21917674922121946,59.85094853997477,31.666666666666668,21.272343785855597,360,6440,880.8,0.0,1800,63.40833333333334,360.0,0.5280994715389102,0.3156298337087147,0.04482779534757243,0.04808032567341013,0.24792831471347476,0.3810939102360508,0.27750031564809396
aoi,good,2027,0.20122750559468786,55.505847243298255,52.22222222222222,56.99816464405806,360,6480,885.6,0.0,1795,3.4837962962962963,6.0,0.9999941899410718,0.5657580136507296,0.02251674810642182,0.038477875755298256,0.03697051697526769,0.38084265461675293,0.16279922446365702
risk,good,2027,0.20240258693080374,56.79954929407969,31.944444444444443,18.05846844816387,286,5110,721.1999999999999,0.0,311,75.05972222222222,360.0,0.5013196341890203,0.31148672924274956,0.04482779534757243,0.039641216872980875,0.212091292003144,0.3810939102360508,0.22527457788232488
cvoi,good,2027,0.18200274263289462,48.14527590153798,33.333333333333336,19.233580478260308,360,6472,884.64,0.0,1761,11.780092592592593,74.0,0.8749538152843205,0.324309121306787,0.043827211738255746,0.0407340819264835,0.038794693918212754,0.3811940952667627,0.26315725164086595
periodic_all,good,2028,0.23383320500005764,68.69944417817068,33.05555555555556,21.10815518747634,360,6480,885.6,0.0,1800,150.58333333333334,360.0,0.8351759516315246,0.3448066218563921,0.09482917171038226,0.04044533614463127,0.2611595418281092,0.39928772165080556,0.2624708368100255
round_robin,good,2028,0.18794992785205347,51.629251994269964,41.94444444444444,42.86958153060428,360,6480,885.6,0.0,1800,3.483796296296296,6.0,0.9999941899410716,0.49290338121969623,0.021052956217089212,0.039309591483382804,0.041253081049021006,0.37916515250225513,0.15401540464087637
error_trigger,good,2028,0.20562202299292573,57.460506961704844,29.72222222222222,18.85062120543188,360,6438,880.56,0.0,1800,60.947222222222216,360.0,0.5135070130401543,0.31548373633373145,0.08519364971717744,0.04044533614463127,0.20509660938207344,0.37919075161179355,0.2083220547681473
aoi,good,2028,0.20027190022506655,54.83561634297315,49.166666666666664,57.658056410974616,360,6480,885.6,0.0,1795,3.4837962962962963,6.0,0.9999941899410718,0.567867085601839,0.021619856676783372,0.03886539967792729,0.04210323229099715,0.37856483489759596,0.15261099220525648
risk,good,2028,0.2259780683260065,63.720344466546045,29.444444444444443,22.242896688312022,296,5304,744.48,0.0,314,77.85601851851851,360.0,0.5325688816885421,0.31137936298104835,0.09482917171038226,0.04044533614463127,0.22765596958406015,0.37919075161179355,0.3023678179241235
cvoi,good,2028,0.18267257495472766,48.22480371933585,30.0,17.83293248341701,360,6474,884.88,0.0,1770,11.839814814814815,75.0,0.8793778289108269,0.32397942777954936,0.05080839404073214,0.03877050847690597,0.08980541602769224,0.3799765374022976,0.21269516600118865
periodic_all,good,2029,0.23282325203070495,68.84705410126844,33.888888888888886,20.70841901862091,360,6480,885.6,0.0,1800,150.58333333333334,360.0,0.8351759516315246,0.34417212189181456,0.0562228647852712,0.03756461447845061,0.3083199349260179,0.3955366579574878,0.25512331814518757
round_robin,good,2029,0.19050406983669843,52.67296970520672,45.27777777777778,46.36148112269545,360,6480,885.6,0.0,1800,3.483796296296296,6.0,0.9999941899410716,0.5074239185787269,0.022026269992074802,0.03543529417383642,0.03852161857391681,0.3866590823374038,0.15295823536423175
error_trigger,good,2029,0.2260340762440397,62.92620057252489,31.11111111111111,24.577370067005656,360,6430,879.6,0.0,1800,40.926388888888894,265.0,0.5951980727304287,0.30370523109001507,0.11407908458722146,0.05652619640050416,0.27309191752828466,0.3870880177988496,0.2217140100593634
aoi,good,2029,0.20090283221148075,55.19530662918543,50.55555555555556,58.36947629691353,360,6480,885.6,0.0,1795,3.4837962962962963,6.0,0.9999941899410718,0.5666768890497077,0.02245052935003997,0.035645001597729375,0.037100924440765334,0.3864963058328608,0.15704734299778123
risk,good,2029,0.23145079646913572,63.879391744317864,30.555555555555557,28.954577377913996,282,5034,712.0799999999999,0.0,325,87.5324074074074,360.0,0.5897005405536826,0.2946550357432092,0.0562228647852712,0.03756461447845061,0.28499245230601417,0.3866777342112089,0.3285920772906603
cvoi,good,2029,0.19030996925495303,50.06674561286607,30.833333333333332,21.697644517961663,359,6456,882.72,0.0,1765,11.437962962962963,73.0,0.8883539610095881,0.313990532385646,0.030723460232124643,0.036277745581752584,0.08245912463596108,0.3871558482736045,0.29125310442062935
periodic_all,good,2030,0.2766046959091711,84.23034463690699,86.11111111111111,50.831327907702544,360,6480,885.6,0.0,1800,150.58333333333334,360.0,0.8351759516315246,0.34423954528773304,0.05503068780092239,0.042083829147358344,0.5005751283961133,0.413287375869464,0.3044116089534355
round_robin,good,2030,0.19170152740761293,53.23054663410236,45.27777777777778,46.37307818590822,360,6480,885.6,0.0,1800,3.483796296296296,6.0,0.9999941899410716,0.5025967238263168,0.020541831785171508,0.03955930393168407,0.038515685280014214,0.3930117750818793,0.15598384454061173
error_trigger,good,2030,0.20808690745755443,56.51093759196107,32.5,21.503753919316637,360,6454,882.48,0.0,1800,77.84768518518518,360.0,0.5281278390967086,0.31178731745397836,0.05503068780092239,0.042083829147358344,0.17897514666223643,0.393567985134616,0.26707647854621486
aoi,good,2030,0.2025926884881486,56.12037006954304,52.5,59.23983977272566,360,6480,885.6,0.0,1795,3.4837962962962963,6.0,0.9999941899410718,0.5676023644284809,0.020823105306025824,0.03908651765241388,0.039280997523009294,0.3927213581103832,0.1560417879085784
risk,good,2030,0.2175975172089053,60.901011182008006,31.944444444444443,21.018676856270652,287,5132,723.84,0.0,308,82.05601851851851,360.0,0.5644146703896952,0.3046917549708286,0.05503068780092239,0.042083829147358344,0.21978932151450795,0.39316146689501763,0.290828042924797
cvoi,good,2030,0.18479475058197314,49.791624060249546,32.22222222222222,19.728235469653285,360,6476,885.12,0.0,1775,12.369907407407405,77.0,0.8795074960287177,0.3200552749185153,0.03920902318791321,0.05282111250071603,0.058474192011344954,0.39323623300326405,0.24497266787008523
periodic_all,good,2031,0.21071330028500226,59.78935294090437,35.55555555555556,23.834573633884705,360,6480,885.6,0.0,1800,150.58333333333334,360.0,0.8351759516315246,0.3449594833352265,0.04661430811446908,0.06418909355883273,0.09133103310251664,0.4005638011686615,0.3166220824303072
round_robin,good,2031,0.19155619161793835,52.78707486342747,46.111111111111114,44.57810037872527,360,6480,885.6,0.0,1800,3.483796296296296,6.0,0.9999941899410716,0.4969155694581565,0.021178017484311338,0.04068172001923451,0.035902902374804854,0.38952580865000463,0.16513313172111818
error_trigger,good,2031,0.18294745832829395,50.98933136918236,32.5,18.582238606187456,360,6464,883.68,0.0,1800,66.89907407407408,360.0,0.5537976192320425,0.31117975859358676,0.06493235388369654,0.06418909355883273,0.10621216846888802,0.38996750271259667,0.16120387275216286
aoi,good,2031,0.20283803286535804,55.82584849598657,53.05555555555556,58.77800941978566,360,6480,885.6,0.0,1795,3.4837962962962963,6.0,0.9999941899410718,0.5674267690130594,0.020888771409804448,0.0407444607302049,0.033476187861609934,0.38957028102320873,0.16492172715426076
risk,good,2031,0.21503818967407287,59.44743276745041,32.5,21.423858077318638,283,5078,717.36,0.0,328,98.3087962962963,360.0,0.6758586800214778,0.3055970333457555,0.04661430811446908,0.06418909355883273,0.15266213496239425,0.38996750271259667,0.33119906535038907
cvoi,good,2031,0.18078769701488615,48.39776144522194,32.22222222222222,19.276404470142857,359,6458,882.9599999999999,0.0,1768,12.544907407407408,74.0,0.8808293984141621,0.3118252366254044,0.04750724119580204,0.053426985306528514,0.038052159971298634,0.38959114348323964,0.24432341550704365
periodic_all,good,2032,0.30513342911646585,95.70474907228004,58.888888888888886,38.54652641575693,360,6480,885.6,0.0,1800,150.58333333333334,360.0,0.8351759516315246,0.3435128678681647,0.16511281388379362,0.05781318913813977,0.43307140509465436,0.38577362663633363,0.4455166720777089
round_robin,good,2032,0.18748769112232402,51.801674686077604,41.111111111111114,43.07848959947775,360,6480,885.6,0.0,1800,3.483796296296296,6.0,0.9999941899410716,0.492646583748288,0.022756282456300448,0.03311571549868781,0.041859538632017496,0.37607364499067236,0.15847438140797807
error_trigger,good,2032,0.2213791407350366,62.42258088342907,30.27777777777778,25.275927044065394,360,6426,879.12,0.0,1800,47.89398148148148,360.0,0.38801022779052047,0.3041109023738451,0.14069247504455462,0.05781318913813977,0.2917653216298643,0.3770345366108994,0.15685841961291644
aoi,good,2032,0.1996398007889617,55.32142607995149,48.05555555555556,56.3667728522008,360,6480,885.6,0.0,1795,3.4837962962962963,6.0,0.9999941899410718,0.561979693615146,0.022612915352792654,0.03371799776992886,0.04245539833930105,0.3762132690290993,0.16085953062750236
risk,good,2032,0.2425548720674363,70.36161527964045,29.444444444444443,20.793871332106644,277,4954,702.48,0.0,420,86.71944444444443,360.0,0.5892528844173563,0.29862204183922203,0.16511281388379362,0.05781318913813977,0.20551153542913922,0.3765017018815125,0.3517679502328106
cvoi,good,2032,0.19654642834016178,51.84418819694569,31.11111111111111,22.17706888739633,360,6476,885.12,0.0,1770,11.098611111111111,76.0,0.8947846240614185,0.3178100445826966,0.042693030589379045,0.045043567204696065,0.09408969008353285,0.3774217968345911,0.30222044074607496
periodic_all,good,2033,0.2438307516086946,72.64045912664656,37.77777777777778,21.870917384083267,360,6480,885.6,0.0,1800,150.58333333333334,360.0,0.8351759516315246,0.3445304000063562,0.07428401974546345,0.04689595394687605,0.35310360064266605,0.3849438097198392,0.2592267255909667
round_robin,good,2033,0.19097662856456502,52.526909398247604,45.27777777777778,46.07248669953281,360,6480,885.6,0.0,1800,3.483796296296296,6.0,0.9999941899410716,0.5044495527156356,0.02272682670839491,0.04013088322629917,0.038877285044756224,0.3823554510253928,0.1573197726669114
error_trigger,good,2033,0.21890590442728808,61.103395382419855,32.77777777777778,19.731834318528385,360,6430,879.6,0.0,1800,52.17407407407407,360.0,0.4405194942596266,0.32664784900401145,0.10647009508892016,0.04689595394687605,0.2122540781802845,0.38218295225389554,0.23898449808974095
aoi,good,2033,0.20282235285115593,55.66803574033106,50.833333333333336,59.637908277118456,360,6480,885.6,0.0,1795,3.4837962962962963,6.0,0.9999941899410718,0.5715224030358459,0.022717287676211163,0.04112652490097093,0.037109940806478996,0.3823321103755505,0.16212585031187818
risk,good,2033,0.24240043548631782,65.88010326002436,32.22222222222222,32.7963423274539,283,5066,715.92,0.0,376,78.4662037037037,360.0,0.5328149469471869,0.32133509988476,0.07428401974546345,0.04689595394687605,0.29012415310750084,0.38219060908401953,0.33957277714928685
cvoi,good,2033,0.19294238011796508,50.32891477586484,34.44444444444444,23.70243555905741,359,6458,882.9599999999999,0.0,1768,11.774537037037035,75.0,0.8738523250573678,0.3313696447296258,0.024210979496193875,0.05033599624311173,0.08452521248486872,0.38329712263422433,0.28391532511976597
periodic_all,good,2034,0.1863977894642229,53.31600294373237,31.944444444444443,20.193913631712846,360,6480,885.6,0.0,1800,150.58333333333334,360.0,0.8351759516315246,0.3455727602101664,0.045590566754745154,0.040803410659532045,0.06975594078828967,0.39602021783841257,0.2206438405341914
round_robin,good,2034,0.18579774841338612,51.54945918128279,40.833333333333336,41.353214528993476,360,6480,885.6,0.0,1800,3.483796296296296,6.0,0.9999941899410716,0.48848615016359087,0.022235381809063655,0.0380810998856369,0.03405293795511844,0.3751977472083127,0.15673317345859397
error_trigger,good,2034,0.1668482069242816,46.42812800417138,26.944444444444443,17.03697663921784,360,6480,885.6,0.0,1800,101.03148148148149,360.0,0.6160951112270988,0.3068804739891428,0.045590566754745154,0.040803410659532045,0.06975594078828967,0.37564002548393033,0.1624188238700497
aoi,good,2034,0.19892023120413016,54.80361923397381,47.5,57.06697850015421,360,6480,885.6,0.0,1795,3.4837962962962963,6.0,0.9999941899410718,0.5665948262900234,0.02191827268857533,0.03770837224242795,0.03580414713362605,0.37519036934318895,0.1563053995269393
risk,good,2034,0.19459697806435236,53.27803798919849,26.944444444444443,21.238651181209402,281,5058,714.9599999999999,0.0,233,115.30416666666667,360.0,0.7109790664769358,0.3111782306494537,0.045590566754745154,0.040803410659532045,0.06975594078828967,0.37564002548393033,0.3246136940501632
cvoi,good,2034,0.18454689691950443,48.24950589841418,26.666666666666668,21.25502715181006,359,6460,883.1999999999999,0.0,1768,11.534722222222221,73.0,0.883674838115836,0.31383442040034143,0.02617274750578103,0.04221089533431851,0.06109360039594692,0.37672874014294205,0.28724097773769675
periodic_all,good,2035,0.2019569377604891,58.844152420810964,30.833333333333332,18.68422426030114,360,6480,885.6,0.0,1800,150.58333333333334,360.0,0.8351759516315246,0.34355045122900596,0.08749860601824284,0.06103694825051474,0.10498167160370607,0.38170165758744723,0.23297229187401772
round_robin,good,2035,0.19069739301658165,52.434637325131156,44.44444444444444,45.996189549997375,360,6480,885.6,0.0,1800,3.483796296296296,6.0,0.9999941899410716,0.5078910651252292,0.021484649635093177,0.0390697638106397,0.03430058324557692,0.38145997131624293,0.15997832496670786
error_trigger,good,2035,0.2154309539845641,59.49580208961569,31.11111111111111,26.010471779585735,360,6456,882.72,0.0,1800,59.27962962962963,360.0,0.49319523013241096,0.32372323697600713,0.10916324977064845,0.06103694825051474,0.2591298459062895,0.3826272003281592,0.15690524267576558
aoi,good,2035,0.20147380979840343,55.40254646083448,50.833333333333336,58.85000351511561,360,6480,885.6,0.0,1795,3.4837962962962963,6.0,0.9999941899410718,0.5722817187754091,0.02123684185380889,0.039032506997241506,0.03361230034342765,0.3814795531518639,0.16119993766866944
risk,good,2035,0.21408735425710823,59.7278538112645,30.833333333333332,22.089654012238082,283,5094,719.28,0.0,266,105.93981481481482,360.0,0.6605207925864056,0.3195196477595474,0.08749860601824284,0.06103694825051474,0.10498167160370607,0.38170165758744723,0.329785594323191
cvoi,good,2035,0.19051034302962377,50.19468532405627,30.833333333333332,20.830595963565134,359,6460,883.1999999999999,0.0,1774,11.833333333333334,75.0,0.881782272138067,0.3157525849633348,0.04876090581068367,0.051850305294522614,0.05966340319114256,0.38195245302766234,0.28508240589039674
periodic_all,good,2036,0.21804440851500104,63.25173797819096,36.94444444444444,26.2755950338767,360,6480,885.6,0.0,1800,150.58333333333334,360.0,0.8351759516315246,0.34483862229733153,0.06713108454104809,0.058218748630454835,0.060915193946525316,0.4116464227411303,0.36551637893351613
round_robin,good,2036,0.18994014975717474,53.26119516565928,43.333333333333336,44.136157664858416,360,6480,885.6,0.0,1800,3.483796296296296,6.0,0.9999941899410716,0.49710975658044976,0.023146246653995405,0.03381385917502772,0.03518209411676497,0.3907922465541053,0.15959669546270516
error_trigger,good,2036,0.18449033468970752,51.931418606100664,31.11111111111111,18.13496583502571,360,6476,885.12,0.0,1800,89.95833333333331,360.0,0.599965558569837,0.31081572709700384,0.06713108454104809,0.058218748630454835,0.0961438916851134,0.3909025965585439,0.18372995962608088
aoi,good,2036,0.20280894442916578,56.52607603852089,50.27777777777778,59.88889986526804,360,6480,885.6,0.0,1795,3.4837962962962963,6.0,0.9999941899410718,0.5756603634145007,0.023258421159744923,0.034003342760001734,0.035784178025016745,0.3904507183823136,0.15769664283341708
risk,good,2036,0.2075930762102943,58.45306453544439,31.11111111111111,22.510350832978325,278,5006,708.72,0.0,306,123.36712962962963,360.0,0.7296468242206633,0.30565240824598505,0.06713108454104809,0.05791295151588885,0.060915193946525316,0.3909025965585439,0.36304422245377455
cvoi,good,2036,0.1873566664405949,50.294377616334394,31.11111111111111,18.599456914536823,360,6480,885.6,0.0,1766,12.323148148148148,71.0,0.8729126353228445,0.31579734969718676,0.043576070828896064,0.046570978177203196,0.08221223575051648,0.3917657097474118,0.24421765444235516
periodic_all,good,2037,0.18440856757184623,51.60746743750104,31.666666666666668,18.922609570834105,360,6480,885.6,0.0,1800,150.58333333333334,360.0,0.8351759516315246,0.34463904109494947,0.048778436041788636,0.039974850531961134,0.040593315609145336,0.38122767806980745,0.2512380840834254
round_robin,good,2037,0.18754887401231776,51.942768137539865,44.166666666666664,44.053865455592465,360,6480,885.6,0.0,1800,3.483796296296296,6.0,0.9999941899410716,0.4977162491897389,0.021520414862310443,0.04097217131590145,0.03056061626161979,0.38163951719280587,0.15288427525152995
error_trigger,good,2037,0.1903043878071676,52.96132283733176,30.833333333333332,18.017060391139367,360,6458,882.9599999999999,0.0,1800,72.18935185185187,360.0,0.5890665611013453,0.3121910482004131,0.07546289363962684,0.039974850531961134,0.10457642229203004,0.38122767806980745,0.2283934341091669
aoi,good,2037,0.19870036786914824,54.571075061257034,49.44444444444444,56.82431824867622,360,6480,885.6,0.0,1795,3.4837962962962963,6.0,0.9999941899410718,0.5612687732341569,0.02065746674159416,0.040547391527291254,0.03166541665472467,0.3819813216128357,0.15608183744428678
risk,good,2037,0.18721964123793455,50.80417099172215,30.27777777777778,21.67913317983891,280,5040,712.8,0.0,203,103.58379629629628,360.0,0.6405966842919584,0.3084265663472341,0.048778436041788636,0.039974850531961134,0.040593315609145336,0.38122767806980745,0.3043170008276706
cvoi,good,2037,0.1775620672767547,47.64882031201128,32.77777777777778,18.42275486164613,359,6460,883.1999999999999,0.0,1761,11.930555555555555,76.0,0.8716819336936779,0.32617170021164094,0.026607494592897796,0.05690192045373853,0.06137622788308637,0.3822037382249168,0.21211132229424776
periodic_all,good,2038,0.22667413600400907,65.55160243921132,33.888888888888886,23.233762219302424,360,6480,885.6,0.0,1800,150.58333333333334,360.0,0.8351759516315246,0.34207523495211756,0.18110623402708326,0.06206928929492174,0.07076117280043376,0.3905729875501562,0.31345989739934194
round_robin,good,2038,0.1888733318644175,52.31299166754115,45.55555555555556,41.27719710394752,360,6480,885.6,0.0,1800,3.483796296296296,6.0,0.9999941899410716,0.48348428245014974,0.02454580122531209,0.039148664061603514,0.03625911744752206,0.3814984243676104,0.16830370163430716
error_trigger,good,2038,0.2153508601691064,61.24005473067692,30.555555555555557,17.78813449705617,360,6468,884.16,0.0,1800,59.7300925925926,360.0,0.5052580861568237,0.3087475340265301,0.17169302091930166,0.06206928929492174,0.10979916228410325,0.3821154828808776,0.2576806716089039
aoi,good,2038,0.19948093042305007,54.88499184687897,50.27777777777778,54.25456468000708,360,6480,885.6,0.0,1795,3.4837962962962963,6.0,0.9999941899410718,0.5494398668017639,0.024640003648661677,0.03880630685254519,0.034836062533546555,0.38215412872128285,0.16700921398050045
risk,good,2038,0.21659723418427634,61.879856702052564,30.833333333333332,18.448942545912658,292,5256,738.72,0.0,446,76.91990740740741,360.0,0.5207540781767649,0.3088377737421438,0.21994625678487223,0.06206928929492174,0.07076117280043376,0.38208684283836336,0.2558820696449232
cvoi,good,2038,0.17254839789898835,46.24777275012347,31.11111111111111,19.022121700064787,359,6458,882.9599999999999,0.0,1767,11.49722222222222,74.0,0.8847899346316578,0.3137278150377374,0.04844578115741982,0.042464449909089264,0.04827895107208901,0.3830080409097598,0.19936534930783467
periodic_all,good,2039,0.19810701404475328,56.00288133721123,35.55555555555556,20.900790930853557,360,6480,885.6,0.0,1800,150.58333333333334,360.0,0.8351759516315246,0.3453268682598608,0.055867341058373564,0.05940042642462076,0.0810405388349956,0.4029579443000252,0.24404896539064383
round_robin,good,2039,0.1882933387971666,52.6838576282643,45.0,42.242908683999055,360,6480,885.6,0.0,1800,3.483796296296296,6.0,0.9999941899410716,0.49218170937842864,0.02048144438496478,0.03548602666371505,0.04162902308001231,0.38211268202787013,0.15786914724800866
error_trigger,good,2039,0.20279048692397514,56.73539453699804,31.38888888888889,18.40129272589349,360,6446,881.52,0.0,1800,73.92268518518519,360.0,0.6047121347050421,0.32907486935589325,0.0718461917176579,0.05940042642462076,0.13472770476868284,0.38252343174652303,0.23917029753047286
aoi,good,2039,0.2020079952149559,56.08962064244448,50.833333333333336,58.38399355690557,360,6480,885.6,0.0,1795,3.4837962962962963,6.0,0.9999941899410718,0.5718301122338323,0.020599236167696742,0.03607183437402483,0.04259056639458986,0.382157913084016,0.15879830903557568
risk,good,2039,0.20222021028090129,55.27451656491832,31.11111111111111,23.4955179082029,285,5132,723.84,0.0,232,96.625,360.0,0.6520326710334391,0.3245050362539561,0.055867341058373564,0.05609763589520211,0.0810405388349956,0.38252343174652303,0.31328727789635724
cvoi,good,2039,0.19461368102741095,52.343364190024126,33.333333333333336,20.367396905033097,359,6458,882.9599999999999,0.0,1774,11.625,76.0,0.8751036072251055,0.33783790393963625,0.039529375379803396,0.04964990599346586,0.0825415570881402,0.3834209903415592,0.2747023534218608
periodic_all,good,2040,0.23754258316115395,70.76801501124929,35.55555555555556,23.183800736114,360,6480,885.6,0.0,1800,150.58333333333334,360.0,0.8351759516315246,0.3437431162530532,0.08712068076625304,0.038451802896366134,0.3066576337663314,0.40596734583501,0.24331491944991002
round_robin,good,2040,0.18752019925958582,51.60104047985436,44.72222222222222,42.58222435266358,360,6480,885.6,0.0,1800,3.483796296296296,6.0,0.9999941899410716,0.4847435990774653,0.02179985653673684,0.0386068427296344,0.03918829439238878,0.38536720162480903,0.15541540119648062
error_trigger,good,2040,0.20476846046084166,57.0316614514266,31.11111111111111,19.236441050086768,360,6432,879.8399999999999,0.0,1800,47.77453703703703,360.0,0.3907551255056315,0.3026572224722134,0.13052929132871968,0.038451802896366134,0.1766472163257198,0.3860788562740526,0.19424637346797854
aoi,good,2040,0.2005629700527304,55.04146030241491,50.27777777777778,58.340684860716216,360,6480,885.6,0.0,1795,3.4837962962962963,6.0,0.9999941899410718,0.5649722029204458,0.021810569212572812,0.03812367409482718,0.03717268823901659,0.38536609429422514,0.15593259155529487
risk,good,2040,0.2260375537233287,63.3106005354716,31.666666666666668,25.392543346374353,285,5090,718.8,0.0,292,83.02037037037036,360.0,0.5722314055384655,0.3128910169878281,0.08712068076625304,0.038451802896366134,0.20346492276256878,0.38579767979667,0.3284992191302863
cvoi,good,2040,0.19331031746315783,50.63054474705195,32.22222222222222,25.982879033056076,360,6470,884.4,0.0,1769,11.616203703703704,73.0,0.8837473075258221,0.3167730643312792,0.02372886894951552,0.041287832173509245,0.08280542569992595,0.38663397997858995,0.308632733646127
periodic_all,good,2041,0.256331030304681,76.54288231076906,29.166666666666668,21.891632933569696,360,6480,885.6,0.0,1800,150.58333333333334,360.0,0.8351759516315246,0.34381473415633435,0.20442894165949368,0.043225590980868506,0.2282705745059841,0.38699590217631447,0.331250438349091
round_robin,good,2041,0.19253611256635497,53.005930331649814,42.77777777777778,43.87899264819047,360,6480,885.6,0.0,1800,3.483796296296296,6.0,0.9999941899410716,0.4942717101602924,0.022733046684282276,0.043144664705697354,0.04907711132332102,0.3869729018708893,0.1590172406536476
error_trigger,good,2041,0.2130941400472904,58.478127684711275,28.055555555555557,24.474105167567526,360,6440,880.8,0.0,1800,52.537037037037045,360.0,0.44407471235676244,0.3039160677164912,0.08434802724872019,0.043225590980868506,0.2573997980154382,0.38728379216735814,0.2023915641548662
aoi,good,2041,0.2038408301384564,55.89313098570869,49.72222222222222,58.111697574945474,360,6480,885.6,0.0,1795,3.4837962962962963,6.0,0.9999941899410718,0.5663278996102745,0.02298713517034246,0.04259969351009715,0.047856580592422544,0.38694939376724835,0.1563242781803533
risk,good,2041,0.25027267373511514,70.73873821747587,27.5,25.280378493433894,290,5194,731.28,0.0,497,55.9324074074074,359.0,0.47758805832469015,0.29567606386740664,0.17768652730686654,0.043225590980868506,0.278068913488228,0.38699590217631447,0.31998304459100674
cvoi,good,2041,0.19399594847350402,50.961138766012574,28.61111111111111,19.42473471987226,360,6476,885.12,0.0,1774,11.579629629629629,74.0,0.8782445893770701,0.3145750693774749,0.03672664444262171,0.043391882040698465,0.12917395809071922,0.3878672506985688,0.252240886190941
periodic_all,good,2042,0.23646819173689163,69.5643052931127,33.05555555555556,23.691916164480208,360,6480,885.6,0.0,1800,150.58333333333334,360.0,0.8351759516315246,0.3438186371353952,0.07744976649029421,0.03788925082268118,0.20388754135104023,0.3934053670011991,0.3623585876207398
round_robin,good,2042,0.18786539308071756,51.977340903633916,41.94444444444444,42.93817227214197,360,6480,885.6,0.0,1800,3.483796296296296,6.0,0.9999941899410716,0.4890399306769649,0.021423322426182875,0.03541773728966356,0.032441408338826104,0.3855798201538294,0.1632901395988384
error_trigger,good,2042,0.21417777860016932,61.03949492112338,28.61111111111111,18.34849834209263,360,6446,881.52,0.0,1800,52.72083333333333,360.0,0.4465176934579724,0.30778286526259,0.11630351757963142,0.03788925082268118,0.24387259276077247,0.3864786088592571,0.19273983631608368
aoi,good,2042,0.19979998035816549,54.97692451348143,48.611111111111114,56.93105871019699,360,6480,885.6,0.0,1795,3.4837962962962963,6.0,0.9999941899410718,0.5608847524639753,0.0221104273945987,0.03565093023373238,0.03342407911951881,0.38559365074589114,0.1611360421912767
risk,good,2042,0.22346048276656963,62.335592183743394,27.77777777777778,22.056218289052495,281,5030,711.6,0.0,354,78.05416666666667,360.0,0.5320014249762908,0.29826208368337687,0.07744976649029421,0.03788925082268118,0.19835265590554213,0.38602195654638183,0.34278718315114154
cvoi,good,2042,0.19321172302358502,50.758342531411294,28.88888888888889,22.14528136256209,360,6478,885.36,0.0,1769,11.393981481481482,73.0,0.8917898556748592,0.3124054150392905,0.030259843367020648,0.049275765391846985,0.07625572547880606,0.38660689975679385,0.304466689107752
periodic_all,good,2043,0.24684128336222014,74.33438732415725,29.444444444444443,26.93655714854951,360,6480,885.6,0.0,1800,150.58333333333334,360.0,0.8351759516315246,0.3446719485742211,0.06382882685865927,0.06346358490078581,0.18943044193212044,0.3827566678347283,0.4368962300728062
round_robin,good,2043,0.19037735843166403,52.446648176191296,40.0,46.25032558436661,360,6480,885.6,0.0,1800,3.483796296296296,6.0,0.9999941899410716,0.5076709054702752,0.023331383187076435,0.03979297759249485,0.036635683827119826,0.3828274783828786,0.15200572213013933
error_trigger,good,2043,0.1980036447675743,55.796338275112525,27.22222222222222,17.685764978465528,360,6440,880.8,0.0,1800,72.26527777777777,360.0,0.4702673498446712,0.3154537150115601,0.06382882685865927,0.06346358490078581,0.21902059389218245,0.3831597331822309,0.14309541476002713
aoi,good,2043,0.20247420735182878,55.87701528540862,49.166666666666664,60.181312173599295,360,6480,885.6,0.0,1795,3.4837962962962963,6.0,0.9999941899410718,0.5779967066295085,0.023859989711187468,0.03986137883577399,0.03722219936522687,0.38316146538203816,0.15274350418723787
risk,good,2043,0.22020747946461064,62.031897181569214,26.944444444444443,21.74851326366531,284,5072,716.64,0.0,344,76.13472222222222,360.0,0.5136421517382295,0.31091438235208557,0.06382882685865927,0.06346358490078581,0.17485364336347556,0.3827566678347283,0.32542777147792956
cvoi,good,2043,0.18666717838491045,49.57503246814746,28.055555555555557,20.329822120807094,360,6478,885.36,0.0,1764,11.489814814814814,76.0,0.8777556618236227,0.3243722792472257,0.02909110016903192,0.04183729374227572,0.07481931920262358,0.38258659383096594,0.2672964841173398
periodic_all,good,2044,0.19788947201524207,54.66948321525779,32.77777777777778,24.125903253374528,360,6480,885.6,0.0,1800,150.58333333333334,360.0,0.8351759516315246,0.3450603087001215,0.0395655066962969,0.04455997028182979,0.07014822526471491,0.3985404292424278,0.28946239190606154
round_robin,good,2044,0.1913898739951101,52.39675244063721,41.111111111111114,45.479294784404736,360,6480,885.6,0.0,1800,3.483796296296296,6.0,0.9999941899410716,0.5031641508692488,0.0207468223107566,0.0396369482221842,0.037578003031832556,0.384126187201152,0.16308713233548644
error_trigger,good,2044,0.19038770156008913,51.32721606372423,29.166666666666668,21.630446905431082,360,6470,884.4,0.0,1800,90.83055555555556,360.0,0.63662015448463,0.3249612368902919,0.0395655066962969,0.04455997028182979,0.0940997180821021,0.3845874608010978,0.2545523166089166
aoi,good,2044,0.20139631903345148,54.97996641161321,47.22222222222222,57.28681745300641,360,6480,885.6,0.0,1795,3.4837962962962963,6.0,0.9999941899410718,0.5622449872891504,0.020565428001806937,0.040387333627149025,0.0382047645912606,0.384089492781444,0.16288590790989796
risk,good,2044,0.19401562157779953,52.716821549539496,28.88888888888889,22.378445411157543,279,5022,710.64,0.0,206,111.2138888888889,360.0,0.6949270982352208,0.31879547509963607,0.0395655066962969,0.04455997028182979,0.07014822526471491,0.3845874608010978,0.3064370913232218
cvoi,good,2044,0.1806913910078982,47.7289955348144,29.444444444444443,20.952453666849202,359,6460,883.1999999999999,0.0,1763,11.37777777777778,74.0,0.8776639620689742,0.3187995091636091,0.020885137819197618,0.05422438380947406,0.05106689637706719,0.3856374139294356,0.2535350049486055
periodic_all,good,2045,0.24090766319239731,71.59431724539645,29.72222222222222,19.344283503405777,360,6480,885.6,0.0,1800,150.58333333333334,360.0,0.8351759516315246,0.3441915925989006,0.08336295957537164,0.04057139017231686,0.33512714353694584,0.38576301313809336,0.25642988013275564
round_robin,good,2045,0.19138652648329477,52.56930761838567,43.333333333333336,45.75952489455672,360,6480,885.6,0.0,1800,3.483796296296296,6.0,0.9999941899410716,0.5052087528087751,0.02305858663055776,0.03844579492123568,0.03853714074059765,0.38600126173617194,0.15706762206243044
error_trigger,good,2045,0.21207876172078036,59.57504195616471,28.333333333333332,18.744646972666324,360,6432,879.8399999999999,0.0,1800,81.85324074074074,360.0,0.5678448790897148,0.31495306011555213,0.0829154642445098,0.04057139017231686,0.19748411348090392,0.38576301313809336,0.25078552917330615
aoi,good,2045,0.20203560373621246,55.30530261448274,49.72222222222222,59.3741153174472,360,6480,885.6,0.0,1795,3.4837962962962963,6.0,0.9999941899410718,0.5725606594326373,0.02252812215072441,0.03836699718644781,0.0385878574058868,0.3857421824236138,0.1544278038179648
risk,good,2045,0.23746265180854212,65.99767840600727,28.333333333333332,30.19581591441489,291,5202,732.24,0.0,328,78.04398148148148,360.0,0.5323413652331604,0.3077269232161714,0.08336295957537164,0.04057139017231686,0.28977932054085903,0.38576301313809336,0.31757230420844046
cvoi,good,2045,0.19236787307212647,49.85714435476607,28.61111111111111,21.82855209146836,360,6472,884.64,0.0,1769,11.656481481481483,74.0,0.8817944598254214,0.3171433441276113,0.025885678637163522,0.05161985717718259,0.10553266037585364,0.3866385854607521,0.2673871126541957
periodic_all,bernoulli,2026,0.22782165867950857,67.06595836558883,28.88888888888889,18.121816385408394,360,6480,885.6,15.277777777777779,1800,150.6138888888889,360.0,0.8355128717999393,0.343637376258188,0.03862180074316577,0.04200976998973483,0.2781709197318621,0.37584177810981606,0.28864830724428475
round_robin,bernoulli,2026,0.18512040529785725,50.0641794338407,37.5,39.24791449805287,360,6480,885.6,15.277777777777779,1800,4.533796296296296,18.0,0.9951663849035961,0.47282556783328467,0.023225643583844345,0.045733614393609075,0.03874593112287328,0.37581011161503647,0.1543815632384958
error_trigger,bernoulli,2026,0.1890055299397447,52.56465576797846,28.333333333333332,17.76666016775751,360,6424,878.88,15.277777777777779,1800,73.09166666666665,360.0,0.481798405153362,0.3078842173067024,0.03862180074316577,0.04200976998973483,0.2179477330828277,0.37737126356727424,0.15019839494876308
aoi,bernoulli,2026,0.20120867383482102,55.55739993265056,50.0,59.00500469281242,360,6460,883.1999999999999,15.277777777777779,1795,4.1157407407407405,11.0,0.9999982285693838,0.5796803344805453,0.02188436879863291,0.04432321052372512,0.03630166526945265,0.37622455054153425,0.14883791339503602
risk,bernoulli,2026,0.2111329781676158,59.430003711484225,26.666666666666668,18.30839610588124,282,5054,714.48,15.24822695035461,346,101.79351851851852,360.0,0.626123420597035,0.3225815614890592,0.03862180074316577,0.04200976998973483,0.19909465142963428,0.37584177810981606,0.28864830724428475
cvoi,bernoulli,2026,0.18103685637163644,49.012963363992974,27.77777777777778,16.61156859619056,360,6478,885.36,15.277777777777779,1774,12.447222222222223,76.0,0.885513200115762,0.31787799808729494,0.03888262714721905,0.04286975303632576,0.0771469260013345,0.37717069706145007,0.23227313689619428
periodic_all,bernoulli,2027,0.24888553619981388,73.656419336921,33.611111111111114,20.72967849729094,360,6480,885.6,16.666666666666668,1800,150.62083333333334,360.0,0.8355894058382879,0.3442790956606438,0.04482779534757243,0.039641216872980875,0.35978508346242516,0.3810939102360508,0.32368611561921007
round_robin,bernoulli,2027,0.2461838213868448,66.79040312498107,56.94444444444444,111.74603529124603,360,6480,885.6,16.666666666666668,1800,4.6282407407407415,24.0,0.9971867940219046,0.8375233656616267,0.022945072969343998,0.03786715935298841,0.03822184292805901,0.3809179154459968,0.159627571963054
error_trigger,bernoulli,2027,0.19571429829016507,55.0944829864494,32.77777777777778,17.732713231800126,360,6428,879.36,16.666666666666668,1800,60.75833333333333,360.0,0.49728073986466625,0.31817694210909897,0.04482779534757243,0.04792424478965677,0.18207817492826878,0.3810939102360508,0.20018472233034265
aoi,bernoulli,2027,0.18729483728206842,53.12495204982437,49.166666666666664,37.82632932574241,360,6472,884.64,16.666666666666668,1795,4.204166666666667,13.0,0.999974862559207,0.48107482281767033,0.02312963308151858,0.03869572149211595,0.037142668703369804,0.3809594215357587,0.1627667560619772
risk,bernoulli,2027,0.21482921025841095,59.517170639226016,31.944444444444443,24.912353868526676,292,5210,733.1999999999999,16.438356164383563,358,75.16759259259258,360.0,0.502697727712373,0.31304378966546237,0.04482779534757243,0.039641216872980875,0.2869478740815393,0.3810939102360508,0.2234206753468599
cvoi,bernoulli,2027,0.18653001998631727,49.93689292538338,32.5,19.229173342999847,360,6468,884.16,16.666666666666668,1768,13.089351851851852,80.0,0.8902975313122871,0.32580803523322077,0.040384516026246035,0.05342789851626062,0.04412236807894762,0.380918877582272,0.27451842448095676
periodic_all,bernoulli,2028,0.23419778523693055,68.74636158868849,33.333333333333336,21.52897762578613,360,6480,885.6,14.722222222222221,1800,150.61296296296297,360.0,0.8355026661772453,0.34699410327762953,0.09482917171038226,0.04044533614463127,0.2611595418281092,0.39928772165080556,0.2624708368100255
round_robin,bernoulli,2028,0.2057474034239181,55.86278889790129,51.111111111111114,60.525125323459534,360,6480,885.6,14.722222222222221,1800,4.547685185185185,30.0,0.9886581498344107,0.5961268920481572,0.021173758660086084,0.03899854709228655,0.04242230280744267,0.37917381403548883,0.15658910590004738
error_trigger,bernoulli,2028,0.2043962930241101,59.017392589590315,29.444444444444443,17.816212395823076,360,6432,879.8399999999999,14.722222222222221,1800,61.72685185185185,360.0,0.5113025148617103,0.31989494497887605,0.0991375923715482,0.04044533614463127,0.17914992911300565,0.37919075161179355,0.20855920392480579
aoi,bernoulli,2028,0.17472859165581842,47.98186933242559,34.72222222222222,27.691389272859414,360,6492,887.04,14.722222222222221,1795,4.093981481481482,12.0,0.9999862787219426,0.40691597578308436,0.021417618275060175,0.03912209099417878,0.04622342593522262,0.3791329568632697,0.15555948208409484
risk,bernoulli,2028,0.22932253841619513,63.76380116574413,30.0,21.79520372104976,304,5432,759.84,14.473684210526315,335,84.88518518518518,360.0,0.5857664971749054,0.3147257299877189,0.09482917171038226,0.04044533614463127,0.2902093388209742,0.37919075161179355,0.2565349022216705
cvoi,bernoulli,2028,0.1862023161807527,49.03728700073568,28.88888888888889,17.723979995048015,360,6474,884.88,14.722222222222221,1766,12.15,74.0,0.8978696248435343,0.3189253470841356,0.05122976347271485,0.04772504688083395,0.09650553358264367,0.37909553841522886,0.22373266764895922
periodic_all,bernoulli,2029,0.23290785208911088,68.82339999293082,34.44444444444444,20.930623513672742,360,6480,885.6,15.0,1800,150.61064814814816,360.0,0.8354771510045584,0.3446797222422502,0.0562228647852712,0.03756461447845061,0.3083199349260179,0.3955366579574878,0.25512331814518757
round_robin,bernoulli,2029,0.21175642770122605,58.62403036233504,54.72222222222222,65.8639629876626,360,6480,885.6,15.0,1800,4.553240740740741,24.0,0.9841214924836871,0.6116604668452676,0.023962241881621778,0.03553161851830935,0.04183364989031704,0.38663565645516595,0.17091493261667456
error_trigger,bernoulli,2029,0.212416121739097,59.294247923859416,30.833333333333332,22.898739296278475,360,6428,879.36,15.0,1800,65.02361111111111,360.0,0.5127048526906007,0.3011830432210279,0.07239131127213715,0.03756461447845061,0.25678447262785886,0.3870592504342396,0.2195140384008678
aoi,bernoulli,2029,0.21802447332249422,60.72191282782952,61.388888888888886,80.2862881894067,360,6462,883.4399999999999,15.0,1795,4.067592592592592,10.0,0.999986216697205,0.6664681123053137,0.022306000050395534,0.03599228482515737,0.03828022157683849,0.3866219577143362,0.15847826346292407
risk,bernoulli,2029,0.2317818851988879,64.00916803705209,30.27777777777778,29.000688303694407,286,5096,719.52,14.685314685314685,315,87.45370370370371,360.0,0.588863863372092,0.29691018206385184,0.0562228647852712,0.03756461447845061,0.28463601355345625,0.3867068843134348,0.32865075199886273
cvoi,bernoulli,2029,0.17757146085839,47.720010126193934,31.666666666666668,18.926494437782903,359,6456,882.72,15.041782729805014,1776,11.92314814814815,75.0,0.8958880285900909,0.31659438176909305,0.03665205676089729,0.03513691405531116,0.04358762625550897,0.38785557001654974,0.24560221629297987
periodic_all,bernoulli,2030,0.27690402120364543,84.24985412546597,86.38888888888889,51.224834935836355,360,6480,885.6,16.944444444444443,1800,150.61898148148148,360.0,0.8355689981646762,0.3460354970545792,0.05503068780092239,0.042083829147358344,0.5005751283961133,0.413287375869464,0.3044116089534355
round_robin,bernoulli,2030,0.25238051754352425,69.9473655458613,66.94444444444444,121.18478281397236,360,6480,885.6,16.944444444444443,1800,4.664351851851852,24.0,0.9846531348471123,0.86438564256744,0.02209731022609014,0.03965946546176826,0.03793862182531974,0.3939919218652344,0.15621014331529315
error_trigger,bernoulli,2030,0.22386085864272998,61.710117949099185,33.05555555555556,25.920197797601634,360,6422,878.64,16.944444444444443,1800,47.05324074074074,265.0,0.550603943710419,0.30725036781201814,0.05350199090573916,0.04740517611048461,0.2555165179521954,0.39341204287032566,0.286079056205617
aoi,bernoulli,2030,0.1798969183226805,50.379224384529984,42.5,32.4992521321738,360,6476,885.12,16.944444444444443,1795,4.203703703703703,11.0,0.9999942265837992,0.42955801746174954,0.02045499983454285,0.04044247839634144,0.042960062784939995,0.392439254217654,0.1535266972408553
risk,bernoulli,2030,0.21617368109975535,61.093891215624154,31.11111111111111,20.789014112953943,289,5154,726.48,17.993079584775085,310,83.97638888888889,360.0,0.5870376241547034,0.3010547956864986,0.05503068780092239,0.042083829147358344,0.2114361798427125,0.39323119213519636,0.29420540198584405
cvoi,bernoulli,2030,0.18637843811939056,49.59158089081785,32.5,20.51972366250662,360,6478,885.36,16.944444444444443,1771,13.566203703703705,83.0,0.8862309430543006,0.31816843177515003,0.03638943139364053,0.046686714522953775,0.08412855649012045,0.39342972360785516,0.23946777092662325
periodic_all,bernoulli,2031,0.2108101688182872,59.78143308541316,36.111111111111114,24.034218580354448,360,6480,885.6,11.38888888888889,1800,150.60416666666666,360.0,0.835405700041144,0.345540694534936,0.04661430811446908,0.06418909355883273,0.09133103310251664,0.4005638011686615,0.3166220824303072
round_robin,bernoulli,2031,0.1886630753076817,51.68449217132841,50.27777777777778,41.621946516550466,360,6480,885.6,11.38888888888889,1800,4.231018518518518,18.0,0.996548871726583,0.479659407890679,0.02119784495037596,0.0407298523349852,0.03588042320587741,0.3895125646705916,0.16499835879358107
error_trigger,bernoulli,2031,0.18428158270091133,51.41074010036519,33.611111111111114,18.635518510516704,360,6470,884.4,11.38888888888889,1800,83.25509259259259,360.0,0.5634109230558286,0.3111392846692335,0.04661430811446908,0.06418909355883273,0.13411683135586905,0.38996750271259667,0.15966247579446682
aoi,bernoulli,2031,0.21419767657854227,60.10474512491796,60.0,71.79227665633456,360,6478,885.36,11.38888888888889,1795,3.9287037037037034,10.0,0.9999925568699489,0.6324723931294081,0.0210589477739164,0.042021257405986064,0.03492677524071717,0.38955217296548766,0.16515451295573846
risk,bernoulli,2031,0.2154184536385916,59.557081405016085,32.77777777777778,21.525621139973246,283,5078,717.36,11.307420494699647,328,98.81805555555555,360.0,0.6816298368480422,0.3066351890676882,0.04661430811446908,0.06418909355883273,0.15390556302757397,0.38996750271259667,0.33119906535038907
cvoi,bernoulli,2031,0.190069876117703,49.6957447423841,32.77777777777778,24.744131844855445,359,6456,882.72,11.420612813370473,1769,12.052314814814814,77.0,0.8859552291688568,0.31035577153635374,0.04230105133063969,0.056343665888790195,0.052269004403697125,0.3904805726626404,0.28866919088409704
periodic_all,bernoulli,2032,0.3053509118233298,95.7435669652889,59.166666666666664,38.751265496278954,360,6480,885.6,12.5,1800,150.6074074074074,360.0,0.8354414270847951,0.3448177641093484,0.16511281388379362,0.05781318913813977,0.43307140509465436,0.38577362663633363,0.4455166720777089
round_robin,bernoulli,2032,0.19613334629333404,54.74989245253476,48.888888888888886,48.386678693839464,360,6480,885.6,12.5,1800,4.29212962962963,18.0,0.9950640901974301,0.5306557524863365,0.023699239926920107,0.0331558083599312,0.050699283356978625,0.37610150037434725,0.16248849325549056
error_trigger,bernoulli,2032,0.22530110821313376,63.458702371066686,31.11111111111111,25.31861007822636,360,6428,879.36,12.5,1800,45.464814814814815,360.0,0.3580905198627765,0.3054466512190521,0.14343075166065686,0.05781318913813977,0.2976659648193556,0.37653720138555935,0.1709128910560388
aoi,bernoulli,2032,0.18296778027735214,51.23178447867667,45.27777777777778,36.17723657605465,360,6482,885.8399999999999,12.5,1795,3.9805555555555556,10.0,0.9999909098609323,0.4635925839874622,0.023381346798446397,0.0330410991614255,0.04195495825395526,0.3763000034407097,0.15953669002211376
risk,bernoulli,2032,0.24494802998472864,70.64514610552823,31.944444444444443,21.61859430260323,284,5072,716.64,13.380281690140846,431,81.53101851851852,360.0,0.5689147752301303,0.3083564570769389,0.16511281388379362,0.05757916744215941,0.21756035427133547,0.3765017018815125,0.3445776853526319
cvoi,bernoulli,2032,0.19845504731123967,52.32646596723682,32.77777777777778,23.705555209659053,360,6470,884.4,12.5,1774,11.631018518518518,80.0,0.8901537117787849,0.32133204341799587,0.036842005904862904,0.040614981801257936,0.10879821475637651,0.3773969085689574,0.3057461294179875
periodic_all,bernoulli,2033,0.24412862218438977,72.68070927172167,38.05555555555556,22.161126063008556,360,6480,885.6,16.666666666666668,1800,150.6162037037037,360.0,0.8355383847406209,0.3463176234605272,0.07428401974546345,0.04689595394687605,0.35310360064266605,0.3849438097198392,0.2592267255909667
round_robin,bernoulli,2033,0.18667889975644772,51.14203124993585,45.0,38.22249515013581,360,6480,885.6,16.666666666666668,1800,4.5643518518518515,18.0,0.9983174735194489,0.4657392557184939,0.023120686205168026,0.04084401772828086,0.04433464132714889,0.3825681672060448,0.16346663035354975
error_trigger,bernoulli,2033,0.23712547950009386,64.09210217303033,32.77777777777778,33.44806277662434,360,6420,878.4,16.666666666666668,1800,55.60787037037037,360.0,0.4492300299563831,0.322007313020109,0.1107670343291632,0.04689595394687605,0.3000852142132629,0.3827666484429713,0.2602307130481807
aoi,bernoulli,2033,0.20291711099598173,56.749643110982554,54.166666666666664,57.02890967505759,360,6492,887.04,16.666666666666668,1795,4.137037037037038,11.0,0.9999707467692016,0.5695437205987112,0.023247015009164984,0.040625402249184116,0.04077509362853466,0.3828171897474428,0.16049424474285257
risk,bernoulli,2033,0.22658464968407135,62.70791653586473,31.38888888888889,24.610590202429094,274,4904,696.48,16.423357664233578,327,79.97500000000001,360.0,0.5501707679578309,0.3166759384104835,0.07428401974546345,0.04689595394687605,0.1998885997682988,0.38219060908401953,0.33957277714928685
cvoi,bernoulli,2033,0.19051877444017631,50.47268980398559,34.72222222222222,20.73942961892965,359,6454,882.48,16.71309192200557,1774,12.779166666666667,80.0,0.8749229088376089,0.3335786893815435,0.02971757609511839,0.05256670242737607,0.0943336286092096,0.383346811403173,0.24956923872463724
periodic_all,bernoulli,2034,0.1863174775208999,53.25173867311514,31.944444444444443,20.260957875370767,360,6480,885.6,11.38888888888889,1800,150.6037037037037,360.0,0.835400595922783,0.3450908885502285,0.045590566754745154,0.040803410659532045,0.06975594078828967,0.39602021783841257,0.2206438405341914
round_robin,bernoulli,2034,0.17790186516797094,48.20958124335379,37.22222222222222,35.14463641460378,360,6480,885.6,11.38888888888889,1800,4.233796296296297,24.0,0.9978338215520669,0.4423444113047248,0.022914946607256237,0.03781854074909017,0.035413608393061055,0.3753400294827591,0.15357965447093416
error_trigger,bernoulli,2034,0.20416643125217113,55.59046698395711,26.944444444444443,24.23731960563958,360,6442,881.04,11.38888888888889,1800,59.412499999999994,360.0,0.4817220544041251,0.3042636738635944,0.045590566754745154,0.04600514624174689,0.26243003576364093,0.3762379274968232,0.19047123739247615
aoi,bernoulli,2034,0.16651126147030043,46.56948028071334,30.555555555555557,22.17206945882761,360,6488,886.56,11.38888888888889,1795,3.919907407407407,9.0,0.9999957455927834,0.3713764909902053,0.022283124839439096,0.03843766362210902,0.034510329167301,0.3756031177900694,0.1568568424126787
risk,bernoulli,2034,0.19486072532322185,53.20369053651998,27.22222222222222,21.67107399437171,277,4986,706.3199999999999,11.552346570397113,230,115.35740740740742,360.0,0.7115906915313849,0.31276071420267076,0.045590566754745154,0.040803410659532045,0.06975594078828967,0.37564002548393033,0.3246136940501632
cvoi,bernoulli,2034,0.1876912057566391,49.98022958944616,26.944444444444443,22.01478088122778,359,6462,883.4399999999999,11.420612813370473,1776,12.669907407407408,81.0,0.8796137383598183,0.3137306074758142,0.02596063166669421,0.04233203109813052,0.05880361157154733,0.3767059053712383,0.3086144473564102
periodic_all,bernoulli,2035,0.2023118307926479,58.90373654347448,31.666666666666668,19.00396523640707,360,6480,885.6,16.38888888888889,1800,150.61712962962963,360.0,0.8355485894704423,0.34567980942195875,0.08749860601824284,0.06103694825051474,0.10498167160370607,0.38170165758744723,0.23297229187401772
round_robin,bernoulli,2035,0.21263436869873312,58.259082341107465,56.94444444444444,68.95727126918106,360,6480,885.6,16.38888888888889,1800,4.847685185185186,36.0,0.986192662075103,0.6380478605684631,0.023565892312599,0.038923047852218354,0.033192344295400494,0.38145345143681336,0.16062361572690456
error_trigger,bernoulli,2035,0.205951609967759,55.94836426342284,30.555555555555557,25.256190199181873,360,6446,881.52,16.38888888888889,1800,64.02268518518518,360.0,0.5026779485955414,0.3114376344842379,0.07341404937361144,0.06103694825051474,0.24358080952815592,0.3831859834444672,0.16305423472556688
aoi,bernoulli,2035,0.20603068517399206,57.58390480405586,56.111111111111114,62.07091201476737,360,6482,885.8399999999999,16.38888888888889,1795,4.175,11.0,0.9999933599627093,0.5926796530552677,0.02247541350291279,0.038570203919821446,0.03623137173471038,0.38139261779323547,0.1648348510380047
risk,bernoulli,2035,0.2143780456712487,59.90762642159624,31.38888888888889,22.10235281366036,285,5130,723.6,17.54385964912281,265,106.01157407407406,360.0,0.6611251789211455,0.32080190696224675,0.08749860601824284,0.06103694825051474,0.10498167160370607,0.38170165758744723,0.33024748360533457
cvoi,bernoulli,2035,0.19422704167168217,50.62915215776261,31.944444444444443,24.349382198949513,359,6460,883.1999999999999,16.434540389972145,1773,12.781944444444443,74.0,0.8782111675721416,0.3218980875704072,0.03682005979908705,0.052327200955517496,0.0663230229634141,0.38164149619470494,0.3063523825469622
periodic_all,bernoulli,2036,0.21824428933267612,63.25238565216154,36.94444444444444,26.4863140589142,360,6480,885.6,15.277777777777779,1800,150.6138888888889,360.0,0.8355128717999393,0.346037907203382,0.06713108454104809,0.058218748630454835,0.060915193946525316,0.4116464227411303,0.36551637893351613
round_robin,bernoulli,2036,0.18803488976190375,51.61857769029455,37.5,43.504594488105866,360,6480,885.6,15.277777777777779,1800,4.542129629629629,18.0,0.9901197476844629,0.4813130696805117,0.025108877271416745,0.034424690366397254,0.03527719658227936,0.39191414319880175,0.16017136147201572
error_trigger,bernoulli,2036,0.1871516740524138,52.61398161025152,30.833333333333332,18.42613717499004,360,6476,885.12,15.277777777777779,1800,90.89398148148149,360.0,0.6101925239505422,0.3091234223440119,0.06713108454104809,0.058218748630454835,0.0961438916851134,0.3909025965585439,0.20139030055531068
aoi,bernoulli,2036,0.19595958679965322,54.7228342987697,48.05555555555556,48.09334003807404,360,6472,884.64,15.277777777777779,1795,4.123611111111111,13.0,0.9999852147478905,0.5206758838316714,0.022818747535018554,0.03473648185695263,0.03752515816655422,0.39035366440618413,0.1696475850015385
risk,bernoulli,2036,0.20756030151311408,58.42867422610456,31.11111111111111,22.561313601474243,278,5006,708.72,14.388489208633093,306,123.79259259259261,360.0,0.7339480422639014,0.30545576006290376,0.06713108454104809,0.05791295151588885,0.060915193946525316,0.3909025965585439,0.36304422245377455
cvoi,bernoulli,2036,0.18840738550454575,50.23551970941946,31.944444444444443,19.689039515139456,360,6476,885.12,15.277777777777779,1774,13.006481481481481,77.0,0.8749313909572479,0.3209852841202134,0.04301035875217141,0.04755188803328934,0.07650247500253556,0.3910988829257231,0.25129542419334183
periodic_all,bernoulli,2037,0.18450715184250566,51.60115698080705,31.38888888888889,19.048631946349445,360,6480,885.6,14.444444444444445,1800,150.60972222222222,360.0,0.8354669444891333,0.34523054671890596,0.048778436041788636,0.039974850531961134,0.040593315609145336,0.38122767806980745,0.2512380840834254
round_robin,bernoulli,2037,0.18815515340327305,51.92456656582092,45.0,44.842690291029825,360,6480,885.6,14.444444444444445,1800,4.433796296296296,18.0,0.9895584504528249,0.4985416095358593,0.024021421224551615,0.042096078163380034,0.03224620093248566,0.38195779501973226,0.15006781554362944
error_trigger,bernoulli,2037,0.19115554573375473,53.14083671683749,30.555555555555557,18.151121536798787,360,6456,882.72,14.444444444444445,1800,72.20138888888889,360.0,0.5892389606870252,0.31509905473013544,0.07546289363962684,0.039974850531961134,0.10725449341622009,0.38122767806980745,0.22791430401477747
aoi,bernoulli,2037,0.2142870150136751,59.706873129546274,59.72222222222222,76.30122548094782,360,6488,886.56,14.444444444444445,1795,4.067592592592592,10.0,0.9999929010326251,0.6522152311496976,0.02120381422574089,0.04158092780552425,0.03233615418067011,0.3813398485400684,0.15704611418034914
risk,bernoulli,2037,0.18672598896770673,50.33972495195633,30.27777777777778,21.848164522480516,280,5040,712.8,14.285714285714286,208,102.81759259259258,360.0,0.6337568813409643,0.3070445845852462,0.048778436041788636,0.039974850531961134,0.040593315609145336,0.38122767806980745,0.30273706896829145
cvoi,bernoulli,2037,0.17969591388010367,48.018100039049926,34.44444444444444,18.903865191677074,359,6458,882.9599999999999,14.484679665738161,1771,13.058333333333335,78.0,0.8746072702438824,0.33010936339876407,0.03919715555704384,0.04758193094988789,0.047393210907440836,0.38139192336985117,0.23250189909763425
periodic_all,bernoulli,2038,0.227057774142582,65.63150499824404,34.44444444444444,23.480878295630223,360,6480,885.6,16.666666666666668,1800,150.61666666666667,360.0,0.8355434871374225,0.34437706378355515,0.18110623402708326,0.06206928929492174,0.07076117280043376,0.3905729875501562,0.31345989739934194
round_robin,bernoulli,2038,0.1854055822231382,51.39616673134003,44.72222222222222,36.16298565636234,360,6480,885.6,16.666666666666668,1800,4.694907407407407,24.0,0.99505520656535,0.45786421474840805,0.024610082820905,0.03990982508822162,0.03645490729492944,0.3817347574407447,0.17185970594562044
error_trigger,bernoulli,2038,0.19284508192172323,53.94785791213754,31.38888888888889,17.421307069695473,360,6466,883.92,16.666666666666668,1800,62.75972222222222,360.0,0.5358295846235143,0.3022252943248929,0.11052509031958696,0.06206928929492174,0.10351085522100992,0.38213380646844924,0.1966061559014786
aoi,bernoulli,2038,0.1795048142539909,50.01933935385872,44.44444444444444,29.58504277428653,360,6468,884.16,16.666666666666668,1795,4.169907407407408,11.0,0.9999864780140352,0.42102966185233437,0.02516015359064441,0.04064283587473846,0.03856336104126147,0.38205536635344367,0.16957750681152303
risk,bernoulli,2038,0.22150751101102506,63.77194496809751,31.666666666666668,19.338041717476525,295,5310,745.1999999999999,17.966101694915253,442,77.66250000000001,360.0,0.5291407303163508,0.3061005323658347,0.2348592507567355,0.06206928929492174,0.07076117280043376,0.38208684283836336,0.2731679780098613
cvoi,bernoulli,2038,0.19002388326624173,49.30880750484457,31.944444444444443,20.473271108642273,359,6452,882.24,16.71309192200557,1774,12.47685185185185,73.0,0.8957805283443171,0.30371412558627925,0.05789658486580106,0.0439162312159418,0.08081925591348095,0.3829789514902863,0.27081815052566094
periodic_all,bernoulli,2039,0.1984773448513585,56.07240639756329,36.111111111111114,21.251675017950586,360,6480,885.6,13.333333333333334,1800,150.61064814814816,360.0,0.8354771510045584,0.3475488530994921,0.055867341058373564,0.05940042642462076,0.0810405388349956,0.4029579443000252,0.24404896539064383
round_robin,bernoulli,2039,0.2270096898327484,62.07738182203632,56.111111111111114,84.53110485238236,360,6480,885.6,13.333333333333334,1800,4.31712962962963,24.0,0.9955957897537434,0.7140640667301178,0.021006159709777893,0.03579237060991592,0.048594639839175516,0.38203959309695046,0.16056130901055293
error_trigger,bernoulli,2039,0.2044534520943847,57.274302724604446,32.22222222222222,18.690208917916955,360,6448,881.76,13.333333333333334,1800,83.68148148148148,360.0,0.5776050403077592,0.3373224337209074,0.055867341058373564,0.05940042642462076,0.15086431906847314,0.38245294370699584,0.2408132485869375
aoi,bernoulli,2039,0.20918767144983189,58.424505952240146,54.72222222222222,65.75723093365325,360,6464,883.68,13.333333333333334,1795,4.016666666666667,11.0,0.9999434091850878,0.6142390966524917,0.020873381870486686,0.03686011850346384,0.04257219007707773,0.38193767627457736,0.15864356532089408
risk,bernoulli,2039,0.20172734745329687,54.99851629847023,31.11111111111111,23.433423646551333,282,5078,717.36,12.76595744680851,229,96.67685185185185,360.0,0.6526667678844457,0.321568440005666,0.055867341058373564,0.05609763589520211,0.0810405388349956,0.38252343174652303,0.3132666971790209
cvoi,bernoulli,2039,0.19958810619601064,51.60576797594007,33.05555555555556,23.42432340602841,359,6462,883.4399999999999,13.09192200557103,1772,11.981944444444444,72.0,0.8956723785144475,0.3322114095483219,0.03797626591777926,0.04972570332980387,0.10796516133497035,0.38218203439211,0.2874680626530785
periodic_all,bernoulli,2040,0.23786941286680252,70.80509512259802,35.55555555555556,23.573522014228466,360,6480,885.6,15.555555555555555,1800,150.61851851851853,360.0,0.8355638960867973,0.34570409448694456,0.08712068076625304,0.038451802896366134,0.3066576337663314,0.40596734583501,0.24331491944991002
round_robin,bernoulli,2040,0.19996128725984272,55.122410182121264,52.5,55.41074479615723,360,6480,885.6,15.555555555555555,1800,4.61712962962963,24.0,0.9923775169558655,0.5503692924636366,0.024814735236453403,0.039839123297096345,0.03989737703902694,0.38580606072892104,0.15904113479392176
error_trigger,bernoulli,2040,0.2159377388637591,60.28922298478648,33.333333333333336,20.82255777480612,360,6430,879.6,15.555555555555555,1800,60.506944444444436,360.0,0.4873399833849704,0.3204888438432129,0.10535197377889317,0.038451802896366134,0.23896061469099852,0.38587416625154863,0.20649903172153547
aoi,bernoulli,2040,0.1764258026769033,48.199196237971556,37.77777777777778,28.009369451367895,360,6488,886.56,15.555555555555555,1795,4.173148148148148,13.0,0.9999969477825233,0.40057418208959006,0.023518748205949385,0.03878601256777002,0.039884487100494984,0.38529394590582233,0.1704974401917928
risk,bernoulli,2040,0.22602563527694555,63.32295361119723,31.666666666666668,25.273863100791225,283,5058,714.9599999999999,16.607773851590107,293,90.9013888888889,360.0,0.6086900714935376,0.3105147651736513,0.08712068076625304,0.038451802896366134,0.206948125315734,0.38579767979667,0.32732075771299896
cvoi,bernoulli,2040,0.190347622585434,50.18090028858473,31.38888888888889,22.115875699105903,360,6472,884.64,15.555555555555555,1773,12.22962962962963,75.0,0.8950007824593254,0.30672850309308897,0.035023576043640016,0.039920445867738914,0.10629465437370299,0.3866713200339735,0.2674472361004595
periodic_all,bernoulli,2041,0.2566285328992047,76.5845004190532,29.72222222222222,22.16698053147728,360,6480,885.6,15.277777777777779,1800,150.61249999999998,360.0,0.8354975632702423,0.3455997497234761,0.20442894165949368,0.043225590980868506,0.2282705745059841,0.38699590217631447,0.331250438349091
round_robin,bernoulli,2041,0.17392555007887697,48.05758140278855,33.611111111111114,25.249793315750004,360,6480,885.6,15.277777777777779,1800,4.572685185185185,30.0,0.9955303699770991,0.37843274781949837,0.02401102655112618,0.0435736559509194,0.051220369010778456,0.38692534394679534,0.15939015719414415
error_trigger,bernoulli,2041,0.21709254642987008,60.936335964886865,28.055555555555557,21.389314597405757,360,6432,879.8399999999999,15.277777777777779,1800,53.92361111111111,360.0,0.46082839527362984,0.30562989758663245,0.11994214750620426,0.043225590980868506,0.24427253686480394,0.3872574803317989,0.20222762530891247
aoi,bernoulli,2041,0.21142553588521018,58.1163360084711,52.22222222222222,66.13196694759196,360,6482,885.8399999999999,15.277777777777779,1795,4.0814814814814815,10.0,0.9999734959297522,0.6062107848939077,0.024466423757121127,0.04336498359422726,0.048769590798570836,0.3868396706183736,0.15890176164906064
risk,bernoulli,2041,0.25368594730760163,71.78941116215259,27.77777777777778,23.924987222414625,300,5358,750.9599999999999,14.666666666666666,534,55.779629629629625,359.0,0.47487556361551403,0.29699931251060224,0.19425839196733363,0.043225590980868506,0.28087861314724855,0.38699590217631447,0.3197578730632425
cvoi,bernoulli,2041,0.19190058469316482,51.17265101838823,29.166666666666668,18.456091802593566,360,6476,885.12,15.277777777777779,1776,12.464351851851852,78.0,0.8825881308194599,0.31497880191857774,0.03939899466550116,0.043978630899714564,0.13761067759974283,0.3881408064946621,0.22729559658079043
periodic_all,bernoulli,2042,0.23697284861779158,69.60147548348809,33.333333333333336,24.34021251086338,360,6480,885.6,16.944444444444443,1800,150.61944444444444,360.0,0.835574100178766,0.346846578420795,0.07744976649029421,0.03788925082268118,0.20388754135104023,0.3934053670011991,0.3623585876207398
round_robin,bernoulli,2042,0.22597941153813308,61.875784968562435,57.5,89.56027545217638,360,6480,885.6,16.944444444444443,1800,4.619907407407407,24.0,0.9876221383544381,0.7118401217250877,0.02123708778396362,0.03596383001420189,0.0372695740239937,0.3855651678658333,0.16400068781571858
error_trigger,bernoulli,2042,0.20003888566854935,55.71521889946131,28.333333333333332,18.19622921275537,360,6442,881.04,16.944444444444443,1800,51.604166666666664,360.0,0.4352824550364286,0.30678523047296596,0.08142139093489474,0.03788925082268118,0.21150663768978667,0.3864164670688501,0.1762143370221174
aoi,bernoulli,2042,0.210337207188834,58.64336025131758,52.22222222222222,64.87123338560068,360,6482,885.8399999999999,16.944444444444443,1795,4.1930555555555555,12.0,0.99999579419923,0.6120838484753304,0.023488552333769473,0.03610019048557315,0.03790336025193547,0.3860672318165663,0.1663800597698294
risk,bernoulli,2042,0.22591784571484744,63.56469868500898,28.055555555555557,22.461425696586296,286,5110,721.1999999999999,16.783216783216783,377,77.85092592592592,360.0,0.5303273176821125,0.30162329320032777,0.07744976649029421,0.03788925082268118,0.2078966822115755,0.38604765503558436,0.3446004265286217
cvoi,bernoulli,2042,0.19213685496934316,51.072755576019766,29.72222222222222,20.744490031273884,360,6468,884.16,16.944444444444443,1780,12.414351851851853,75.0,0.8930518904487177,0.3159569860799203,0.03252060979357311,0.049069372028640736,0.07582314176283349,0.38666251144063835,0.29278850871045287
periodic_all,bernoulli,2043,0.2470035002414138,74.32783311645404,30.27777777777778,27.11405773199978,360,6480,885.6,14.166666666666666,1800,150.61203703703703,360.0,0.8354924602994708,0.34564524984938255,0.06382882685865927,0.06346358490078581,0.18943044193212044,0.3827566678347283,0.4368962300728062
round_robin,bernoulli,2043,0.1809710934452414,49.84140856490176,38.888888888888886,36.14926187855838,360,6480,885.6,14.166666666666666,1800,4.519907407407407,18.0,0.9935964347329579,0.44930528931123276,0.023509482562690913,0.04120862501929926,0.03681680154476161,0.3827587024988041,0.15222765973465968
error_trigger,bernoulli,2043,0.21819467373157928,59.80105711114422,28.88888888888889,22.800185013135817,360,6438,880.56,14.166666666666666,1800,75.90972222222221,360.0,0.5089609545797342,0.33170290550174725,0.06382882685865927,0.06346358490078581,0.23127783723655812,0.383225215061437,0.23566967283028822
aoi,bernoulli,2043,0.18183589576741552,50.390006707843206,37.5,36.19766181770693,360,6490,886.8,14.166666666666666,1795,4.07037037037037,11.0,0.9999938421509623,0.44969047824102776,0.023933698922451292,0.04002696677887365,0.0392456507135302,0.38295580537154794,0.1551627745770621
risk,bernoulli,2043,0.22269341053754513,62.87852146094635,26.944444444444443,21.117173108634532,281,5026,711.12,13.523131672597865,337,77.54814814814814,360.0,0.5280903045667728,0.30527796878848373,0.06382882685865927,0.06346358490078581,0.2010142780683864,0.3827566678347283,0.3198191367742273
cvoi,bernoulli,2043,0.19082956739854132,51.44077097734507,29.72222222222222,20.316710554960224,360,6484,886.0799999999999,14.166666666666666,1773,11.98564814814815,77.0,0.8837315696914603,0.33605874655914175,0.036053094871742304,0.040771405393482056,0.0870716267609096,0.38278589505696575,0.2622366357490066
periodic_all,bernoulli,2044,0.19780907221200175,54.59066140669784,33.333333333333336,24.38503575272688,360,6480,885.6,14.722222222222221,1800,150.61203703703703,360.0,0.8354924602994708,0.34457790988067977,0.0395655066962969,0.04455997028182979,0.07014822526471491,0.3985404292424278,0.28946239190606154
round_robin,bernoulli,2044,0.2135019647752717,57.93607263789409,48.888888888888886,70.60990923847996,360,6480,885.6,14.722222222222221,1800,4.472685185185186,18.0,0.9899114641768807,0.6309080440044247,0.021221664846021403,0.0396369482221842,0.037696803067316834,0.38442555823995816,0.16712277027172476
error_trigger,bernoulli,2044,0.187756396194215,50.90858462802371,29.72222222222222,21.972750931128623,360,6464,883.68,14.722222222222221,1800,90.58703703703704,360.0,0.6354590256369492,0.3260383761522901,0.0395655066962969,0.04455997028182979,0.07622666744647033,0.3845874608010978,0.255560395787305
aoi,bernoulli,2044,0.21309362485188602,58.742028169843856,57.22222222222222,71.74309685836771,360,6484,886.0799999999999,14.722222222222221,1795,4.077314814814815,11.0,0.9999809062684857,0.6321080361692075,0.020733380136470102,0.039759750340593085,0.037110522273659935,0.3841219382462025,0.1647281219451831
risk,bernoulli,2044,0.19540722069965724,53.38926583813184,29.444444444444443,22.458864801800818,276,4968,704.16,14.492753623188406,215,112.23981481481484,360.0,0.6989873521386131,0.3214163381589729,0.0395655066962969,0.04455997028182979,0.07014822526471491,0.3845874608010978,0.3121658229950314
cvoi,bernoulli,2044,0.18614620647926505,48.49744383265509,29.166666666666668,24.628804803471944,359,6460,883.1999999999999,14.763231197771587,1772,12.346296296296295,76.0,0.8932831412220185,0.31664417104389275,0.027583390678823788,0.05507971981900443,0.033516092664431174,0.3856428060799092,0.298411058589529
periodic_all,bernoulli,2045,0.24072092701880102,71.44775035929068,30.27777777777778,19.66406808515232,360,6480,885.6,16.38888888888889,1800,150.61898148148148,360.0,0.8355689981646762,0.3430711755573228,0.08336295957537164,0.04057139017231686,0.33512714353694584,0.38576301313809336,0.25642988013275564
round_robin,bernoulli,2045,0.1834378250627391,50.394405386055304,38.05555555555556,37.216292675884034,360,6480,885.6,16.38888888888889,1800,4.633796296296296,24.0,0.9961457107218553,0.45250550907116543,0.02367831639253286,0.038716413546865544,0.0432659647420315,0.38615990887236656,0.15630083775147263
error_trigger,bernoulli,2045,0.20550759741454283,55.17377868491028,28.88888888888889,22.2995441536167,360,6432,879.8399999999999,16.38888888888889,1800,56.1837962962963,286.0,0.5906854405992091,0.30779883417642645,0.0648777573758792,0.04641575903862451,0.1428983249230883,0.38700550161158903,0.28404940736164963
aoi,bernoulli,2045,0.22042360908371064,61.6621467929071,61.94444444444444,80.04569978290311,360,6484,886.0799999999999,16.38888888888889,1795,4.20787037037037,14.0,0.9999827989705141,0.6785694979813746,0.02362194853867798,0.038527119550135824,0.03702534533916336,0.3860348051699272,0.15876293792298518
risk,bernoulli,2045,0.24221760228645628,67.10476621903263,28.055555555555557,33.4126247252066,292,5204,732.48,16.438356164383563,370,77.89768518518518,360.0,0.5299713134416486,0.30670586517757215,0.08336295957537164,0.04057139017231686,0.30872186900499066,0.38576301313809336,0.3281805166503931
cvoi,bernoulli,2045,0.19163249108934535,50.374771535787225,29.444444444444443,22.683767900448363,360,6470,884.4,16.38888888888889,1774,12.82175925925926,76.0,0.8720284200581192,0.32631485240347313,0.028021258807640316,0.052182320384363545,0.07815374582828302,0.38624048153693136,0.27888228757538086
periodic_all,burst,2026,0.22895912581273645,67.30256888263563,29.444444444444443,19.226879396121618,360,6480,885.6,13.88888888888889,1800,150.61805555555557,360.0,0.8355587939451312,0.3504621790575553,0.03862180074316577,0.04200976998973483,0.2781709197318621,0.37584177810981606,0.28864830724428475
round_robin,burst,2026,0.22049081030150797,57.76957875403114,47.77777777777778,70.18113782340959,360,6480,885.6,13.88888888888889,1800,4.431018518518519,24.0,0.9962435769851753,0.6887481951164975,0.02482732063966194,0.04482841502904553,0.037541519391473606,0.3757958588364806,0.1512035527958883
error_trigger,burst,2026,0.1865289139852209,51.75561134194661,28.88888888888889,20.45367035588122,360,6446,881.52,13.88888888888889,1800,71.98425925925926,360.0,0.46813758870508976,0.34956100400718626,0.03862180074316577,0.04200976998973483,0.1538577743984925,0.3760332652585809,0.15908986951416515
aoi,burst,2026,0.17611168088906282,49.013250125300196,38.611111111111114,30.516929285009578,360,6478,885.36,13.88888888888889,1795,4.095833333333334,12.0,0.999997431951819,0.4261799575161881,0.02273663106632239,0.04458387096968633,0.03941840385138193,0.37611988137959806,0.14763134055120006
risk,burst,2026,0.22098263839719567,61.35038783878428,27.22222222222222,20.396654005436424,284,5074,716.88,13.732394366197184,394,99.68657407407407,360.0,0.6043916422650795,0.31221531139851216,0.03862180074316577,0.04200976998973483,0.2685588628976606,0.37584177810981606,0.28864830724428475
cvoi,burst,2026,0.18497106034164937,50.38727520083529,28.88888888888889,18.928199120154108,360,6466,883.92,13.88888888888889,1774,13.014814814814818,79.0,0.876504811181518,0.3291302753739269,0.0352405335325111,0.04324692600700062,0.06597589259575287,0.37696073164721955,0.25927200289348507
periodic_all,burst,2027,0.249089445857586,73.77486363519662,33.611111111111114,20.64310271984467,360,6480,885.6,10.277777777777779,1800,150.60833333333332,360.0,0.8354516342377989,0.3455025536072765,0.04482779534757243,0.039641216872980875,0.35978508346242516,0.3810939102360508,0.32368611561921007
round_robin,burst,2027,0.17596147425495304,49.16696541845365,39.72222222222222,28.13435169944175,360,6480,885.6,10.277777777777779,1800,4.14212962962963,24.0,0.9984996586573528,0.41141070665728197,0.022220597410771207,0.03814415244733028,0.04349636794753995,0.3810298298241368,0.15946719124265804
error_trigger,burst,2027,0.19886739823737457,55.679800185098735,32.22222222222222,17.391363108677485,360,6430,879.6,10.277777777777779,1800,59.43935185185185,360.0,0.4807992624943093,0.3054453127880528,0.04482779534757243,0.04792424478965677,0.21307749087911007,0.38232311317032175,0.1996064324495335
aoi,burst,2027,0.19210262300087969,52.579681157961225,46.94444444444444,45.59981097891769,360,6482,885.8399999999999,10.277777777777779,1795,3.9078703703703703,11.0,0.9999948772519894,0.5058258993136185,0.02268028686061055,0.038690359255673455,0.04087943791960603,0.3809374504461802,0.16360230420958938
risk,burst,2027,0.2019900129966685,56.72409679458412,31.11111111111111,17.956498870512377,285,5088,718.56,9.473684210526315,323,76.36990740740741,360.0,0.5162355875565147,0.3063153256042883,0.04482779534757243,0.039641216872980875,0.2144153207270545,0.3810939102360508,0.22564650919206378
cvoi,burst,2027,0.1903144566050284,50.56237362315196,32.77777777777778,21.635859629689687,360,6476,885.12,10.277777777777779,1764,11.893055555555556,74.0,0.8912801128111777,0.3150932721053901,0.04180864143744545,0.05433714898785915,0.05171316624517591,0.38223663230536187,0.296697878548938
periodic_all,burst,2028,0.2337070124206985,68.62017571317205,33.05555555555556,21.16544094004255,360,6480,885.6,11.666666666666666,1800,150.61574074074073,360.0,0.8355332822800394,0.34404946638023726,0.09482917171038226,0.04044533614463127,0.2611595418281092,0.39928772165080556,0.2624708368100255
round_robin,burst,2028,0.2006534495303682,55.63377907957107,52.77777777777778,54.80010420316589,360,6480,885.6,11.666666666666666,1800,4.317129629629629,24.0,0.9975101257060291,0.564683714389827,0.021474166447734203,0.039352112143692136,0.04318901020538576,0.37915104347451817,0.1560706505210518
error_trigger,burst,2028,0.21509982853854437,60.68592846677499,29.166666666666668,19.948969581190095,360,6436,880.3199999999999,11.666666666666666,1800,53.29490740740741,360.0,0.4565237514436458,0.314009180721465,0.11956404107990438,0.04044533614463127,0.2240377106890429,0.37957213084960617,0.21297057174661657
aoi,burst,2028,0.1922415751855346,53.1805153738587,48.888888888888886,45.29193181705677,360,6456,882.72,11.666666666666666,1795,4.032407407407407,13.0,0.9999500711008381,0.5143299046736706,0.020426306294606438,0.03868702957622166,0.04403506519663219,0.3787783206318555,0.15719282474022148
risk,burst,2028,0.22576910135081527,63.65887437628447,28.88888888888889,22.11421244380723,296,5304,744.48,11.486486486486486,314,77.96342592592593,360.0,0.5338064307404747,0.310655528401471,0.09482917171038226,0.04044533614463127,0.22765596958406015,0.37911721633821344,0.3019113859261336
cvoi,burst,2028,0.18670207325428256,49.54868047343522,30.0,17.989264518182175,360,6476,885.12,11.666666666666666,1780,12.34027777777778,75.0,0.8874550237902267,0.3237046964500814,0.05012914256552093,0.04012011077022715,0.10732012423447376,0.3802672209400835,0.2186711445653086
periodic_all,burst,2029,0.23292623799615797,68.85906844346475,34.166666666666664,20.827649854581498,360,6480,885.6,12.222222222222221,1800,150.61342592592592,360.0,0.8355077690204781,0.3447900376845329,0.0562228647852712,0.03756461447845061,0.3083199349260179,0.3955366579574878,0.25512331814518757
round_robin,burst,2029,0.20993895545145036,58.414915714215,58.611111111111114,70.62636027277927,360,6480,885.6,12.222222222222221,1800,4.2615740740740735,18.0,0.9981104440929405,0.6229086103051444,0.02335600289210663,0.035366083241068644,0.03866344942116047,0.3869343213878597,0.1524052654613623
error_trigger,burst,2029,0.21833847119391026,61.18846469854623,31.666666666666668,22.897134803088512,360,6440,880.8,12.222222222222221,1800,52.286574074074075,360.0,0.44180938013428717,0.3035342220008242,0.09212406523350342,0.03756461447845061,0.25413873743059767,0.3870880177988496,0.23558117022123595
aoi,burst,2029,0.17101799298197565,46.94902536369462,36.94444444444444,26.762077757325322,360,6484,886.0799999999999,12.222222222222221,1795,4.029629629629629,14.0,0.9999932418259693,0.38623789555682264,0.023093619713847574,0.0351538261111619,0.03998018127523063,0.38669208084811674,0.15495035438667426
risk,burst,2029,0.22373557810081854,63.03984648089382,30.27777777777778,27.156642875362,286,5108,720.9599999999999,13.286713286713287,264,79.30277777777778,360.0,0.5451058489629835,0.29715798285083034,0.0562228647852712,0.03756461447845061,0.19527875952278526,0.3866489363207756,0.369540310646798
cvoi,burst,2029,0.18545489856787375,48.88259164197584,31.11111111111111,22.094470345083366,359,6456,882.72,12.256267409470752,1775,12.098611111111111,78.0,0.8879111379306485,0.31067247242269874,0.03415993041764368,0.036197226406392995,0.04964977869549778,0.38777296353411245,0.2942770199308969
periodic_all,burst,2030,0.27667927800693215,84.17985661937036,86.11111111111111,50.962406213119124,360,6480,885.6,15.833333333333334,1800,150.62083333333334,360.0,0.8355894058382879,0.34468703787429933,0.05503068780092239,0.042083829147358344,0.5005751283961133,0.413287375869464,0.3044116089534355
round_robin,burst,2030,0.20284406264242874,56.94065290830827,55.0,57.24152102507329,360,6480,885.6,15.833333333333334,1800,4.561574074074074,24.0,0.9959964540310104,0.5675393495678066,0.022157844837078798,0.03941483264450229,0.0398076372574511,0.39334288987182325,0.1548018216759105
error_trigger,burst,2030,0.21644439555041642,59.86412356962584,32.77777777777778,20.90079274536309,360,6424,878.88,15.833333333333334,1800,74.92916666666666,360.0,0.49871185940451074,0.3049747786934477,0.05503068780092239,0.042083829147358344,0.26059308477426835,0.393493326654056,0.24249066623244572
aoi,burst,2030,0.18090775898911593,49.40266985269486,42.22222222222222,35.82882182783866,360,6474,884.88,15.833333333333334,1795,4.222685185185186,16.0,0.999974986392411,0.4349993895376922,0.02068812750736519,0.03973456138270962,0.042560269998829676,0.39263929589307456,0.15482490961502424
risk,burst,2030,0.21715434495607547,61.13331669194395,31.666666666666668,21.0902765778015,284,5070,716.4,15.140845070422536,326,82.34861111111111,360.0,0.5684773823537823,0.30303119473557855,0.05503068780092239,0.042083829147358344,0.2117633701998719,0.39316146689501763,0.29785552095770396
cvoi,burst,2030,0.19459978089045246,51.378406404520454,32.77777777777778,22.00006191491962,360,6478,885.36,15.833333333333334,1774,13.615740740740739,77.0,0.8883590034984634,0.31069690581596465,0.05559958514423939,0.05454390517375509,0.06015184421409539,0.3931280769757015,0.2934783680189586
periodic_all,burst,2031,0.2106505526981843,59.61244768631756,36.94444444444444,24.186156332215177,360,6480,885.6,12.5,1800,150.62407407407406,360.0,0.8356251168109592,0.3445829978143186,0.04661430811446908,0.06418909355883273,0.09133103310251664,0.4005638011686615,0.3166220824303072
round_robin,burst,2031,0.19034597066158507,52.149963103572986,48.05555555555556,41.68238330397955,360,6480,885.6,12.5,1800,4.414351851851852,30.0,0.9925450678589859,0.4840692697817747,0.021479707431393512,0.04156288974068252,0.039173151998397535,0.3895290327440227,0.16626177227323927
error_trigger,burst,2031,0.186240487597544,51.851720205701305,33.611111111111114,19.087471274569605,360,6464,883.68,12.5,1800,66.2412037037037,360.0,0.5452591154934489,0.3089383576961524,0.06493235388369654,0.06418909355883273,0.10562147390066394,0.38996750271259667,0.1837941438333216
aoi,burst,2031,0.19060181004964105,50.87130646793471,39.72222222222222,45.01526813351012,360,6488,886.56,12.5,1795,4.125462962962962,16.0,0.9999443271491057,0.49322146577439735,0.021219807025161172,0.04175450747650066,0.03623034761650877,0.3898317210553854,0.16135301134989297
risk,burst,2031,0.21462357532906093,59.527727685874645,33.05555555555556,21.68303401375414,296,5302,744.24,13.85135135135135,314,98.57361111111112,360.0,0.679241089152273,0.3099104229628953,0.04661430811446908,0.06418909355883273,0.1458610592751826,0.38996750271259667,0.33119906535038907
cvoi,burst,2031,0.18040285048032634,48.291148198818725,32.77777777777778,19.101288928648025,359,6454,882.48,12.534818941504179,1769,12.824074074074074,74.0,0.8905547086759512,0.31234934961041094,0.03362524375878395,0.054453498624329216,0.05437824941072682,0.38970001671506216,0.23791074476264484
periodic_all,burst,2032,0.30523963114339697,95.64627307337658,59.166666666666664,38.89850107818305,360,6480,885.6,11.38888888888889,1800,150.61296296296297,360.0,0.8355026661772453,0.3441500800297518,0.16511281388379362,0.05781318913813977,0.43307140509465436,0.38577362663633363,0.4455166720777089
round_robin,burst,2032,0.1836366041503857,50.18607250797158,41.111111111111114,38.79175587643191,360,6480,885.6,11.38888888888889,1800,4.29212962962963,18.0,0.9929386552089743,0.46651122580842613,0.02275837706209705,0.03337887635290085,0.04315866681188834,0.3761964068908291,0.15981607197617267
error_trigger,burst,2032,0.2314775266190768,65.03445670482287,33.611111111111114,26.957670292287073,360,6402,876.24,11.38888888888889,1800,47.37685185185185,360.0,0.3842061563919045,0.31342117612196835,0.174907562802521,0.05781318913813977,0.3058624458809511,0.37653720138555935,0.160323584385321
aoi,burst,2032,0.20097381713822352,53.54810486866148,42.5,55.86383427644182,360,6482,885.8399999999999,11.38888888888889,1795,4.00462962962963,13.0,0.9999593187036554,0.5636948731465469,0.022849030544690854,0.03318322207461626,0.045588833460021634,0.3765745606423597,0.16395238296110579
risk,burst,2032,0.24368752965702292,70.5918791724751,31.11111111111111,21.679971366594746,281,5016,709.92,12.811387900355871,419,86.53611111111111,360.0,0.6013976029999581,0.30637581137629366,0.16511281388379362,0.05757916744215941,0.20475223362152103,0.37653720138555935,0.3517679502328106
cvoi,burst,2032,0.19147442095135928,51.442072542089,32.5,19.214697551748085,360,6478,885.36,11.38888888888889,1785,12.20787037037037,80.0,0.8880233599268056,0.3252997385779791,0.043771057336088826,0.03511978302511436,0.1997178346917418,0.3775673041805426,0.16737080789668907
periodic_all,burst,2033,0.24488220424602244,72.86671216609959,38.611111111111114,22.790771021365547,360,6480,885.6,15.833333333333334,1800,150.6212962962963,360.0,0.8355945075972078,0.35083911583032307,0.07428401974546345,0.04689595394687605,0.35310360064266605,0.3849438097198392,0.2592267255909667
round_robin,burst,2033,0.19673370591272302,52.918133319916116,47.22222222222222,49.92760716206284,360,6480,885.6,15.833333333333334,1800,4.658796296296296,30.0,0.987803446718228,0.5303400945730111,0.0236622532247015,0.04142996640759851,0.04139376971593046,0.3822892351143288,0.16128691644076779
error_trigger,burst,2033,0.19631633006496482,54.517372975316356,32.77777777777778,19.468728837343992,360,6428,879.36,15.833333333333334,1800,52.234722222222224,360.0,0.439156682722277,0.30816128711530655,0.06967968926297831,0.04689595394687605,0.21029997282746288,0.3821986003492347,0.16066247688793056
aoi,burst,2033,0.18059870928033397,50.16695723477407,42.77777777777778,32.97872066849469,360,6462,883.4399999999999,15.833333333333334,1795,4.157407407407407,14.0,0.9999844249214128,0.43954893298298936,0.022671144344271317,0.041168611237509166,0.038174488303443,0.38228608186376833,0.15974299695002286
risk,burst,2033,0.24012551729358578,66.01535310472124,32.22222222222222,30.662161578528604,281,5020,710.4,16.01423487544484,381,83.48564814814814,360.0,0.572070271564017,0.32181646440895467,0.07428401974546345,0.04689595394687605,0.27492612416176476,0.38219060908401953,0.3406399324144362
cvoi,burst,2033,0.19599087506654614,50.68823397491403,35.27777777777778,24.590852139471313,359,6466,883.92,15.877437325905293,1767,11.747222222222222,74.0,0.8898432942865927,0.32682926416712405,0.024739486771062646,0.05097120969104959,0.1050582046916231,0.3828915060966533,0.28545557898176444
periodic_all,burst,2034,0.18657948656582193,53.25960488180354,32.22222222222222,20.598651044574034,360,6480,885.6,12.777777777777779,1800,150.61851851851853,360.0,0.8355638960867973,0.3466629428197608,0.045590566754745154,0.040803410659532045,0.06975594078828967,0.39602021783841257,0.2206438405341914
round_robin,burst,2034,0.18142315832541414,49.84341970296193,39.72222222222222,37.05581383766401,360,6480,885.6,12.777777777777779,1800,4.394907407407406,18.0,0.996974803699729,0.46135589284837764,0.022982091826229793,0.0384255526260659,0.03640478431032032,0.37515192652051266,0.15421870182097858
error_trigger,burst,2034,0.17994818257548614,49.913239235269636,27.5,17.544752156037543,360,6460,883.1999999999999,12.777777777777779,1800,84.42685185185185,360.0,0.5853717363623375,0.3103614730144807,0.045590566754745154,0.040803410659532045,0.12421282539834758,0.3757173421973555,0.1830034774284559
aoi,burst,2034,0.19468024088469538,53.947733889516456,46.94444444444444,48.57394578464656,360,6498,887.76,12.777777777777779,1795,4.116203703703704,15.0,0.9999830869129733,0.5323468590647927,0.02306461052885896,0.038221443090420505,0.03563375075640694,0.3753807353175204,0.16343404655017274
risk,burst,2034,0.1931129022619964,52.734108486867505,26.666666666666668,21.20333132072989,277,4986,706.3199999999999,15.52346570397112,230,115.69074074074075,360.0,0.7154443224472357,0.3020403588692314,0.045590566754745154,0.040803410659532045,0.06975594078828967,0.37587344245001686,0.3246136940501632
cvoi,burst,2034,0.180650177538955,47.90303168154043,28.333333333333332,19.810640093197662,359,6466,883.92,12.813370473537605,1764,12.691203703703705,84.0,0.8707313698356357,0.3195090045857784,0.019881219163989678,0.04046922141146,0.05953078699917232,0.37709663290843426,0.2674142001648953
periodic_all,burst,2035,0.20144385771587825,58.6066655197493,31.38888888888889,18.721587675885942,360,6480,885.6,12.222222222222221,1800,150.61898148148148,360.0,0.8355689981646762,0.3404719709613408,0.08749860601824284,0.06103694825051474,0.10498167160370607,0.38170165758744723,0.23297229187401772
round_robin,burst,2035,0.1756017270414153,48.11471748588345,35.55555555555556,29.541290801024466,360,6480,885.6,12.222222222222221,1800,4.258796296296296,18.0,0.9973967635484656,0.4141408453240099,0.021519691043758723,0.039643716776021645,0.03412565123146364,0.3815162383514015,0.16266421952183646
error_trigger,burst,2035,0.20845456380851268,57.9630717712096,30.833333333333332,20.94137253449124,360,6440,880.8,12.222222222222221,1800,59.14166666666667,360.0,0.49145125178562143,0.3180227055058776,0.10916324977064845,0.06103694825051474,0.22449275947310998,0.3826272003281592,0.15538451952276608
aoi,burst,2035,0.1695005301797952,47.33410638666127,38.333333333333336,23.810823277289884,360,6494,887.28,12.222222222222221,1795,4.05462962962963,12.0,0.9999894137628362,0.38325414565974575,0.021984990888534815,0.038765506734326466,0.03231518103956558,0.3815155693331315,0.15916778742346696
risk,burst,2035,0.21387252536779186,59.56519699390817,30.27777777777778,22.251563491570707,281,5058,714.9599999999999,13.87900355871886,265,106.0287037037037,360.0,0.6615198566705058,0.3182306744236494,0.08749860601824284,0.06103694825051474,0.10498167160370607,0.38170165758744723,0.329785594323191
cvoi,burst,2035,0.1844644009939224,48.58870201257281,31.944444444444443,20.829202535268106,359,6458,882.9599999999999,12.256267409470752,1773,12.315740740740742,74.0,0.8882464709798358,0.31493679115903955,0.04582118584482836,0.04202747228903823,0.044007447348623746,0.38140031981858,0.27859318950342454
periodic_all,burst,2036,0.21824776000395055,63.13632420734594,37.77777777777778,26.70013683960485,360,6480,885.6,16.944444444444443,1800,150.63472222222222,360.0,0.8357424308487361,0.34605873123102876,0.06713108454104809,0.058218748630454835,0.060915193946525316,0.4116464227411303,0.36551637893351613
round_robin,burst,2036,0.20732868709165175,56.337748070557474,46.388888888888886,61.177651796191554,360,6480,885.6,16.944444444444443,1800,4.625462962962963,18.0,0.9978726895009452,0.589799853086389,0.0241111087580683,0.034339371251543356,0.03693449183860774,0.390633626339664,0.1681536712756379
error_trigger,burst,2036,0.18511369903244881,52.23978092175984,31.38888888888889,18.20366859987345,360,6476,885.12,16.944444444444443,1800,90.46064814814815,360.0,0.6019776294742482,0.30747959398380575,0.06713108454104809,0.058218748630454835,0.09395776374829946,0.39099243277182594,0.19290257051925896
aoi,burst,2036,0.1810878212698871,50.95876483010244,42.5,33.828113678459836,360,6474,884.88,16.944444444444443,1795,4.307407407407408,17.0,0.9999285207698264,0.4409263457148254,0.022879936100126886,0.034343185878352056,0.03481504879052878,0.3907016885230402,0.16286072261244922
risk,burst,2036,0.2029644135794293,56.122592124888854,31.11111111111111,22.39777491794094,284,5114,721.68,13.380281690140846,275,117.0800925925926,360.0,0.7287781164291107,0.3064945949808667,0.06713108454104809,0.05791295151588885,0.060915193946525316,0.3909025965585439,0.33443005993370284
cvoi,burst,2036,0.1879036194548334,49.82463847463949,33.333333333333336,20.507649700513408,360,6476,885.12,16.944444444444443,1773,13.506481481481481,74.0,0.8763800395114278,0.32744651475531306,0.041447619361803155,0.03693798898961936,0.09520495083714083,0.3917905355685742,0.2345941072165498
periodic_all,burst,2037,0.1842187893993019,51.538193225726566,31.666666666666668,18.88464394040132,360,6480,885.6,9.166666666666666,1800,150.60324074074074,360.0,0.8353954917406804,0.34350037205968326,0.048778436041788636,0.039974850531961134,0.040593315609145336,0.38122767806980745,0.2512380840834254
round_robin,burst,2037,0.18705136226123445,51.9057555328697,46.666666666666664,42.12666484871275,360,6480,885.6,9.166666666666666,1800,4.1060185185185185,24.0,0.9966417275493898,0.49036680673632965,0.022140956551691945,0.041054764359990545,0.030362155687679568,0.38197891516781723,0.15640457506389777
error_trigger,burst,2037,0.19173919213110743,53.56549300762143,30.27777777777778,18.188195974901664,360,6458,882.9599999999999,9.166666666666666,1800,72.21712962962964,360.0,0.5905899981738939,0.31587654999597425,0.07490621914351077,0.039974850531961134,0.10457642229203004,0.38122767806980745,0.23387343275336103
aoi,burst,2037,0.19172823468504163,52.39078697902452,43.888888888888886,46.21688294618981,360,6478,885.36,9.166666666666666,1795,3.910648148148148,16.0,0.9999673039284869,0.5147055162964803,0.022038953758319785,0.04153629079766312,0.03068753808478754,0.38169577926358955,0.15970532990940953
risk,burst,2037,0.18730651505970386,50.90401666714475,30.0,21.77389135328331,280,5040,712.8,10.357142857142858,214,103.71805555555557,360.0,0.6420518556797665,0.30894780927785,0.048778436041788636,0.039974850531961134,0.040593315609145336,0.38122767806980745,0.3043170008276706
cvoi,burst,2037,0.17853384913972495,47.348638194447794,33.333333333333336,18.38226104023901,359,6470,884.4,9.192200557103064,1768,12.805092592592594,76.0,0.8737290819583217,0.32119038141131956,0.033578208095330624,0.056869350121979856,0.052190536141623785,0.3824912464070481,0.22488337266104777
periodic_all,burst,2038,0.22713400128408812,65.58100492090342,34.44444444444444,23.573255144278853,360,6480,885.6,17.5,1800,150.63148148148147,360.0,0.8357067301504837,0.3448344266325919,0.18110623402708326,0.06206928929492174,0.07076117280043376,0.3905729875501562,0.31345989739934194
round_robin,burst,2038,0.20980460603877912,58.85847144116983,60.27777777777778,66.48526975666458,360,6480,885.6,17.5,1800,4.769907407407408,24.0,0.9897988306145402,0.6080412067362608,0.02447588189852726,0.039146644034891626,0.03716075941885187,0.38146286741346275,0.16854027673068023
error_trigger,burst,2038,0.2098241621294881,58.7553477329952,31.666666666666668,18.36841063672096,360,6462,883.4399999999999,17.5,1800,57.906481481481485,360.0,0.48786739270457097,0.31062085836227543,0.17931739953002004,0.06206928929492174,0.12018460542202213,0.3821154828808776,0.20463733728681147
aoi,burst,2038,0.21047813790002154,58.43899651979206,58.333333333333336,66.64502294076176,360,6480,885.6,17.5,1795,4.300462962962963,14.0,0.999986173999747,0.6156998511384604,0.024683990707210696,0.04005304281214607,0.03669960750056997,0.38185970157491433,0.16387263366682775
risk,burst,2038,0.21861253787157398,62.4676782217048,31.11111111111111,18.76064776763811,290,5220,734.4,16.20689655172414,453,77.73472222222222,360.0,0.5289991933051623,0.3059139855669015,0.2307456314605063,0.06206928929492174,0.07076117280043376,0.38208684283836336,0.26009830526831695
cvoi,burst,2038,0.19453215833838233,50.5766856496356,32.22222222222222,21.24887121466906,359,6464,883.68,17.54874651810585,1772,13.243055555555555,73.0,0.8981018680391002,0.31501888503571746,0.04864111248421035,0.04514699206023181,0.09890022697022857,0.3827634725550349,0.276722260924871
periodic_all,burst,2039,0.19837192227160916,56.06034962443632,35.833333333333336,21.106160683876176,360,6480,885.6,6.666666666666667,1800,150.59675925925924,360.0,0.8353240264992222,0.3469163176209959,0.055867341058373564,0.05940042642462076,0.0810405388349956,0.4029579443000252,0.24404896539064383
round_robin,burst,2039,0.18814669431566167,52.93274154790478,44.166666666666664,41.59592525881237,360,6480,885.6,6.666666666666667,1800,3.9032407407407406,18.0,0.997120584043873,0.4896262474431193,0.020509664565065207,0.036361514779772716,0.04165135207991217,0.3820190771302851,0.1587123098958154
error_trigger,burst,2039,0.20712333016520676,57.50624530709123,31.944444444444443,18.61672940514363,360,6444,881.28,6.666666666666667,1800,67.96203703703704,360.0,0.5806851257858593,0.32972128122735234,0.05719321613711854,0.05940042642462076,0.17229226862716088,0.38319305882638044,0.24093972974860753
aoi,burst,2039,0.19321642161195296,54.62602700894899,50.833333333333336,45.91393135615555,360,6492,887.04,6.666666666666667,1795,3.75,12.0,0.9999840880427144,0.5178262726875937,0.02029867437733145,0.03525241237010916,0.04397989271442391,0.3819417428919653,0.1599995346302942
risk,burst,2039,0.20204891677568795,55.08390078087004,31.38888888888889,23.590612507223845,284,5114,721.68,6.338028169014085,231,96.20601851851852,360.0,0.6474540758347183,0.32347727522267633,0.055867341058373564,0.05609763589520211,0.0810405388349956,0.38252343174652303,0.31328727789635724
cvoi,burst,2039,0.20795862676844665,53.84363077514188,33.05555555555556,24.361137765124486,359,6454,882.48,6.685236768802229,1770,11.70925925925926,72.0,0.8875058222664967,0.33413971421878474,0.03855333671394326,0.04845932906601514,0.144532537426421,0.3825096623117866,0.2995571808737292
periodic_all,burst,2040,0.23858400874765706,70.96598447355414,35.55555555555556,24.24449328308074,360,6480,885.6,13.61111111111111,1800,150.6226851851852,360.0,0.8356098124911852,0.34999166977207197,0.08712068076625304,0.038451802896366134,0.3066576337663314,0.40596734583501,0.24331491944991002
round_robin,burst,2040,0.21218244045660442,58.196084600433004,51.111111111111114,69.384635445761,360,6480,885.6,13.61111111111111,1800,4.431018518518518,24.0,0.998354302969755,0.6240043997540375,0.02140477873307002,0.03819906903940968,0.04315726377660022,0.3854927613658884,0.16083637007062077
error_trigger,burst,2040,0.2163946513506095,60.062355920107315,31.944444444444443,20.50683036950747,360,6440,880.8,13.61111111111111,1800,50.39537037037038,360.0,0.4221142567445284,0.31453083195263776,0.1297486399345146,0.038451802896366134,0.2268716142006787,0.38579767979667,0.20296733932278987
aoi,burst,2040,0.20735940021672614,57.214908877192784,53.611111111111114,59.91369286097075,360,6474,884.88,13.61111111111111,1795,4.133796296296297,15.0,0.9999799193854376,0.584338033256803,0.02294513246521218,0.03833011659942901,0.042603359421071095,0.3852956091957571,0.1706441503620844
risk,burst,2040,0.24241563500820265,67.48154559856722,31.944444444444443,33.86758561922802,285,5088,718.56,12.982456140350877,354,82.58842592592593,360.0,0.567585504001948,0.31117378765866466,0.08712068076625304,0.038451802896366134,0.303753496686142,0.38572426948695276,0.32826977255483725
cvoi,burst,2040,0.2012060264966192,52.375481152050945,35.0,27.177489628762338,360,6478,885.36,13.61111111111111,1770,12.777314814814815,78.0,0.8733789277141996,0.3339216251376593,0.032802970624472245,0.05374372820623576,0.09562928837045422,0.3859003118787388,0.30523823476215506
periodic_all,burst,2041,0.2564749539236165,76.56773944478546,29.444444444444443,22.05072520758707,360,6480,885.6,10.833333333333334,1800,150.60694444444445,360.0,0.8354363234126634,0.3446782758699472,0.20442894165949368,0.043225590980868506,0.2282705745059841,0.38699590217631447,0.331250438349091
round_robin,burst,2041,0.19889794532875413,54.656051081450805,43.888888888888886,51.57027721749748,360,6480,885.6,10.833333333333334,1800,4.200462962962963,18.0,0.9982890093992807,0.5318368651342489,0.02228900503402703,0.043214943747621755,0.05198923684426173,0.38700395714067126,0.15705366407169402
error_trigger,burst,2041,0.21931663341697208,60.77671444346189,27.77777777777778,24.52486248645327,360,6444,881.28,10.833333333333334,1800,51.88055555555556,360.0,0.435319121929166,0.30330980871872365,0.10522032243860267,0.043225590980868506,0.2615141690049231,0.3872919110306662,0.2153379983280484
aoi,burst,2041,0.19064586177053064,51.77263770604511,38.611111111111114,40.413097119908485,360,6474,884.88,10.833333333333334,1795,3.9458333333333333,12.0,0.9999937639348883,0.4780217027609804,0.02326363315082036,0.0434851168285537,0.04807829825531368,0.3870016284453177,0.16402479118219784
risk,burst,2041,0.2532112391668911,70.96362130691485,27.5,26.772424225717764,283,5060,715.1999999999999,12.720848056537102,540,55.31574074074073,359.0,0.47396051315786436,0.29501759655877896,0.20687532756568294,0.043225590980868506,0.2829776893312571,0.38699590217631447,0.3041753283884448
cvoi,burst,2041,0.19625921486664696,52.091367745070976,28.88888888888889,20.533829055723416,360,6474,884.88,10.833333333333334,1775,12.317592592592591,76.0,0.8771759266520703,0.31689502458658575,0.041208541497350495,0.043324712102672934,0.11947978022066075,0.3881973096540709,0.26844992113854094
periodic_all,burst,2042,0.23687747838859433,69.59013343387524,33.333333333333336,24.19507057708603,360,6480,885.6,16.11111111111111,1800,150.61944444444444,360.0,0.835574100178766,0.3462743570456114,0.07744976649029421,0.03788925082268118,0.20388754135104023,0.3934053670011991,0.3623585876207398
round_robin,burst,2042,0.20209010062608387,57.59845140759516,55.55555555555556,56.047699414585075,360,6480,885.6,16.11111111111111,1800,4.819907407407407,30.0,0.9822729727413381,0.566084322835283,0.02217652770809132,0.03553304087568025,0.03524353469814304,0.3855085472594959,0.16799463037980986
error_trigger,burst,2042,0.18816957815897117,53.11709024067179,28.88888888888889,18.567802854074273,360,6444,881.28,16.11111111111111,1800,63.653703703703705,360.0,0.4933703263929826,0.3110170257874056,0.0582434224834237,0.03788925082268118,0.15742090792810126,0.38636257083837167,0.17808429109384372
aoi,burst,2042,0.21611667600879922,60.58717038262654,57.77777777777778,76.06890353480105,360,6480,885.6,16.11111111111111,1795,4.235185185185185,15.0,0.999967928720107,0.6577633572787336,0.022168264703022487,0.03634946574847098,0.035549959525731985,0.38583782935840855,0.15903117943842765
risk,burst,2042,0.2278428200314576,64.17673455995397,28.055555555555557,22.443770327649208,282,5028,711.36,14.539007092198581,361,78.52962962962964,360.0,0.5377855891419162,0.301835588009611,0.07744976649029421,0.03788925082268118,0.21658903480277766,0.38602195654638183,0.3472713235169995
cvoi,burst,2042,0.19209723267489232,51.10905792513833,30.0,21.760351076921665,360,6484,886.0799999999999,16.11111111111111,1781,12.442592592592595,72.0,0.8982458215912682,0.31730422355455074,0.0526080686635836,0.05120208242358916,0.057600055637328354,0.38584645246747357,0.2880225133028285
periodic_all,burst,2043,0.2469692107182242,74.3511173725867,29.72222222222222,27.08144872771116,360,6480,885.6,10.0,1800,150.6046296296296,360.0,0.8354108040957623,0.3454395127102452,0.06382882685865927,0.06346358490078581,0.18943044193212044,0.3827566678347283,0.4368962300728062
round_robin,burst,2043,0.17584185738064537,48.24677350324211,32.5,30.903780659293382,360,6480,885.6,10.0,1800,4.189351851851852,18.0,0.9935281815462234,0.4143445250261321,0.025056148004495134,0.040773253371464556,0.040254218943884736,0.38285681648094844,0.15176618245694715
error_trigger,burst,2043,0.20311444301620063,56.31027490871214,29.166666666666668,19.209166874564474,360,6450,882.0,10.0,1800,80.10185185185186,360.0,0.5512312929218095,0.3309665391464106,0.06382882685865927,0.06346358490078581,0.16743443704849664,0.383225215061437,0.2097680550814146
aoi,burst,2043,0.1749328961707477,48.67596454418432,37.22222222222222,28.17044787267968,360,6474,884.88,10.0,1795,3.90787037037037,12.0,0.9999935299082837,0.40777215040306697,0.02377384412340791,0.04042152162261556,0.038562581040116714,0.3826393659630751,0.156427913872204
risk,burst,2043,0.2239852184884216,63.16098376979503,27.77777777777778,22.587617995901493,280,5000,708.0,9.285714285714286,353,78.71342592592593,360.0,0.5393720353573485,0.3066447500998443,0.06382882685865927,0.06346358490078581,0.17505493336103653,0.3827566678347283,0.35216254787547546
cvoi,burst,2043,0.1830684124939184,49.16644765231706,28.333333333333332,18.886358345748423,360,6472,884.64,10.0,1767,12.329166666666666,78.0,0.8826864167236309,0.3176695187046449,0.024476162107739105,0.04018767818169981,0.08195222703373399,0.3834852053475125,0.2506396835881802
periodic_all,burst,2044,0.19818867262515286,54.7244395549601,33.888888888888886,24.39590910784244,360,6480,885.6,12.5,1800,150.61527777777778,360.0,0.8355281797556787,0.34685551235958645,0.0395655066962969,0.04455997028182979,0.07014822526471491,0.3985404292424278,0.28946239190606154
round_robin,burst,2044,0.18983082261999606,52.43803569493582,46.111111111111114,42.43335154295984,360,6480,885.6,12.5,1800,4.250462962962962,18.0,0.9939426645638431,0.49384794732239046,0.02082806415702631,0.039590190505145936,0.03914940747721934,0.3841080476813707,0.1614612785768236
error_trigger,burst,2044,0.19317697825091615,52.22329181684369,30.27777777777778,21.97516831459735,360,6460,883.1999999999999,12.5,1800,83.31666666666666,360.0,0.6661356124414416,0.32584967525828284,0.0395655066962969,0.0517485066180281,0.09868137707119669,0.3846390777009093,0.258577726160783
aoi,burst,2044,0.17596536771874752,48.1102909011866,35.833333333333336,28.64604480209087,360,6478,885.36,12.5,1795,4.033333333333334,13.0,0.9999878260640772,0.40320053803969363,0.020034380159079258,0.03994779045123738,0.03762453398732773,0.3844630992491759,0.17052186442597128
risk,burst,2044,0.1936560117198348,52.58056981994375,28.333333333333332,22.391232409015064,277,4986,706.3199999999999,11.191335740072201,207,111.29953703703704,360.0,0.6959364318640251,0.3166378159518476,0.0395655066962969,0.04455997028182979,0.07014822526471491,0.3845874608010978,0.3064370913232218
cvoi,burst,2044,0.18386702791391416,48.160645034233085,30.27777777777778,21.502379841315676,359,6466,883.92,12.256267409470752,1766,12.447222222222223,74.0,0.8897565555090962,0.32767313660897507,0.020586168999306292,0.054224311128744866,0.06434671492003292,0.38451221450066736,0.25185962132575834
periodic_all,burst,2045,0.24092617919199943,71.53008504640509,30.0,19.513390727813707,360,6480,885.6,14.444444444444445,1800,150.62037037037035,360.0,0.835584304015573,0.34430268859651336,0.08336295957537164,0.04057139017231686,0.33512714353694584,0.38576301313809336,0.25642988013275564
round_robin,burst,2045,0.19104736752628082,51.63816923882795,40.833333333333336,44.067133251119635,360,6480,885.6,14.444444444444445,1800,4.547685185185185,24.0,0.9956743503504828,0.49655381966837203,0.02294220157132092,0.03869336958889587,0.038218756868761354,0.3860106680745291,0.16386538938580572
error_trigger,burst,2045,0.22483714917340372,63.74305362832365,29.72222222222222,19.08061010130561,360,6426,879.12,14.444444444444445,1800,49.49074074074074,360.0,0.41287713309505547,0.31415094994400977,0.165262053486157,0.04057139017231686,0.23659133491979106,0.3861314297460644,0.20631573677208342
aoi,burst,2045,0.19583744972656655,52.99398217502289,44.72222222222222,53.08632725068402,360,6472,884.64,14.444444444444445,1795,4.135648148148149,13.0,0.999996478640841,0.5360444533599665,0.022851966125151252,0.038202661288003696,0.039555905375827476,0.3856437838046819,0.1527259284057684
risk,burst,2045,0.24073819054743564,67.19776135535723,29.72222222222222,30.58277317432123,295,5260,739.1999999999999,14.576271186440678,373,77.75740740740741,360.0,0.528209853951273,0.30936980045968193,0.08336295957537164,0.04057139017231686,0.30452773411489625,0.38576301313809336,0.3208342458242539
cvoi,burst,2045,0.1905074144621992,49.81844762163748,31.666666666666668,23.011685727192585,360,6474,884.88,14.444444444444445,1778,12.435648148148148,77.0,0.8647073522047943,0.3303957178446685,0.024152802726071655,0.05261077010302122,0.07995349333762784,0.38681097147531585,0.2691207312864901
periodic_all,congested,2026,0.22781151536747626,66.9694053466648,28.88888888888889,18.333119711664494,360,6480,885.6,30.27777777777778,1800,150.6537037037037,360.0,0.8359514721059585,0.34357651638599424,0.03862180074316577,0.04200976998973483,0.2781709197318621,0.37584177810981606,0.28864830724428475
round_robin,congested,2026,0.19742213890091795,54.76716386797119,47.77777777777778,49.76422712693005,360,6480,885.6,30.27777777777778,1800,6.094907407407407,30.0,0.9873431597760667,0.5363862231979649,0.024944313728398924,0.04711155953049657,0.043683490092105225,0.37595741432472113,0.15644983253182096
error_trigger,congested,2026,0.20523411756739487,56.76606593641164,27.22222222222222,19.275887963595405,360,6436,880.3199999999999,30.27777777777778,1800,75.7175925925926,360.0,0.5091608480139814,0.30683750481399646,0.03862180074316577,0.04200976998973483,0.2541004432093012,0.37737126356727424,0.21246392308089684
aoi,congested,2026,0.23645279936673766,66.30689387844596,65.83333333333333,102.66056519833478,360,6494,887.28,30.27777777777778,1795,5.000925925925926,16.0,0.9999513921093076,0.7764434407081711,0.02453659138441525,0.045193814695752156,0.040954434818718424,0.3764544567137308,0.15513405787963822
risk,congested,2026,0.22347935823422438,62.3087404407057,26.666666666666668,23.376333876736595,292,5210,733.1999999999999,29.45205479452055,414,99.8976851851852,360.0,0.6067619616108262,0.31931775409795127,0.03862180074316577,0.04200976998973483,0.27643673922039363,0.37584177810981606,0.28864830724428475
cvoi,congested,2026,0.1817175401304724,48.45915179491376,30.0,17.484336395073566,360,6486,886.3199999999999,30.27777777777778,1774,13.926851851851852,78.0,0.8888161735823255,0.3261189976390259,0.042274208102751114,0.05152181389291593,0.07436564070756829,0.3773135915480367,0.2187109888925364
periodic_all,congested,2027,0.24901976520901084,73.65907771073306,34.44444444444444,20.95491650708122,360,6480,885.6,28.055555555555557,1800,150.65,360.0,0.8359106919992543,0.3450844697158256,0.04482779534757243,0.039641216872980875,0.35978508346242516,0.3810939102360508,0.32368611561921007
round_robin,congested,2027,0.22440560785116678,61.3218489192919,58.611111111111114,81.29437661618488,360,6480,885.6,28.055555555555557,1800,5.817129629629629,36.0,0.9818903833531616,0.6995414294549732,0.02979360423177553,0.03796152577586797,0.038670998307655274,0.3809179154459968,0.15954817389073192
error_trigger,congested,2027,0.20906965118415352,58.86289316933863,34.166666666666664,20.45332980301099,360,6428,879.36,28.055555555555557,1800,60.24814814814815,360.0,0.49074594319474135,0.321307132318206,0.04482779534757243,0.04800204671558923,0.25117505516256977,0.3815458965739715,0.207559980987012
aoi,congested,2027,0.2335464541331532,65.21941208756736,66.11111111111111,98.15378153135005,360,6478,885.36,28.055555555555557,1795,4.826388888888889,14.0,0.999932899624321,0.7563360589760054,0.022945301192363723,0.03878460450854228,0.04070344111286199,0.3809926623295078,0.1615166566796381
risk,congested,2027,0.21162395746687027,60.44358134406094,31.666666666666668,18.208460572636703,300,5334,748.0799999999999,27.0,373,76.01527777777778,360.0,0.5122517133118273,0.31024779825685467,0.04482779534757243,0.039641216872980875,0.22861130215509792,0.3810939102360508,0.2653217219326648
cvoi,congested,2027,0.18182716467473478,49.14920454076537,31.944444444444443,18.204273395898337,360,6464,883.68,28.055555555555557,1770,13.967592592592593,83.0,0.8871677756709869,0.32356814512059445,0.032085024914609295,0.042298058129064876,0.05700061801481708,0.3809315125614476,0.25507962930787537
periodic_all,congested,2028,0.23408165068821005,68.68049920028479,33.333333333333336,21.439771596712195,360,6480,885.6,24.166666666666668,1800,150.63796296296297,360.0,0.8357781284189323,0.34629729598530645,0.09482917171038226,0.04044533614463127,0.2611595418281092,0.39928772165080556,0.2624708368100255
round_robin,congested,2028,0.19041829990396644,52.4264954006488,43.888888888888886,44.72921476135159,360,6480,885.6,24.166666666666668,1800,5.547685185185185,36.0,0.97853176154071,0.5032548584076976,0.02229615527565299,0.03964915465215062,0.047403012069573966,0.37923171951507473,0.1506748995036488
error_trigger,congested,2028,0.20421239366818425,57.027901422685574,29.166666666666668,17.98386040000071,360,6430,879.6,24.166666666666668,1800,44.50416666666666,289.0,0.5917438809667392,0.31919975834468955,0.08069249781934479,0.04625216802955839,0.16739279885101066,0.37927120643883244,0.23246593252566977
aoi,congested,2028,0.22360111943760894,61.50691424919584,58.888888888888886,84.68124068226278,360,6494,887.28,24.166666666666668,1795,4.642592592592592,17.0,0.9999737876841339,0.6981281321671359,0.022942076461971293,0.03950325027551155,0.04648567522506997,0.37892722753044616,0.1556203549655187
risk,congested,2028,0.21522823544581585,59.93318548749477,28.61111111111111,18.201691757075317,288,5148,725.76,23.61111111111111,294,86.26342592592592,360.0,0.6009986521267071,0.3076340455180503,0.09482917171038226,0.04044533614463127,0.21260931536809033,0.37927120643883244,0.2565803374949086
cvoi,congested,2028,0.1845816194772826,49.231694636916394,31.11111111111111,18.1444325368369,360,6472,884.64,24.166666666666668,1779,13.212962962962962,77.0,0.8911444738572537,0.32799801880970936,0.07931815967232478,0.03880908324056099,0.09306657007648514,0.3792081364077889,0.1890897486568265
periodic_all,congested,2029,0.2331163765266514,68.80078275920063,34.44444444444444,21.18550344515963,360,6480,885.6,26.944444444444443,1800,150.6449074074074,360.0,0.835854612676661,0.3459308688674932,0.0562228647852712,0.03756461447845061,0.3083199349260179,0.3955366579574878,0.25512331814518757
round_robin,congested,2029,0.1950778477149413,54.26498390781814,47.22222222222222,43.88387949890723,360,6480,885.6,26.944444444444443,1800,5.775462962962963,36.0,0.9715709159507043,0.4984397378483544,0.023819786694107677,0.03701451066637957,0.043870061520026066,0.38661230299360133,0.1807106865671787
error_trigger,congested,2029,0.20964736927910713,58.154257717906,32.22222222222222,22.11839917462266,360,6450,882.0,26.944444444444443,1800,59.930555555555564,360.0,0.5030028381559506,0.3059696624082299,0.0610745395285162,0.03756461447845061,0.23427497992367932,0.3870592504342396,0.23194116890152705
aoi,congested,2029,0.23183769111762667,64.27200382911956,63.888888888888886,95.06193731499205,360,6484,886.0799999999999,26.944444444444443,1795,4.769907407407406,15.0,0.9999817528801139,0.7501947789437531,0.02244093231922839,0.035781214832489666,0.038779276060657286,0.3868851653089914,0.15694477924064015
risk,congested,2029,0.23330542025635326,64.2423668334417,30.833333333333332,29.340870024078,290,5144,725.28,26.551724137931036,352,86.35000000000001,360.0,0.578027947652187,0.30093929511905365,0.0562228647852712,0.03756461447845061,0.29543641598514636,0.3867068843134348,0.3229624468567629
cvoi,congested,2029,0.19200442789655334,51.052370875252336,33.333333333333336,21.811984395349857,359,6458,882.9599999999999,27.01949860724234,1778,13.693055555555555,87.0,0.8844164466646572,0.32798047134192376,0.06481566269593485,0.04701891848800804,0.04393124237187749,0.38660918337963895,0.2816710891019368
periodic_all,congested,2030,0.2771985267904509,84.26670921191247,86.66666666666667,51.639707491531865,360,6480,885.6,28.333333333333332,1800,150.65231481481482,360.0,0.8359361800451319,0.34780253057541216,0.05503068780092239,0.042083829147358344,0.5005751283961133,0.413287375869464,0.3044116089534355
round_robin,congested,2030,0.24795411304954976,63.75953707063049,55.55555555555556,99.97436588378196,360,6480,885.6,28.333333333333332,1800,5.622685185185184,30.0,0.9859362946795129,0.8289965306068999,0.023010451870342043,0.03965946546176826,0.04035589567674919,0.39405165340184767,0.1616506812796917
error_trigger,congested,2030,0.22627766109280575,62.703002836027245,33.611111111111114,26.58391194412349,360,6420,878.4,28.333333333333332,1800,47.87083333333334,265.0,0.5643715240493972,0.30811201216538703,0.06113446703581738,0.04740517611048461,0.2652659647174585,0.3934264226779035,0.2823219238497835
aoi,congested,2030,0.19719118657306764,54.74586797643511,47.77777777777778,46.62905736188687,360,6498,887.76,28.333333333333332,1795,4.855092592592592,15.0,0.9999932986528258,0.5216697327100563,0.02242436780999323,0.04016770953864592,0.04545121446871602,0.3925012406655278,0.16093285424546633
risk,congested,2030,0.21598192119062296,60.432042036175346,33.333333333333336,21.182368350162864,287,5126,723.12,28.9198606271777,280,83.31342592592593,360.0,0.5783797994317216,0.3055949777886664,0.05503068780092239,0.042083829147358344,0.20670899465717918,0.39323119213519636,0.29324184561441496
cvoi,congested,2030,0.2072139167701349,53.90953747121325,33.333333333333336,22.877712289809075,360,6478,885.36,28.333333333333332,1776,13.679166666666665,84.0,0.8872359158336871,0.32226371299268186,0.03230269443241389,0.05486269955479703,0.16851791741519703,0.3931359217529368,0.2722005544727828
periodic_all,congested,2031,0.21085668488815892,59.76017505449092,36.388888888888886,24.1524487934149,360,6480,885.6,22.77777777777778,1800,150.6300925925926,360.0,0.835691428893787,0.34581979095416626,0.04661430811446908,0.06418909355883273,0.09133103310251664,0.4005638011686615,0.3166220824303072
round_robin,congested,2031,0.22067810256881804,60.93073013734911,63.888888888888886,79.25671695478704,360,6480,885.6,22.77777777777778,1800,5.364351851851851,36.0,0.9781903556562979,0.6676324221017743,0.021528074563247478,0.04065042759874467,0.03802880865529822,0.38963299681195823,0.16659588568188516
error_trigger,congested,2031,0.18128348028661967,50.82720058093551,33.05555555555556,18.671617452781113,360,6444,881.28,22.77777777777778,1800,80.67222222222223,360.0,0.5467292803283365,0.30786467983920623,0.04661430811446908,0.06418909355883273,0.10419671048952873,0.38996750271259667,0.1748685870050845
aoi,congested,2031,0.2181093718353537,60.2847802915578,59.44444444444444,76.53379643649787,360,6470,884.4,22.77777777777778,1795,4.5189814814814815,14.0,0.9999898717515212,0.6544704689706837,0.020217148569139216,0.04064157352434421,0.03739274497687417,0.39012526705485995,0.16580902791622107
risk,congested,2031,0.21513851414550145,59.45869261876217,33.05555555555556,21.57650629275277,282,5058,714.9599999999999,22.340425531914892,328,98.9462962962963,360.0,0.6831158738993287,0.3056143972571574,0.04661430811446908,0.06418909355883273,0.1532467178795638,0.38996750271259667,0.33119906535038907
cvoi,congested,2031,0.19530532030458334,51.12808947849458,33.05555555555556,22.066334359825763,359,6464,883.68,22.841225626740947,1762,13.294444444444444,81.0,0.8847151144451264,0.3179461811685634,0.031131842969577907,0.05654253827320044,0.09756157916386005,0.390964732684096,0.2776850475682023
periodic_all,congested,2032,0.30562649031817746,95.7756662514148,59.44444444444444,39.05550370927308,360,6480,885.6,24.72222222222222,1800,150.63703703703703,360.0,0.8357679294323801,0.34647123507843447,0.16511281388379362,0.05781318913813977,0.43307140509465436,0.38577362663633363,0.4455166720777089
round_robin,congested,2032,0.20027762734616114,54.21399352773947,44.44444444444444,53.801918737542,360,6480,885.6,24.72222222222222,1800,5.319907407407407,30.0,0.9947635179690909,0.5539728632250845,0.02489757386038823,0.03337768654486461,0.05314050506603246,0.37611651654154155,0.16016061883905547
error_trigger,congested,2032,0.2294512516173828,64.78439322286877,32.77777777777778,26.091201675612176,360,6422,878.64,24.72222222222222,1800,47.4388888888889,360.0,0.3864937390140626,0.3145292202708094,0.17286983243404253,0.05781318913813977,0.2849624913346968,0.37653720138555935,0.1699955751410489
aoi,congested,2032,0.2048774268217246,57.348546804887285,54.166666666666664,58.20128970172216,360,6476,885.12,24.72222222222222,1795,4.648611111111111,14.0,0.9999803915056363,0.5875678233472287,0.022597521415737957,0.03399351019945712,0.04627141292810363,0.376267685152402,0.1625666078874182
risk,congested,2032,0.24672006235445934,71.72365789112571,32.77777777777778,21.379547792710326,281,4992,707.04,26.334519572953738,453,78.71296296296296,360.0,0.5479573635578564,0.3048285940339728,0.16511281388379362,0.05757916744215941,0.21655948075421494,0.37653720138555935,0.359703116627056
cvoi,congested,2032,0.19632437680361306,52.29268233180298,33.333333333333336,21.616038438199247,360,6474,884.88,24.72222222222222,1774,12.560185185185183,80.0,0.8983567608391297,0.3287728076744052,0.05147370543341266,0.04722749696299596,0.08764410240508275,0.37775291522924803,0.2850752331165339
periodic_all,congested,2033,0.24409861124008728,72.64413336506142,38.05555555555556,22.19664988456464,360,6480,885.6,25.27777777777778,1800,150.63518518518518,360.0,0.8357475306931464,0.3461375577947124,0.07428401974546345,0.04689595394687605,0.35310360064266605,0.3849438097198392,0.2592267255909667
round_robin,congested,2033,0.1902401555856786,51.33713918207951,40.27777777777778,41.698915308624215,360,6480,885.6,25.27777777777778,1800,5.286574074074074,24.0,0.9941395855836662,0.48345020953918577,0.023094855637634807,0.04171043393609313,0.04818565331882291,0.3825681672060448,0.16243161387629032
error_trigger,congested,2033,0.23052880015361163,61.86348640556127,32.22222222222222,29.82388292552608,360,6418,878.16,25.27777777777778,1800,48.62407407407408,360.0,0.4006283950911309,0.31897875982691415,0.10770439721193756,0.04689595394687605,0.2661439661429749,0.38219060908401953,0.2612591147089475
aoi,congested,2033,0.2482207214399228,69.77224575240653,72.77777777777777,120.15337782023639,360,6488,886.56,25.27777777777778,1795,4.576851851851852,12.0,0.9999727837286976,0.8353828149772575,0.023148748913499117,0.041670197958175906,0.03900034487774724,0.38250660163790046,0.16761562027495627
risk,congested,2033,0.2308139553297752,63.539560645829134,32.77777777777778,27.022016644298496,278,4966,703.92,25.53956834532374,346,79.66759259259258,360.0,0.5467460358372498,0.33293044641317043,0.07428401974546345,0.04689595394687605,0.2088853480931072,0.38219060908401953,0.3396973546960144
cvoi,congested,2033,0.19022975853457594,50.16120262741264,35.833333333333336,21.2284143879889,359,6464,883.68,25.348189415041784,1776,13.866666666666665,80.0,0.873961788725734,0.3459885403202685,0.039029751104456945,0.052872891859970184,0.10715198782502906,0.38212810269695796,0.21420727740077297
periodic_all,congested,2034,0.18618843656116038,53.19311394546483,32.22222222222222,20.212224929150953,360,6480,885.6,19.72222222222222,1800,150.6236111111111,360.0,0.8356200154348373,0.3443166427917916,0.045590566754745154,0.040803410659532045,0.06975594078828967,0.39602021783841257,0.2206438405341914
round_robin,congested,2034,0.24270280017932225,65.46689884963887,58.333333333333336,106.94884288082353,360,6480,885.6,19.72222222222222,1800,4.933796296296296,24.0,0.9971278271558642,0.8147726058262363,0.02324948807535905,0.03790519122561829,0.036915405808412356,0.3751323198301393,0.1682417903101681
error_trigger,congested,2034,0.19977573551696418,54.48440786830139,27.22222222222222,24.15004955726789,360,6434,880.0799999999999,19.72222222222222,1800,60.11435185185186,360.0,0.4878619912281095,0.3014282886084214,0.045590566754745154,0.04593662765449966,0.25656277244517806,0.37564002548393033,0.17349613215501059
aoi,congested,2034,0.21860855333562315,61.04581351987206,59.166666666666664,81.5853637978105,360,6492,887.04,19.72222222222222,1795,4.343055555555556,11.0,0.9999857166247087,0.680761168037728,0.023203217486853757,0.0380597270640248,0.03623647998891861,0.37524221198227004,0.1581485154539436
risk,congested,2034,0.1896297626750553,51.15045476061334,26.666666666666668,21.061047411242473,293,5274,740.88,20.13651877133106,201,104.09861111111111,360.0,0.6452240534293124,0.30455263932620985,0.045590566754745154,0.040803410659532045,0.06975594078828967,0.37564002548393033,0.30143599303762486
cvoi,congested,2034,0.181489745906099,47.564193769704836,27.77777777777778,20.455142729618945,359,6452,882.24,19.77715877437326,1769,12.729166666666666,78.0,0.8938338114377596,0.31521089833390914,0.025228149698486125,0.041875763326247394,0.05374661894174253,0.37685090460107495,0.2760261405351338
periodic_all,congested,2035,0.2027159373880223,58.97920076717179,31.666666666666668,19.42431775824858,360,6480,885.6,26.944444444444443,1800,150.64398148148146,360.0,0.8358444156058288,0.3481044489942051,0.08749860601824284,0.06103694825051474,0.10498167160370607,0.38170165758744723,0.23297229187401772
round_robin,congested,2035,0.23892639985112255,66.1313662665965,61.666666666666664,105.89291327388274,360,6480,885.6,26.944444444444443,1800,5.764351851851852,36.0,0.9842021635788332,0.7830021951190758,0.025325527269137442,0.039182934111316826,0.038305362826001554,0.3814765662095621,0.1662658135716416
error_trigger,congested,2035,0.1856931549219125,52.4359379217532,31.38888888888889,18.688848312678726,360,6440,880.8,26.944444444444443,1800,65.76342592592592,360.0,0.5227033322170894,0.3190341438560259,0.07362732869284319,0.06103694825051474,0.10876605129099039,0.3826272003281592,0.16906725711294152
aoi,congested,2035,0.24895205161398484,68.38240969820727,63.611111111111114,118.09029660671723,360,6474,884.88,26.944444444444443,1795,4.739814814814815,14.0,0.9999827511273532,0.8427407153170778,0.02358003946942255,0.03922046466410437,0.038813417633713404,0.381430235996795,0.16792743660279613
risk,congested,2035,0.21187637904375792,58.94635436749423,30.27777777777778,22.018154860771492,278,5004,708.48,28.41726618705036,264,106.4699074074074,360.0,0.6666529133998536,0.3061723394093448,0.08749860601824284,0.06103694825051474,0.10498167160370607,0.38170165758744723,0.3298670513932918
cvoi,congested,2035,0.19658190339529116,51.83567420335172,32.22222222222222,23.15239256345895,359,6456,882.72,26.740947075208915,1778,13.539814814814816,78.0,0.8820430672801113,0.3276199134379263,0.043322748151306226,0.05263899793995915,0.07213369618599542,0.38149208441043486,0.30228398024612513
periodic_all,congested,2036,0.2183934895946651,63.24557756178158,36.94444444444444,26.744082437559555,360,6480,885.6,24.72222222222222,1800,150.63842592592593,360.0,0.8357832278164369,0.3469331087753158,0.06713108454104809,0.058218748630454835,0.060915193946525316,0.4116464227411303,0.36551637893351613
round_robin,congested,2036,0.23028493324574587,61.80399944946089,57.5,81.19246605293311,360,6480,885.6,24.72222222222222,1800,5.469907407407406,24.0,0.9851722270144715,0.7305439571234197,0.028213652750748518,0.03545990465302378,0.03440778028369008,0.3922712951835007,0.1608130094800927
error_trigger,congested,2036,0.17849356915016368,49.90345556162532,31.666666666666668,18.851140146618622,360,6480,885.6,24.72222222222222,1800,100.28472222222223,360.0,0.6088930444614936,0.3133581425438097,0.06713108454104809,0.058218748630454835,0.060915193946525316,0.3909025965585439,0.18043564868060025
aoi,congested,2036,0.23460857630073306,64.85358735509111,63.611111111111114,98.69280416754303,360,6480,885.6,24.72222222222222,1795,4.644444444444445,13.0,0.9999784188080673,0.7566512559752206,0.02486300070743112,0.033745712063501555,0.038890647732502066,0.3912451201139719,0.16225572121177118
risk,congested,2036,0.20779275506134365,58.4826107414627,31.38888888888889,22.67595924700081,278,5006,708.72,24.100719424460433,306,123.86712962962963,360.0,0.734711651434351,0.30685048135228105,0.06713108454104809,0.05791295151588885,0.060915193946525316,0.3909025965585439,0.36304422245377455
cvoi,congested,2036,0.18811017494853388,50.3992811585075,33.888888888888886,20.20560405911058,360,6472,884.64,24.72222222222222,1778,13.891203703703702,82.0,0.8695817555658888,0.32955478491071255,0.0382001578502927,0.04758467425661256,0.09672811674448428,0.39206799842731654,0.2245253175017847
periodic_all,congested,2037,0.18447426708461664,51.566750912165645,31.38888888888889,19.047297523449107,360,6480,885.6,25.27777777777778,1800,150.64027777777778,360.0,0.8358036247679477,0.3450332381715717,0.048778436041788636,0.039974850531961134,0.040593315609145336,0.38122767806980745,0.2512380840834254
round_robin,congested,2037,0.21274615423861812,57.703964735290846,52.22222222222222,72.07188467483273,360,6480,885.6,25.27777777777778,1800,5.464351851851852,36.0,0.9743444789544544,0.6475629567862348,0.025192938991168014,0.041201645518282225,0.0319126880235373,0.3819962543316462,0.14861044178084018
error_trigger,congested,2037,0.19087923026651232,53.354022117792574,31.11111111111111,18.18786860188832,360,6458,882.9599999999999,25.27777777777778,1800,61.714814814814815,288.0,0.6569674723593806,0.3153880142651543,0.06649502269492182,0.04663660315523218,0.10341356982735951,0.38167417825896127,0.23166799339744487
aoi,congested,2037,0.2402931831233929,67.52505377693875,66.94444444444444,112.85282544884703,360,6484,886.0799999999999,25.27777777777778,1795,4.624074074074074,12.0,0.9999805537329234,0.8072384594760529,0.022535372286565596,0.0409246967300518,0.032114932317869424,0.38234404473833083,0.1566015931914867
risk,congested,2037,0.19055791133342745,52.11240412230948,30.555555555555557,21.797051792614255,280,5040,712.8,25.714285714285715,229,103.39861111111111,360.0,0.6391587412340125,0.30685768436055894,0.048778436041788636,0.039974850531961134,0.040593315609145336,0.38122767806980745,0.32591550338730313
cvoi,congested,2037,0.18563868062893088,50.264103296495364,35.0,19.59985511087809,359,6470,884.4,25.348189415041784,1780,13.598148148148146,77.0,0.8823293417160538,0.33859416391789143,0.08225501315866603,0.04889205038128144,0.04115597711976522,0.3816818707639141,0.2212530084320673
periodic_all,congested,2038,0.22722296151860566,65.64499520756084,34.44444444444444,23.7098424382771,360,6480,885.6,24.72222222222222,1800,150.63564814814814,360.0,0.8357526304737174,0.345368188039697,0.18110623402708326,0.06206928929492174,0.07076117280043376,0.3905729875501562,0.31345989739934194
round_robin,congested,2038,0.21211360625103326,57.600532411936115,54.166666666666664,65.6676157605034,360,6480,885.6,24.72222222222222,1800,5.561574074074073,24.0,0.9908368366374409,0.6103645669098612,0.026048651560476383,0.039809295568028806,0.036436668639568695,0.3819755122821157,0.17804694254614856
error_trigger,congested,2038,0.2066344673992048,57.652271391991555,31.11111111111111,17.58289240248998,360,6468,884.16,24.72222222222222,1800,63.730555555555554,360.0,0.547699104834005,0.3037877200612373,0.1399529008587957,0.06206928929492174,0.10341633044473511,0.38213380646844924,0.24844675726708998
aoi,congested,2038,0.2469628847277686,68.36595556745955,69.16666666666667,115.543848622899,360,6478,885.36,24.72222222222222,1795,4.62037037037037,14.0,0.9999860645058943,0.8268056810132944,0.025421352532353326,0.03941258087611715,0.03714254119370857,0.38266625149137184,0.17032890125976627
risk,congested,2038,0.2228103645080258,64.0164194810478,31.38888888888889,18.957066839583405,290,5220,734.4,27.24137931034483,479,78.32083333333334,360.0,0.535204765660551,0.300867945946179,0.2521030995961047,0.06206928929492174,0.07076117280043376,0.38208684283836336,0.26897383657215246
cvoi,congested,2038,0.17734806901038427,46.94893166711504,32.5,19.50157038113403,359,6456,882.72,24.79108635097493,1780,12.563425925925927,79.0,0.8926572953311304,0.3033845646877189,0.05481427944917406,0.04235540411000825,0.06777917150511581,0.3828618873545844,0.21289310695570424
periodic_all,congested,2039,0.1984274537107764,55.968127599115824,35.833333333333336,21.365651425406725,360,6480,885.6,24.72222222222222,1800,150.64953703703705,360.0,0.8359055941984168,0.3472495062559995,0.055867341058373564,0.05940042642462076,0.0810405388349956,0.4029579443000252,0.24404896539064383
round_robin,congested,2039,0.20126335184756503,54.85365398508562,48.611111111111114,52.133257421266165,360,6480,885.6,24.72222222222222,1800,5.342129629629629,30.0,0.9931064815739616,0.5526636331089815,0.022268592551170304,0.03545655301087057,0.04926651116483502,0.38219026943344064,0.16573455181609204
error_trigger,congested,2039,0.21107015965562903,58.80157120824962,32.22222222222222,19.448471130265542,360,6444,881.28,24.72222222222222,1800,76.47407407407407,360.0,0.62024831536294,0.3446964092687083,0.07455853715137586,0.05940042642462076,0.16899666809614985,0.38245294370699584,0.23631597328592344
aoi,congested,2039,0.2403422828017644,66.81203578466145,64.72222222222223,104.8730990869404,360,6470,884.4,24.72222222222222,1795,4.633796296296296,14.0,0.9998958683840111,0.7946297673198007,0.021501258951609526,0.03557756387638177,0.047804969029252006,0.3822424544135501,0.16029768321999235
risk,congested,2039,0.20168099297803152,54.98314836896972,30.0,23.358455086161563,282,5078,717.36,24.46808510638298,228,96.79027777777777,360.0,0.6540005140301846,0.32110017719382705,0.055867341058373564,0.05609763589520211,0.0810405388349956,0.38252343174652303,0.31345683313926764
cvoi,congested,2039,0.18595712983933196,50.089987518629876,32.5,19.202693646823604,359,6464,883.68,24.512534818941504,1771,13.491666666666665,79.0,0.8970987147646884,0.32959971122406206,0.042784843522929904,0.05047010372276379,0.058963199345556355,0.3822724445316097,0.2516524766890699
periodic_all,congested,2040,0.23801842690086836,70.80160082670479,35.833333333333336,23.74235716729274,360,6480,885.6,26.11111111111111,1800,150.64583333333334,360.0,0.8358648094920148,0.3465981786913397,0.08712068076625304,0.038451802896366134,0.3066576337663314,0.40596734583501,0.24331491944991002
round_robin,congested,2040,0.22835103735486414,61.24395455508259,59.166666666666664,79.961449854694,360,6480,885.6,26.11111111111111,1800,5.489351851851851,24.0,0.9963789422223452,0.7118501177748878,0.027070641389175684,0.03982716297471543,0.047716731512531134,0.3857797901438123,0.15786178033406262
error_trigger,congested,2040,0.2008805093787697,56.250618724967744,32.77777777777778,20.4076710642129,360,6432,879.8399999999999,26.11111111111111,1800,49.63425925925927,360.0,0.4125317126368513,0.30964605403256257,0.11657310606644673,0.038451802896366134,0.14512774359034214,0.38614664631585405,0.2093377033710466
aoi,congested,2040,0.24400701487348142,67.55724774498698,67.77777777777777,111.6494627469397,360,6494,887.28,26.11111111111111,1795,4.770370370370371,16.0,0.9999897526210533,0.7933776013753522,0.025096898640170846,0.03956749539336723,0.04052457669244712,0.385332744680772,0.1801427724587792
risk,congested,2040,0.22824527428125782,64.38252749842734,31.944444444444443,25.083150047463324,293,5226,735.12,26.621160409556314,292,83.66666666666667,360.0,0.5813810869979399,0.30641556103657525,0.08712068076625304,0.038451802896366134,0.2221354011260311,0.38572426948695276,0.32962393037536863
cvoi,congested,2040,0.19330038341151665,50.126337057916594,31.666666666666668,25.47319428301364,360,6476,885.12,26.11111111111111,1777,12.760185185185184,76.0,0.9047015637277395,0.30739781457745363,0.050250721297910354,0.04032079895624877,0.07520683943183083,0.3854237163210454,0.30120240988461094
periodic_all,congested,2041,0.2567203103368868,76.56260378792611,30.27777777777778,22.382415146983714,360,6480,885.6,23.61111111111111,1800,150.63194444444443,360.0,0.8357118304417288,0.34615041434956906,0.20442894165949368,0.043225590980868506,0.2282705745059841,0.38699590217631447,0.331250438349091
round_robin,congested,2041,0.2047099436182861,57.28154634690381,51.388888888888886,52.456926191326744,360,6480,885.6,23.61111111111111,1800,5.394907407407408,30.0,0.9925919482073656,0.5536700377919533,0.026355777099840716,0.0436318464367562,0.05212850147765169,0.38742887580981805,0.1650446230936966
error_trigger,congested,2041,0.19867485491334835,55.81014033533095,28.055555555555557,18.064114401412297,360,6436,880.3199999999999,23.61111111111111,1800,56.479166666666664,360.0,0.485572544198044,0.3046774719967117,0.08683979665688543,0.043225590980868506,0.16654069710446187,0.3872919110306662,0.20347366171049644
aoi,congested,2041,0.24358553479924602,67.76182793145155,64.44444444444444,108.95525786799743,360,6474,884.88,23.61111111111111,1795,4.50787037037037,12.0,0.9999900748967638,0.7966676552889422,0.023642483892563657,0.04353968350113532,0.05029784265763915,0.38737974808917636,0.15998579536601942
risk,congested,2041,0.25919973166416715,73.19072304999442,30.0,26.55700225056187,300,5344,749.28,22.666666666666668,565,56.85462962962962,359.0,0.4770236787118202,0.3133051589180289,0.19205132825381285,0.043225590980868506,0.29007009139546364,0.38699590217631447,0.3295503182605146
cvoi,congested,2041,0.19045762927089768,50.934546144352225,29.444444444444443,18.85650852350917,360,6482,885.8399999999999,23.61111111111111,1781,13.455555555555556,79.0,0.8933167848572836,0.3145335431422402,0.04012301622324791,0.04432151433927385,0.12278965592260924,0.38827149626767377,0.23270654973034113
periodic_all,congested,2042,0.2370257359499478,69.59473245596497,33.888888888888886,24.390294865538475,360,6480,885.6,24.444444444444443,1800,150.6412037037037,360.0,0.8358138228605777,0.34716390241373224,0.07744976649029421,0.03788925082268118,0.20388754135104023,0.3934053670011991,0.3623585876207398
round_robin,congested,2042,0.22484025768599683,63.30340652238828,62.5,83.437990243393,360,6480,885.6,24.444444444444443,1800,5.331018518518519,24.0,0.9775293372933201,0.7031603089827411,0.021119636121258095,0.03591985428919974,0.035440129754581204,0.3855614712212035,0.1678401457469973
error_trigger,congested,2042,0.20977846718100593,59.324307125146994,29.72222222222222,18.446105754026753,360,6430,879.6,24.444444444444443,1800,48.91805555555556,360.0,0.4055553863602735,0.3108960561622042,0.10715550586232736,0.03788925082268118,0.20581568069582465,0.3863496820432658,0.21056462749973245
aoi,congested,2042,0.20434329164629064,56.339493502406945,53.888888888888886,60.39913805042906,360,6474,884.88,24.444444444444443,1795,4.610185185185185,13.0,0.9999411097990268,0.582671195824229,0.02389508316109462,0.036369616952181355,0.03485915663569029,0.38590418182217245,0.16236051548237623
risk,congested,2042,0.22827000772023096,63.7443315719235,30.27777777777778,22.69823328869126,293,5216,733.92,24.573378839590443,389,76.84675925925926,360.0,0.520470534169348,0.3029042930887664,0.07744976649029421,0.03788925082268118,0.2243925378516573,0.38604765503558436,0.3409365430324023
cvoi,congested,2042,0.1908961396515393,50.72496008213303,30.833333333333332,21.85287188463727,360,6476,885.12,24.444444444444443,1776,12.848148148148148,77.0,0.89950153147084,0.32126242082251694,0.04273384238842085,0.04800035790039295,0.06877003839548325,0.3868648008539185,0.27774537754850326
periodic_all,congested,2043,0.2469808955271023,74.25069683662029,30.27777777777778,27.24185210206914,360,6480,885.6,25.555555555555557,1800,150.64444444444445,360.0,0.8358495141731789,0.3455096215635139,0.06382882685865927,0.06346358490078581,0.18943044193212044,0.3827566678347283,0.4368962300728062
round_robin,congested,2043,0.22243623630364642,59.73475085903821,47.77777777777778,77.01159332382353,360,6480,885.6,25.555555555555557,1800,5.6365740740740735,30.0,0.9847949248115094,0.6635601688291307,0.024359892507121804,0.04227185193518301,0.03738196949569864,0.3827587024988041,0.18428483255594022
error_trigger,congested,2043,0.2032829663752622,56.39177066490981,27.77777777777778,19.073401838064836,360,6426,879.12,25.555555555555557,1800,79.25555555555555,360.0,0.538588373936046,0.3210061243405643,0.06382882685865927,0.06346358490078581,0.15077029606394754,0.3827566678347283,0.2378722982528879
aoi,congested,2043,0.2514371998285738,70.31038397735979,66.66666666666667,123.2282467152354,360,6452,882.24,25.555555555555557,1795,4.726851851851851,15.0,0.9999550306510075,0.8605134742587927,0.02475855685956144,0.04003200802171491,0.03776210211891453,0.3828862677859452,0.16267078992651438
risk,congested,2043,0.2251613995154663,63.77537828647979,27.5,23.387177731660294,288,5144,725.28,24.305555555555557,353,76.7074074074074,360.0,0.5204996989286338,0.31625468172984667,0.06382882685865927,0.06346358490078581,0.18784838967897105,0.3827566678347283,0.33681624608980654
cvoi,congested,2043,0.18824928865658527,49.59056892455079,28.055555555555557,20.843359533496386,360,6476,885.12,25.555555555555557,1775,12.762037037037034,77.0,0.8928203070717035,0.3224424965118283,0.0348423882034913,0.041519750236337534,0.07789094593765833,0.3826472865490743,0.2701528645011218
periodic_all,congested,2044,0.19799589621171068,54.61131060521089,33.888888888888886,24.546990183833802,360,6480,885.6,24.166666666666668,1800,150.63703703703703,360.0,0.8357679294323801,0.3456988538789332,0.0395655066962969,0.04455997028182979,0.07014822526471491,0.3985404292424278,0.28946239190606154
round_robin,congested,2044,0.21970829985058746,59.18785446168221,51.94444444444444,75.00542773156124,360,6480,885.6,24.166666666666668,1800,5.089351851851852,18.0,0.9959884132213938,0.6639425290944423,0.020862342283396968,0.04019049207873296,0.03644894874933471,0.3844573686674339,0.17234811823018384
error_trigger,congested,2044,0.1904238297107579,51.15421251222805,30.27777777777778,22.515664433436605,360,6460,883.1999999999999,24.166666666666668,1800,93.66203703703702,360.0,0.6521190078596537,0.32017416450982,0.0395655066962969,0.04455997028182979,0.0832617389575981,0.3845874608010978,0.27039413701790505
aoi,congested,2044,0.231652629313865,63.918988532248314,57.5,94.05827370483077,360,6500,888.0,24.166666666666668,1795,4.5680555555555555,13.0,0.9999641643599507,0.7394629257723133,0.02097499793792125,0.039861788249439575,0.041015772530440794,0.3841021286416817,0.16449816275139337
risk,congested,2044,0.19436778617250228,52.609993200384174,29.166666666666668,25.483624922876146,284,5112,721.4399999999999,24.295774647887324,193,102.34537037037036,360.0,0.6293090003305847,0.3203975722227652,0.0395655066962969,0.04455997028182979,0.07014822526471491,0.3845874608010978,0.306947981768309
cvoi,congested,2044,0.17710710925694984,47.36206416018022,30.555555555555557,20.39462361823257,359,6472,884.64,24.233983286908078,1773,12.933796296296295,80.0,0.8855357999312107,0.3241104581593486,0.03304377503545242,0.04204474371475481,0.03428591979564591,0.3854262361205233,0.24373152271597395
periodic_all,congested,2045,0.24213474020814194,71.69439447657618,30.555555555555557,21.211960675653916,360,6480,885.6,25.27777777777778,1800,150.65277777777777,360.0,0.8359412774626354,0.3515540546933683,0.08336295957537164,0.04057139017231686,0.33512714353694584,0.38576301313809336,0.25642988013275564
round_robin,congested,2045,0.18493118890647534,50.28375045217408,36.94444444444444,34.96812382763448,360,6480,885.6,25.27777777777778,1800,5.422685185185185,24.0,0.9913675153819768,0.451275885774324,0.02554101535209749,0.03823608701289759,0.046941408357875206,0.3860171628986088,0.16157557404304898
error_trigger,congested,2045,0.22403874341841537,61.88149922040196,29.166666666666668,21.822642725804577,360,6434,880.0799999999999,25.27777777777778,1800,40.05694444444445,286.0,0.5373950141098965,0.30988744016370906,0.1172452746535742,0.04641575903862451,0.20477807468093512,0.3866306649285843,0.27927524704506534
aoi,congested,2045,0.2196974623394304,60.734352010525846,56.666666666666664,78.58929705589571,360,6472,884.64,25.27777777777778,1795,4.750462962962963,17.0,0.9999649640353835,0.6739658103397108,0.024018893829332047,0.03992129007803671,0.03875066641006191,0.38584223797460115,0.15568587540483972
risk,congested,2045,0.24798487184505832,69.48433149248406,28.055555555555557,34.087399922232656,287,5120,722.4,26.480836236933797,392,78.0212962962963,360.0,0.5319526361886028,0.3021052891993034,0.08336295957537164,0.04057139017231686,0.3264683934061801,0.38576301313809336,0.3496381855790845
cvoi,congested,2045,0.19225661038914568,50.58668026070439,29.444444444444443,20.861386112283547,360,6480,885.6,25.27777777777778,1780,12.819444444444445,75.0,0.898555019986996,0.3261993110565684,0.03385375055015781,0.05185694125429412,0.0854460071573896,0.38579281751148237,0.2703908348049818
