policy,network,seed,rmse_total,iae_total,violation_pct,violation_mag,transmissions,bytes_sent,energy_mj,channel_loss_pct,congestion_drops,avg_aoi,max_aoi,fairness,rmse_temperature,rmse_humidity,rmse_co2,rmse_soil_moisture
periodic_all,good,2026,0.1559563480536465,51.147817978375244,10.555555555555555,1.9985164319273339,720,12960,1663.2,0.0,720,90.75,360.0,0.5055399961634356,0.3096812875108896,0.022357939078683,0.03165830600919326,0.2601278596158202
round_robin,good,2026,0.09961955481818763,30.46588515804642,11.11111111111111,2.682848812379,720,12960,1663.2,0.0,720,1.7472222222222222,3.0,0.9999974724420059,0.31584428505803896,0.022516206737285115,0.03042497963455351,0.029692747842872923
error_trigger,good,2026,0.09808435508677137,30.362464472982904,10.555555555555555,2.002960094184324,720,12942,1661.04,0.0,720,3.5756944444444443,30.0,0.8348274906524026,0.30995887092526564,0.023070311008732997,0.03002876619573215,0.029279472217354656
aoi,good,2026,0.09851403564157966,30.166304859195414,11.38888888888889,2.3434415179502377,720,12960,1663.2,0.0,718,1.4986111111111111,2.0,0.9999991410442162,0.3118212267426019,0.02254409467059402,0.030138590181546937,0.029552230971575832
risk,good,2026,0.1298359200645624,39.397478779102784,10.555555555555555,1.9801256484059828,213,3808,564.96,0.0,0,94.4263888888889,360.0,0.5542695349664514,0.29695073131115907,0.037267800028180004,0.03165830600919326,0.15346684290971718
cvoi,good,2026,0.09794008659365884,30.154723636483588,10.555555555555555,1.9984032342222213,719,12934,1660.08,0.0,718,1.6520833333333333,4.0,0.9762357755276803,0.30940581016058055,0.022368851923317442,0.030885511875270284,0.02910017241546708
periodic_all,good,2027,0.17942005324308882,59.61769686923273,10.833333333333334,2.1066896572764438,720,12960,1663.2,0.0,720,90.75,360.0,0.5055399961634356,0.30996954131796595,0.021227590474532893,0.026571950051974123,0.35991113112788237
round_robin,good,2027,0.09774588947929991,29.963290048467222,11.11111111111111,2.8256292012750484,720,12960,1663.2,0.0,720,1.7472222222222222,3.0,0.9999974724420059,0.31599706585506326,0.021837242065522053,0.02420063024191958,0.02894861975469471
error_trigger,good,2027,0.0958954655043619,29.719612116070902,10.833333333333334,2.1066896572764438,720,12858,1650.96,0.0,720,3.8777777777777778,30.0,0.8101377800725276,0.30996954131796595,0.021694668799159957,0.02281627013221876,0.02910138176810293
aoi,good,2027,0.09657347591176507,29.71649122448607,11.666666666666666,2.5037601744779057,720,12960,1663.2,0.0,718,1.4986111111111111,2.0,0.9999991410442162,0.3120825246535987,0.021584828831049084,0.023743569144771062,0.028882981017641463
risk,good,2027,0.13279481680366734,39.847744206790665,10.555555555555555,2.0793696516312825,211,3764,559.6800000000001,0.0,0,95.36597222222223,360.0,0.555908300945162,0.2967965305189873,0.049230420530204044,0.026571950051974123,0.15858036611350396
cvoi,good,2027,0.09610143534780269,29.720142092283524,10.833333333333334,2.1086640331567263,719,12930,1659.6,0.0,718,1.6479166666666667,4.0,0.9768986373128555,0.30962554782398477,0.021760659717787498,0.023578716368891462,0.029440817480547023
periodic_all,good,2028,0.16231000824122077,53.38451739512663,10.277777777777779,1.748775873740961,720,12960,1663.2,0.0,720,90.75,360.0,0.5055399961634356,0.307264778366424,0.022270939126403065,0.031025730680974903,0.28867858479108105
round_robin,good,2028,0.09967425455923803,30.5814903637981,11.11111111111111,2.3911129228750383,720,12960,1663.2,0.0,720,1.7472222222222222,3.0,0.9999974724420059,0.31317649090278354,0.022563959708560337,0.027709016425618887,0.035247551199989346
error_trigger,good,2028,0.09863379521203516,30.76542714853619,10.277777777777779,1.748775873740961,720,12798,1643.76,0.0,720,3.875694444444444,29.0,0.7719548766312062,0.3072272274396875,0.023127561084980694,0.028738755891191504,0.03544163643228095
aoi,good,2028,0.09852853977961479,30.321889353497077,11.38888888888889,2.090770552773597,720,12960,1663.2,0.0,718,1.4986111111111111,2.0,0.9999991410442162,0.30961910290337247,0.022423637816708235,0.02752030937856639,0.03455110901981209
risk,good,2028,0.13916129739678276,42.82636459930608,10.0,1.7321415877580306,217,3884,574.0799999999999,0.0,0,95.27361111111111,360.0,0.5658899871639891,0.2974406410735501,0.06998913312330006,0.031025730680974903,0.15818968470930592
cvoi,good,2028,0.09787303956574225,30.249856570498277,10.277777777777779,1.7490578386338673,720,12952,1662.24,0.0,718,1.6465277777777778,4.0,0.9767994447896545,0.307034996442746,0.02225036490920227,0.027478999481864892,0.03472779742915582
periodic_all,good,2029,0.15727662491998662,51.66248680491459,10.833333333333334,1.8413268214292358,720,12960,1663.2,0.0,720,90.75,360.0,0.5055399961634356,0.30787854116349067,0.022214388900181094,0.03305792364183716,0.2659556459744375
round_robin,good,2029,0.09857507801641552,30.17926453483823,11.38888888888889,2.5470560004655693,720,12960,1663.2,0.0,720,1.7472222222222222,3.0,0.9999974724420059,0.31404656116582214,0.022231173786346304,0.02650962624807446,0.03151295086541914
error_trigger,good,2029,0.09641919034765173,29.946537561660474,10.833333333333334,1.8413268214292358,720,12886,1654.32,0.0,720,4.009027777777779,39.0,0.7170765386726142,0.30787854116349067,0.02119239637268355,0.026267413854229073,0.030338410000203594
aoi,good,2029,0.09736234886508262,29.92477713582658,11.38888888888889,2.230531663971965,720,12960,1663.2,0.0,718,1.4986111111111111,2.0,0.9999991410442162,0.3099422763851394,0.02247326192122678,0.02638047101826088,0.030653386135703373
risk,good,2029,0.13180784697983455,40.18336546525829,10.833333333333334,1.8038006388169467,208,3710,553.2,0.0,0,95.86597222222223,360.0,0.5611682894488046,0.29454493791497494,0.039445888754126676,0.03305792364183716,0.16018263760839946
cvoi,good,2029,0.0969257636616173,29.947268629801332,10.833333333333334,1.8411075110075998,718,12914,1657.6799999999998,0.0,718,1.6472222222222221,4.0,0.977165143163048,0.3074437642767269,0.022465075034925935,0.026788133198520733,0.03100608213629557
periodic_all,good,2030,0.20996733214231797,70.48081300255893,79.16666666666667,22.801660418582717,720,12960,1663.2,0.0,720,90.75,360.0,0.5055399961634356,0.30643642983164027,0.022517341569901546,0.030652753570443152,0.4802628035972869
round_robin,good,2030,0.0996729819221182,30.5253144469627,10.555555555555555,2.3398751229062875,720,12960,1663.2,0.0,720,1.7472222222222222,3.0,0.9999974724420059,0.3118013118917952,0.023028626819014342,0.02755204491705118,0.03630994406061204
error_trigger,good,2030,0.09765150898243553,30.220473431308264,10.0,1.7853805510980898,720,12876,1653.12,0.0,720,4.345138888888888,36.0,0.8279950945506335,0.30643642983164027,0.0237998109887492,0.027283917710593537,0.03308587739875912
aoi,good,2030,0.09862818231243933,30.325511100794774,11.38888888888889,2.1338968419285362,720,12960,1663.2,0.0,718,1.4986111111111111,2.0,0.9999991410442162,0.3088743751549915,0.02278821267633071,0.027097696608445274,0.03575244480998985
risk,good,2030,0.1333847892819759,40.95172464625174,9.722222222222221,1.7655725559432387,213,3802,564.24,0.0,0,95.96319444444444,360.0,0.5621758865604157,0.2945916048119502,0.039473665940699,0.030652753570443152,0.16882113280481123
cvoi,good,2030,0.0982133176946712,30.330426497230974,10.0,1.7849558544210895,719,12930,1659.6,0.0,718,1.6430555555555557,4.0,0.9780699547186121,0.3061790528929196,0.02276167333215215,0.027324506398293244,0.03658803815531981
periodic_all,good,2031,0.11293886665147782,35.46261410883219,10.555555555555555,1.806690755073625,720,12960,1663.2,0.0,720,90.75,360.0,0.5055399961634356,0.3082454710739769,0.0211012585700246,0.05168300903250367,0.07072572792940615
round_robin,good,2031,0.0978944960546584,30.089886108615413,11.38888888888889,2.4569622731334997,720,12960,1663.2,0.0,720,1.7472222222222222,3.0,0.9999974724420059,0.3136632082696227,0.021564432033431735,0.02891334928597364,0.027436994629605516
error_trigger,good,2031,0.09704071548078663,30.241440174215455,10.555555555555555,1.806690755073625,720,12930,1659.6,0.0,720,3.6541666666666663,27.0,0.7892533827505317,0.3082454710739769,0.022338931908552954,0.028153071234540573,0.02942538770607612
aoi,good,2031,0.0969199593045798,29.921625210721164,11.666666666666666,2.220464695596477,720,12960,1663.2,0.0,718,1.4986111111111111,2.0,0.9999991410442162,0.31063894903008193,0.021426838396544884,0.028408444823876916,0.02720560496781544
risk,good,2031,0.12087526053003228,35.7253375737492,10.0,1.7765213032468354,197,3536,532.3199999999999,0.0,0,103.6888888888889,360.0,0.686983363694091,0.2941496519513046,0.031101923294447192,0.03689871189838451,0.12135075497599285
cvoi,good,2031,0.09644223655054676,29.913514972423435,10.555555555555555,1.805970207680661,718,12908,1656.96,0.0,718,1.6465277777777776,4.0,0.9771770607503915,0.3079519984247483,0.021344739391493155,0.028652842076097407,0.027819366309848142
periodic_all,good,2032,0.20017430322287272,66.85674716070766,55.833333333333336,7.661831491423304,720,12960,1663.2,0.0,720,90.75,360.0,0.5055399961634356,0.3078417978512825,0.023253383483069608,0.04897636996945926,0.42062566158767956
round_robin,good,2032,0.0987828093937627,30.245364157972574,11.38888888888889,2.398645145748826,720,12960,1663.2,0.0,720,1.7472222222222222,3.0,0.9999974724420059,0.3133313400221799,0.02348525802063738,0.024992150711660437,0.03332248882057308
error_trigger,good,2032,0.09792315043348791,30.35782516351079,9.444444444444445,1.7349239747011929,720,12844,1649.28,0.0,720,3.785416666666667,32.0,0.8005401181736845,0.3078417978512825,0.02429517101706856,0.02668725466971382,0.032868378195886706
aoi,good,2032,0.09774007476463682,30.043784454377302,11.666666666666666,2.0897332045260564,720,12960,1663.2,0.0,718,1.4986111111111111,2.0,0.9999991410442162,0.310123897875898,0.023183168494456906,0.024983261470115987,0.03266997121807643
risk,good,2032,0.155082354891496,47.67229698360932,9.444444444444445,1.7176583623466506,234,4178,609.3599999999999,0.0,1,46.25,330.0,0.3592808054995723,0.2953020287262644,0.13845673548258824,0.03177811101318515,0.1547925443439462
cvoi,good,2032,0.09739276959034476,30.07870761973208,9.444444444444445,1.7353262098797453,718,12918,1658.1599999999999,0.0,718,1.6444444444444444,4.0,0.9775612014557026,0.30777669796696094,0.023586855618828145,0.025117079142928815,0.0330904456326612
periodic_all,good,2033,0.17619543506639262,58.553987069040915,15.555555555555555,2.0461309312246807,720,12960,1663.2,0.0,720,90.75,360.0,0.5055399961634356,0.30746641248670137,0.022459805562434453,0.028376762792120973,0.3464787594243138
round_robin,good,2033,0.09781122979259246,29.976564921241604,10.555555555555555,2.386346588708365,720,12960,1663.2,0.0,720,1.7472222222222222,3.0,0.9999974724420059,0.313676630706294,0.02265834308267623,0.024029617473419484,0.030880327907980176
error_trigger,good,2033,0.0960249979422645,29.770149929309582,10.555555555555555,1.767042177312581,720,12856,1650.72,0.0,720,3.326388888888889,21.0,0.8266983489414553,0.30746641248670137,0.022844073020673105,0.024090756442151064,0.02969874981953248
aoi,good,2033,0.0966076374373736,29.70449573547612,10.833333333333334,2.1191292141935243,720,12960,1663.2,0.0,718,1.4986111111111111,2.0,0.9999991410442162,0.3098934085050849,0.022767714016264463,0.02359719626086659,0.030172230967278453
risk,good,2033,0.13225910218039091,39.93298118003631,10.277777777777779,1.739151704032298,208,3712,553.44,0.0,0,95.35833333333332,360.0,0.555816420613524,0.29520889945052237,0.050618533459299765,0.028376762792120973,0.15483221301962055
cvoi,good,2033,0.09618377005540593,29.733986119218105,10.555555555555555,1.768284766399817,718,12918,1658.1599999999999,0.0,718,1.6423611111111112,4.0,0.9779151819680014,0.3075151918747065,0.022536285998324374,0.02409346032593554,0.030590142022657307
periodic_all,good,2034,0.1007438468453517,31.481856173270558,10.555555555555555,1.6016062652188734,720,12960,1663.2,0.0,720,90.75,360.0,0.5055399961634356,0.3072339718610631,0.020865938260663144,0.027876530248118907,0.04699894701156166
round_robin,good,2034,0.09687574660242673,30.064085172825866,10.833333333333334,2.2305541630376164,720,12960,1663.2,0.0,720,1.7472222222222222,3.0,0.9999974724420059,0.312210308006233,0.020959820961145095,0.02343927116333752,0.030893586278991324
error_trigger,good,2034,0.09532592203631726,29.934823852966066,10.555555555555555,1.6016062652188734,720,12790,1642.8,0.0,720,3.75625,32.0,0.7645935961530759,0.3072339718610631,0.020359986782590912,0.024085036312520226,0.02962469318909475
aoi,good,2034,0.0958924042291135,29.88186217935825,10.833333333333334,1.9300605111241875,720,12960,1663.2,0.0,718,1.4986111111111111,2.0,0.9999991410442162,0.30925177371000795,0.02103142573697106,0.023133780803025698,0.03015263666644927
risk,good,2034,0.10018950938795408,30.091159431802417,10.0,1.5790755415979114,198,3564,535.6800000000001,0.0,0,136.42847222222224,360.0,0.7615798821324955,0.2947688121565386,0.03111374813559712,0.027876530248118907,0.04699894701156166
cvoi,good,2034,0.09549504340578735,29.875566648281527,10.555555555555555,1.6014897337169032,718,12914,1657.6799999999998,0.0,718,1.6465277777777778,4.0,0.9768456123717703,0.3070345347275627,0.021187402456916263,0.02360820569698557,0.030150030741684885
periodic_all,good,2035,0.12006494987111416,37.80347691469626,10.555555555555555,1.7151290976582714,720,12960,1663.2,0.0,720,90.75,360.0,0.5055399961634356,0.3070747782887065,0.022819319540738844,0.044453036606854526,0.1059126650481568
round_robin,good,2035,0.09736945848113969,29.994596229593856,11.38888888888889,2.355996575704903,720,12960,1663.2,0.0,720,1.7472222222222222,3.0,0.9999974724420059,0.31263098919336857,0.023275304135917083,0.023111280916831456,0.030460259678441626
error_trigger,good,2035,0.09579406226123234,29.89282811744018,10.555555555555555,1.7151290976582714,720,12856,1650.72,0.0,720,4.124305555555556,36.0,0.8016028411013,0.3070747782887065,0.022957316424122704,0.02296857487340212,0.03017557945869805
aoi,good,2035,0.09640743908446446,29.818436116070203,11.666666666666666,2.0883566668986893,720,12960,1663.2,0.0,718,1.4986111111111111,2.0,0.9999991410442162,0.30946387068909087,0.02308774411508185,0.02275355901082683,0.03032458252285829
risk,good,2035,0.13415210097071378,41.65981491174682,10.277777777777779,1.688870155711692,198,3566,535.92,0.0,0,129.09305555555557,360.0,0.7567967462419425,0.29595276322845443,0.10411542257674232,0.03062755302950154,0.1059126650481568
cvoi,good,2035,0.0957375812573815,29.73898479123386,10.555555555555555,1.7160741593788216,718,12916,1657.9199999999998,0.0,718,1.6465277777777776,4.0,0.9771131986967803,0.3068760395064229,0.023244457745090617,0.02266120308054576,0.030168624697466742
periodic_all,good,2036,0.11377535331797176,35.340804850379435,10.0,1.8955268268296321,720,12960,1663.2,0.0,720,90.75,360.0,0.5055399961634356,0.3084197547039938,0.02274439262999037,0.044648613393720955,0.07928865254418188
round_robin,good,2036,0.09783358123291816,30.003215418689845,10.555555555555555,2.623968000410372,720,12960,1663.2,0.0,720,1.7472222222222222,3.0,0.9999974724420059,0.31420911344593905,0.022916144326652812,0.024152854201630578,0.03005621295745022
error_trigger,good,2036,0.09644470272222602,29.97249293682227,10.0,1.8955268268296321,720,12836,1648.32,0.0,720,3.78125,25.0,0.813925074589453,0.3084197547039938,0.023051496347879553,0.02489103719785663,0.02941652263917409
aoi,good,2036,0.09660364402094979,29.71410758697982,11.38888888888889,2.2869317970047454,720,12960,1663.2,0.0,718,1.4986111111111111,2.0,0.9999991410442162,0.310617885097125,0.02278692560389701,0.024088125475344956,0.028921639907432167
risk,good,2036,0.12158883650991212,36.75146059647732,10.0,1.8697644781287606,197,3550,534.0,0.0,0,123.50833333333333,360.0,0.7462567160307518,0.29568285492246005,0.08114127559043086,0.030242562982575733,0.07928865254418188
cvoi,good,2036,0.09614151641813505,29.74073183732195,10.0,1.8955492221069759,718,12914,1657.6799999999998,0.0,718,1.6493055555555556,4.0,0.9763535711321928,0.30818817438726714,0.023000936905134113,0.024446235114027944,0.028930719266111026
periodic_all,good,2037,0.10161724706751993,31.7754630476596,10.555555555555555,1.8577290286549917,720,12960,1663.2,0.0,720,90.75,360.0,0.5055399961634356,0.30963173958438683,0.021101447655758818,0.027952766446427586,0.04778303458350644
round_robin,good,2037,0.09676885209187487,29.828022931672635,11.11111111111111,2.52327500233032,720,12960,1663.2,0.0,720,1.7472222222222222,3.0,0.9999974724420059,0.3151960115128987,0.021452055356367825,0.02274821749522165,0.027679124003011275
error_trigger,good,2037,0.09529679303006768,29.760518281995015,10.555555555555555,1.8577290286549917,720,12778,1641.36,0.0,720,3.988194444444445,35.0,0.8162786490287733,0.30963173958438683,0.021433061880413416,0.022811763095040894,0.02731060756042951
aoi,good,2037,0.09572987308486293,29.649841209025674,11.666666666666666,2.204531917201317,720,12960,1663.2,0.0,718,1.4986111111111111,2.0,0.9999991410442162,0.31191868360942987,0.021351155970784283,0.02237713868106346,0.027272514078174086
risk,good,2037,0.10319690389879096,31.07533239461207,10.277777777777779,1.832472474620849,196,3528,531.3599999999999,0.0,0,136.38680555555555,360.0,0.7611254842764167,0.2977664074022379,0.03928540716299187,0.027952766446427586,0.04778303458350644
cvoi,good,2037,0.09523601301982042,29.63883232923,10.555555555555555,1.8619394068029016,718,12916,1657.9199999999998,0.0,718,1.6465277777777778,4.0,0.9774257946783271,0.3095784276496577,0.021469279600236566,0.02278506749114919,0.027111277338238194
periodic_all,good,2038,0.10801438149732,33.41814289706082,11.11111111111111,1.7168348178526212,720,12960,1663.2,0.0,720,90.75,360.0,0.5055399961634356,0.308172182887132,0.022232110434703436,0.05117393358131412,0.05047929908613046
round_robin,good,2038,0.09792233775428605,30.031660595444762,11.11111111111111,2.2612582313876888,720,12960,1663.2,0.0,720,1.7472222222222222,3.0,0.9999974724420059,0.3129923002543483,0.022620774814336914,0.030295596175954786,0.02578067977250419
error_trigger,good,2038,0.09645075082240187,29.92221534253747,11.11111111111111,1.7168348178526212,720,12972,1664.6399999999999,0.0,720,4.536111111111111,44.0,0.7047989668070987,0.308172182887132,0.02036107040042401,0.030257577756606185,0.02701217224544529
aoi,good,2038,0.09716720232112303,29.924925411427367,11.38888888888889,2.0830576762709603,720,12960,1663.2,0.0,718,1.4986111111111111,2.0,0.9999991410442162,0.3105389648069244,0.022332077386180697,0.02983758261328572,0.025960184478101257
risk,good,2038,0.12970402149285784,39.211987211030724,10.555555555555555,1.6968463201901396,216,3890,574.8,0.0,0,71.15694444444445,360.0,0.4944044560071478,0.29521477751547887,0.13331128732862413,0.03981072204119792,0.05047929908613046
cvoi,good,2038,0.09660068540549056,29.898000700774112,11.11111111111111,1.7166939788131574,718,12926,1659.12,0.0,718,1.6444444444444446,4.0,0.9773676409055271,0.3079671386471892,0.02229274434321725,0.030076493770569635,0.026066364860986128
periodic_all,good,2039,0.10549745695883872,32.764907200038394,10.555555555555555,1.735339920327323,720,12960,1663.2,0.0,720,90.75,360.0,0.5055399961634356,0.30810964111369915,0.02157874654287578,0.038896039643542615,0.05340540053523732
round_robin,good,2039,0.09744953411529014,30.102985475113513,11.11111111111111,2.419830976206321,720,12960,1663.2,0.0,720,1.7472222222222222,3.0,0.9999974724420059,0.31334965838697404,0.021748909987234184,0.021648560631809338,0.03305100745514303
error_trigger,good,2039,0.09597877958999265,29.953012273836027,10.555555555555555,1.735339920327323,720,12780,1641.6,0.0,720,3.8486111111111114,28.0,0.7886611258794843,0.30810964111369915,0.02098230646665386,0.022620399610095397,0.032202771169522276
aoi,good,2039,0.09662075815477472,29.96056481233799,11.666666666666666,2.1435079257119503,720,12960,1663.2,0.0,718,1.4986111111111111,2.0,0.9999991410442162,0.3106824601805382,0.02165654909293729,0.021452059697935663,0.03269196364768773
risk,good,2039,0.10679606760853214,31.648541329796704,10.555555555555555,1.7052425675604397,189,3404,516.48,0.0,0,129.83819444444444,360.0,0.7589704195546618,0.29385967115501693,0.043048656727480365,0.036870542016393906,0.05340540053523732
cvoi,good,2039,0.09615995631927284,29.9741024572778,10.555555555555555,1.737364168609877,718,12916,1657.9199999999998,0.0,718,1.6465277777777778,4.0,0.9772912179810368,0.30808151511758014,0.021857864498885392,0.02165426360996479,0.033046182050661024
periodic_all,good,2040,0.17590869663341524,58.473252206494934,10.0,1.8321648328016056,720,12960,1663.2,0.0,720,90.75,360.0,0.5055399961634356,0.3096939439383967,0.022193597481780597,0.03292967012484316,0.33881757498864046
round_robin,good,2040,0.09843997172435733,30.268193036502375,11.11111111111111,2.4346811580606724,720,12960,1663.2,0.0,720,1.7472222222222222,3.0,0.9999974724420059,0.31578275617795304,0.02247638683764866,0.02826687786683263,0.027233866014994994
error_trigger,good,2040,0.09742114128307161,30.242278788515573,10.0,1.8321648328016056,720,12964,1663.6799999999998,0.0,720,3.7986111111111107,31.0,0.8183045502242816,0.3096939439383967,0.02229987466746308,0.028593611094707094,0.02909713543171956
aoi,good,2040,0.09737706348331078,30.066849372203773,10.833333333333334,2.16671637328829,720,12960,1663.2,0.0,718,1.4986111111111111,2.0,0.9999991410442162,0.31161119907712836,0.02234632245483139,0.02848638967051245,0.027064342730770945
risk,good,2040,0.1476665661473824,45.598968519081424,10.0,1.8063529726678538,205,3656,546.72,0.0,0,95.21597222222222,360.0,0.5543420127130723,0.2957446092010096,0.09789978845563306,0.03292967012484316,0.16409219680804385
cvoi,good,2040,0.0969431022991388,30.072124225814886,10.0,1.8330329909363794,719,12930,1659.6,0.0,718,1.6458333333333333,4.0,0.9773974766919228,0.3095225194191437,0.022395432068035907,0.02843404476432193,0.02742041294505365
periodic_all,good,2041,0.14115813560839607,45.65056895710636,10.277777777777779,1.7088191600754024,720,12960,1663.2,0.0,720,90.75,360.0,0.5055399961634356,0.30750242614397777,0.023642252751343882,0.03033392090515495,0.20315394263310765
round_robin,good,2041,0.10003259475640064,30.563809964840956,10.833333333333334,2.3413565879336957,720,12960,1663.2,0.0,720,1.7472222222222222,3.0,0.9999974724420059,0.3132519976692458,0.023797585994840546,0.028758402086039074,0.034322393275477175
error_trigger,good,2041,0.09849294406044132,30.50661711327872,10.277777777777779,1.7088191600754024,720,12878,1653.36,0.0,720,3.4416666666666664,26.0,0.8082930118143393,0.30750242614397777,0.023483890058655088,0.02944349661039021,0.03354196342874221
aoi,good,2041,0.09899694511687898,30.389437120041258,11.666666666666666,2.090150753812388,720,12960,1663.2,0.0,718,1.4986111111111111,2.0,0.9999991410442162,0.31012309847846176,0.023840324531040576,0.028345214038566123,0.033679143419447485
risk,good,2041,0.15775506511178877,49.025679292689034,9.444444444444445,1.6793586927350748,223,3990,586.8,0.0,0,57.70625,358.0,0.4029882907662152,0.2936486035260132,0.1441479222726711,0.03033392090515495,0.16288981374331582
cvoi,good,2041,0.09842338072428086,30.37042884074386,10.277777777777779,1.7084383815646085,719,12930,1659.6,0.0,718,1.6472222222222221,4.0,0.9777329820512025,0.30728349755532686,0.023766504315961393,0.02857491237665093,0.03406860864918424
periodic_all,good,2042,0.14083514092585203,45.9026380676747,10.833333333333334,1.748738673673436,720,12960,1663.2,0.0,720,90.75,360.0,0.5055399961634356,0.3088114653169203,0.02196906310396159,0.02858465151081562,0.20397538377171065
round_robin,good,2042,0.0977450535622908,29.9560879389633,11.11111111111111,2.381790828065735,720,12960,1663.2,0.0,720,1.7472222222222222,3.0,0.9999974724420059,0.31374195762646917,0.02245300577965167,0.025557307899939208,0.029227942943103137
error_trigger,good,2042,0.09627523262290923,29.921391312246172,10.833333333333334,1.748738673673436,720,12884,1654.08,0.0,720,3.604861111111111,30.0,0.8149967184126925,0.3088114653169203,0.021955719379726773,0.02575968970162849,0.028574056093361347
aoi,good,2042,0.09692104025329976,29.80546922309237,11.666666666666666,2.1374716195422514,720,12960,1663.2,0.0,718,1.4986111111111111,2.0,0.9999991410442162,0.3111258388648737,0.022110221881274407,0.02556905662344487,0.02887904364360602
risk,good,2042,0.1418440750394672,43.4693882055895,10.555555555555555,1.7111906057591968,208,3712,553.44,0.0,0,95.03541666666666,360.0,0.555231741456447,0.294375005276598,0.08960115688418356,0.02858465151081562,0.1548154864862716
cvoi,good,2042,0.09628098039697905,29.74295039855084,10.833333333333334,1.7507079110757102,719,12936,1660.32,0.0,718,1.6444444444444446,4.0,0.9779485526467421,0.3086695789818075,0.022302923090176174,0.025589972275323013,0.028561447240609522
periodic_all,good,2043,0.14904114576115032,48.37969964515999,10.277777777777779,1.7974526978362522,720,12960,1663.2,0.0,720,90.75,360.0,0.5055399961634356,0.30759758328303005,0.022165057975860953,0.04589407524587358,0.22050786653983676
round_robin,good,2043,0.09785478516931588,30.00957157043535,11.11111111111111,2.4814474390763936,720,12960,1663.2,0.0,720,1.7472222222222222,3.0,0.9999974724420059,0.313835676148972,0.02241560277957339,0.024609995064182263,0.030557866684535872
error_trigger,good,2043,0.09597833266334216,29.788899429747165,10.277777777777779,1.7974526978362522,720,12826,1647.12,0.0,720,4.033333333333333,37.0,0.7727663336493743,0.30759758328303005,0.0229669907332692,0.022751017407062413,0.03059773923000697
aoi,good,2043,0.09642043307036363,29.66505253903278,11.666666666666666,2.120960828709172,720,12960,1663.2,0.0,718,1.4986111111111111,2.0,0.9999991410442162,0.3098818699977315,0.02230828354407546,0.02410708587450228,0.02938449286514534
risk,good,2043,0.13525572062256397,41.015610406340514,10.277777777777779,1.7708907766769948,210,3746,557.52,0.0,0,83.69652777777777,360.0,0.5491385613753912,0.2941452132859325,0.06918549635624782,0.03132292831937944,0.14636924452869604
cvoi,good,2043,0.09600124351569866,29.66286511658565,10.277777777777779,1.7974123329127298,718,12912,1657.44,0.0,718,1.6423611111111112,4.0,0.9782271452225368,0.3073284715235717,0.022422763064112283,0.023943350163241874,0.030310389311868816
periodic_all,good,2044,0.10748995853032056,33.72368606296188,10.555555555555555,1.719572311890047,720,12960,1663.2,0.0,720,90.75,360.0,0.5055399961634356,0.30867104223310915,0.020521761216182873,0.027708748545176777,0.0730582821268134
round_robin,good,2044,0.09811247070713368,30.140616175123256,11.11111111111111,2.4034729386942995,720,12960,1663.2,0.0,720,1.7472222222222222,3.0,0.9999974724420059,0.3148692610386793,0.021194947870969556,0.02360750488349285,0.032778169035393045
error_trigger,good,2044,0.09712334700531265,30.21836833614829,10.555555555555555,1.719572311890047,720,12756,1638.72,0.0,720,3.5145833333333334,27.0,0.8167545823095086,0.30867104223310915,0.022052675659743403,0.02540444991160927,0.03236522021678877
aoi,good,2044,0.09679777475357837,29.861849947096673,11.666666666666666,2.069474460465729,720,12960,1663.2,0.0,718,1.4986111111111111,2.0,0.9999991410442162,0.31099131747718867,0.0209189164443546,0.023582775673991262,0.031698089418778934
risk,good,2044,0.11002989919772624,33.09036752908278,10.277777777777779,1.6945382693615647,201,3618,542.16,0.0,0,136.34791666666666,360.0,0.7607011062047405,0.2985272047202566,0.04082536139865818,0.027708748545176777,0.0730582821268134
cvoi,good,2044,0.09627140890337706,29.858771730073,10.555555555555555,1.7192426398762888,718,12916,1657.9199999999998,0.0,718,1.65,4.0,0.9761722624166183,0.3084504278140802,0.021071436534028036,0.023717073907442536,0.03184669735795744
periodic_all,good,2045,0.1838099083329651,61.253008653838336,10.0,1.8133080296116852,720,12960,1663.2,0.0,720,90.75,360.0,0.5055399961634356,0.3076111891547063,0.021381311532289345,0.028903669768518287,0.37734346287634646
round_robin,good,2045,0.09773190449619389,29.927532021532407,10.833333333333334,2.48194351958398,720,12960,1663.2,0.0,720,1.7472222222222222,3.0,0.9999974724420059,0.31360263221381723,0.0220302186262061,0.023975689530093887,0.03131907761465837
error_trigger,good,2045,0.09582955400553042,29.62410148032975,10.0,1.8133080296116852,720,12786,1642.32,0.0,720,3.929166666666667,33.0,0.7918257509428652,0.3076111891547063,0.022033581774081698,0.02272857432261663,0.03094487077071707
aoi,good,2045,0.0964491654423867,29.65551168770523,11.38888888888889,2.1292211590703687,720,12960,1663.2,0.0,718,1.4986111111111111,2.0,0.9999991410442162,0.30959272588746356,0.02168922232325975,0.023470564616820167,0.031044148942003323
risk,good,2045,0.14328823083608008,44.35115868000176,10.0,1.7920857830719172,217,3864,571.6800000000001,0.0,0,94.0597222222222,360.0,0.5447378325355827,0.2981287070495073,0.09303954583220186,0.028903669768518287,0.1530810006940929
cvoi,good,2045,0.09608352958767472,29.685311561229103,10.0,1.8128306898347768,720,12954,1662.48,0.0,718,1.640972222222222,4.0,0.9781526934074319,0.30741500331971033,0.021667812673575527,0.02390586872741632,0.03134543362999662
periodic_all,bernoulli,2026,0.15613747189334284,51.13097014966176,11.11111111111111,2.1680655800465356,720,12960,1663.2,15.694444444444445,720,90.84305555555557,360.0,0.5065709659505686,0.3102725316733836,0.022491190274974312,0.03165830600919326,0.2601278596158202
round_robin,bernoulli,2026,0.10165794719103989,30.750046429503737,13.055555555555555,3.789868645538064,720,12960,1663.2,15.694444444444445,720,2.05,8.0,0.99930003273591,0.3234058438936564,0.022419432305035594,0.030681657004219813,0.03012485556124777
error_trigger,bernoulli,2026,0.09841221919992693,30.41252438820882,11.11111111111111,2.168742592297347,720,12954,1662.48,15.694444444444445,720,4.061805555555555,30.0,0.8300906366874781,0.3105135431347354,0.022945496628990016,0.030488081772316187,0.029701755263666068
aoi,bernoulli,2026,0.09911443906097173,30.294071150588366,11.666666666666666,2.5602945719611196,720,12948,1661.76,15.694444444444445,718,1.7673611111111112,6.0,0.9991603506365955,0.31362956993723184,0.022460955917962894,0.030470447038876323,0.02989678334981588
risk,bernoulli,2026,0.12937015977033875,39.08551366488283,10.833333333333334,2.313096113312207,220,3918,578.16,17.727272727272727,0,94.42222222222222,360.0,0.5542969057235246,0.2983300096750991,0.037267800028180004,0.03165830600919326,0.15022452336888262
cvoi,bernoulli,2026,0.09835143257870242,30.161568976716666,11.666666666666666,2.1928332545801528,719,12932,1659.84,15.716272600834492,718,1.934722222222222,7.0,0.9762901909404973,0.3097293925947267,0.0226274535960009,0.030919959598068023,0.03012892452601408
periodic_all,bernoulli,2027,0.17980643345601904,59.66165732660937,11.11111111111111,2.3857066585561517,720,12960,1663.2,14.86111111111111,720,90.84027777777777,360.0,0.5065401937370356,0.31140799532185387,0.021334657322365887,0.026571950051974123,0.35991113112788237
round_robin,bernoulli,2027,0.09758496718413262,29.737841743354288,11.666666666666666,2.9988377992587703,720,12960,1663.2,14.86111111111111,720,2.0416666666666665,8.0,0.9992388601063857,0.31418906901273097,0.02199992122328036,0.02470460743108196,0.029446271069437202
error_trigger,bernoulli,2027,0.09659372193723352,29.881631562169567,11.11111111111111,2.3857066585561517,720,12852,1650.24,14.86111111111111,720,4.113194444444444,30.0,0.8227931616395087,0.31140799532185387,0.022315285958661096,0.022787351539121037,0.029864254929298076
aoi,bernoulli,2027,0.09710742153359835,29.806523008874898,12.222222222222221,2.833527852618897,720,12944,1661.28,14.86111111111111,718,1.75625,6.0,0.9993607744379915,0.31337072015864176,0.02148930644203004,0.023956767522246614,0.029612892011474923
risk,bernoulli,2027,0.13562593125567568,41.298717521890346,10.833333333333334,2.2222105906698313,234,4172,608.64,17.094017094017094,0,95.14444444444445,360.0,0.5533889550159284,0.30611662362408,0.049230420530204044,0.026571950051974123,0.16058473081644456
cvoi,bernoulli,2027,0.09644632711426615,29.75333973508169,10.833333333333334,2.320346406212722,719,12932,1659.84,14.881780250347704,718,1.9465277777777774,9.0,0.9784373662661653,0.3101445396408787,0.021519830716317818,0.024633761239111172,0.02948717686075695
periodic_all,bernoulli,2028,0.1624885161583319,53.36044679047639,10.277777777777779,1.8222437184405607,720,12960,1663.2,14.444444444444445,720,90.83333333333334,360.0,0.5064632561429844,0.30783238089023185,0.022417368271039816,0.031025730680974903,0.28867858479108105
round_robin,bernoulli,2028,0.10026924220204518,30.677634364563538,11.666666666666666,2.775727970444625,720,12960,1663.2,14.444444444444445,720,2.075,11.0,0.9990171119058505,0.3154761636607392,0.022431041266219028,0.027844617715096914,0.035325146166125525
error_trigger,bernoulli,2028,0.09939115574095855,30.94460670977181,10.277777777777779,1.8222437184405607,720,12846,1649.52,14.444444444444445,720,4.2625,32.0,0.7790985686006093,0.3077740078554886,0.023692146457514083,0.02895629858375939,0.03714217006707218
aoi,bernoulli,2028,0.0988184147107618,30.352189129041115,11.944444444444445,2.2876709207768653,720,12986,1666.32,14.444444444444445,718,1.7430555555555556,5.0,0.9989313189918468,0.3111068015714348,0.022209196043346792,0.027494192919033263,0.03446346830923234
risk,bernoulli,2028,0.1409267814213626,43.37453256162384,10.555555555555555,1.9946684240441135,216,3860,571.2,15.74074074074074,0,95.49791666666667,360.0,0.5682617759325908,0.29867385697427645,0.06998913312330006,0.031025730680974903,0.16401840490689898
cvoi,bernoulli,2028,0.09826314739173228,30.316929904059446,10.277777777777779,1.8221049545620422,720,12942,1661.04,14.444444444444445,718,1.9333333333333333,7.0,0.9732994444341854,0.30761293881153623,0.022436770560385164,0.027888078822145123,0.035114801372862575
periodic_all,bernoulli,2029,0.15728809852535885,51.612189953833536,10.833333333333334,1.85250089839767,720,12960,1663.2,15.13888888888889,720,90.83819444444444,360.0,0.5065170843237712,0.30763507260293127,0.02250375188222943,0.03305792364183716,0.2659556459744375
round_robin,bernoulli,2029,0.09850576522136487,29.94625022397925,11.944444444444445,2.6556080013600893,720,12960,1663.2,15.13888888888889,720,2.0409722222222224,9.0,0.9998811170172365,0.31375903253209186,0.022343620754467025,0.026606966558901338,0.03131344103999928
error_trigger,bernoulli,2029,0.09694312127715501,30.08296944841662,10.833333333333334,1.85250089839767,720,12848,1649.76,15.13888888888889,720,4.611805555555556,47.0,0.7328770881545523,0.3076722232903208,0.021775383753523312,0.026484882252354028,0.03183999581242194
aoi,bernoulli,2029,0.09772700181658042,29.976282976270877,11.38888888888889,2.2593861022972375,720,12964,1663.6799999999998,15.13888888888889,718,1.7479166666666666,5.0,0.9988252710769402,0.31063493463825126,0.02262182057691839,0.026662780479006325,0.030988471572145734
risk,bernoulli,2029,0.12944473024621622,38.94012035763583,10.833333333333334,2.081085036907411,213,3784,562.0799999999999,15.023474178403756,0,94.88680555555555,360.0,0.5508880373684513,0.2944526858967346,0.039445888754126676,0.03305792364183716,0.1508224226921664
cvoi,bernoulli,2029,0.09684990533106215,29.873136893358456,10.833333333333334,1.860304522140428,718,12924,1658.8799999999999,15.181058495821727,718,1.9416666666666664,7.0,0.9737393827392047,0.3073233878579545,0.022627001980489635,0.026883578472138774,0.030565653013665726
periodic_all,bernoulli,2030,0.21051498506174263,70.5437610760288,79.44444444444444,23.064481122537103,720,12960,1663.2,16.38888888888889,720,90.8451388888889,360.0,0.5065940173123836,0.30860545673421547,0.022538926345024978,0.030652753570443152,0.4802628035972869
round_robin,bernoulli,2030,0.09976669495052991,30.335877978026907,11.11111111111111,2.41121766283934,720,12960,1663.2,16.38888888888889,720,2.0840277777777776,8.0,0.9979510203865949,0.3107975675777291,0.023301321313227413,0.027546485132675432,0.03742140577848768
error_trigger,bernoulli,2030,0.09811498252991988,30.28943321133646,10.833333333333334,2.0482012550524704,720,12858,1650.96,16.38888888888889,720,4.957638888888889,61.0,0.7002173277329113,0.30860545673421547,0.022180868696868895,0.02700078504097366,0.034672819647621464
aoi,bernoulli,2030,0.09904858125249462,30.40119814039653,11.11111111111111,2.298874372479083,720,12974,1664.8799999999999,16.38888888888889,718,1.7819444444444446,6.0,0.9985071729505618,0.3102821639956749,0.022744009787217353,0.027061012815450522,0.03610713841163573
risk,bernoulli,2030,0.13301442180061795,40.57034981906218,9.444444444444445,1.7775183066766767,210,3746,557.52,16.666666666666668,0,96.18611111111112,360.0,0.5645480932189005,0.29171204166519227,0.039473665940699,0.030652753570443152,0.17021922602613743
cvoi,bernoulli,2030,0.09810900215929493,30.249312503496572,10.0,1.8205101241813568,719,12898,1655.76,16.411682892906814,718,1.9763888888888892,7.0,0.9726005223737126,0.30624490488319406,0.022475229393580386,0.027057223968053032,0.0366586503923522
periodic_all,bernoulli,2031,0.11321839660156957,35.468291272327235,11.11111111111111,1.9592476098505145,720,12960,1663.2,12.63888888888889,720,90.82152777777777,360.0,0.5063324613783254,0.30938407178091165,0.021080777663456868,0.05168300903250367,0.07072572792940615
round_robin,bernoulli,2031,0.09880198553460325,30.163126920720295,12.222222222222221,3.0319741077219295,720,12960,1663.2,12.63888888888889,720,1.9944444444444445,8.0,0.9996151030678383,0.31639654303038117,0.021507680294485604,0.029329386603103306,0.027974332210442886
error_trigger,bernoulli,2031,0.09783560042626836,30.392220348169435,11.11111111111111,1.9592476098505145,720,12936,1660.32,12.63888888888889,720,3.651388888888889,27.0,0.8335547578131117,0.30938407178091165,0.022461162633019623,0.029015766263605313,0.030481401027536888
aoi,bernoulli,2031,0.09719306578265555,29.951317398503264,11.38888888888889,2.329919334906623,720,12988,1666.56,12.63888888888889,718,1.7069444444444444,5.0,0.9990931411892678,0.310636755547632,0.021478159160097456,0.02888949116920456,0.027767857253688216
risk,bernoulli,2031,0.11133989630766622,33.091399285206464,10.0,1.8894575346290359,197,3538,532.56,11.16751269035533,0,117.57430555555555,360.0,0.7498084696020606,0.29511246962584614,0.031101923294447192,0.03689871189838451,0.08224648041198704
cvoi,bernoulli,2031,0.096879402088136,29.964237728298226,10.833333333333334,1.9551568120672487,718,12908,1656.96,12.674094707520892,718,1.8666666666666667,5.0,0.9777688282750627,0.3089019200360449,0.021381867067564155,0.028866631867608347,0.028367189381326575
periodic_all,bernoulli,2032,0.20047923085836966,66.89007525717386,56.111111111111114,7.827243760147714,720,12960,1663.2,12.916666666666666,720,90.82638888888889,360.0,0.5063863141222023,0.30904239439802145,0.02327249747831843,0.04897636996945926,0.42062566158767956
round_robin,bernoulli,2032,0.09997108732429809,30.327415189093717,11.944444444444445,3.1732068309472243,720,12960,1663.2,12.916666666666666,720,1.9791666666666665,7.0,0.9990430833711167,0.317563948886771,0.023693863275240937,0.02529271558331207,0.033333821551868384
error_trigger,bernoulli,2032,0.0982369723304069,30.438121120838986,10.277777777777779,1.9008622786222489,720,12836,1648.32,12.916666666666666,720,4.115972222222222,26.0,0.816027376485155,0.3092494356988855,0.02366767103599509,0.02656892279189334,0.03346185979485369
aoi,bernoulli,2032,0.09809188239628384,30.110479869163285,11.666666666666666,2.232936192530645,720,12970,1664.3999999999999,12.916666666666666,718,1.7118055555555554,5.0,0.9991773042994779,0.3106671013926087,0.023280824612202298,0.02518745516377263,0.033232148416551706
risk,bernoulli,2032,0.1556667809043586,47.85515901666276,10.277777777777779,1.9104141154724918,233,4152,606.24,13.304721030042918,1,46.512499999999996,330.0,0.3630296485658162,0.2933694667400692,0.13845673548258824,0.03177811101318515,0.15906281038159173
cvoi,bernoulli,2032,0.09761787284384732,30.09733459415304,10.277777777777779,1.882654529197041,718,12918,1658.1599999999999,12.952646239554317,718,1.9243055555555553,8.0,0.9685340380018009,0.3085849081068962,0.02358315949811123,0.02509330015241233,0.033210123617969496
periodic_all,bernoulli,2033,0.17641225264075533,58.51736169384386,15.277777777777779,2.156616684629682,720,12960,1663.2,18.055555555555557,720,90.85486111111112,360.0,0.5067017503158912,0.30830688292039965,0.02248660542618686,0.028376762792120973,0.3464787594243138
round_robin,bernoulli,2033,0.09786624206564427,29.894379380764963,10.277777777777779,2.374099168608172,720,12960,1663.2,18.055555555555557,720,2.0854166666666667,8.0,0.9989858387274819,0.31400886712450277,0.022645996978004696,0.024094510400886185,0.03071559375918346
error_trigger,bernoulli,2033,0.09663897207481842,29.9113125990314,10.277777777777779,1.8775279307175823,720,12866,1651.9199999999998,18.055555555555557,720,3.6395833333333334,20.0,0.8470820102950388,0.3083022698140798,0.02339104102796487,0.024836950261340834,0.030025627195888187
aoi,bernoulli,2033,0.09712830827866464,29.821998420662233,11.944444444444445,2.2775617111475213,720,12962,1663.44,18.055555555555557,718,1.8034722222222221,5.0,0.9976906872865314,0.3108325166846131,0.022756722966041976,0.02411221993129545,0.030811773532708024
risk,bernoulli,2033,0.1336310232109368,40.515325578654824,10.555555555555555,1.9817201997626102,210,3736,556.3199999999999,17.142857142857142,0,96.18680555555557,360.0,0.564521780980588,0.2963522501538934,0.050618533459299765,0.028376762792120973,0.15917654643843307
cvoi,bernoulli,2033,0.09651657506435855,29.726820026432822,11.38888888888889,1.951614234744747,718,12908,1656.96,18.105849582172702,718,1.9569444444444444,6.0,0.9777724914787345,0.30923540542905686,0.022597964870064022,0.02421521701048337,0.030017712947829938
periodic_all,bernoulli,2034,0.10097279985039215,31.506675512256464,10.833333333333334,1.800467190401863,720,12960,1663.2,13.472222222222221,720,90.82916666666667,360.0,0.5064170929965416,0.3081696413189175,0.020846080822970518,0.027876530248118907,0.04699894701156166
round_robin,bernoulli,2034,0.0976269793858325,30.22880614355875,11.11111111111111,2.3184714056449693,720,12960,1663.2,13.472222222222221,720,1.9819444444444445,8.0,0.9999739734330794,0.3139441828873317,0.021003324968227197,0.023876113613232993,0.03168429607453803
error_trigger,bernoulli,2034,0.09561461766011756,29.980037811845044,10.833333333333334,1.800467190401863,720,12804,1644.48,13.472222222222221,720,3.834722222222222,25.0,0.7642756770670446,0.3081696413189175,0.01982419725368485,0.024210381303418228,0.03025425076444965
aoi,bernoulli,2034,0.0967655237713238,30.117431264958416,10.833333333333334,2.219786247230661,720,12968,1664.1599999999999,13.472222222222221,718,1.7173611111111111,5.0,0.9993393544515197,0.3119843833681624,0.020993842753977247,0.023261319907673224,0.030822549055482318
risk,bernoulli,2034,0.10120297286178939,30.66924530097633,10.0,1.6330021562549843,208,3744,557.28,10.576923076923077,0,136.34166666666667,360.0,0.7606328780074201,0.29882266605187985,0.03111374813559712,0.027876530248118907,0.04699894701156166
cvoi,bernoulli,2034,0.0957256669913541,29.87299545256745,10.833333333333334,1.7389457659757563,718,12924,1658.8799999999999,13.50974930362117,718,1.896527777777778,7.0,0.9755566734465189,0.30733417592499596,0.021565705043895357,0.023554925151425495,0.03044786184509958
periodic_all,bernoulli,2035,0.12002389152578036,37.71544455679502,10.555555555555555,1.879319448339682,720,12960,1663.2,15.972222222222221,720,90.84444444444443,360.0,0.5065863519832419,0.30688187434110964,0.022847990107000504,0.044453036606854526,0.1059126650481568
round_robin,bernoulli,2035,0.09992321020477432,30.334363074110176,13.61111111111111,3.8121307063786207,720,12960,1663.2,15.972222222222221,720,2.072222222222222,8.0,0.9992234470366758,0.32178363739393845,0.023065890908438098,0.0232331122492837,0.03161020026743703
error_trigger,bernoulli,2035,0.09575705990472919,29.74205021234122,10.555555555555555,1.879319448339682,720,12860,1651.2,15.972222222222221,720,4.695833333333333,37.0,0.7664873594714848,0.30688187434110964,0.022738718152587555,0.023784660167503854,0.029622986957715716
aoi,bernoulli,2035,0.09643493336764737,29.708676760030606,11.666666666666666,2.299186632109865,720,12956,1662.72,15.972222222222221,718,1.7722222222222221,5.0,0.9986665439737744,0.30964932033315556,0.023168350772376785,0.023154227573652673,0.029767834791404515
risk,bernoulli,2035,0.13518304361508532,42.009246547438096,10.555555555555555,2.37734493682808,195,3512,529.44,15.897435897435898,0,129.14097222222222,360.0,0.7573450737242061,0.30007653380594057,0.10411542257674232,0.03062755302950154,0.1059126650481568
cvoi,bernoulli,2035,0.09617054762845405,29.833897239426097,10.555555555555555,1.8488936329608738,718,12910,1657.2,15.877437325905293,718,1.9798611111111113,7.0,0.9701177002327214,0.30676239043539894,0.0234059201695675,0.023526454552567078,0.03098742535628268
periodic_all,bernoulli,2036,0.11410922853911873,35.30250261113946,10.555555555555555,2.1000206825511625,720,12960,1663.2,18.055555555555557,720,90.86319444444445,360.0,0.5067940738035347,0.309574905304259,0.022924742914313085,0.044648613393720955,0.07928865254418188
round_robin,bernoulli,2036,0.0988609238549916,30.126840339456244,11.944444444444445,2.8933461368354196,720,12960,1663.2,18.055555555555557,720,2.125,12.0,0.9992981988673947,0.31547674229503053,0.02335883383466702,0.024395647412122228,0.03221247187814656
error_trigger,bernoulli,2036,0.09809807210366354,30.382723504870384,10.555555555555555,2.1000206825511625,720,12830,1647.6,18.055555555555557,720,4.3284722222222225,26.0,0.8267031383650487,0.30967981551783047,0.024421856616318162,0.025320067257267525,0.03297054902323797
aoi,bernoulli,2036,0.09791359931504336,30.046536173079375,11.944444444444445,2.49825400184117,720,12960,1663.2,18.055555555555557,718,1.8194444444444444,8.0,0.9990743381911928,0.3140183103543876,0.023469846831756822,0.02449223793397111,0.029674002140057908
risk,bernoulli,2036,0.12111445777245616,36.381584673623735,9.722222222222221,1.9123789588010873,194,3496,527.52,12.88659793814433,0,123.58888888888889,360.0,0.7472045302638913,0.2937853399726362,0.08114127559043086,0.030242562982575733,0.07928865254418188
cvoi,bernoulli,2036,0.09683942032541326,29.77994625975029,11.38888888888889,2.203240735283705,718,12884,1654.08,18.105849582172702,718,1.9756944444444444,7.0,0.9807320789605504,0.309507850649855,0.023231595238221388,0.024610332178412422,0.030007903235164255
periodic_all,bernoulli,2037,0.10188918398631555,31.803909950136735,10.833333333333334,1.998268727622916,720,12960,1663.2,14.583333333333334,720,90.83541666666667,360.0,0.5064863315979864,0.31065403985145573,0.021166895063872482,0.027952766446427586,0.04778303458350644
round_robin,bernoulli,2037,0.0971546811201954,29.8119007526706,11.944444444444445,2.6260204644136222,720,12960,1663.2,14.583333333333334,720,2.0368055555555555,8.0,0.9999568747916863,0.31567163428636275,0.021405706011982113,0.02315728808680535,0.028384096095631414
error_trigger,bernoulli,2037,0.09550471898617491,29.720872061907258,10.833333333333334,1.998268727622916,720,12798,1643.76,14.583333333333334,720,4.496527777777778,34.0,0.7989344992838462,0.31065403985145573,0.021371336088236697,0.02260856618918725,0.02738493381581992
aoi,bernoulli,2037,0.09616858042961501,29.720727023426353,11.38888888888889,2.4517954570984486,720,12990,1666.8,14.583333333333334,718,1.7423611111111112,5.0,0.9992744043433661,0.3127903692384876,0.021357282043385807,0.022602625403130745,0.027924045033455885
risk,bernoulli,2037,0.10372523566029979,31.31336792189066,10.833333333333334,1.9808804928562385,198,3564,535.6800000000001,14.141414141414142,0,136.41666666666666,360.0,0.7614511668824278,0.2998797344482732,0.03928540716299187,0.027952766446427586,0.04778303458350644
cvoi,bernoulli,2037,0.09583480576271913,29.78342081289178,10.555555555555555,2.0201371067277782,718,12926,1659.12,14.623955431754874,718,1.9534722222222223,7.0,0.9696377096651355,0.31064283683689053,0.02153933028374716,0.02322155819087546,0.027935497739363407
periodic_all,bernoulli,2038,0.10893363411491969,33.5697945157838,11.666666666666666,2.0267761075007398,720,12960,1663.2,15.972222222222221,720,90.8451388888889,360.0,0.5065940449060614,0.3117888147140345,0.022292489078199657,0.05117393358131412,0.05047929908613046
round_robin,bernoulli,2038,0.10064894791759178,30.38475243174579,12.222222222222221,4.228892457980443,720,12960,1663.2,15.972222222222221,720,2.040277777777778,8.0,0.9992975154030851,0.3235716004012282,0.022607132871093023,0.030327887708307015,0.026089170689738924
error_trigger,bernoulli,2038,0.09757261694809923,30.14035637533439,11.666666666666666,2.0242202109189384,720,12934,1660.08,15.972222222222221,720,5.259722222222222,52.0,0.5989119301799075,0.31162260930780267,0.020264034470869975,0.03042603107108791,0.027977792942636324
aoi,bernoulli,2038,0.09795488942627673,30.04960402951953,11.666666666666666,2.3952267248060166,720,12954,1662.48,15.972222222222221,718,1.7729166666666665,7.0,0.9983783152662016,0.3127280776129424,0.022381138885874684,0.029970650762066148,0.02673969044422366
risk,bernoulli,2038,0.13054989537796802,39.51452175776815,10.555555555555555,1.889448640491763,217,3910,577.2,14.746543778801843,0,71.43055555555556,360.0,0.49814256750666946,0.2956460525465055,0.13607208105529228,0.040002148823943866,0.05047929908613046
cvoi,bernoulli,2038,0.09778689249804537,30.09233431184958,12.5,2.0549544468367156,718,12916,1657.9199999999998,16.016713091922007,718,1.9187500000000002,6.0,0.9813641353507992,0.3118378300016058,0.022627347417472257,0.030037725631037866,0.026644666942065572
periodic_all,bernoulli,2039,0.10596953548792329,32.837814206621346,10.555555555555555,1.9365310792398733,720,12960,1663.2,14.583333333333334,720,90.83611111111111,360.0,0.5064940243711936,0.3100373356147932,0.021539366158120018,0.038896039643542615,0.05340540053523732
round_robin,bernoulli,2039,0.09777851267916289,30.042648766413457,12.222222222222221,2.621597734461103,720,12960,1663.2,14.583333333333334,720,2.0284722222222222,8.0,0.9997418695196115,0.3139138209768902,0.021755444406623997,0.021917782701974857,0.03352700263116256
error_trigger,bernoulli,2039,0.09723374908516513,30.301048017171084,10.555555555555555,1.9365310792398733,720,12732,1635.84,14.583333333333334,720,4.229861111111111,28.0,0.7635914963781554,0.3100373356147932,0.021185031521769898,0.02280487750020555,0.034907751703891925
aoi,bernoulli,2039,0.09721976531565035,30.074173489225732,11.944444444444445,2.4085855861426797,720,12932,1659.84,14.583333333333334,718,1.7402777777777776,6.0,0.9987804769229844,0.31234455918517967,0.02176283548005681,0.021831066452803798,0.03294060014456112
risk,bernoulli,2039,0.10773121670889235,32.006745837238526,11.11111111111111,1.9407076718176675,194,3494,527.28,14.948453608247423,0,129.82638888888889,360.0,0.7588360311674656,0.2976002675564578,0.043048656727480365,0.036870542016393906,0.05340540053523732
cvoi,bernoulli,2039,0.09685377673739944,30.076775714726406,11.38888888888889,2.1484941484332833,718,12914,1657.6799999999998,14.623955431754874,718,1.9125,7.0,0.9767667921721553,0.31068265842265286,0.02164477219573629,0.021870291349999516,0.033217384981209054
periodic_all,bernoulli,2040,0.17677609624698615,58.59862614753138,11.11111111111111,2.3408707808861977,720,12960,1663.2,14.583333333333334,720,90.83958333333334,360.0,0.5065324990583568,0.3130754485971374,0.02228169127732355,0.03292967012484316,0.33881757498864046
round_robin,bernoulli,2040,0.09857667487656445,30.20519646089894,11.666666666666666,2.569043585936595,720,12960,1663.2,14.583333333333334,720,2.0597222222222222,9.0,0.9967210870888812,0.3159231052597472,0.022392405659184652,0.02828339664162339,0.027707791945702567
error_trigger,bernoulli,2040,0.0987042569449503,30.496792524126903,11.11111111111111,2.3408707808861977,720,12930,1659.6,14.583333333333334,720,4.009027777777778,29.0,0.818408343204908,0.3130754485971374,0.02320465528511507,0.028568157651337515,0.029968766246211264
aoi,bernoulli,2040,0.09823287293609614,30.18195688928344,10.555555555555555,2.517386922535807,720,12970,1664.3999999999999,14.583333333333334,718,1.7576388888888888,7.0,0.9989179622121879,0.31370543580453547,0.022580034393792223,0.02852275417375785,0.028123267372299043
risk,bernoulli,2040,0.14812942659424772,45.82877817718718,10.0,1.9144232697279393,213,3790,562.8,18.779342723004696,0,95.21736111111112,360.0,0.5543909725992823,0.2980303572365532,0.09789978845563306,0.03292967012484316,0.16365789055996144
cvoi,bernoulli,2040,0.09705613467667125,29.984581726470473,10.277777777777779,2.011464325850309,719,12932,1659.84,14.46453407510431,718,1.901388888888889,7.0,0.9800364788903673,0.30974117624036174,0.0224123234972834,0.028349566968702777,0.027721472000337106
periodic_all,bernoulli,2041,0.1415609247016234,45.69648039645586,10.833333333333334,1.77128240464944,720,12960,1663.2,14.86111111111111,720,90.83541666666667,360.0,0.5064863275197823,0.30913342353303686,0.02362241173519417,0.03033392090515495,0.20315394263310765
round_robin,bernoulli,2041,0.10008924828687835,30.530940674092662,11.944444444444445,2.426732794762027,720,12960,1663.2,14.86111111111111,720,2.006944444444444,7.0,0.9995093463381035,0.313032333679797,0.02369327588520881,0.02908828943915333,0.034543094143354276
error_trigger,bernoulli,2041,0.09917286739687606,30.730089292332405,10.833333333333334,1.77128240464944,720,12880,1653.6,14.86111111111111,720,4.038194444444445,33.0,0.7755326378837468,0.3091022618199722,0.024624645870391707,0.029231342581023473,0.033733219316116815
aoi,bernoulli,2041,0.09917463464400664,30.335095227992838,11.666666666666666,2.163704557087806,720,12988,1666.56,14.86111111111111,718,1.747222222222222,6.0,0.9986584126659745,0.30995750496133967,0.023490422962676755,0.029101069110736035,0.034149541541274114
risk,bernoulli,2041,0.15886454239198805,49.69573308725202,9.722222222222221,1.7344647530867259,232,4152,606.24,13.362068965517242,0,57.71111111111111,358.0,0.4029384868216419,0.2975390484009174,0.14461332481416234,0.03033392090515495,0.16297187544771757
cvoi,bernoulli,2041,0.09900506208258361,30.45045014015108,10.555555555555555,1.8437627742235398,719,12944,1661.28,14.881780250347704,718,1.9145833333333333,6.0,0.9750239745668845,0.3080919296921074,0.023146965927961585,0.02894888366621458,0.0358324690440509
periodic_all,bernoulli,2042,0.1411578555968424,45.91973810517479,11.666666666666666,1.8817898116734302,720,12960,1663.2,15.416666666666666,720,90.83958333333334,360.0,0.5065324937802032,0.31017000790858507,0.02190137919625833,0.02858465151081562,0.20397538377171065
round_robin,bernoulli,2042,0.09857951787208205,30.057993870044893,11.38888888888889,2.7781357642309983,720,12960,1663.2,15.416666666666666,720,2.0430555555555556,8.0,0.999137926242886,0.3155156951383304,0.022874166086609648,0.025625325912921163,0.03030288435046701
error_trigger,bernoulli,2042,0.09707519975523608,30.098473294640012,11.666666666666666,1.8817898116734302,720,12894,1655.28,15.416666666666666,720,3.9715277777777778,42.0,0.8206929439918147,0.31017000790858507,0.02272003469398099,0.025878592794275696,0.029532163624102586
aoi,bernoulli,2042,0.09744855890159365,29.924020230256744,12.222222222222221,2.264017156970991,720,12970,1664.3999999999999,15.416666666666666,718,1.7576388888888888,5.0,0.9978151049302092,0.31186353803728695,0.02231849450958528,0.02612250504242642,0.029489698017075947
risk,bernoulli,2042,0.1391339250928445,42.49021446827088,10.555555555555555,1.8257524754128642,214,3800,564.0,14.018691588785046,0,94.61666666666666,360.0,0.5508287650422605,0.29393224234221116,0.08960115688418356,0.02858465151081562,0.14441764963416764
cvoi,bernoulli,2042,0.09679211129507519,29.78683626188153,11.11111111111111,1.9923666527953845,719,12902,1656.24,15.438108484005562,718,1.9034722222222222,6.0,0.9810438465426388,0.3095707470406343,0.022190302797814504,0.025779094934417945,0.02962830040743402
periodic_all,bernoulli,2043,0.14951860201323294,48.42875989662305,10.277777777777779,2.1027190798744875,720,12960,1663.2,15.277777777777779,720,90.83402777777778,360.0,0.5064709401073716,0.30944811626034796,0.022224350006873513,0.04589407524587358,0.22050786653983676
round_robin,bernoulli,2043,0.09804629839088606,29.98023289199325,11.944444444444445,2.6403240672148014,720,12960,1663.2,15.277777777777779,720,2.0076388888888888,8.0,0.9998072849247804,0.3147874905616299,0.02243265559996785,0.024587080078375845,0.030377967323570638
error_trigger,bernoulli,2043,0.09694817740396328,30.01824916867821,10.277777777777779,2.1027190798744875,720,12812,1645.44,15.277777777777779,720,4.343055555555556,38.0,0.7805679151364084,0.30944811626034796,0.023848901800997364,0.022931422033075844,0.03156426952143192
aoi,bernoulli,2043,0.09696925507658344,29.7496769242132,11.11111111111111,2.295616733349689,720,12964,1663.6799999999998,15.277777777777779,718,1.7597222222222222,6.0,0.9987252214329789,0.31059684092966894,0.022439357844118876,0.02448103909896507,0.030359782433580815
risk,bernoulli,2043,0.1379283650090093,41.92940476632678,10.555555555555555,1.8515126594535731,209,3736,556.3199999999999,12.91866028708134,0,84.56805555555556,360.0,0.559560204399258,0.29543357623157507,0.06918549635624782,0.0314984708061576,0.15559591664205663
cvoi,bernoulli,2043,0.09679059746115674,29.802244340130333,10.833333333333334,2.0251649342301645,718,12900,1656.0,15.181058495821727,718,1.8826388888888888,6.0,0.9782806216297987,0.30885134397389635,0.02246666936707042,0.024607195360674298,0.03123718114298592
periodic_all,bernoulli,2044,0.10754642937166733,33.6510616168759,10.833333333333334,1.7937180065578144,720,12960,1663.2,14.305555555555555,720,90.84444444444443,360.0,0.5065863293087788,0.3088322893372798,0.0205863974773994,0.027708748545176777,0.0730582821268134
round_robin,bernoulli,2044,0.09836030920762616,30.15586530351326,11.38888888888889,2.5025090808669255,720,12960,1663.2,14.305555555555555,720,1.9944444444444445,7.0,0.999437781820394,0.31531221316994607,0.021231455214529796,0.023397223681931152,0.03350034476409764
error_trigger,bernoulli,2044,0.09729527917164735,30.197446615520377,10.833333333333334,1.7937180065578144,720,12788,1642.56,14.305555555555555,720,3.8388888888888886,27.0,0.8068428061898983,0.3088322893372798,0.02154707575357323,0.025874492776389826,0.03292725881934653
aoi,bernoulli,2044,0.09707538689762667,29.87534617293108,11.38888888888889,2.2521840684735386,720,12968,1664.1599999999999,14.305555555555555,718,1.742361111111111,6.0,0.9988317230380073,0.3116591583095646,0.020886803874336793,0.02377983205908279,0.0319757533475225
risk,bernoulli,2044,0.11040320999697306,33.39022067311619,10.277777777777779,1.7300124107810082,202,3636,544.3199999999999,15.841584158415841,0,136.3465277777778,360.0,0.7606859449708429,0.30002044791724386,0.04082536139865818,0.027708748545176777,0.0730582821268134
cvoi,bernoulli,2044,0.09655879482983139,29.864323387266573,10.833333333333334,1.7877241481152657,718,12922,1658.6399999999999,14.206128133704736,718,1.9388888888888889,7.0,0.9739891846348284,0.30883165261536205,0.020996786039612404,0.024067146146885595,0.03233959451746551
periodic_all,bernoulli,2045,0.1840302718278905,61.20276415775473,10.277777777777779,1.945480229129437,720,12960,1663.2,16.805555555555557,720,90.85347222222222,360.0,0.5066863714340919,0.3084642639743536,0.021409690692343622,0.028903669768518287,0.37734346287634646
round_robin,bernoulli,2045,0.09892048717938177,30.218629109723214,12.5,2.871089537609464,720,12960,1663.2,16.805555555555557,720,2.0743055555555556,8.0,0.9979818151818617,0.31743620328839,0.021955677020922652,0.024220157951009635,0.03206991045720481
error_trigger,bernoulli,2045,0.09617695083295609,29.699190616633917,10.277777777777779,1.945480229129437,720,12804,1644.48,16.805555555555557,720,4.327083333333333,29.0,0.8292060506489197,0.3084642639743536,0.021600987559016162,0.023683008355721517,0.03095954344273303
aoi,bernoulli,2045,0.09682569394197434,29.688719644110552,11.38888888888889,2.2883186244157683,720,12980,1665.6,16.805555555555557,718,1.7999999999999998,7.0,0.9985577054363963,0.3105537785445512,0.02144556005225636,0.02388562060519036,0.03141781656589949
risk,bernoulli,2045,0.1429770150933899,43.883707332184336,10.0,1.8885634393242872,224,3968,584.16,16.071428571428573,0,94.0486111111111,360.0,0.5446820079632383,0.2959505895020186,0.09303954583220186,0.028903669768518287,0.15401425527082088
cvoi,bernoulli,2045,0.09634173518385883,29.6549749469158,10.277777777777779,1.9473957048240544,720,12964,1663.6799999999998,16.805555555555557,718,1.9583333333333333,6.0,0.979448383483166,0.308484271622974,0.021786602100200808,0.02408545030686534,0.031010616705395212
periodic_all,burst,2026,0.15658526409387297,51.24460637595773,11.666666666666666,2.319748174963716,720,12960,1663.2,10.833333333333334,720,90.82013888888889,360.0,0.5063170762728496,0.31203266108072636,0.022522229669752012,0.03165830600919326,0.2601278596158202
round_robin,burst,2026,0.10002196673674714,30.335526977526506,11.944444444444445,3.044825144637709,720,12960,1663.2,10.833333333333334,720,1.9729166666666667,8.0,0.9997697302252198,0.31663082101656853,0.02261806791068311,0.03051773419075336,0.030321243828983536
error_trigger,burst,2026,0.09946175971723895,30.700334115778677,11.666666666666666,2.322390898223455,720,12958,1662.96,10.833333333333334,720,4.106944444444444,30.0,0.8239482275641548,0.31277577000893,0.024383417249143797,0.030629146989269197,0.030058704621612784
aoi,burst,2026,0.09890454863800234,30.246522256770902,11.666666666666666,2.598389894553388,720,12974,1664.8799999999999,10.833333333333334,718,1.692361111111111,6.0,0.9995928560582903,0.3131191982202898,0.022260728222024222,0.030541043596315886,0.02969722451337945
risk,burst,2026,0.12992331733508633,39.47322210968331,10.277777777777779,2.0671941342593665,225,4006,588.72,15.555555555555555,0,94.35833333333333,360.0,0.5535603423739244,0.2972558441028928,0.037267800028180004,0.03165830600919326,0.15351131920007927
cvoi,burst,2026,0.09815437502497205,30.115630745534833,10.555555555555555,2.07480862399986,719,12950,1662.0,10.848400556328233,718,1.8812499999999999,7.0,0.9738738587934037,0.3092821360030585,0.022884603855332405,0.030718561707658753,0.029732198533838575
periodic_all,burst,2027,0.17989242345570583,59.67756133323819,10.833333333333334,2.4362634447504874,720,12960,1663.2,10.13888888888889,720,90.81458333333333,360.0,0.5062555261685294,0.3118184988932895,0.021268113749677343,0.026571950051974123,0.35991113112788237
round_robin,burst,2027,0.09794094194169263,29.965606318213403,11.11111111111111,2.9348454803728656,720,12960,1663.2,10.13888888888889,720,1.9673611111111111,8.0,0.9972164280161259,0.31635067212076806,0.021776456312224364,0.024435633872581342,0.029201005461196732
error_trigger,burst,2027,0.09650616637108181,29.831269253320855,10.833333333333334,2.4362634447504874,720,12840,1648.8,10.13888888888889,720,4.15625,31.0,0.804283255194909,0.3118184988932895,0.02180279612847999,0.02266213725162693,0.02974123321093082
aoi,burst,2027,0.09820666569381106,30.072657335178263,12.222222222222221,3.2015991346391304,720,12972,1664.6399999999999,10.13888888888889,718,1.6770833333333335,6.0,0.9992853466198137,0.31706978932924784,0.0218085522731341,0.024007183534471902,0.029941137638390403
risk,burst,2027,0.13327073116113727,39.96780907519212,10.833333333333334,2.16885762950078,217,3858,570.96,9.67741935483871,0,95.26805555555555,360.0,0.554932151596974,0.29651481536661084,0.049230420530204044,0.026571950051974123,0.16076573869576008
cvoi,burst,2027,0.09650343593203023,29.719635497016498,10.833333333333334,2.3509379900616185,719,12908,1656.96,10.15299026425591,718,1.8472222222222223,6.0,0.9761096218000801,0.3105579801608523,0.02174709930423798,0.024526305424993778,0.02918235883803691
periodic_all,burst,2028,0.16279330839665135,53.229839109096915,10.833333333333334,2.0480044357239686,720,12960,1663.2,16.52777777777778,720,90.91875,360.0,0.5074095046238881,0.3091148390173401,0.022354079097209333,0.031025730680974903,0.28867858479108105
round_robin,burst,2028,0.10072379464663953,30.752920209243854,12.222222222222221,2.7239421531213157,720,12960,1663.2,16.52777777777778,720,2.1881944444444446,11.0,0.9981025718841913,0.3164533062450269,0.022758187849604154,0.02807385586762507,0.03560982862430202
error_trigger,burst,2028,0.09907974813679768,30.528403047849736,10.833333333333334,2.0480044357239686,720,12770,1640.3999999999999,16.52777777777778,720,6.111111111111112,68.0,0.6879232095760088,0.30910530384602675,0.022750942498349216,0.027507420078202612,0.03695532612461215
aoi,burst,2028,0.09920372151453624,30.38063242752841,11.666666666666666,2.3197922094880905,720,12944,1661.28,16.52777777777778,718,1.904861111111111,12.0,0.9979061878627957,0.31175513185001913,0.022613339069796127,0.02740135028543654,0.03504506485289319
risk,burst,2028,0.13864790301004554,42.51326147865904,10.0,1.898731319498748,209,3740,556.8,10.047846889952153,0,95.35972222222222,360.0,0.566887889705816,0.2953870635266012,0.06998913312330006,0.031025730680974903,0.15818968470930592
cvoi,burst,2028,0.09853201324854355,30.23735885866191,10.833333333333334,2.0448275599005887,720,12930,1659.6,16.52777777777778,718,2.065277777777778,12.0,0.9783569991063615,0.3092290163268358,0.02253196491625499,0.027739459150801615,0.03462761260028179
periodic_all,burst,2029,0.15900173223758868,51.97015584937195,11.38888888888889,2.896625971431352,720,12960,1663.2,15.694444444444445,720,90.86527777777778,360.0,0.5068171635331862,0.314764368905186,0.02222899042889405,0.03305792364183716,0.2659556459744375
round_robin,burst,2029,0.10016308990908816,30.480395551806104,12.777777777777779,3.2901004267954623,720,12960,1663.2,15.694444444444445,720,2.1527777777777777,12.0,0.9962389646444938,0.3198561356937556,0.022611141803533137,0.0265921704213288,0.03159291171773516
error_trigger,burst,2029,0.09863144687832728,30.36158011145295,11.38888888888889,2.896625971431352,720,12930,1659.6,15.694444444444445,720,4.647222222222222,45.0,0.6744038338130752,0.314764368905186,0.021030788894339906,0.027010366429494125,0.03172026328428909
aoi,burst,2029,0.0983063825260783,30.15331631359602,11.666666666666666,2.5585823982195617,720,12964,1663.6799999999998,15.694444444444445,718,1.83125,11.0,0.9997327343944262,0.3133911947527459,0.02246854526268471,0.026599787279828393,0.030766002809054234
risk,burst,2029,0.13284193410219977,40.44804838147314,11.11111111111111,1.9456429764713916,212,3774,560.88,16.037735849056602,0,95.95694444444445,360.0,0.5621843837199936,0.2955842492265515,0.039445888754126676,0.03305792364183716,0.1632796747862837
cvoi,burst,2029,0.09817546893997005,30.159636291693836,11.11111111111111,2.543189769049554,718,12930,1659.6,15.598885793871867,718,1.9861111111111112,11.0,0.985640278156018,0.31192482526593884,0.022515094196144964,0.0267088058546006,0.0315531504431958
periodic_all,burst,2030,0.21091924423215686,70.60986203791717,79.44444444444444,23.188663517731516,720,12960,1663.2,16.944444444444443,720,90.86875,360.0,0.5068556310049057,0.3101246845009065,0.0226367352599908,0.030652753570443152,0.4802628035972869
round_robin,burst,2030,0.10259606484569306,30.88466462621083,12.777777777777779,4.1491437267981475,720,12960,1663.2,16.944444444444443,720,2.185416666666667,9.0,0.9975412015558712,0.3231248027850228,0.023227047699140177,0.028022417044271664,0.03600999185433756
error_trigger,burst,2030,0.0988015327002554,30.361360821130482,11.944444444444445,2.1723836502468834,720,12882,1653.84,16.944444444444443,720,4.480555555555556,30.0,0.8261385895886846,0.3101246845009065,0.02319454983800673,0.027344804741318958,0.03454209172078944
aoi,burst,2030,0.10039893706360885,30.632995641295413,13.055555555555555,3.041705747558846,720,12962,1663.44,16.944444444444443,718,1.85,7.0,0.9986322603994049,0.31582774179906237,0.022562671358707185,0.027122058057216236,0.036083277039449566
risk,burst,2030,0.1337835043560964,40.768147302590044,10.0,2.2033008137024623,206,3680,549.5999999999999,15.048543689320388,0,96.43541666666667,360.0,0.5672300738578514,0.2947398789227806,0.039473665940699,0.030652753570443152,0.17026771899046286
cvoi,burst,2030,0.09890360532806307,30.399379768632734,10.555555555555555,2.1435587031983734,719,12930,1659.6,16.968011126564672,718,2.0229166666666667,10.0,0.9754626383056458,0.3089724502999776,0.02294909056207865,0.027013713591773715,0.03667916685842228
periodic_all,burst,2031,0.11366837338595395,35.55873522975823,11.11111111111111,2.363193367563203,720,12960,1663.2,10.833333333333334,720,90.82430555555555,360.0,0.506363237317903,0.31113916944306275,0.02112558713884327,0.05168300903250367,0.07072572792940615
round_robin,burst,2031,0.09968097313411017,30.430862082564932,13.055555555555555,3.2976306116686325,720,12960,1663.2,10.833333333333334,720,1.973611111111111,11.0,0.9995777424058553,0.31969732777809673,0.021744729197595535,0.028760930567589,0.028520904993159468
error_trigger,burst,2031,0.09806873056970417,30.41793409433855,11.11111111111111,2.363193367563203,720,12928,1659.36,10.833333333333334,720,4.210416666666667,38.0,0.7707593168210966,0.31113916944306275,0.021738442827081404,0.02949263045280326,0.02990467955586922
aoi,burst,2031,0.09805059041842522,30.08671567108665,11.944444444444445,2.9649220512944585,720,12964,1663.6799999999998,10.833333333333334,718,1.707638888888889,7.0,0.9993674911049589,0.31407501788854586,0.021418952501582197,0.02863431511064564,0.028074076172927172
risk,burst,2031,0.12256922177008642,36.42513736196461,9.166666666666666,1.7138427720831135,199,3568,536.16,16.582914572864322,0,103.69166666666666,360.0,0.6877225380624422,0.2931166304721582,0.031101923294447192,0.03689871189838451,0.1291596214153558
cvoi,burst,2031,0.0969770694221382,30.019981880666354,11.11111111111111,2.104737827545805,718,12922,1658.6399999999999,10.584958217270195,718,1.8687500000000001,7.0,0.9768977213628383,0.30972631812879853,0.021721927065239646,0.029163769985317528,0.027296262509197082
periodic_all,burst,2032,0.20030066093502186,66.80001377085041,55.833333333333336,7.753631612788175,720,12960,1663.2,11.527777777777779,720,90.82430555555555,360.0,0.5063632255659178,0.30835708659022504,0.02324352559272365,0.04897636996945926,0.42062566158767956
round_robin,burst,2032,0.1010569365287197,30.56100064421895,12.777777777777779,3.8074889451134233,720,12960,1663.2,11.527777777777779,720,2.0388888888888888,12.0,0.9989885064141453,0.32176499570354267,0.024050810247822945,0.025248112150610194,0.03316382801290304
error_trigger,burst,2032,0.0979936322918836,30.26486213085986,9.722222222222221,1.827698815591015,720,12832,1647.84,11.527777777777779,720,3.8875,26.0,0.8142407089927128,0.30841523363411316,0.023740652424302594,0.026383709263494377,0.033434933845624286
aoi,burst,2032,0.09839572304692676,30.14831512892469,12.222222222222221,2.419072368289638,720,12978,1665.36,11.527777777777779,718,1.7145833333333336,7.0,0.9997817063493811,0.31154101449964483,0.023688678374507225,0.0249947200678735,0.03335847924568146
risk,burst,2032,0.1562671883653653,48.210940693171224,10.277777777777779,1.9294553533964347,238,4248,617.76,13.865546218487395,0,47.76388888888889,330.0,0.3798004176899879,0.29494902037019455,0.13940338917057035,0.03177811101318515,0.15893823290751105
cvoi,burst,2032,0.09739992965847466,29.9669007232601,9.722222222222221,1.8354719033793239,718,12894,1655.28,11.559888579387186,718,1.859722222222222,7.0,0.979887108516076,0.3082590799981397,0.02348740553156809,0.025071962472285325,0.032781270631905536
periodic_all,burst,2033,0.17610706916615348,58.401779475458824,15.277777777777779,2.1637888385654533,720,12960,1663.2,15.0,720,90.84375,360.0,0.5065786494005641,0.30703810963073547,0.022534644817443793,0.028376762792120973,0.3464787594243138
round_robin,burst,2033,0.09821939217385421,29.842988541417686,10.833333333333334,2.592767682838133,720,12960,1663.2,15.0,720,2.071527777777778,8.0,0.9993114655272874,0.3145945150200966,0.022778401748505768,0.024174997917767924,0.031329654009046505
error_trigger,burst,2033,0.09605733768101993,29.642295880980257,10.277777777777779,1.8847000846533537,720,12848,1649.76,15.0,720,3.7333333333333334,25.0,0.8153147755055653,0.3070329277649427,0.022273869873647306,0.02430405856353682,0.030618494521952866
aoi,burst,2033,0.09693984858533905,29.71573876463909,11.11111111111111,2.1644008154608168,720,12966,1663.9199999999998,15.0,718,1.7715277777777776,7.0,0.9986466495208373,0.30994162146183885,0.02271093319895195,0.023966186434360416,0.031140653246204946
risk,burst,2033,0.1319160600065003,39.70014426742136,11.38888888888889,2.068693194874859,205,3656,546.72,15.609756097560975,0,95.59861111111111,360.0,0.5584872731145833,0.2958840528738718,0.050618533459299765,0.028376762792120973,0.15278489090070868
cvoi,burst,2033,0.09613822177364721,29.604805404182834,10.555555555555555,1.8683145945842847,718,12932,1659.84,15.041782729805014,718,1.9138888888888888,6.0,0.979119099902173,0.3076523179196837,0.022742616874729,0.023737954354301465,0.03041999794587463
periodic_all,burst,2034,0.10112799395934993,31.455411027485603,11.38888888888889,1.7769706420662237,720,12960,1663.2,14.027777777777779,720,90.8625,360.0,0.5067863813029367,0.3086029038087612,0.021033594768957945,0.027876530248118907,0.04699894701156166
round_robin,burst,2034,0.0974517769728547,29.724046530091602,11.38888888888889,2.9988658729862334,720,12960,1663.2,14.027777777777779,720,2.1868055555555554,13.0,0.9972032414955615,0.3123932849432788,0.02145557224031349,0.023513411449367527,0.03244483925845902
error_trigger,burst,2034,0.0963065457275917,30.00228360535425,11.38888888888889,1.7769706420662237,720,12788,1642.56,14.027777777777779,720,4.0055555555555555,26.0,0.804353346773038,0.30834394812014554,0.02095587062789237,0.023773281896891946,0.032153082265436964
aoi,burst,2034,0.09654340366585419,29.853426409171597,11.38888888888889,2.34714076925276,720,12966,1663.9199999999998,14.027777777777779,718,1.8284722222222225,10.0,0.9997734437229684,0.310086554697752,0.021392368287582734,0.023645222752059356,0.031049468926022693
risk,burst,2034,0.10037815206723759,30.200256142813593,10.0,1.6430116872680771,199,3582,537.8399999999999,15.075376884422111,0,136.44097222222223,360.0,0.7617161422866336,0.29552338287367264,0.03111374813559712,0.027876530248118907,0.04699894701156166
cvoi,burst,2034,0.09641198185519806,30.017050248667893,11.38888888888889,1.8732434080196625,718,12916,1657.9199999999998,14.066852367688023,718,2.002083333333333,10.0,0.9750811229189743,0.3083091039309172,0.021297312510260912,0.02367962653269626,0.03236188444691787
periodic_all,burst,2035,0.12009803460117782,37.728218874341835,10.833333333333334,1.7785237236941844,720,12960,1663.2,13.194444444444445,720,90.83541666666667,360.0,0.506486338075134,0.3072399124496227,0.02278652430007728,0.044453036606854526,0.1059126650481568
round_robin,burst,2035,0.09759641259282852,29.992873437516096,11.38888888888889,2.443872007068895,720,12960,1663.2,13.194444444444445,720,2.0479166666666666,8.0,0.9981998979682747,0.3127227410690969,0.02317152614446708,0.023358257667854355,0.031133125489895646
error_trigger,burst,2035,0.09614027304042172,29.87419220455653,10.833333333333334,1.7785237236941844,720,12870,1652.3999999999999,13.194444444444445,720,4.141666666666667,36.0,0.8285361607612001,0.3072399124496227,0.022637450524182264,0.023773660846424502,0.030910068341457455
aoi,burst,2035,0.09676597778699018,29.885874359892615,11.666666666666666,2.091168594267577,720,12952,1662.24,13.194444444444445,718,1.7458333333333333,6.0,0.9994402043144232,0.31019641511282153,0.023241104455391466,0.023079646079852426,0.03054674549989532
risk,burst,2035,0.13388256185190314,41.18551891291025,11.944444444444445,2.250353188684213,188,3386,514.3199999999999,17.02127659574468,0,129.30277777777778,360.0,0.7591933884142988,0.2948746067532119,0.10411542257674232,0.03062755302950154,0.1059126650481568
cvoi,burst,2035,0.09569584773504501,29.659716633532963,10.555555555555555,1.7771567934353647,718,12914,1657.6799999999998,13.231197771587743,718,1.9159722222222222,8.0,0.9774070124834204,0.3067841750352856,0.023381053810879897,0.022894350901446942,0.029723811192567597
periodic_all,burst,2036,0.11402491371613796,35.28755142952556,11.11111111111111,2.1490536997763257,720,12960,1663.2,15.0,720,90.85277777777777,360.0,0.5066786772197394,0.30934440343502323,0.022817985491625795,0.044648613393720955,0.07928865254418188
round_robin,burst,2036,0.09975685925491129,30.24421054054796,12.777777777777779,3.6679816963131473,720,12960,1663.2,15.0,720,2.115277777777778,11.0,0.9981569076877389,0.32076653420520645,0.02308284861851078,0.024522424258228318,0.030655629937699602
error_trigger,burst,2036,0.0968309623481213,29.94695259748446,11.11111111111111,2.1490536997763257,720,12876,1653.12,15.0,720,3.709722222222222,25.0,0.865635130734148,0.30933294790282007,0.023101656775506414,0.025655202108536196,0.02923404260562259
aoi,burst,2036,0.09755216050595017,29.910440591652712,11.666666666666666,2.677432626657655,720,12988,1666.56,15.0,718,1.7854166666666667,7.0,0.9988559316971967,0.3131404271052874,0.02307737359017288,0.024393653204632187,0.029597188123708287
risk,burst,2036,0.1218352607246806,36.69349265356556,10.555555555555555,1.8935576571424333,193,3478,525.3599999999999,13.471502590673575,0,123.56875,360.0,0.7469677012020246,0.29666855178153395,0.08114127559043086,0.030242562982575733,0.07928865254418188
cvoi,burst,2036,0.09640001903202443,29.678335677965656,10.277777777777779,2.064746923095719,718,12914,1657.6799999999998,14.763231197771587,718,1.9520833333333334,9.0,0.9750266161153872,0.30797893230417905,0.02319833297508568,0.024303627467048134,0.03011918338178485
periodic_all,burst,2037,0.10275988677979911,31.956747621312118,10.555555555555555,2.644829644720133,720,12960,1663.2,10.694444444444445,720,90.83055555555555,360.0,0.5064324822403229,0.3141487035609647,0.021155042528297693,0.027952766446427586,0.04778303458350644
round_robin,burst,2037,0.0987345493955769,30.124459397017304,12.5,3.703129917983631,720,12960,1663.2,10.694444444444445,720,1.98125,8.0,0.9986637629434483,0.32219248758129165,0.0216262220677491,0.02289223246034958,0.028227255472917195
error_trigger,burst,2037,0.0973180378579727,30.13360473674377,10.555555555555555,2.644829644720133,720,12844,1649.28,10.694444444444445,720,4.19375,34.0,0.8220501356613201,0.3141265398088261,0.022425463093092197,0.024105323951771392,0.02861482457820112
aoi,burst,2037,0.09747163449811992,29.958028637286784,11.666666666666666,3.027746101835708,720,12984,1666.08,10.694444444444445,718,1.711111111111111,8.0,0.9990574333539776,0.31695683939822983,0.021292206399674645,0.022759903022926523,0.028877589171648677
risk,burst,2037,0.10337357874548239,31.122531785834582,10.555555555555555,2.025371360542485,195,3510,529.2,12.820512820512821,0,136.45625,360.0,0.7618826453162323,0.29847310678900363,0.03928540716299187,0.027952766446427586,0.04778303458350644
cvoi,burst,2037,0.09647727415778815,29.846061214589305,11.11111111111111,2.4869666066381386,718,12910,1657.2,10.724233983286908,718,1.8618055555555555,7.0,0.9773134190999253,0.3126661926655413,0.021423990857400182,0.022673289164031177,0.029145623944179914
periodic_all,burst,2038,0.10826779690079484,33.354971565460666,11.38888888888889,2.027551663194931,720,12960,1663.2,13.61111111111111,720,90.83819444444444,360.0,0.5065170972788476,0.309144246747853,0.022273708187881748,0.05117393358131412,0.05047929908613046
round_robin,burst,2038,0.09939988448702487,30.239484794568675,11.666666666666666,3.1011864051424336,720,12960,1663.2,13.61111111111111,720,2.0250000000000004,8.0,0.9990985494860746,0.3180946515904385,0.02287061292339841,0.029992987166411886,0.026641286267850662
error_trigger,burst,2038,0.09716863339570599,30.0046637403511,11.38888888888889,2.027551663194931,720,12930,1659.6,13.61111111111111,720,4.57013888888889,44.0,0.7398944866608216,0.309144246747853,0.022057525646145413,0.029740744382925566,0.02773201680589992
aoi,burst,2038,0.09751889336905281,29.908147534726044,11.666666666666666,2.4700186243410465,720,13008,1668.96,13.61111111111111,718,1.7493055555555554,6.0,0.9993821350360891,0.31254092781897264,0.02232420442265172,0.029673557320860265,0.02553688391372664
risk,burst,2038,0.12988106919346923,39.135277226345686,10.277777777777779,1.7583805515301112,208,3746,557.52,14.903846153846153,0,71.77430555555556,360.0,0.5025116535083358,0.2900883044529173,0.13914595119363135,0.03981072204119792,0.05047929908613046
cvoi,burst,2038,0.09704898850633699,29.910644400623266,11.11111111111111,1.9840008238427873,718,12922,1658.6399999999999,13.50974930362117,718,1.890277777777778,7.0,0.9789462613419612,0.3089214077102614,0.02208076727589792,0.03044926282645801,0.026744516212730666
periodic_all,burst,2039,0.10548042938043531,32.688653984108974,10.555555555555555,1.800836870630012,720,12960,1663.2,9.444444444444445,720,90.81319444444443,360.0,0.5062401386201739,0.30799269306465166,0.021627584278309655,0.038896039643542615,0.05340540053523732
round_robin,burst,2039,0.0979078702796922,30.090949601755764,11.666666666666666,2.681505756835364,720,12960,1663.2,9.444444444444445,720,1.9909722222222221,12.0,0.9989787425651698,0.31438528422812645,0.021746464803644665,0.022089476289816255,0.03341025579718138
error_trigger,burst,2039,0.09620517123873656,29.909489388140706,10.555555555555555,1.800836870630012,720,12764,1639.6799999999998,9.444444444444445,720,4.157638888888889,29.0,0.7917117290531875,0.30799269306465166,0.021497414726012166,0.022239643482095117,0.033090933682187275
aoi,burst,2039,0.09726215258395743,30.11440107845995,12.222222222222221,2.209263355265742,720,12960,1663.2,9.444444444444445,718,1.6826388888888888,8.0,0.9998755036685394,0.3124656389633429,0.02167748020633966,0.02159274901529695,0.033312742150850234
risk,burst,2039,0.10591845832342528,31.179886234400502,10.555555555555555,1.7015504228666432,183,3296,503.52,6.557377049180328,0,129.92708333333334,360.0,0.7599814218389512,0.2903492340145895,0.043048656727480365,0.036870542016393906,0.05340540053523732
cvoi,burst,2039,0.09623282763244415,29.87461225892809,10.555555555555555,1.7952852785222366,718,12920,1658.3999999999999,9.470752089136491,718,1.848611111111111,11.0,0.9756387831939213,0.30785762166103503,0.021786008094346748,0.021722833102855686,0.03356484767153919
periodic_all,burst,2040,0.17649636262918394,58.4376755368783,10.555555555555555,2.3039858516222873,720,12960,1663.2,14.86111111111111,720,90.86388888888888,360.0,0.5068017739230432,0.3118999790243404,0.022338226378911735,0.03292967012484316,0.33881757498864046
round_robin,burst,2040,0.1000506293310004,30.41969071566549,11.666666666666666,3.2891172747085036,720,12960,1663.2,14.86111111111111,720,2.1395833333333334,11.0,0.9996264785394657,0.32020052921454556,0.02284143094861916,0.029002527789944207,0.0281580293708926
error_trigger,burst,2040,0.09840298400390891,30.322760403768285,10.555555555555555,2.3039858516222873,720,12900,1656.0,14.86111111111111,720,4.199305555555555,31.0,0.83587602076579,0.3118999790243404,0.02254868470029878,0.02804658263799872,0.031116689652997732
aoi,burst,2040,0.09831306524438066,30.218662773307386,11.11111111111111,2.5804295965981434,720,12954,1662.48,14.86111111111111,718,1.80625,7.0,0.9990756793764592,0.3144092083441981,0.022496980543103062,0.0282244543837808,0.028121617706440668
risk,burst,2040,0.14807237713887347,45.51735980622708,10.277777777777779,1.9807717546285262,206,3662,547.44,12.135922330097088,0,95.2298611111111,360.0,0.5545977609073527,0.2973669958295565,0.09789978845563306,0.03292967012484316,0.1640930541454612
cvoi,burst,2040,0.09802636164628879,30.273737562406126,10.0,2.130503529069476,719,12938,1660.56,14.881780250347704,718,1.9777777777777779,8.0,0.9806299357143614,0.3113988215774745,0.023166841325553664,0.028322776210014278,0.0292170074721127
periodic_all,burst,2041,0.1412490540520889,45.66233014299464,10.277777777777779,1.7736022329818177,720,12960,1663.2,10.972222222222221,720,90.81875,360.0,0.5063016729328857,0.30790535023740756,0.023603002432685403,0.03033392090515495,0.20315394263310765
round_robin,burst,2041,0.10038915349819802,30.667291647404394,10.833333333333334,2.4139770908273377,720,12960,1663.2,10.972222222222221,720,1.963888888888889,8.0,0.9992213713896598,0.3137501483020305,0.023641073753983128,0.029082393295450214,0.03508299864132823
error_trigger,burst,2041,0.09868900253258324,30.55763862906365,10.277777777777779,1.7736022329818177,720,12882,1653.84,10.972222222222221,720,4.124305555555555,38.0,0.7800213742385798,0.30790535023740756,0.02394445058565778,0.02912695613191232,0.03377925317535528
aoi,burst,2041,0.09916687945071147,30.384122037219363,11.38888888888889,2.157616561030503,720,12950,1662.0,10.972222222222221,718,1.6875,6.0,0.9999099134272331,0.30970730072660313,0.02389549427397333,0.028987309729787965,0.034077413072481466
risk,burst,2041,0.15831931960158305,49.040478504199825,9.722222222222221,1.8910223981156382,227,4060,595.2,14.537444933920705,0,57.69166666666666,358.0,0.4028507604188004,0.29448858210243456,0.14579581259288074,0.03033392090515495,0.16265896280586187
cvoi,burst,2041,0.0984370376304437,30.35986701247535,10.555555555555555,1.7572652160438222,719,12922,1658.6399999999999,10.987482614742698,718,1.8652777777777778,9.0,0.9771490084495091,0.3072664784798266,0.023926691365265394,0.028960353145648956,0.033594627531033934
periodic_all,burst,2042,0.140900080526969,45.793426376556766,11.11111111111111,1.8931356144309879,720,12960,1663.2,15.972222222222221,720,90.85763888888889,360.0,0.5067325306103384,0.3090078312547792,0.022032455570570614,0.02858465151081562,0.20397538377171065
round_robin,burst,2042,0.09823975860634955,29.9258439435366,11.666666666666666,2.7415119867484696,720,12960,1663.2,15.972222222222221,720,2.1666666666666665,11.0,0.9994225886784749,0.31473194397634885,0.022338154968137208,0.025734845260602608,0.030154090220309553
error_trigger,burst,2042,0.09726611461930898,29.97996850636954,11.11111111111111,1.8931356144309879,720,12888,1654.56,15.972222222222221,720,3.7625,25.0,0.8235798269692668,0.3086451629584219,0.022909486495993274,0.0266712347892756,0.03083857423354515
aoi,burst,2042,0.09741929840873291,29.744187009127398,11.38888888888889,2.499715237690288,720,12978,1665.36,15.972222222222221,718,1.8104166666666666,8.0,0.9986301333442521,0.31244309326812647,0.022323747179659445,0.02579771822426424,0.029112634962881474
risk,burst,2042,0.14338209804835594,43.866177652218425,11.11111111111111,2.7147667613972906,216,3836,568.3199999999999,14.351851851851851,0,95.51666666666668,360.0,0.5575466545701098,0.30050194656253487,0.08960115688418356,0.02858465151081562,0.15484063723588967
cvoi,burst,2042,0.0969828411737047,29.850102381891688,11.666666666666666,2.0168931544422857,719,12928,1659.36,15.99443671766342,718,1.9729166666666669,8.0,0.9767378454614454,0.31023584676206983,0.022446352366101992,0.025836198725486894,0.029412966841160123
periodic_all,burst,2043,0.1496903540921917,48.47823530765635,10.555555555555555,1.990607284911388,720,12960,1663.2,12.5,720,90.83125,360.0,0.5064401542208485,0.31014658236530435,0.02221289221775208,0.04589407524587358,0.22050786653983676
round_robin,burst,2043,0.10156084768588715,30.6684316964463,13.61111111111111,4.454707108782113,720,12960,1663.2,12.5,720,2.077777777777778,16.0,0.989634120982099,0.32762545018963296,0.023189777503609125,0.024726833718699225,0.030701329331607317
error_trigger,burst,2043,0.09665764665197726,29.862233804600354,10.555555555555555,1.990607284911388,720,12836,1648.32,12.5,720,4.351388888888889,37.0,0.8144306313923847,0.31014658236530435,0.022927751675689584,0.02296400501724047,0.030592247549674604
aoi,burst,2043,0.09792877066668487,30.01116492301039,11.666666666666666,2.740336606354644,720,12976,1665.12,12.5,718,1.729861111111111,7.0,0.9994956679750089,0.31452387347623645,0.022345391483609964,0.024514286323586296,0.03033153138330672
risk,burst,2043,0.1362489649864668,41.45194289626525,10.277777777777779,1.8252369577558922,221,3928,579.3599999999999,9.049773755656108,0,83.70972222222221,360.0,0.5492569053983938,0.2953590708274862,0.06918549635624782,0.03132292831937944,0.1491283644427537
cvoi,burst,2043,0.09671038969286357,29.80495827516165,10.277777777777779,1.9895000724054266,718,12900,1656.0,12.395543175487465,718,1.8659722222222221,7.0,0.9807379255799956,0.31006901861251646,0.02253634226584237,0.024149004138549132,0.030087193754546285
periodic_all,burst,2044,0.10778496592748388,33.66746465327533,11.38888888888889,1.8805813412715446,720,12960,1663.2,13.055555555555555,720,90.84722222222223,360.0,0.5066171290593273,0.3097095203863928,0.02066331265155252,0.027708748545176777,0.0730582821268134
round_robin,burst,2044,0.09961668370637493,30.40289731042703,12.5,3.050511060309652,720,12960,1663.2,13.055555555555555,720,2.0875,11.0,0.99756725270794,0.3196138474224538,0.02106649887470235,0.02382900470520952,0.033957383823134
error_trigger,burst,2044,0.09749561247637792,30.260463140469223,11.38888888888889,1.8805813412715446,720,12762,1639.44,13.055555555555555,720,3.7055555555555553,21.0,0.8117503263176614,0.3097095203863928,0.02179893618792962,0.02536488576345196,0.03310910756773729
aoi,burst,2044,0.09809502417072341,30.07247725758339,12.222222222222221,2.7904533063873345,720,12968,1664.1599999999999,13.055555555555555,718,1.7715277777777778,8.0,0.9997439035956783,0.3155539660008194,0.020771819641602483,0.023302317931217915,0.032751993109253856
risk,burst,2044,0.1105998118478585,33.27997369337572,10.277777777777779,1.917629148967472,201,3618,542.16,10.945273631840797,0,136.36111111111111,360.0,0.7608451211699115,0.30080685532078566,0.04082536139865818,0.027708748545176777,0.0730582821268134
cvoi,burst,2044,0.09680872775917454,29.906683432598204,10.555555555555555,1.8825643698804795,718,12924,1658.8799999999999,13.09192200557103,718,1.9395833333333332,9.0,0.9740672822277243,0.30916899525840325,0.021023745726580563,0.02464546992389352,0.03239670012782082
periodic_all,burst,2045,0.1839411613037023,61.24930678578119,9.722222222222221,1.8235878172484963,720,12960,1663.2,13.333333333333334,720,90.83541666666667,360.0,0.5064863359160848,0.30778706443080556,0.021730448139138953,0.028903669768518287,0.37734346287634646
round_robin,burst,2045,0.09940145355711147,30.202067223588575,13.88888888888889,2.9318663542890335,720,12960,1663.2,13.333333333333334,720,2.0284722222222222,9.0,0.9983493534162909,0.3189468306389785,0.022731991549123386,0.024249035986431144,0.03167795605391287
error_trigger,burst,2045,0.09620859597554597,29.648555196299903,9.722222222222221,1.8235878172484963,720,12792,1643.04,13.333333333333334,720,4.144444444444445,31.0,0.8035928882967575,0.30778706443080556,0.022654988756655135,0.023264679950482894,0.031127650764240327
aoi,burst,2045,0.09706212158594758,29.7348496251467,11.666666666666666,2.2818314077892103,720,12966,1663.9199999999998,13.333333333333334,718,1.7375,6.0,0.999317399584707,0.3108106561337897,0.021950099157966387,0.023974678361894847,0.03151305269013945
risk,burst,2045,0.14365827592648606,44.36757994806128,10.555555555555555,1.988627157591436,220,3912,577.44,12.727272727272727,0,94.14722222222221,360.0,0.5457091001814393,0.2988296784791706,0.09303954583220186,0.028903669768518287,0.15386020962605354
cvoi,burst,2045,0.09645793469784844,29.72987537021364,9.722222222222221,1.8244917773851301,720,12938,1660.56,13.333333333333334,718,1.922222222222222,6.0,0.9734680041432214,0.3076240663146849,0.022387392768194337,0.024143910425153948,0.03167636928336056
periodic_all,congested,2026,0.1559804146930691,50.99718620439345,11.11111111111111,2.3092478444739784,720,12960,1663.2,27.36111111111111,720,90.94652777777777,360.0,0.5077172669043833,0.30962257151323186,0.022512921634031128,0.03165830600919326,0.2601278596158202
round_robin,congested,2026,0.10190127194480975,30.68063665100107,12.777777777777779,4.073654813540573,720,12960,1663.2,27.36111111111111,720,2.3854166666666665,11.0,0.9996195265855643,0.32340283699212197,0.02236237838601093,0.031246705917048402,0.03059316648405766
error_trigger,congested,2026,0.09838120106465809,30.395083549613233,11.11111111111111,2.3096673547771838,720,12956,1662.72,27.36111111111111,720,4.604166666666667,30.0,0.8240729200719852,0.3098628063451373,0.022588699532525354,0.030971922049527145,0.030101376331442536
aoi,congested,2026,0.09927963995944679,30.247591519660443,11.38888888888889,2.9548057268213794,720,12986,1666.32,27.36111111111111,718,2.0493055555555557,7.0,0.9974980080591934,0.31307156746456266,0.022779518555294722,0.030753258931545298,0.030514214886384516
risk,congested,2026,0.1304837712432449,39.3757106180666,10.277777777777779,2.3981629126614754,230,4088,598.56,30.0,0,94.30763888888889,360.0,0.55302389878791,0.2991519972583799,0.037267800028180004,0.03165830600919326,0.15385698167722642
cvoi,congested,2026,0.09844063993549546,30.152175328492483,12.222222222222221,2.4226436566987655,719,12930,1659.6,27.399165507649514,718,2.2437500000000004,9.0,0.9802736032098751,0.3110993204035597,0.022446296780455635,0.03031399080825792,0.029902951749708594
periodic_all,congested,2027,0.18042865955795517,59.706230304995714,11.944444444444445,2.7188160497510303,720,12960,1663.2,26.52777777777778,720,90.95138888888889,360.0,0.507771148345648,0.31361191073141975,0.02161964632054447,0.026571950051974123,0.35991113112788237
round_robin,congested,2027,0.09985012284131077,29.880750162416152,12.777777777777779,4.660020000269968,720,12960,1663.2,26.52777777777778,720,2.3187499999999996,12.0,0.9998634134990871,0.32289168551005737,0.021911603885204876,0.02432932242764525,0.030267879542335615
error_trigger,congested,2027,0.09706590996577201,29.833899323418027,11.944444444444445,2.715469080926735,720,12878,1653.36,26.52777777777778,720,4.339583333333334,30.0,0.8529819374010763,0.3134047983483479,0.022243390593941405,0.022842236025822884,0.02977321489497585
aoi,congested,2027,0.09779040900712964,29.887545520226503,12.777777777777779,3.190241998931439,720,12984,1666.08,26.52777777777778,718,2.0229166666666667,7.0,0.9981739992780501,0.31485384937243,0.021906132665183556,0.024489666334577245,0.029911987656327795
risk,congested,2027,0.1368541350225909,41.73973419228436,11.38888888888889,2.4473864646012067,235,4174,608.88,27.659574468085108,0,94.90972222222221,360.0,0.5509261216038511,0.3077012528136743,0.049230420530204044,0.026571950051974123,0.1639129166945111
cvoi,congested,2027,0.0966982873596062,29.720757838747918,10.833333333333334,2.363236346331442,719,12920,1658.3999999999999,26.564673157162726,718,2.207638888888889,9.0,0.983828613961129,0.3098442269175333,0.021766012881965027,0.025003119795077414,0.03017978984384903
periodic_all,congested,2028,0.16260375094077517,53.33144628276162,10.555555555555555,1.9271412959042276,720,12960,1663.2,24.305555555555557,720,90.92152777777778,360.0,0.5074402885655307,0.3079540761800447,0.02275661211100001,0.031025730680974903,0.28867858479108105
round_robin,congested,2028,0.10182310761513794,30.8765933925699,12.222222222222221,3.821495507169027,720,12960,1663.2,24.305555555555557,720,2.322916666666667,12.0,0.9971906006614623,0.3216522677049668,0.02252243542140884,0.02778392060205949,0.0353338067321166
error_trigger,congested,2028,0.09883751215023635,30.61442603069636,10.555555555555555,1.9271412959042276,720,12826,1647.12,24.305555555555557,720,4.902777777777778,40.0,0.7814935131300041,0.30789572621748323,0.02301264369561242,0.02806827688607238,0.036373401801777394
aoi,congested,2028,0.09977383021817922,30.51638185733099,11.666666666666666,2.892967758612311,720,12986,1666.32,24.305555555555557,718,1.9638888888888886,7.0,0.999225366385512,0.3131855997606187,0.022565308918276576,0.02775008382316921,0.03559432837065237
risk,congested,2028,0.14098029857019684,43.173324756333464,10.833333333333334,2.044184218511308,213,3802,564.24,24.88262910798122,0,95.72222222222223,360.0,0.5708077236643723,0.29644455610015547,0.06998913312330006,0.031025730680974903,0.16646177437635695
cvoi,congested,2028,0.09846240396551496,30.329323590164496,10.555555555555555,1.927067336324169,720,12966,1663.9199999999998,24.305555555555557,718,2.2423611111111112,11.0,0.9673405105993469,0.308167029757074,0.02261335205084858,0.02783914189097475,0.03523009216316254
periodic_all,congested,2029,0.15771426877624317,51.63092933172568,10.833333333333334,2.1946119591823985,720,12960,1663.2,24.583333333333332,720,90.90625,360.0,0.5072710769335433,0.30932803954646443,0.02251546594223362,0.03305792364183716,0.2659556459744375
round_robin,congested,2029,0.09909004049994614,29.967162569857987,12.777777777777779,2.9665755707613415,720,12960,1663.2,24.583333333333332,720,2.359722222222222,13.0,0.9979198774147388,0.31473256763136936,0.022206984067839167,0.026550018256864674,0.03287059204371141
error_trigger,congested,2029,0.09783822064374063,30.187958558097456,10.833333333333334,2.1946119591823985,720,12882,1653.84,24.583333333333332,720,4.3902777777777775,30.0,0.815348468751195,0.30932803954646443,0.02383170294140356,0.026540669395902727,0.03165247069119182
aoi,congested,2029,0.0978672232262372,29.897723738458122,11.38888888888889,2.524141339046212,720,12984,1666.08,24.583333333333332,718,1.95,6.0,0.9994645768776402,0.3112850057358035,0.022344407621200393,0.02646438840464672,0.03137509114329825
risk,congested,2029,0.13044805974209164,39.3442374257902,10.833333333333334,2.5265232532480826,217,3838,568.56,25.34562211981567,0,94.61319444444445,360.0,0.5479854380110433,0.29656553150354337,0.039445888754126676,0.03305792364183716,0.15272289506885936
cvoi,congested,2029,0.09760357980621949,30.018628722614018,10.833333333333334,2.171966802766989,718,12902,1656.24,24.651810584958216,718,2.1638888888888888,8.0,0.9697005045396038,0.3092706335530006,0.02278951193095438,0.026802672761722865,0.031551500979200064
periodic_all,congested,2030,0.21091630671266456,70.58399005995317,79.16666666666667,23.29781287177811,720,12960,1663.2,26.944444444444443,720,90.92430555555555,360.0,0.5074710967422366,0.30999660520953687,0.02275306447339131,0.030652753570443152,0.4802628035972869
round_robin,congested,2030,0.10105897290066847,30.601990091767377,13.055555555555555,2.8755987891644814,720,12960,1663.2,26.944444444444443,720,2.40625,11.0,0.9977135121641898,0.3154875768236848,0.02325884759319241,0.02745556689072341,0.03803390029507325
error_trigger,congested,2030,0.09933232335030155,30.53356588145762,11.11111111111111,2.281533004293478,720,12828,1647.36,26.944444444444443,720,4.5777777777777775,35.0,0.8125908156918201,0.30999660520953687,0.023754799376701483,0.02693813185060448,0.03663975696436335
aoi,congested,2030,0.10139095283469063,30.855427601921726,12.777777777777779,3.4280372249988305,720,12948,1661.76,26.944444444444443,718,2.0180555555555557,7.0,0.9983897770314828,0.3178655696505689,0.022836518624712848,0.027429901329897644,0.03743182173358311
risk,congested,2030,0.1328693963683676,40.31217492395253,10.0,1.9847236162692177,212,3766,559.92,28.30188679245283,0,95.56111111111112,360.0,0.5580504706356325,0.2911603613317009,0.039473665940699,0.030652753570443152,0.17019080463062722
cvoi,congested,2030,0.0991012285923797,30.453489927229512,10.277777777777779,2.120070075872539,719,12916,1657.9199999999998,26.981919332406118,718,2.2006944444444443,9.0,0.9755973426875048,0.30802319503053854,0.02344624968545629,0.027203112879066616,0.037732356774457375
periodic_all,congested,2031,0.11359592846446712,35.534484842600236,11.38888888888889,2.175044555138805,720,12960,1663.2,24.444444444444443,720,90.91388888888889,360.0,0.5073556726082287,0.3106706557652883,0.02130432113067039,0.05168300903250367,0.07072572792940615
round_robin,congested,2031,0.0989283687635764,30.090401029848202,12.5,3.0356318727018636,720,12960,1663.2,24.444444444444443,720,2.3159722222222223,8.0,0.9995137331838014,0.3161673012575484,0.021522490553923905,0.029323679402701718,0.028700003840131588
error_trigger,congested,2031,0.0980787227668497,30.371898024502375,11.38888888888889,2.175044555138805,720,12926,1659.12,24.444444444444443,720,4.169444444444444,27.0,0.8048163935252072,0.3106706557652883,0.022166592845849112,0.028612273318431275,0.030865369137830105
aoi,congested,2031,0.09875457003167801,30.25363125050244,11.944444444444445,2.9641483541131524,720,12942,1661.04,24.444444444444443,718,1.9562499999999998,6.0,0.9981119426288465,0.3144946637785623,0.02161059849411293,0.02979007460452835,0.029122943249508447
risk,congested,2031,0.11158742822740123,33.41365495841792,10.833333333333334,2.1432404389575033,192,3448,521.76,20.3125,0,117.79097222222222,360.0,0.7524888369881042,0.29610259730478616,0.031101923294447192,0.03689871189838451,0.08224648041198704
cvoi,congested,2031,0.09795571238843409,30.276361394572376,11.38888888888889,2.112622199705181,718,12932,1659.84,24.37325905292479,718,2.1520833333333336,7.0,0.9742024743747938,0.31073961370231085,0.021832739728632145,0.02929079621352765,0.029959699909265714
periodic_all,congested,2032,0.2007655498980465,66.88146804508072,56.666666666666664,8.100867669303051,720,12960,1663.2,25.0,720,90.91805555555555,360.0,0.5074018623146621,0.3102225409678459,0.02323762706720139,0.04897636996945926,0.42062566158767956
round_robin,congested,2032,0.1007117326471083,30.457460002386753,12.5,3.2292915427906865,720,12960,1663.2,25.0,720,2.2694444444444444,11.0,0.9982808348485975,0.3180354539537103,0.02437237108683633,0.025848028064931673,0.03459107748295487
error_trigger,congested,2032,0.0988811731743009,30.63513091363344,10.833333333333334,2.1629471896186807,720,12818,1646.1599999999999,25.0,720,4.520833333333333,30.0,0.8026289653886294,0.31036299060190475,0.02442754279580423,0.027051226567533296,0.0336829327319613
aoi,congested,2032,0.09877080985958508,30.26461441347788,12.777777777777779,2.2029431406813504,720,12970,1664.3999999999999,25.0,718,1.975,6.0,0.9987395264964375,0.3119443535091795,0.023369579355241657,0.025376439215806224,0.03439286735811295
risk,congested,2032,0.15567541124491135,47.75318706727206,11.11111111111111,2.204827734174567,243,4334,628.0799999999999,27.57201646090535,0,46.90763888888888,330.0,0.3679123799718309,0.29823169369930697,0.13746137378544016,0.03177811101318515,0.15523046648171307
cvoi,congested,2032,0.09793065221800909,30.08068701980976,10.555555555555555,2.1027132194732885,718,12930,1659.6,25.069637883008358,718,2.215972222222222,9.0,0.968047849068727,0.30939835017316425,0.023812523315228085,0.02525121116729425,0.033260524216349764
periodic_all,congested,2033,0.1764694375542457,58.520259182400956,15.555555555555555,2.303248777909034,720,12960,1663.2,26.944444444444443,720,90.92708333333334,360.0,0.5075018642577929,0.30848883798743554,0.022533390013112515,0.028376762792120973,0.3464787594243138
round_robin,congested,2033,0.09838745915336744,29.966104460784702,11.38888888888889,2.6547201419479443,720,12960,1663.2,26.944444444444443,720,2.313194444444444,8.0,0.9986791459578868,0.31614131544031393,0.02280555977774254,0.02387558455913142,0.030727376836281888
error_trigger,congested,2033,0.09667076585521422,29.92702123215748,10.555555555555555,2.0241600239969335,720,12872,1652.6399999999999,26.944444444444443,720,4.260416666666667,26.0,0.8283989840385397,0.30848883798743554,0.023642963997105658,0.025089049328600222,0.029462212107715484
aoi,congested,2033,0.098035787991704,30.09144808818697,11.944444444444445,2.3249651485052425,720,12978,1665.36,26.944444444444443,718,2.0055555555555555,8.0,0.9980346939070072,0.31397715361034445,0.022714176867287758,0.024011025793637605,0.031440795695546135
risk,congested,2033,0.13354130275699339,40.298693086359094,10.277777777777779,1.9505637453188043,208,3698,551.76,24.51923076923077,0,96.22291666666666,360.0,0.5650177561770625,0.29300914497472375,0.050618533459299765,0.028376762792120973,0.162160769801829
cvoi,congested,2033,0.09689780001461278,29.798939045593144,11.666666666666666,2.1053504341503824,718,12914,1657.6799999999998,27.01949860724234,718,2.1638888888888888,8.0,0.9807032045916954,0.3102016853935146,0.02270419260576336,0.024472071383585176,0.030213250675587926
periodic_all,congested,2034,0.1011396450420434,31.496254570833322,10.833333333333334,1.9093430985438449,720,12960,1663.2,21.666666666666668,720,90.89305555555555,360.0,0.50712488404682,0.3087304761926405,0.020952626715852546,0.027876530248118907,0.04699894701156166
round_robin,congested,2034,0.09817729172167464,30.323762710438864,12.222222222222221,2.5260090373192856,720,12960,1663.2,21.666666666666668,720,2.204861111111111,9.0,0.9974231863429901,0.3162324156316024,0.02084276208437581,0.02367042552725188,0.03196356364346839
error_trigger,congested,2034,0.09643648669091047,30.16558395007173,10.833333333333334,1.9093430985438449,720,12776,1641.12,21.666666666666668,720,4.7868055555555555,49.0,0.7387161103781639,0.3087304761926405,0.021053974071385723,0.023897631484686512,0.032063865014929194
aoi,congested,2034,0.0966815444796489,30.029094980534957,10.833333333333334,2.2739084118338337,720,12960,1663.2,21.666666666666668,718,1.888888888888889,6.0,0.9983472430306521,0.3109283064206975,0.02123893789157958,0.023282132276356962,0.03127680132996152
risk,congested,2034,0.10101833202501816,30.564672004494362,10.0,1.7029569781881198,207,3726,555.12,18.840579710144926,0,136.38125,360.0,0.7610648749841751,0.2980841027047949,0.03111374813559712,0.027876530248118907,0.04699894701156166
cvoi,congested,2034,0.09620672645457486,30.010740058997882,10.833333333333334,1.8497580217069016,718,12902,1656.24,21.72701949860724,718,2.0999999999999996,9.0,0.9701002203883755,0.30824998083574057,0.021184307819462032,0.02393587785285283,0.03145673931024401
periodic_all,congested,2035,0.12049867060701189,37.73513736376603,11.11111111111111,2.143921468294895,720,12960,1663.2,25.833333333333332,720,90.92430555555555,360.0,0.507471112365473,0.3086938809098601,0.022935099863176076,0.044453036606854526,0.1059126650481568
round_robin,congested,2035,0.0999940578791015,30.05506676159978,13.055555555555555,4.109520021022844,720,12960,1663.2,25.833333333333332,720,2.4215277777777775,15.0,0.9984854994452602,0.32061132596368436,0.02322319607384638,0.024065295705014433,0.032076413773860855
error_trigger,congested,2035,0.09613509752111352,29.732081240766636,11.11111111111111,2.143921468294895,720,12880,1653.6,25.833333333333332,720,4.868055555555555,37.0,0.774780599102839,0.3086938809098601,0.022262626556858903,0.02377222423708318,0.029811658380651838
aoi,congested,2035,0.09700111118410837,29.7075601320796,11.944444444444445,2.6444734933254446,720,12938,1660.56,25.833333333333332,718,2.0041666666666664,6.0,0.9976135835378358,0.3102540205283535,0.023015930710270853,0.023354852068875186,0.03137964142893393
risk,congested,2035,0.1373439068810267,42.78590640577887,10.833333333333334,2.738007690045072,205,3694,551.28,25.853658536585368,0,128.23611111111111,360.0,0.7551238565668222,0.30799507829021733,0.10411542257674232,0.031352461608990356,0.1059126650481568
cvoi,congested,2035,0.0966496389198369,29.870222888267676,11.11111111111111,2.137143032950191,718,12908,1656.96,25.766016713091922,718,2.2333333333333334,9.0,0.9736163136824254,0.30848165394317567,0.023421915723505014,0.023316493153472687,0.03137849285919424
periodic_all,congested,2036,0.11448994591348814,35.35672485525059,11.11111111111111,2.2148855227746544,720,12960,1663.2,27.5,720,90.94513888888889,360.0,0.5077019043455864,0.3108745492350547,0.023147968480995013,0.044648613393720955,0.07928865254418188
round_robin,congested,2036,0.10151987142580593,30.764508010637154,14.444444444444445,4.015005046588023,720,12960,1663.2,27.5,720,2.420138888888889,13.0,0.9995678358502544,0.3256428844755568,0.023439170056015052,0.024602239723370212,0.03239519144828171
error_trigger,congested,2036,0.09859842897458834,30.455854967686435,11.11111111111111,2.2148855227746544,720,12818,1646.1599999999999,27.5,720,4.645833333333333,27.0,0.8261200883082843,0.3109790220214588,0.024603214262075696,0.02522254444167943,0.03358893517313949
aoi,congested,2036,0.09864848999467166,30.120136944586136,13.055555555555555,2.811282055863166,720,12956,1662.72,27.5,718,2.045138888888889,8.0,0.9989768377953939,0.31581334578689557,0.023556863176768424,0.024237317449123337,0.030986433565899293
risk,congested,2036,0.12177175337306492,36.65123708895462,10.0,2.0664311613964954,196,3532,531.8399999999999,21.93877551020408,0,123.59791666666666,360.0,0.7473106680203787,0.2964145223750712,0.08114127559043086,0.030242562982575733,0.07928865254418188
cvoi,congested,2036,0.0977504399291638,29.947927574780174,11.666666666666666,2.404534712064604,718,12932,1659.84,27.57660167130919,718,2.2444444444444445,10.0,0.9798297622510814,0.3120024523836852,0.023756629797496074,0.02409971806821719,0.031142959467256703
periodic_all,congested,2037,0.10225626496088305,31.83840628143129,11.666666666666666,2.1159097156621094,720,12960,1663.2,25.555555555555557,720,90.92361111111111,360.0,0.5074634192477813,0.3121220137667437,0.02116724504685451,0.027952766446427586,0.04778303458350644
round_robin,congested,2037,0.09862317927743548,30.17067994049401,13.333333333333334,3.054870939947049,720,12960,1663.2,25.555555555555557,720,2.374305555555556,12.0,0.9930581017615508,0.32072722805809295,0.021805956077560095,0.02324484931543299,0.02871468365865592
error_trigger,congested,2037,0.09657744829320047,29.957087467909716,11.666666666666666,2.1159097156621094,720,12824,1646.8799999999999,25.555555555555557,720,4.754166666666666,39.0,0.8148631749001425,0.31211681932492136,0.022197394743197523,0.022842294753408834,0.029153284351274202
aoi,congested,2037,0.09680350511700044,29.851120690952456,12.5,2.6890276476503145,720,12946,1661.52,25.555555555555557,718,1.976388888888889,7.0,0.9972475003756132,0.31492162697524767,0.021633221253672726,0.02285286068929875,0.027806311549782567
risk,congested,2037,0.10348955580245947,30.916355292189763,11.38888888888889,2.3142465000102646,192,3456,522.72,25.0,0,136.55138888888888,360.0,0.7629185830228278,0.298937015016912,0.03928540716299187,0.027952766446427586,0.04778303458350644
cvoi,congested,2037,0.09641050775172849,29.876434704852404,10.833333333333334,2.0913249799065596,718,12906,1656.72,25.62674094707521,718,2.198611111111111,8.0,0.9753569396133109,0.31207748825087195,0.02161404358089282,0.023532656552321844,0.028417842622827344
periodic_all,congested,2038,0.10971599300003149,33.73587290071436,11.944444444444445,2.4034415933324036,720,12960,1663.2,25.27777777777778,720,90.93263888888889,360.0,0.5075634244007471,0.31487078764907017,0.022339951683611203,0.05117393358131412,0.05047929908613046
round_robin,congested,2038,0.10117654118072653,30.49855829662987,13.055555555555555,4.349727604617937,720,12960,1663.2,25.27777777777778,720,2.251388888888889,11.0,0.9993819567771463,0.3248379930091014,0.02272845568407353,0.03043391098480332,0.026705805044927904
error_trigger,congested,2038,0.09882113482354199,30.47195394016596,11.944444444444445,2.40101748808754,720,12934,1660.08,25.27777777777778,720,4.786111111111111,33.0,0.7634367097152823,0.314698802400654,0.0223619926394159,0.030284589650893517,0.02793915460320449
aoi,congested,2038,0.09877174742035484,30.151760990191605,11.666666666666666,2.639807478094276,720,12966,1663.9199999999998,25.27777777777778,718,1.9826388888888888,7.0,0.9990984729652844,0.3148347528235588,0.0226039747623572,0.03049437955954392,0.027153882535959392
risk,congested,2038,0.1316422887569469,39.6195489169498,11.11111111111111,2.0567985757888385,230,4142,605.04,26.08695652173913,0,71.18611111111112,360.0,0.4948176226842033,0.2978688043749814,0.13841032952547777,0.03981072204119792,0.05047929908613046
cvoi,congested,2038,0.0986600883648178,30.290390864330668,12.222222222222221,2.3602085305690705,718,12896,1655.52,25.20891364902507,718,2.1479166666666667,10.0,0.9812845441729465,0.3151124770219911,0.02295871664775437,0.02998086975784617,0.026588290031679524
periodic_all,congested,2039,0.10616936618270037,32.738118787929956,11.38888888888889,2.1235516046580574,720,12960,1663.2,25.416666666666668,720,90.93194444444444,360.0,0.5075557194155917,0.3108266921686599,0.02154933238336164,0.038896039643542615,0.05340540053523732
round_robin,congested,2039,0.0993656781987568,30.04679720516641,12.222222222222221,3.809724186097318,720,12960,1663.2,25.416666666666668,720,2.3499999999999996,12.0,0.9980115513969561,0.3200266505813218,0.021955994464246877,0.022072964585238886,0.03340710316421964
error_trigger,congested,2039,0.09787747447036459,30.26395708612104,11.38888888888889,2.1235516046580574,720,12736,1636.32,25.416666666666668,720,5.014583333333333,41.0,0.7396981577427216,0.31041777761246964,0.021871318747587055,0.023618977709596617,0.035601823811805024
aoi,congested,2039,0.0977072086741145,29.976917192903638,11.944444444444445,2.6693359789737685,720,12958,1662.96,25.416666666666668,718,1.9916666666666667,8.0,0.9986576789927948,0.3133123659609998,0.02156935304310879,0.022169589100942702,0.03377752659140671
risk,congested,2039,0.10705706444868585,31.66103170066945,10.833333333333334,2.0446915307658964,186,3350,510.0,25.806451612903224,0,129.99930555555557,360.0,0.7608017349731122,0.29490365851563183,0.043048656727480365,0.036870542016393906,0.05340540053523732
cvoi,congested,2039,0.09771891459877818,30.157105402286724,11.944444444444445,2.37993850726038,718,12872,1652.6399999999999,25.487465181058496,718,2.176388888888889,9.0,0.9782427168172071,0.3122183084036342,0.021818572791186285,0.02283673396253287,0.0340020432377594
periodic_all,congested,2040,0.17738715612631578,58.70562788092907,11.944444444444445,2.572120298891798,720,12960,1663.2,24.72222222222222,720,90.92222222222222,360.0,0.5074480265751502,0.3154104980566757,0.022390881335103772,0.03292967012484316,0.33881757498864046
round_robin,congested,2040,0.1001128888264458,30.25341376036887,12.777777777777779,3.7025987312254127,720,12960,1663.2,24.72222222222222,720,2.332638888888889,11.0,0.9960462294508377,0.3218552445473612,0.022270953194213065,0.02831127861897444,0.02801407894523452
error_trigger,congested,2040,0.09953818134707662,30.72902626388545,11.944444444444445,2.571628338379754,720,12898,1655.76,24.72222222222222,720,4.254166666666666,33.0,0.8194192881538629,0.3152459111931688,0.023202987219760916,0.02827637468271397,0.03142745229266276
aoi,congested,2040,0.09813835470299428,30.08128668717476,11.666666666666666,2.5257791786080186,720,12974,1664.8799999999999,24.72222222222222,718,1.986111111111111,7.0,0.9989419002453436,0.3134025079696262,0.02234448379967109,0.028437282147137803,0.028369144895542067
risk,congested,2040,0.14702869178557515,44.92982014534003,10.277777777777779,1.927575419504108,217,3840,568.8,28.110599078341014,0,94.78750000000001,360.0,0.5499028461443338,0.29229761687871725,0.09789978845563306,0.03292967012484316,0.16498769168310712
cvoi,congested,2040,0.09744881119757631,30.00058213964623,10.833333333333334,2.2872885933791434,719,12960,1663.2,24.617524339360223,718,2.144444444444445,8.0,0.9805682677155806,0.31063585901896446,0.022893196753044385,0.028680863592494315,0.02758532542580205
periodic_all,congested,2041,0.14155303838174943,45.61612069686917,11.11111111111111,1.8474082697556073,720,12960,1663.2,23.47222222222222,720,90.90416666666667,360.0,0.5072479974286291,0.30911091183850165,0.023613378150233448,0.03033392090515495,0.20315394263310765
round_robin,congested,2041,0.10081031824857037,30.536865587702348,13.333333333333334,2.733553841956164,720,12960,1663.2,23.47222222222222,720,2.247916666666667,13.0,0.9989990149245387,0.3156570538101806,0.023582477609263082,0.02935456593072369,0.03464717564411411
error_trigger,congested,2041,0.09969311087635949,30.821277229020637,11.11111111111111,1.8474082697556073,720,12870,1652.3999999999999,23.47222222222222,720,4.064583333333333,26.0,0.8215789066715596,0.3090988173022197,0.024740285665507334,0.02946920148193801,0.0354641390557729
aoi,congested,2041,0.0998061695917033,30.418144909246916,12.222222222222221,2.4500001677439607,720,12976,1665.12,23.47222222222222,718,1.9250000000000003,6.0,0.9978184039275331,0.3123818656734955,0.023582398617090407,0.028761057451489963,0.03449935662473735
risk,congested,2041,0.15600591811835116,48.25371742190897,10.0,1.7686186477287955,243,4334,628.0799999999999,22.22222222222222,3,55.02638888888889,358.0,0.3718771093646594,0.2964966820411461,0.14357193585203018,0.03033392090515495,0.15362113367507335
cvoi,congested,2041,0.09962992328026765,30.5508335380921,11.38888888888889,2.041007322495428,719,12930,1659.6,23.504867872044507,718,2.1215277777777777,7.0,0.9794449344029782,0.31074583279840484,0.02326365457289304,0.028918139087737424,0.0355920666620353
periodic_all,congested,2042,0.1418536377529585,46.028324427841376,11.666666666666666,2.359331998783232,720,12960,1663.2,25.694444444444443,720,90.91875,360.0,0.5074095647060212,0.31300760741037503,0.021846908318932795,0.02858465151081562,0.20397538377171065
round_robin,congested,2042,0.10100906766393339,30.423503376642564,11.666666666666666,4.274857010538704,720,12960,1663.2,25.694444444444443,720,2.33125,11.0,0.9974457237199349,0.32379654419167897,0.0227112844224587,0.025901454617834142,0.03162698742376174
error_trigger,congested,2042,0.09785313552082703,30.232135866820474,11.666666666666666,2.359331998783232,720,12894,1655.28,25.694444444444443,720,4.4625,42.0,0.8375294033441295,0.31300760741037503,0.02301892994012009,0.025730188776272724,0.02965581595654029
aoi,congested,2042,0.09800433093994596,29.90832642777215,12.222222222222221,2.6860057956028967,720,12966,1663.9199999999998,25.694444444444443,718,1.9875,8.0,0.9973247342840618,0.3138354628924651,0.02245581002091841,0.02585665999087899,0.029869390855521327
risk,congested,2042,0.1391075582454181,42.34215076491297,10.277777777777779,1.9105335259803096,209,3724,554.88,20.574162679425836,0,94.67291666666667,360.0,0.5514461872638347,0.2921878791544318,0.08960115688418356,0.02858465151081562,0.1460565454322414
cvoi,congested,2042,0.09710871169721204,29.789690500463273,11.38888888888889,2.024665135106477,719,12938,1660.56,25.591098748261473,718,2.1569444444444446,8.0,0.9790299691200698,0.3098195856180662,0.02240220405482242,0.026241463710876895,0.029971593405082632
periodic_all,congested,2043,0.15008516957858592,48.47898405057269,10.555555555555555,2.449300433133973,720,12960,1663.2,25.97222222222222,720,90.92638888888888,360.0,0.5074941897796195,0.3117349351334169,0.022203801395216417,0.04589407524587358,0.22050786653983676
round_robin,congested,2043,0.10096201033847939,30.420093933705605,13.88888888888889,4.1249895071003335,720,12960,1663.2,25.97222222222222,720,2.3312500000000003,9.0,0.9976138424113293,0.32519337595111397,0.022608157488352737,0.02499848870882002,0.031048019205630766
error_trigger,congested,2043,0.09733913176086874,29.982733172603616,10.555555555555555,2.449300433133973,720,12820,1646.3999999999999,25.97222222222222,720,4.518055555555556,38.0,0.7852607527999886,0.3117349351334169,0.023118956281077612,0.022912966897699703,0.03158966873128072
aoi,congested,2043,0.09712693970251972,29.730817454419125,12.222222222222221,2.373123701823111,720,12978,1665.36,25.97222222222222,718,2.015277777777778,8.0,0.9980833811979185,0.310641034690578,0.022441134755488885,0.024315475746986073,0.031110113617025915
risk,congested,2043,0.13748504159915076,41.475431561348174,10.833333333333334,2.25799278874396,209,3728,555.3599999999999,23.923444976076556,0,84.58125,360.0,0.5596549107464716,0.2948665325983522,0.06918549635624782,0.031658316403638594,0.1542298210383644
cvoi,congested,2043,0.09755787911173361,29.947323852915783,12.222222222222221,2.2605703908135224,718,12888,1654.56,25.766016713091922,718,2.142361111111111,7.0,0.9806771901622695,0.3113656804015782,0.02252954137369505,0.024619198171115707,0.0317170965005455
periodic_all,congested,2044,0.1078543837018473,33.672500185714014,11.38888888888889,1.96478339100925,720,12960,1663.2,23.47222222222222,720,90.91736111111112,360.0,0.5073941778849632,0.309936862096658,0.020713642038740997,0.027708748545176777,0.0730582821268134
round_robin,congested,2044,0.09856388592902018,30.143358369334084,11.38888888888889,2.590049265864186,720,12960,1663.2,23.47222222222222,720,2.2555555555555555,12.0,0.9960954997283415,0.3152967631532147,0.02134829372913305,0.023332778110910727,0.03427770872282227
error_trigger,congested,2044,0.09696331371739811,30.03332939501543,11.38888888888889,1.96478339100925,720,12754,1638.48,23.47222222222222,720,4.732638888888889,36.0,0.7650053581724567,0.309936862096658,0.020319780071273764,0.024751238530631908,0.032845374171028736
aoi,congested,2044,0.09790213162611307,30.021521501913824,11.666666666666666,2.538205626553737,720,12962,1663.44,23.47222222222222,718,1.9520833333333334,9.0,0.9980756492609849,0.31385714097290196,0.020766234956466574,0.023960651740550714,0.033024498834533
risk,congested,2044,0.10947423586548813,32.857356857380644,10.833333333333334,1.842159374596048,194,3492,527.04,26.288659793814432,0,136.58194444444445,360.0,0.7632509548820159,0.2963045513913042,0.04082536139865818,0.027708748545176777,0.0730582821268134
cvoi,congested,2044,0.09671244760016812,29.8537693938548,10.833333333333334,1.9718646536443645,718,12910,1657.2,23.398328690807798,718,2.1527777777777777,9.0,0.97674116053045,0.31055379836369934,0.020683774813381555,0.02357832116263045,0.03203389606096105
periodic_all,congested,2045,0.18439611264082165,61.196950269858924,10.555555555555555,2.07268557433769,720,12960,1663.2,26.52777777777778,720,90.94305555555556,360.0,0.5076788287741519,0.30987048958969654,0.021466828328725297,0.028903669768518287,0.37734346287634646
round_robin,congested,2045,0.10130413216472942,30.517782821835503,13.055555555555555,4.310966557683766,720,12960,1663.2,26.52777777777778,720,2.379861111111111,11.0,0.9983879512529832,0.326126063646888,0.02203471616289805,0.02464608466142665,0.03240966418770497
error_trigger,congested,2045,0.09643584683898102,29.62917420140908,10.555555555555555,2.07268557433769,720,12834,1648.08,26.52777777777778,720,4.595138888888888,28.0,0.8385707879026789,0.3098519952410127,0.020859706643962368,0.02390204835329591,0.031129637117653094
aoi,congested,2045,0.09786371723557757,29.861426267714766,12.5,2.495747642019995,720,12972,1664.6399999999999,26.52777777777778,718,2.040277777777778,8.0,0.9986177362748407,0.31337287158291616,0.02175136158531701,0.024106782125307463,0.03222385364876969
risk,congested,2045,0.14412004546410095,44.28447681981015,11.38888888888889,2.2637028822177934,226,4002,588.24,26.106194690265486,0,94.11319444444445,360.0,0.5453800265482561,0.29836531485196466,0.09303954583220186,0.028903669768518287,0.15617165140371903
cvoi,congested,2045,0.09683560163068489,29.68077336125607,10.555555555555555,2.081873939547469,720,12916,1657.9199999999998,26.52777777777778,718,2.2131944444444445,7.0,0.9801325928299442,0.3094036874714355,0.02182814271032186,0.024282306837014767,0.03182826950396743
