sensitivity_factor,scenario,method,seed,forecast_regime,trigger_delta,loss_scale,burst_scale,alpha,beta,gamma,exogenous_hash,rmse,iae,transmissions,tx_rate_pct,packet_loss_pct,violation_pct,tx_energy_mj,baseline_energy_mj,total_modeled_energy_mj
forecast,Mekong-Synthetic,ET-MPC,2026,persistence,0.05,1.0,1.0,0.85,0.15,0.15,7e803f7ee475bf62816034ee923701875530291eb8410196d3f0c606ea9a5c5e,1.0766811436650134,193.92933005481532,57,19.06354515050167,24.56140350877193,5.351170568561873,1140.0,900.0,2040.0
forecast,Mekong-Synthetic,ET-MPC,2027,persistence,0.05,1.0,1.0,0.85,0.15,0.15,c14ae88d487bb93f976d4e0c9af3ba4ac529c4008d2aea47d68a1cec6ddfbfbb,1.272073052488118,225.8102781092688,64,21.40468227424749,32.8125,8.695652173913043,1280.0,900.0,2180.0
forecast,Mekong-Synthetic,ET-MPC,2028,persistence,0.05,1.0,1.0,0.85,0.15,0.15,fedf7c4a2c7871a0e4680d3cc59076daa7c90dfb0ff55d09ad4759fcb90081df,1.141787845155518,206.50959657625896,62,20.735785953177256,32.25806451612903,6.354515050167224,1240.0,900.0,2140.0
forecast,Mekong-Synthetic,ET-MPC,2029,persistence,0.05,1.0,1.0,0.85,0.15,0.15,c3bb168946c896796f5e8565ff1a0084f8ccf5866c8c5189fe62fe00b70830a1,1.1274810994701367,193.8883974270868,55,18.39464882943144,30.90909090909091,5.016722408026756,1100.0,900.0,2000.0
forecast,Mekong-Synthetic,ET-MPC,2030,persistence,0.05,1.0,1.0,0.85,0.15,0.15,1886d32bc065eecd277560ff2a01bab42cbf45d4c82d1766b01b1cee279137f8,1.1303737966012741,201.7204130013391,62,20.735785953177256,30.64516129032258,6.688963210702341,1240.0,900.0,2140.0
forecast,Mekong-Synthetic,ET-MPC,2031,persistence,0.05,1.0,1.0,0.85,0.15,0.15,c63ead25ab03cd96842d1b9a4e790611f4afa7dba28184547c73cc220395665c,1.122959470177951,201.910320707761,60,20.066889632107024,28.333333333333332,4.682274247491639,1200.0,900.0,2100.0
forecast,Mekong-Synthetic,ET-MPC,2032,persistence,0.05,1.0,1.0,0.85,0.15,0.15,91eecc62989b6bee99e9695dc98ce8dc73fca3e8b851a2e74f86d526847e419c,1.2481641236263388,230.04999020768923,62,20.735785953177256,33.87096774193548,9.698996655518394,1240.0,900.0,2140.0
forecast,Mekong-Synthetic,ET-MPC,2033,persistence,0.05,1.0,1.0,0.85,0.15,0.15,8f1471f47e225d3c516393af84ae662103f37dcc816de50fe2ea58e41bd81f59,1.2336207014624982,235.26363768171115,58,19.39799331103679,32.758620689655174,7.023411371237458,1160.0,900.0,2060.0
forecast,Mekong-Synthetic,ET-MPC,2034,persistence,0.05,1.0,1.0,0.85,0.15,0.15,040443b9a57b58e8860dbe62d377659b3bd96ddf2cf7d9148fdf8fd32c63779d,1.1076342381702866,198.36821598569577,70,23.411371237458194,40.0,4.682274247491639,1400.0,900.0,2300.0
forecast,Mekong-Synthetic,ET-MPC,2035,persistence,0.05,1.0,1.0,0.85,0.15,0.15,3302abdac216d672687cbb302481baa7a1acf2d8e03ce74ea26885fad60dee6c,1.1265789301414517,210.54868098053515,56,18.729096989966557,17.857142857142858,4.682274247491639,1120.0,900.0,2020.0
forecast,Mekong-Synthetic,ET-MPC,2036,persistence,0.05,1.0,1.0,0.85,0.15,0.15,f5da7242a4219abeb2a3793803d0b21413838d6c5be05b54b25689898ffadce1,1.2618618706755416,227.09294803994598,62,20.735785953177256,35.483870967741936,8.361204013377927,1240.0,900.0,2140.0
forecast,Mekong-Synthetic,ET-MPC,2037,persistence,0.05,1.0,1.0,0.85,0.15,0.15,d7bd22d19cdf158f6e01098216bbef3ffcac9d1f4c943ef08ab40c87df8a5b2b,1.233302932851057,223.66977772137247,60,20.066889632107024,35.0,8.02675585284281,1200.0,900.0,2100.0
forecast,Mekong-Synthetic,ET-MPC,2038,persistence,0.05,1.0,1.0,0.85,0.15,0.15,1e1e07557ed96a2c0afc452c074211d1b5d83c8aeef2a0d6dd3bce82fc573e3a,1.1116361143794624,198.46594531403622,57,19.06354515050167,24.56140350877193,6.0200668896321075,1140.0,900.0,2040.0
forecast,Mekong-Synthetic,ET-MPC,2039,persistence,0.05,1.0,1.0,0.85,0.15,0.15,cc9e884dafd4802a172381f9b897a1dd554065b611b37d5694661c44ef3fad47,1.0578440298736738,188.9158454661624,55,18.39464882943144,25.454545454545453,5.68561872909699,1100.0,900.0,2000.0
forecast,Mekong-Synthetic,ET-MPC,2040,persistence,0.05,1.0,1.0,0.85,0.15,0.15,6e927d8e6fc0a6884bec0d40621cb2f898380167831eb8d2ecab45e69894c460,1.2316496418733103,213.01808684544625,56,18.729096989966557,28.571428571428573,6.0200668896321075,1120.0,900.0,2020.0
forecast,Mekong-Synthetic,ET-MPC,2041,persistence,0.05,1.0,1.0,0.85,0.15,0.15,2e66f567d694001657219307eadd8a1045e344921301bcce59f46a5cdb99fb3c,1.1508948921460287,198.93884009106037,67,22.40802675585284,35.82089552238806,7.6923076923076925,1340.0,900.0,2240.0
forecast,Mekong-Synthetic,ET-MPC,2042,persistence,0.05,1.0,1.0,0.85,0.15,0.15,5dc25b4385d0b479b52d15f9f8e150655842b34a2bc5e0bf0d32311e97653639,1.1592133418695993,214.6515128221128,64,21.40468227424749,39.0625,6.0200668896321075,1280.0,900.0,2180.0
forecast,Mekong-Synthetic,ET-MPC,2043,persistence,0.05,1.0,1.0,0.85,0.15,0.15,d54f0a6da3a8c52d02508ae4f625c7a058d2e46346e05d48ebf9faa3d9b32324,1.0798102208469822,179.20670934884564,57,19.06354515050167,22.80701754385965,6.0200668896321075,1140.0,900.0,2040.0
forecast,Mekong-Synthetic,ET-MPC,2044,persistence,0.05,1.0,1.0,0.85,0.15,0.15,a1894392a02b8d6083e376df671f6dc43f0f7ceddee2444fbbda81f8f2055f47,1.1117101812318735,203.90709190954226,48,16.05351170568562,25.0,6.354515050167224,960.0,900.0,1860.0
forecast,Mekong-Synthetic,ET-MPC,2045,persistence,0.05,1.0,1.0,0.85,0.15,0.15,fa8e8b9dbbe958e25846277501cf58fee5efa36d13df69909d19055c699b0bac,1.0973788527650792,196.46670243728016,50,16.722408026755854,22.0,6.354515050167224,1000.0,900.0,1900.0
forecast,Tokyo-Bernoulli,ET-MPC,2026,persistence,0.05,1.0,1.0,0.85,0.15,0.15,790c8f5dd988055e155f47ff6fd24c8b50beac920afbc4ce791d68cb6cedc59a,3.128853446303639,673.7223823298658,93,31.103678929765888,21.50537634408602,43.47826086956522,1860.0,900.0,2760.0
forecast,Tokyo-Bernoulli,ET-MPC,2027,persistence,0.05,1.0,1.0,0.85,0.15,0.15,b5948e86d52c9038713ff98a3f876792a0b095b62f80d25d4f777fe5687cf13b,3.3667294446777314,703.4305939474144,98,32.77591973244147,30.612244897959183,45.819397993311036,1960.0,900.0,2860.0
forecast,Tokyo-Bernoulli,ET-MPC,2028,persistence,0.05,1.0,1.0,0.85,0.15,0.15,5e75d31e96cdd15ac6dd091671f770d206b14c7bc3463a04819d731263b1ec30,3.3259706752387284,695.8345678564035,106,35.45150501672241,34.905660377358494,43.812709030100336,2120.0,900.0,3020.0
forecast,Tokyo-Bernoulli,ET-MPC,2029,persistence,0.05,1.0,1.0,0.85,0.15,0.15,1b18d781f20e9c8d08506aca447c6b24d76376b2916c9bc6ba9b399b0935fee0,3.188505186196378,686.2561550363913,105,35.11705685618729,34.285714285714285,44.48160535117057,2100.0,900.0,3000.0
forecast,Tokyo-Bernoulli,ET-MPC,2030,persistence,0.05,1.0,1.0,0.85,0.15,0.15,4911a0a6e6ae87bf909477506b8e1edb72a6e5483b97830458c5577715965602,3.2458160333122046,731.7871769772776,95,31.77257525083612,29.473684210526315,52.508361204013376,1900.0,900.0,2800.0
forecast,Tokyo-Bernoulli,ET-MPC,2031,persistence,0.05,1.0,1.0,0.85,0.15,0.15,f370c55fa062849c844d48bddc406fe9d7e0fd27df33207cfeeac16ab1bf27b8,3.4994753190853363,818.0206313977243,83,27.759197324414714,36.144578313253014,58.862876254180605,1660.0,900.0,2560.0
forecast,Tokyo-Bernoulli,ET-MPC,2032,persistence,0.05,1.0,1.0,0.85,0.15,0.15,0657654dc1b26a994835d27881651b78486dc48af023aa439af2acac56d5c655,3.200452614495415,699.7243407145925,89,29.765886287625417,29.213483146067414,51.17056856187291,1780.0,900.0,2680.0
forecast,Tokyo-Bernoulli,ET-MPC,2033,persistence,0.05,1.0,1.0,0.85,0.15,0.15,9cf2e1d6be7f50113b15b164000323374aba7ef162283e103dcc247eda3c72fd,3.14337758872882,688.1581022138795,92,30.76923076923077,19.565217391304348,45.48494983277592,1840.0,900.0,2740.0
forecast,Tokyo-Bernoulli,ET-MPC,2034,persistence,0.05,1.0,1.0,0.85,0.15,0.15,bc6a8e590bbf10f600d1f0090af727494cd7c8c6c408e279da41e1f895bc080d,3.1781588138089187,708.4469421993823,85,28.42809364548495,23.529411764705884,49.83277591973244,1700.0,900.0,2600.0
forecast,Tokyo-Bernoulli,ET-MPC,2035,persistence,0.05,1.0,1.0,0.85,0.15,0.15,e0c92e558a911295df6345ac98a3486b5d0729c895ec97029128ecc2476d5c24,3.1205630317774915,670.9560536973106,92,30.76923076923077,25.0,44.147157190635454,1840.0,900.0,2740.0
forecast,Tokyo-Bernoulli,ET-MPC,2036,persistence,0.05,1.0,1.0,0.85,0.15,0.15,4b20ab18a2ea47e063c176e1910051feb9a4b1091cb9c1c0bfc4f368cc51c0f7,3.36564803346769,701.4014581237016,111,37.123745819397996,36.03603603603604,44.81605351170568,2220.0,900.0,3120.0
forecast,Tokyo-Bernoulli,ET-MPC,2037,persistence,0.05,1.0,1.0,0.85,0.15,0.15,61c08b9f4cb9e09d18942133c8b1156ebb3e4f7e3b90f91d3cfe4f555c92d53c,3.1140624330684603,668.1765692514036,101,33.779264214046826,26.73267326732673,39.79933110367893,2020.0,900.0,2920.0
forecast,Tokyo-Bernoulli,ET-MPC,2038,persistence,0.05,1.0,1.0,0.85,0.15,0.15,2bcdbbe6d47e1542dc982374609aa696bf1470f55231ae55073c664cf06a10b9,3.154376184280307,688.4021872675016,90,30.100334448160535,26.666666666666668,47.82608695652174,1800.0,900.0,2700.0
forecast,Tokyo-Bernoulli,ET-MPC,2039,persistence,0.05,1.0,1.0,0.85,0.15,0.15,d510e77a0aa1cc423f4065384f42687e7d519427aba0a939ad15d0f69812a8a6,3.0902161674235247,672.5980980728259,92,30.76923076923077,22.82608695652174,44.81605351170568,1840.0,900.0,2740.0
forecast,Tokyo-Bernoulli,ET-MPC,2040,persistence,0.05,1.0,1.0,0.85,0.15,0.15,73509efd2b59989b34f285c401e4c158c58402c2e7ef9fdb9b829f652c572d5a,3.2535772396263565,712.8944908974433,90,30.100334448160535,24.444444444444443,49.163879598662206,1800.0,900.0,2700.0
forecast,Tokyo-Bernoulli,ET-MPC,2041,persistence,0.05,1.0,1.0,0.85,0.15,0.15,90452afdd6b156a9793fe5eb120c7c050906891f391a0c83c243ca9cfac46da3,3.165330491143859,695.4249181679414,105,35.11705685618729,32.38095238095238,45.1505016722408,2100.0,900.0,3000.0
forecast,Tokyo-Bernoulli,ET-MPC,2042,persistence,0.05,1.0,1.0,0.85,0.15,0.15,f065ae35e3d91ea5da25e02b9fecfcc6d9bc2426b2773b8f433f4e098dd9555a,3.1486110006497885,683.1840054596403,96,32.10702341137124,30.208333333333332,43.1438127090301,1920.0,900.0,2820.0
forecast,Tokyo-Bernoulli,ET-MPC,2043,persistence,0.05,1.0,1.0,0.85,0.15,0.15,fae2b89aa7454beb374c4cd0829361758c19353823bb8125b934643b6c64e0fb,3.159915625878245,673.6994031969317,102,34.11371237458194,37.254901960784316,41.80602006688963,2040.0,900.0,2940.0
forecast,Tokyo-Bernoulli,ET-MPC,2044,persistence,0.05,1.0,1.0,0.85,0.15,0.15,575f3a7d26f08a8940567d7e62af687dc46792e52ee3f98ebbcefc2b99369a4c,3.409531046363176,777.9248428392341,90,30.100334448160535,32.22222222222222,58.19397993311037,1800.0,900.0,2700.0
forecast,Tokyo-Bernoulli,ET-MPC,2045,persistence,0.05,1.0,1.0,0.85,0.15,0.15,d3d918ecca7cea43f4f800911c112d14df3bed486114da477244274fba5ae473,3.1624398474448427,689.1627972576545,80,26.755852842809364,32.5,50.16722408026756,1600.0,900.0,2500.0
forecast,Tokyo-Burst,ET-MPC,2026,persistence,0.05,1.0,1.0,0.85,0.15,0.15,65e607d121b7f38f51b5360462f746c1701f3e652ebd6207364bf685c944e962,3.3827472012941793,723.0724658551235,85,28.42809364548495,17.647058823529413,49.49832775919732,1700.0,900.0,2600.0
forecast,Tokyo-Burst,ET-MPC,2027,persistence,0.05,1.0,1.0,0.85,0.15,0.15,0bdb2e7d81f0527e4198ba1aa2979f72a4fd1c0e86049df94b3c31dd0cd8553e,3.1401271266034505,674.8085683426586,87,29.096989966555185,13.793103448275861,43.812709030100336,1740.0,900.0,2640.0
forecast,Tokyo-Burst,ET-MPC,2028,persistence,0.05,1.0,1.0,0.85,0.15,0.15,bf17382a8727f01646cd32933a0b1bb93b91ff7021a00d7be25891a379d81d5f,3.0849517030487785,656.3210409238595,85,28.42809364548495,14.117647058823529,42.14046822742475,1700.0,900.0,2600.0
forecast,Tokyo-Burst,ET-MPC,2029,persistence,0.05,1.0,1.0,0.85,0.15,0.15,4c2e698c488f981ba4dc9e71c3268155b14c46940f1330562245253e39f3da21,3.0260976895560563,625.2294165456952,91,30.434782608695652,15.384615384615385,36.12040133779264,1820.0,900.0,2720.0
forecast,Tokyo-Burst,ET-MPC,2030,persistence,0.05,1.0,1.0,0.85,0.15,0.15,a0499347c05b83622ed1d810b78faca034d591627097e65340fb864e081fefa6,3.1188184816203957,674.9028005797333,91,30.434782608695652,19.78021978021978,43.812709030100336,1820.0,900.0,2720.0
forecast,Tokyo-Burst,ET-MPC,2031,persistence,0.05,1.0,1.0,0.85,0.15,0.15,8c056314f497b2b93cf57238354d17651567b4d55a011b817117200e5194323a,3.1764142121292003,708.0319544691505,63,21.070234113712374,14.285714285714286,54.51505016722408,1260.0,900.0,2160.0
forecast,Tokyo-Burst,ET-MPC,2032,persistence,0.05,1.0,1.0,0.85,0.15,0.15,101006ca15a99503b3726e3d42cd12c01dcf16530f68a27821c81839ef19477a,3.17489630886865,698.8997646346734,90,30.100334448160535,18.88888888888889,47.15719063545151,1800.0,900.0,2700.0
forecast,Tokyo-Burst,ET-MPC,2033,persistence,0.05,1.0,1.0,0.85,0.15,0.15,a7bdab5d072e97f0d1a4511b812de4c4c7d61f93141bfcfcebafd5d34d69e3e3,3.1946569687139528,698.2261991317074,89,29.765886287625417,12.359550561797754,45.48494983277592,1780.0,900.0,2680.0
forecast,Tokyo-Burst,ET-MPC,2034,persistence,0.05,1.0,1.0,0.85,0.15,0.15,68538dd445828f2aa3c1134221c091eb6052585f33831424925db67e9970eaf3,3.160349678586317,675.8402064683829,89,29.765886287625417,19.10112359550562,43.812709030100336,1780.0,900.0,2680.0
forecast,Tokyo-Burst,ET-MPC,2035,persistence,0.05,1.0,1.0,0.85,0.15,0.15,549dcfb6ee7c6021e2804774650ff51e150ba87b86bd80a34421f2ffe8433ab8,2.990322985304168,618.5670217997127,90,30.100334448160535,17.77777777777778,38.79598662207358,1800.0,900.0,2700.0
forecast,Tokyo-Burst,ET-MPC,2036,persistence,0.05,1.0,1.0,0.85,0.15,0.15,d5f657ada9f69757a832be0156496b0f57a48b0e0c9723e296c2bbe98e7c8232,3.2040981469413254,699.873039466632,87,29.096989966555185,20.689655172413794,47.15719063545151,1740.0,900.0,2640.0
forecast,Tokyo-Burst,ET-MPC,2037,persistence,0.05,1.0,1.0,0.85,0.15,0.15,e40521c6c2b84e663a161b9fcf4b2fde8c83c34f78fbdcff83b92635a960a3a5,3.119108207306423,680.9962859738648,86,28.762541806020067,18.6046511627907,46.82274247491639,1720.0,900.0,2620.0
forecast,Tokyo-Burst,ET-MPC,2038,persistence,0.05,1.0,1.0,0.85,0.15,0.15,102c6bc3cd4866c3e769b8a4497da7a0f0215f41ae024f2797a2ca7142378cc7,3.0283687284817784,631.3087676740087,89,29.765886287625417,19.10112359550562,39.130434782608695,1780.0,900.0,2680.0
forecast,Tokyo-Burst,ET-MPC,2039,persistence,0.05,1.0,1.0,0.85,0.15,0.15,031aa52d479116fef3dec245373aa0a32b1d14db741d83c91c66c382043da16a,3.124508904536875,686.7189767918417,86,28.762541806020067,18.6046511627907,47.491638795986624,1720.0,900.0,2620.0
forecast,Tokyo-Burst,ET-MPC,2040,persistence,0.05,1.0,1.0,0.85,0.15,0.15,31784831f62806c1b08e78d87ade75ed0fc3238ad556d9d246969c50a41d812e,3.000394691420125,604.2886986936826,92,30.76923076923077,11.956521739130435,33.779264214046826,1840.0,900.0,2740.0
forecast,Tokyo-Burst,ET-MPC,2041,persistence,0.05,1.0,1.0,0.85,0.15,0.15,09ea867114e57c22c7e93ce5e9d45bdf4177a2e6b5401d57fe08844d3e7be44f,3.1798297317790545,709.8473408032695,78,26.08695652173913,19.23076923076923,50.16722408026756,1560.0,900.0,2460.0
forecast,Tokyo-Burst,ET-MPC,2042,persistence,0.05,1.0,1.0,0.85,0.15,0.15,a4f3df503155c2cdc0d5cc8a5a8f388917ad197f744afdc3f3cedf0f66667ede,3.1373381976259536,686.2725233342942,78,26.08695652173913,14.102564102564102,48.82943143812709,1560.0,900.0,2460.0
forecast,Tokyo-Burst,ET-MPC,2043,persistence,0.05,1.0,1.0,0.85,0.15,0.15,18d71e275e87e800409e3d7abedc1f1bab1d7353aa7c98bf36a8499c9ef1bfb2,3.233802008168334,713.0225492900814,91,30.434782608695652,21.978021978021978,49.83277591973244,1820.0,900.0,2720.0
forecast,Tokyo-Burst,ET-MPC,2044,persistence,0.05,1.0,1.0,0.85,0.15,0.15,3873d89685ac9ee093dc3925bd072a74decd3fa654efb7e5b5ca90c91217700c,3.1098702169806174,668.2134751780268,89,29.765886287625417,19.10112359550562,44.48160535117057,1780.0,900.0,2680.0
forecast,Tokyo-Burst,ET-MPC,2045,persistence,0.05,1.0,1.0,0.85,0.15,0.15,09aa72b38290d388996f36c546723e2e4e9a01e8cefa1dea0820c6c9bb7827be,4.613870475162237,804.1241903507773,96,32.10702341137124,25.0,39.46488294314381,1920.0,900.0,2820.0
forecast,Mekong-Synthetic,ET-MPC,2026,noisy_persistence,0.05,1.0,1.0,0.85,0.15,0.15,7e803f7ee475bf62816034ee923701875530291eb8410196d3f0c606ea9a5c5e,1.2907807333795156,246.96043819845443,59,19.732441471571907,28.8135593220339,10.367892976588628,1180.0,900.0,2080.0
forecast,Mekong-Synthetic,ET-MPC,2027,noisy_persistence,0.05,1.0,1.0,0.85,0.15,0.15,c14ae88d487bb93f976d4e0c9af3ba4ac529c4008d2aea47d68a1cec6ddfbfbb,1.1331311685072452,215.1458197734687,68,22.74247491638796,32.35294117647059,6.0200668896321075,1360.0,900.0,2260.0
forecast,Mekong-Synthetic,ET-MPC,2028,noisy_persistence,0.05,1.0,1.0,0.85,0.15,0.15,fedf7c4a2c7871a0e4680d3cc59076daa7c90dfb0ff55d09ad4759fcb90081df,1.127128302932914,202.46246679867983,56,18.729096989966557,30.357142857142858,7.023411371237458,1120.0,900.0,2020.0
forecast,Mekong-Synthetic,ET-MPC,2029,noisy_persistence,0.05,1.0,1.0,0.85,0.15,0.15,c3bb168946c896796f5e8565ff1a0084f8ccf5866c8c5189fe62fe00b70830a1,1.0902205550727213,196.7327785269001,59,19.732441471571907,25.423728813559322,5.68561872909699,1180.0,900.0,2080.0
forecast,Mekong-Synthetic,ET-MPC,2030,noisy_persistence,0.05,1.0,1.0,0.85,0.15,0.15,1886d32bc065eecd277560ff2a01bab42cbf45d4c82d1766b01b1cee279137f8,1.3272089553098987,256.99070031876136,67,22.40802675585284,37.3134328358209,11.705685618729097,1340.0,900.0,2240.0
forecast,Mekong-Synthetic,ET-MPC,2031,noisy_persistence,0.05,1.0,1.0,0.85,0.15,0.15,c63ead25ab03cd96842d1b9a4e790611f4afa7dba28184547c73cc220395665c,1.1383279736232217,208.73067157600997,67,22.40802675585284,29.850746268656717,6.688963210702341,1340.0,900.0,2240.0
forecast,Mekong-Synthetic,ET-MPC,2032,noisy_persistence,0.05,1.0,1.0,0.85,0.15,0.15,91eecc62989b6bee99e9695dc98ce8dc73fca3e8b851a2e74f86d526847e419c,1.0915636032623146,195.34212607569407,58,19.39799331103679,29.310344827586206,4.3478260869565215,1160.0,900.0,2060.0
forecast,Mekong-Synthetic,ET-MPC,2033,noisy_persistence,0.05,1.0,1.0,0.85,0.15,0.15,8f1471f47e225d3c516393af84ae662103f37dcc816de50fe2ea58e41bd81f59,1.2925397863072425,244.9570936860348,58,19.39799331103679,31.03448275862069,8.02675585284281,1160.0,900.0,2060.0
forecast,Mekong-Synthetic,ET-MPC,2034,noisy_persistence,0.05,1.0,1.0,0.85,0.15,0.15,040443b9a57b58e8860dbe62d377659b3bd96ddf2cf7d9148fdf8fd32c63779d,1.1801451333487087,214.4506956845988,72,24.08026755852843,36.111111111111114,7.6923076923076925,1440.0,900.0,2340.0
forecast,Mekong-Synthetic,ET-MPC,2035,noisy_persistence,0.05,1.0,1.0,0.85,0.15,0.15,3302abdac216d672687cbb302481baa7a1acf2d8e03ce74ea26885fad60dee6c,1.3332877188143535,253.58686690468375,64,21.40468227424749,39.0625,10.702341137123746,1280.0,900.0,2180.0
forecast,Mekong-Synthetic,ET-MPC,2036,noisy_persistence,0.05,1.0,1.0,0.85,0.15,0.15,f5da7242a4219abeb2a3793803d0b21413838d6c5be05b54b25689898ffadce1,1.2382737434956368,227.53252770295938,65,21.73913043478261,27.692307692307693,9.364548494983278,1300.0,900.0,2200.0
forecast,Mekong-Synthetic,ET-MPC,2037,noisy_persistence,0.05,1.0,1.0,0.85,0.15,0.15,d7bd22d19cdf158f6e01098216bbef3ffcac9d1f4c943ef08ab40c87df8a5b2b,1.340282450711493,251.3133319688344,61,20.401337792642142,32.78688524590164,11.37123745819398,1220.0,900.0,2120.0
forecast,Mekong-Synthetic,ET-MPC,2038,noisy_persistence,0.05,1.0,1.0,0.85,0.15,0.15,1e1e07557ed96a2c0afc452c074211d1b5d83c8aeef2a0d6dd3bce82fc573e3a,1.128194122523847,203.1867849741327,54,18.06020066889632,24.074074074074073,5.351170568561873,1080.0,900.0,1980.0
forecast,Mekong-Synthetic,ET-MPC,2039,noisy_persistence,0.05,1.0,1.0,0.85,0.15,0.15,cc9e884dafd4802a172381f9b897a1dd554065b611b37d5694661c44ef3fad47,1.2836052471320913,254.53042536879883,52,17.391304347826086,25.0,11.37123745819398,1040.0,900.0,1940.0
forecast,Mekong-Synthetic,ET-MPC,2040,noisy_persistence,0.05,1.0,1.0,0.85,0.15,0.15,6e927d8e6fc0a6884bec0d40621cb2f898380167831eb8d2ecab45e69894c460,1.3356352457877592,236.73239894752356,61,20.401337792642142,31.147540983606557,10.033444816053512,1220.0,900.0,2120.0
forecast,Mekong-Synthetic,ET-MPC,2041,noisy_persistence,0.05,1.0,1.0,0.85,0.15,0.15,2e66f567d694001657219307eadd8a1045e344921301bcce59f46a5cdb99fb3c,1.1913726127279647,214.41773025757067,61,20.401337792642142,31.147540983606557,7.357859531772576,1220.0,900.0,2120.0
forecast,Mekong-Synthetic,ET-MPC,2042,noisy_persistence,0.05,1.0,1.0,0.85,0.15,0.15,5dc25b4385d0b479b52d15f9f8e150655842b34a2bc5e0bf0d32311e97653639,1.1624891171668188,217.8345496880807,62,20.735785953177256,29.032258064516128,6.688963210702341,1240.0,900.0,2140.0
forecast,Mekong-Synthetic,ET-MPC,2043,noisy_persistence,0.05,1.0,1.0,0.85,0.15,0.15,d54f0a6da3a8c52d02508ae4f625c7a058d2e46346e05d48ebf9faa3d9b32324,1.3018425876813688,250.5561532778284,60,20.066889632107024,30.0,11.37123745819398,1200.0,900.0,2100.0
forecast,Mekong-Synthetic,ET-MPC,2044,noisy_persistence,0.05,1.0,1.0,0.85,0.15,0.15,a1894392a02b8d6083e376df671f6dc43f0f7ceddee2444fbbda81f8f2055f47,1.1554679304948885,216.32323819234873,57,19.06354515050167,35.08771929824562,7.023411371237458,1140.0,900.0,2040.0
forecast,Mekong-Synthetic,ET-MPC,2045,noisy_persistence,0.05,1.0,1.0,0.85,0.15,0.15,fa8e8b9dbbe958e25846277501cf58fee5efa36d13df69909d19055c699b0bac,1.060708400248366,189.02324936989314,59,19.732441471571907,35.59322033898305,4.682274247491639,1180.0,900.0,2080.0
forecast,Tokyo-Bernoulli,ET-MPC,2026,noisy_persistence,0.05,1.0,1.0,0.85,0.15,0.15,790c8f5dd988055e155f47ff6fd24c8b50beac920afbc4ce791d68cb6cedc59a,3.1027626288009467,660.2471555914852,99,33.11036789297659,25.252525252525253,40.468227424749166,1980.0,900.0,2880.0
forecast,Tokyo-Bernoulli,ET-MPC,2027,noisy_persistence,0.05,1.0,1.0,0.85,0.15,0.15,b5948e86d52c9038713ff98a3f876792a0b095b62f80d25d4f777fe5687cf13b,3.2764968399758914,672.5658736183046,97,32.441471571906355,26.804123711340207,40.13377926421405,1940.0,900.0,2840.0
forecast,Tokyo-Bernoulli,ET-MPC,2028,noisy_persistence,0.05,1.0,1.0,0.85,0.15,0.15,5e75d31e96cdd15ac6dd091671f770d206b14c7bc3463a04819d731263b1ec30,3.417046421643887,734.819648456728,106,35.45150501672241,37.735849056603776,49.163879598662206,2120.0,900.0,3020.0
forecast,Tokyo-Bernoulli,ET-MPC,2029,noisy_persistence,0.05,1.0,1.0,0.85,0.15,0.15,1b18d781f20e9c8d08506aca447c6b24d76376b2916c9bc6ba9b399b0935fee0,3.0516332402922304,636.7400032484788,106,35.45150501672241,33.9622641509434,39.46488294314381,2120.0,900.0,3020.0
forecast,Tokyo-Bernoulli,ET-MPC,2030,noisy_persistence,0.05,1.0,1.0,0.85,0.15,0.15,4911a0a6e6ae87bf909477506b8e1edb72a6e5483b97830458c5577715965602,3.2626116570587094,754.3134681359649,71,23.745819397993312,36.61971830985915,64.88294314381271,1420.0,900.0,2320.0
forecast,Tokyo-Bernoulli,ET-MPC,2031,noisy_persistence,0.05,1.0,1.0,0.85,0.15,0.15,f370c55fa062849c844d48bddc406fe9d7e0fd27df33207cfeeac16ab1bf27b8,3.28196863295465,742.2934044482274,95,31.77257525083612,33.68421052631579,54.51505016722408,1900.0,900.0,2800.0
forecast,Tokyo-Bernoulli,ET-MPC,2032,noisy_persistence,0.05,1.0,1.0,0.85,0.15,0.15,0657654dc1b26a994835d27881651b78486dc48af023aa439af2acac56d5c655,3.1120389389249308,663.3837793208419,100,33.44481605351171,31.0,41.137123745819395,2000.0,900.0,2900.0
forecast,Tokyo-Bernoulli,ET-MPC,2033,noisy_persistence,0.05,1.0,1.0,0.85,0.15,0.15,9cf2e1d6be7f50113b15b164000323374aba7ef162283e103dcc247eda3c72fd,3.1194158045654214,660.0470610001239,98,32.77591973244147,29.591836734693878,41.137123745819395,1960.0,900.0,2860.0
forecast,Tokyo-Bernoulli,ET-MPC,2034,noisy_persistence,0.05,1.0,1.0,0.85,0.15,0.15,bc6a8e590bbf10f600d1f0090af727494cd7c8c6c408e279da41e1f895bc080d,3.0912320490311695,672.3944048951099,86,28.762541806020067,22.093023255813954,46.15384615384615,1720.0,900.0,2620.0
forecast,Tokyo-Bernoulli,ET-MPC,2035,noisy_persistence,0.05,1.0,1.0,0.85,0.15,0.15,e0c92e558a911295df6345ac98a3486b5d0729c895ec97029128ecc2476d5c24,3.1390503785481085,673.0436248361763,91,30.434782608695652,26.373626373626372,44.147157190635454,1820.0,900.0,2720.0
forecast,Tokyo-Bernoulli,ET-MPC,2036,noisy_persistence,0.05,1.0,1.0,0.85,0.15,0.15,4b20ab18a2ea47e063c176e1910051feb9a4b1091cb9c1c0bfc4f368cc51c0f7,3.347308090177605,700.7842962837385,109,36.45484949832776,34.862385321100916,46.48829431438127,2180.0,900.0,3080.0
forecast,Tokyo-Bernoulli,ET-MPC,2037,noisy_persistence,0.05,1.0,1.0,0.85,0.15,0.15,61c08b9f4cb9e09d18942133c8b1156ebb3e4f7e3b90f91d3cfe4f555c92d53c,3.1225460739782673,677.6499303898833,104,34.78260869565217,31.73076923076923,42.14046822742475,2080.0,900.0,2980.0
forecast,Tokyo-Bernoulli,ET-MPC,2038,noisy_persistence,0.05,1.0,1.0,0.85,0.15,0.15,2bcdbbe6d47e1542dc982374609aa696bf1470f55231ae55073c664cf06a10b9,3.100352147647513,675.3966380880495,83,27.759197324414714,28.91566265060241,48.16053511705686,1660.0,900.0,2560.0
forecast,Tokyo-Bernoulli,ET-MPC,2039,noisy_persistence,0.05,1.0,1.0,0.85,0.15,0.15,d510e77a0aa1cc423f4065384f42687e7d519427aba0a939ad15d0f69812a8a6,3.1283087654709916,689.9306291214864,94,31.438127090301002,24.46808510638298,47.15719063545151,1880.0,900.0,2780.0
forecast,Tokyo-Bernoulli,ET-MPC,2040,noisy_persistence,0.05,1.0,1.0,0.85,0.15,0.15,73509efd2b59989b34f285c401e4c158c58402c2e7ef9fdb9b829f652c572d5a,3.146439620332991,675.4369079735748,92,30.76923076923077,25.0,46.15384615384615,1840.0,900.0,2740.0
forecast,Tokyo-Bernoulli,ET-MPC,2041,noisy_persistence,0.05,1.0,1.0,0.85,0.15,0.15,90452afdd6b156a9793fe5eb120c7c050906891f391a0c83c243ca9cfac46da3,3.1550517852210582,689.6383950199097,102,34.11371237458194,30.392156862745097,46.82274247491639,2040.0,900.0,2940.0
forecast,Tokyo-Bernoulli,ET-MPC,2042,noisy_persistence,0.05,1.0,1.0,0.85,0.15,0.15,f065ae35e3d91ea5da25e02b9fecfcc6d9bc2426b2773b8f433f4e098dd9555a,3.2232350882226153,725.7003312274413,70,23.411371237458194,34.285714285714285,55.51839464882943,1400.0,900.0,2300.0
forecast,Tokyo-Bernoulli,ET-MPC,2043,noisy_persistence,0.05,1.0,1.0,0.85,0.15,0.15,fae2b89aa7454beb374c4cd0829361758c19353823bb8125b934643b6c64e0fb,3.2804374014879585,721.1494044898614,99,33.11036789297659,32.323232323232325,50.50167224080268,1980.0,900.0,2880.0
forecast,Tokyo-Bernoulli,ET-MPC,2044,noisy_persistence,0.05,1.0,1.0,0.85,0.15,0.15,575f3a7d26f08a8940567d7e62af687dc46792e52ee3f98ebbcefc2b99369a4c,3.2395168531052936,715.9857289812628,101,33.779264214046826,28.712871287128714,49.49832775919732,2020.0,900.0,2920.0
forecast,Tokyo-Bernoulli,ET-MPC,2045,noisy_persistence,0.05,1.0,1.0,0.85,0.15,0.15,d3d918ecca7cea43f4f800911c112d14df3bed486114da477244274fba5ae473,3.219172701877315,696.0510291987827,98,32.77591973244147,32.6530612244898,44.81605351170568,1960.0,900.0,2860.0
forecast,Tokyo-Burst,ET-MPC,2026,noisy_persistence,0.05,1.0,1.0,0.85,0.15,0.15,65e607d121b7f38f51b5360462f746c1701f3e652ebd6207364bf685c944e962,3.276606619005759,673.2867718106122,86,28.762541806020067,16.27906976744186,43.812709030100336,1720.0,900.0,2620.0
forecast,Tokyo-Burst,ET-MPC,2027,noisy_persistence,0.05,1.0,1.0,0.85,0.15,0.15,0bdb2e7d81f0527e4198ba1aa2979f72a4fd1c0e86049df94b3c31dd0cd8553e,3.057191925810993,626.82081117951,94,31.438127090301002,14.893617021276595,38.12709030100334,1880.0,900.0,2780.0
forecast,Tokyo-Burst,ET-MPC,2028,noisy_persistence,0.05,1.0,1.0,0.85,0.15,0.15,bf17382a8727f01646cd32933a0b1bb93b91ff7021a00d7be25891a379d81d5f,3.039798468525639,642.5608029420107,82,27.4247491638796,15.853658536585366,39.79933110367893,1640.0,900.0,2540.0
forecast,Tokyo-Burst,ET-MPC,2029,noisy_persistence,0.05,1.0,1.0,0.85,0.15,0.15,4c2e698c488f981ba4dc9e71c3268155b14c46940f1330562245253e39f3da21,3.0610841318984283,650.0401090508059,89,29.765886287625417,13.48314606741573,39.79933110367893,1780.0,900.0,2680.0
forecast,Tokyo-Burst,ET-MPC,2030,noisy_persistence,0.05,1.0,1.0,0.85,0.15,0.15,a0499347c05b83622ed1d810b78faca034d591627097e65340fb864e081fefa6,3.137114740100286,677.1299370950096,84,28.093645484949832,14.285714285714286,42.80936454849498,1680.0,900.0,2580.0
forecast,Tokyo-Burst,ET-MPC,2031,noisy_persistence,0.05,1.0,1.0,0.85,0.15,0.15,8c056314f497b2b93cf57238354d17651567b4d55a011b817117200e5194323a,3.286798543926308,751.918591191855,50,16.722408026755854,8.0,62.207357859531776,1000.0,900.0,1900.0
forecast,Tokyo-Burst,ET-MPC,2032,noisy_persistence,0.05,1.0,1.0,0.85,0.15,0.15,101006ca15a99503b3726e3d42cd12c01dcf16530f68a27821c81839ef19477a,3.0997604557957783,664.4132195868997,89,29.765886287625417,14.606741573033707,43.1438127090301,1780.0,900.0,2680.0
forecast,Tokyo-Burst,ET-MPC,2033,noisy_persistence,0.05,1.0,1.0,0.85,0.15,0.15,a7bdab5d072e97f0d1a4511b812de4c4c7d61f93141bfcfcebafd5d34d69e3e3,3.0607640629582993,678.8041576992249,45,15.050167224080267,4.444444444444445,49.163879598662206,900.0,900.0,1800.0
forecast,Tokyo-Burst,ET-MPC,2034,noisy_persistence,0.05,1.0,1.0,0.85,0.15,0.15,68538dd445828f2aa3c1134221c091eb6052585f33831424925db67e9970eaf3,3.0754963286926604,655.4569329245825,90,30.100334448160535,21.11111111111111,41.47157190635451,1800.0,900.0,2700.0
forecast,Tokyo-Burst,ET-MPC,2035,noisy_persistence,0.05,1.0,1.0,0.85,0.15,0.15,549dcfb6ee7c6021e2804774650ff51e150ba87b86bd80a34421f2ffe8433ab8,3.06219351721734,650.6790993669764,85,28.42809364548495,11.764705882352942,42.474916387959865,1700.0,900.0,2600.0
forecast,Tokyo-Burst,ET-MPC,2036,noisy_persistence,0.05,1.0,1.0,0.85,0.15,0.15,d5f657ada9f69757a832be0156496b0f57a48b0e0c9723e296c2bbe98e7c8232,3.258120595438355,715.0661750441277,86,28.762541806020067,17.441860465116278,49.163879598662206,1720.0,900.0,2620.0
forecast,Tokyo-Burst,ET-MPC,2037,noisy_persistence,0.05,1.0,1.0,0.85,0.15,0.15,e40521c6c2b84e663a161b9fcf4b2fde8c83c34f78fbdcff83b92635a960a3a5,2.9848545990168764,621.1026359913762,90,30.100334448160535,18.88888888888889,37.792642140468224,1800.0,900.0,2700.0
forecast,Tokyo-Burst,ET-MPC,2038,noisy_persistence,0.05,1.0,1.0,0.85,0.15,0.15,102c6bc3cd4866c3e769b8a4497da7a0f0215f41ae024f2797a2ca7142378cc7,3.055561606395897,648.4477772422391,87,29.096989966555185,18.39080459770115,40.13377926421405,1740.0,900.0,2640.0
forecast,Tokyo-Burst,ET-MPC,2039,noisy_persistence,0.05,1.0,1.0,0.85,0.15,0.15,031aa52d479116fef3dec245373aa0a32b1d14db741d83c91c66c382043da16a,3.02199022414896,641.053682961863,89,29.765886287625417,17.97752808988764,39.79933110367893,1780.0,900.0,2680.0
forecast,Tokyo-Burst,ET-MPC,2040,noisy_persistence,0.05,1.0,1.0,0.85,0.15,0.15,31784831f62806c1b08e78d87ade75ed0fc3238ad556d9d246969c50a41d812e,3.1989717262996633,697.3342328142467,86,28.762541806020067,15.116279069767442,49.163879598662206,1720.0,900.0,2620.0
forecast,Tokyo-Burst,ET-MPC,2041,noisy_persistence,0.05,1.0,1.0,0.85,0.15,0.15,09ea867114e57c22c7e93ce5e9d45bdf4177a2e6b5401d57fe08844d3e7be44f,3.1758534847055824,700.5034194135771,87,29.096989966555185,16.091954022988507,50.16722408026756,1740.0,900.0,2640.0
forecast,Tokyo-Burst,ET-MPC,2042,noisy_persistence,0.05,1.0,1.0,0.85,0.15,0.15,a4f3df503155c2cdc0d5cc8a5a8f388917ad197f744afdc3f3cedf0f66667ede,3.1432927967851247,681.4913356169378,75,25.08361204013378,13.333333333333334,48.16053511705686,1500.0,900.0,2400.0
forecast,Tokyo-Burst,ET-MPC,2043,noisy_persistence,0.05,1.0,1.0,0.85,0.15,0.15,18d71e275e87e800409e3d7abedc1f1bab1d7353aa7c98bf36a8499c9ef1bfb2,3.2088373707735447,690.4773258496482,97,32.441471571906355,23.711340206185568,42.474916387959865,1940.0,900.0,2840.0
forecast,Tokyo-Burst,ET-MPC,2044,noisy_persistence,0.05,1.0,1.0,0.85,0.15,0.15,3873d89685ac9ee093dc3925bd072a74decd3fa654efb7e5b5ca90c91217700c,3.1496158248320327,686.2864271734048,92,30.76923076923077,20.652173913043477,46.15384615384615,1840.0,900.0,2740.0
forecast,Tokyo-Burst,ET-MPC,2045,noisy_persistence,0.05,1.0,1.0,0.85,0.15,0.15,09aa72b38290d388996f36c546723e2e4e9a01e8cefa1dea0820c6c9bb7827be,4.670056080790621,837.9046865552823,97,32.441471571906355,26.804123711340207,44.147157190635454,1940.0,900.0,2840.0
forecast,Mekong-Synthetic,ET-MPC,2026,oracle,0.05,1.0,1.0,0.85,0.15,0.15,7e803f7ee475bf62816034ee923701875530291eb8410196d3f0c606ea9a5c5e,1.0308567281950816,193.13973376239892,42,14.046822742474916,16.666666666666668,4.013377926421405,840.0,900.0,1740.0
forecast,Mekong-Synthetic,ET-MPC,2027,oracle,0.05,1.0,1.0,0.85,0.15,0.15,c14ae88d487bb93f976d4e0c9af3ba4ac529c4008d2aea47d68a1cec6ddfbfbb,1.0652362793748509,211.53555359077046,44,14.715719063545151,25.0,2.6755852842809364,880.0,900.0,1780.0
forecast,Mekong-Synthetic,ET-MPC,2028,oracle,0.05,1.0,1.0,0.85,0.15,0.15,fedf7c4a2c7871a0e4680d3cc59076daa7c90dfb0ff55d09ad4759fcb90081df,1.1568742654927373,221.59508386012556,47,15.719063545150501,25.53191489361702,6.354515050167224,940.0,900.0,1840.0
forecast,Mekong-Synthetic,ET-MPC,2029,oracle,0.05,1.0,1.0,0.85,0.15,0.15,c3bb168946c896796f5e8565ff1a0084f8ccf5866c8c5189fe62fe00b70830a1,1.1891605102011418,234.8904968913433,56,18.729096989966557,35.714285714285715,7.023411371237458,1120.0,900.0,2020.0
forecast,Mekong-Synthetic,ET-MPC,2030,oracle,0.05,1.0,1.0,0.85,0.15,0.15,1886d32bc065eecd277560ff2a01bab42cbf45d4c82d1766b01b1cee279137f8,1.0040778372911678,189.16962685798416,44,14.715719063545151,18.181818181818183,3.3444816053511706,880.0,900.0,1780.0
forecast,Mekong-Synthetic,ET-MPC,2031,oracle,0.05,1.0,1.0,0.85,0.15,0.15,c63ead25ab03cd96842d1b9a4e790611f4afa7dba28184547c73cc220395665c,1.2280504171613338,240.25555945969018,47,15.719063545150501,31.914893617021278,8.02675585284281,940.0,900.0,1840.0
forecast,Mekong-Synthetic,ET-MPC,2032,oracle,0.05,1.0,1.0,0.85,0.15,0.15,91eecc62989b6bee99e9695dc98ce8dc73fca3e8b851a2e74f86d526847e419c,1.1671160469578974,226.69021343505733,43,14.381270903010034,20.930232558139537,5.68561872909699,860.0,900.0,1760.0
forecast,Mekong-Synthetic,ET-MPC,2033,oracle,0.05,1.0,1.0,0.85,0.15,0.15,8f1471f47e225d3c516393af84ae662103f37dcc816de50fe2ea58e41bd81f59,1.1840674826077575,229.77008700796074,50,16.722408026755854,26.0,6.0200668896321075,1000.0,900.0,1900.0
forecast,Mekong-Synthetic,ET-MPC,2034,oracle,0.05,1.0,1.0,0.85,0.15,0.15,040443b9a57b58e8860dbe62d377659b3bd96ddf2cf7d9148fdf8fd32c63779d,1.1306437689201252,211.80376509346445,43,14.381270903010034,16.27906976744186,5.68561872909699,860.0,900.0,1760.0
forecast,Mekong-Synthetic,ET-MPC,2035,oracle,0.05,1.0,1.0,0.85,0.15,0.15,3302abdac216d672687cbb302481baa7a1acf2d8e03ce74ea26885fad60dee6c,1.230922210931193,244.4062283348457,51,17.05685618729097,29.41176470588235,7.6923076923076925,1020.0,900.0,1920.0
forecast,Mekong-Synthetic,ET-MPC,2036,oracle,0.05,1.0,1.0,0.85,0.15,0.15,f5da7242a4219abeb2a3793803d0b21413838d6c5be05b54b25689898ffadce1,1.1253874499320944,215.74988623699755,49,16.387959866220736,30.612244897959183,4.682274247491639,980.0,900.0,1880.0
forecast,Mekong-Synthetic,ET-MPC,2037,oracle,0.05,1.0,1.0,0.85,0.15,0.15,d7bd22d19cdf158f6e01098216bbef3ffcac9d1f4c943ef08ab40c87df8a5b2b,1.1604489688436312,225.91744467754012,45,15.050167224080267,24.444444444444443,5.68561872909699,900.0,900.0,1800.0
forecast,Mekong-Synthetic,ET-MPC,2038,oracle,0.05,1.0,1.0,0.85,0.15,0.15,1e1e07557ed96a2c0afc452c074211d1b5d83c8aeef2a0d6dd3bce82fc573e3a,1.124623114531462,217.6257495285201,41,13.7123745819398,19.51219512195122,3.678929765886288,820.0,900.0,1720.0
forecast,Mekong-Synthetic,ET-MPC,2039,oracle,0.05,1.0,1.0,0.85,0.15,0.15,cc9e884dafd4802a172381f9b897a1dd554065b611b37d5694661c44ef3fad47,1.1153588993585963,227.79104020430748,49,16.387959866220736,30.612244897959183,6.0200668896321075,980.0,900.0,1880.0
forecast,Mekong-Synthetic,ET-MPC,2040,oracle,0.05,1.0,1.0,0.85,0.15,0.15,6e927d8e6fc0a6884bec0d40621cb2f898380167831eb8d2ecab45e69894c460,1.3077078027886708,253.0908513733301,52,17.391304347826086,30.76923076923077,8.02675585284281,1040.0,900.0,1940.0
forecast,Mekong-Synthetic,ET-MPC,2041,oracle,0.05,1.0,1.0,0.85,0.15,0.15,2e66f567d694001657219307eadd8a1045e344921301bcce59f46a5cdb99fb3c,1.1689033256559114,223.03064397519506,47,15.719063545150501,27.659574468085108,5.351170568561873,940.0,900.0,1840.0
forecast,Mekong-Synthetic,ET-MPC,2042,oracle,0.05,1.0,1.0,0.85,0.15,0.15,5dc25b4385d0b479b52d15f9f8e150655842b34a2bc5e0bf0d32311e97653639,1.1564096845572174,226.76572621778192,48,16.05351170568562,29.166666666666668,5.351170568561873,960.0,900.0,1860.0
forecast,Mekong-Synthetic,ET-MPC,2043,oracle,0.05,1.0,1.0,0.85,0.15,0.15,d54f0a6da3a8c52d02508ae4f625c7a058d2e46346e05d48ebf9faa3d9b32324,1.132457007823562,217.9265958630528,42,14.046822742474916,19.047619047619047,5.351170568561873,840.0,900.0,1740.0
forecast,Mekong-Synthetic,ET-MPC,2044,oracle,0.05,1.0,1.0,0.85,0.15,0.15,a1894392a02b8d6083e376df671f6dc43f0f7ceddee2444fbbda81f8f2055f47,1.1585746061471578,225.45558756647483,44,14.715719063545151,20.454545454545453,7.357859531772576,880.0,900.0,1780.0
forecast,Mekong-Synthetic,ET-MPC,2045,oracle,0.05,1.0,1.0,0.85,0.15,0.15,fa8e8b9dbbe958e25846277501cf58fee5efa36d13df69909d19055c699b0bac,1.0868637341979444,217.53757314320444,36,12.040133779264215,11.11111111111111,4.3478260869565215,720.0,900.0,1620.0
forecast,Tokyo-Bernoulli,ET-MPC,2026,oracle,0.05,1.0,1.0,0.85,0.15,0.15,790c8f5dd988055e155f47ff6fd24c8b50beac920afbc4ce791d68cb6cedc59a,3.0759912433981453,649.2731029846839,92,30.76923076923077,21.73913043478261,42.14046822742475,1840.0,900.0,2740.0
forecast,Tokyo-Bernoulli,ET-MPC,2027,oracle,0.05,1.0,1.0,0.85,0.15,0.15,b5948e86d52c9038713ff98a3f876792a0b095b62f80d25d4f777fe5687cf13b,3.285613782064232,672.4493694957296,97,32.441471571906355,24.742268041237114,41.80602006688963,1940.0,900.0,2840.0
forecast,Tokyo-Bernoulli,ET-MPC,2028,oracle,0.05,1.0,1.0,0.85,0.15,0.15,5e75d31e96cdd15ac6dd091671f770d206b14c7bc3463a04819d731263b1ec30,3.312589935559171,696.5549146631673,99,33.11036789297659,32.323232323232325,46.15384615384615,1980.0,900.0,2880.0
forecast,Tokyo-Bernoulli,ET-MPC,2029,oracle,0.05,1.0,1.0,0.85,0.15,0.15,1b18d781f20e9c8d08506aca447c6b24d76376b2916c9bc6ba9b399b0935fee0,3.114977669183584,664.182068243463,100,33.44481605351171,30.0,41.47157190635451,2000.0,900.0,2900.0
forecast,Tokyo-Bernoulli,ET-MPC,2030,oracle,0.05,1.0,1.0,0.85,0.15,0.15,4911a0a6e6ae87bf909477506b8e1edb72a6e5483b97830458c5577715965602,3.0594717198852157,655.8000003892638,95,31.77257525083612,27.36842105263158,46.15384615384615,1900.0,900.0,2800.0
forecast,Tokyo-Bernoulli,ET-MPC,2031,oracle,0.05,1.0,1.0,0.85,0.15,0.15,f370c55fa062849c844d48bddc406fe9d7e0fd27df33207cfeeac16ab1bf27b8,3.081373992164018,653.9236111859914,99,33.11036789297659,28.282828282828284,41.80602006688963,1980.0,900.0,2880.0
forecast,Tokyo-Bernoulli,ET-MPC,2032,oracle,0.05,1.0,1.0,0.85,0.15,0.15,0657654dc1b26a994835d27881651b78486dc48af023aa439af2acac56d5c655,3.0598169762642313,644.1403890196168,95,31.77257525083612,26.31578947368421,41.80602006688963,1900.0,900.0,2800.0
forecast,Tokyo-Bernoulli,ET-MPC,2033,oracle,0.05,1.0,1.0,0.85,0.15,0.15,9cf2e1d6be7f50113b15b164000323374aba7ef162283e103dcc247eda3c72fd,3.159111394948566,688.6681640906022,96,32.10702341137124,27.083333333333332,46.48829431438127,1920.0,900.0,2820.0
forecast,Tokyo-Bernoulli,ET-MPC,2034,oracle,0.05,1.0,1.0,0.85,0.15,0.15,bc6a8e590bbf10f600d1f0090af727494cd7c8c6c408e279da41e1f895bc080d,3.1044307396376305,666.9223091043456,98,32.77591973244147,27.551020408163264,44.48160535117057,1960.0,900.0,2860.0
forecast,Tokyo-Bernoulli,ET-MPC,2035,oracle,0.05,1.0,1.0,0.85,0.15,0.15,e0c92e558a911295df6345ac98a3486b5d0729c895ec97029128ecc2476d5c24,3.140063966361367,678.6891970604265,98,32.77591973244147,27.551020408163264,46.82274247491639,1960.0,900.0,2860.0
forecast,Tokyo-Bernoulli,ET-MPC,2036,oracle,0.05,1.0,1.0,0.85,0.15,0.15,4b20ab18a2ea47e063c176e1910051feb9a4b1091cb9c1c0bfc4f368cc51c0f7,3.295089418506759,679.1729432783313,103,34.448160535117054,33.980582524271846,42.474916387959865,2060.0,900.0,2960.0
forecast,Tokyo-Bernoulli,ET-MPC,2037,oracle,0.05,1.0,1.0,0.85,0.15,0.15,61c08b9f4cb9e09d18942133c8b1156ebb3e4f7e3b90f91d3cfe4f555c92d53c,3.140816931268858,686.9930371331999,107,35.785953177257525,32.71028037383178,46.15384615384615,2140.0,900.0,3040.0
forecast,Tokyo-Bernoulli,ET-MPC,2038,oracle,0.05,1.0,1.0,0.85,0.15,0.15,2bcdbbe6d47e1542dc982374609aa696bf1470f55231ae55073c664cf06a10b9,3.0571484319772284,648.3922258901468,98,32.77591973244147,26.53061224489796,43.812709030100336,1960.0,900.0,2860.0
forecast,Tokyo-Bernoulli,ET-MPC,2039,oracle,0.05,1.0,1.0,0.85,0.15,0.15,d510e77a0aa1cc423f4065384f42687e7d519427aba0a939ad15d0f69812a8a6,3.0861321097010386,661.8846000748454,97,32.441471571906355,23.711340206185568,43.1438127090301,1940.0,900.0,2840.0
forecast,Tokyo-Bernoulli,ET-MPC,2040,oracle,0.05,1.0,1.0,0.85,0.15,0.15,73509efd2b59989b34f285c401e4c158c58402c2e7ef9fdb9b829f652c572d5a,3.0895251807832698,650.9531108480342,96,32.10702341137124,22.916666666666668,40.13377926421405,1920.0,900.0,2820.0
forecast,Tokyo-Bernoulli,ET-MPC,2041,oracle,0.05,1.0,1.0,0.85,0.15,0.15,90452afdd6b156a9793fe5eb120c7c050906891f391a0c83c243ca9cfac46da3,3.1166422552713033,675.324519422249,93,31.103678929765888,25.806451612903224,41.47157190635451,1860.0,900.0,2760.0
forecast,Tokyo-Bernoulli,ET-MPC,2042,oracle,0.05,1.0,1.0,0.85,0.15,0.15,f065ae35e3d91ea5da25e02b9fecfcc6d9bc2426b2773b8f433f4e098dd9555a,3.1098486321993515,665.1751541356075,101,33.779264214046826,29.702970297029704,43.812709030100336,2020.0,900.0,2920.0
forecast,Tokyo-Bernoulli,ET-MPC,2043,oracle,0.05,1.0,1.0,0.85,0.15,0.15,fae2b89aa7454beb374c4cd0829361758c19353823bb8125b934643b6c64e0fb,3.2326412565398757,713.8383142076807,97,32.441471571906355,35.05154639175258,50.50167224080268,1940.0,900.0,2840.0
forecast,Tokyo-Bernoulli,ET-MPC,2044,oracle,0.05,1.0,1.0,0.85,0.15,0.15,575f3a7d26f08a8940567d7e62af687dc46792e52ee3f98ebbcefc2b99369a4c,3.2756080854363723,734.3499642631805,95,31.77257525083612,30.526315789473685,56.187290969899664,1900.0,900.0,2800.0
forecast,Tokyo-Bernoulli,ET-MPC,2045,oracle,0.05,1.0,1.0,0.85,0.15,0.15,d3d918ecca7cea43f4f800911c112d14df3bed486114da477244274fba5ae473,3.0101507663101694,618.5904128543336,90,30.100334448160535,22.22222222222222,37.123745819397996,1800.0,900.0,2700.0
forecast,Tokyo-Burst,ET-MPC,2026,oracle,0.05,1.0,1.0,0.85,0.15,0.15,65e607d121b7f38f51b5360462f746c1701f3e652ebd6207364bf685c944e962,3.286944674622916,680.2661972348243,85,28.42809364548495,16.470588235294116,44.81605351170568,1700.0,900.0,2600.0
forecast,Tokyo-Burst,ET-MPC,2027,oracle,0.05,1.0,1.0,0.85,0.15,0.15,0bdb2e7d81f0527e4198ba1aa2979f72a4fd1c0e86049df94b3c31dd0cd8553e,3.0336567508671015,632.1136162125256,86,28.762541806020067,11.627906976744185,36.78929765886288,1720.0,900.0,2620.0
forecast,Tokyo-Burst,ET-MPC,2028,oracle,0.05,1.0,1.0,0.85,0.15,0.15,bf17382a8727f01646cd32933a0b1bb93b91ff7021a00d7be25891a379d81d5f,3.0828391439678136,656.2634683762623,77,25.752508361204015,7.792207792207792,43.812709030100336,1540.0,900.0,2440.0
forecast,Tokyo-Burst,ET-MPC,2029,oracle,0.05,1.0,1.0,0.85,0.15,0.15,4c2e698c488f981ba4dc9e71c3268155b14c46940f1330562245253e39f3da21,3.1813959213353633,701.4895946456604,91,30.434782608695652,20.87912087912088,48.49498327759197,1820.0,900.0,2720.0
forecast,Tokyo-Burst,ET-MPC,2030,oracle,0.05,1.0,1.0,0.85,0.15,0.15,a0499347c05b83622ed1d810b78faca034d591627097e65340fb864e081fefa6,3.0998559583655996,670.1402641506372,89,29.765886287625417,15.730337078651685,45.48494983277592,1780.0,900.0,2680.0
forecast,Tokyo-Burst,ET-MPC,2031,oracle,0.05,1.0,1.0,0.85,0.15,0.15,8c056314f497b2b93cf57238354d17651567b4d55a011b817117200e5194323a,3.114351534069354,667.1859250361927,92,30.76923076923077,21.73913043478261,41.80602006688963,1840.0,900.0,2740.0
forecast,Tokyo-Burst,ET-MPC,2032,oracle,0.05,1.0,1.0,0.85,0.15,0.15,101006ca15a99503b3726e3d42cd12c01dcf16530f68a27821c81839ef19477a,3.0761361563988987,654.6717374080458,90,30.100334448160535,18.88888888888889,41.137123745819395,1800.0,900.0,2700.0
forecast,Tokyo-Burst,ET-MPC,2033,oracle,0.05,1.0,1.0,0.85,0.15,0.15,a7bdab5d072e97f0d1a4511b812de4c4c7d61f93141bfcfcebafd5d34d69e3e3,3.0641323965722846,657.4114165196424,85,28.42809364548495,12.941176470588236,43.812709030100336,1700.0,900.0,2600.0
forecast,Tokyo-Burst,ET-MPC,2034,oracle,0.05,1.0,1.0,0.85,0.15,0.15,68538dd445828f2aa3c1134221c091eb6052585f33831424925db67e9970eaf3,3.1283800048356176,675.5711065212533,90,30.100334448160535,21.11111111111111,43.47826086956522,1800.0,900.0,2700.0
forecast,Tokyo-Burst,ET-MPC,2035,oracle,0.05,1.0,1.0,0.85,0.15,0.15,549dcfb6ee7c6021e2804774650ff51e150ba87b86bd80a34421f2ffe8433ab8,3.015197173314112,630.368211446934,85,28.42809364548495,11.764705882352942,38.12709030100334,1700.0,900.0,2600.0
forecast,Tokyo-Burst,ET-MPC,2036,oracle,0.05,1.0,1.0,0.85,0.15,0.15,d5f657ada9f69757a832be0156496b0f57a48b0e0c9723e296c2bbe98e7c8232,3.0943075238474362,660.0794924062283,98,32.77591973244147,28.571428571428573,40.468227424749166,1960.0,900.0,2860.0
forecast,Tokyo-Burst,ET-MPC,2037,oracle,0.05,1.0,1.0,0.85,0.15,0.15,e40521c6c2b84e663a161b9fcf4b2fde8c83c34f78fbdcff83b92635a960a3a5,2.9254801122917167,596.5051404180191,89,29.765886287625417,15.730337078651685,33.11036789297659,1780.0,900.0,2680.0
forecast,Tokyo-Burst,ET-MPC,2038,oracle,0.05,1.0,1.0,0.85,0.15,0.15,102c6bc3cd4866c3e769b8a4497da7a0f0215f41ae024f2797a2ca7142378cc7,3.0359129428970504,638.6271121471855,87,29.096989966555185,20.689655172413794,37.792642140468224,1740.0,900.0,2640.0
forecast,Tokyo-Burst,ET-MPC,2039,oracle,0.05,1.0,1.0,0.85,0.15,0.15,031aa52d479116fef3dec245373aa0a32b1d14db741d83c91c66c382043da16a,3.033949249490854,645.2890470615822,89,29.765886287625417,16.853932584269664,42.14046822742475,1780.0,900.0,2680.0
forecast,Tokyo-Burst,ET-MPC,2040,oracle,0.05,1.0,1.0,0.85,0.15,0.15,31784831f62806c1b08e78d87ade75ed0fc3238ad556d9d246969c50a41d812e,3.066787339176122,638.2334712783552,87,29.096989966555185,12.64367816091954,41.47157190635451,1740.0,900.0,2640.0
forecast,Tokyo-Burst,ET-MPC,2041,oracle,0.05,1.0,1.0,0.85,0.15,0.15,09ea867114e57c22c7e93ce5e9d45bdf4177a2e6b5401d57fe08844d3e7be44f,3.1443228862372474,685.512209090251,79,26.421404682274247,11.39240506329114,46.15384615384615,1580.0,900.0,2480.0
forecast,Tokyo-Burst,ET-MPC,2042,oracle,0.05,1.0,1.0,0.85,0.15,0.15,a4f3df503155c2cdc0d5cc8a5a8f388917ad197f744afdc3f3cedf0f66667ede,3.011291908487151,623.8655147450058,87,29.096989966555185,14.942528735632184,39.46488294314381,1740.0,900.0,2640.0
forecast,Tokyo-Burst,ET-MPC,2043,oracle,0.05,1.0,1.0,0.85,0.15,0.15,18d71e275e87e800409e3d7abedc1f1bab1d7353aa7c98bf36a8499c9ef1bfb2,3.1370979649665593,677.9554307065539,91,30.434782608695652,20.87912087912088,43.812709030100336,1820.0,900.0,2720.0
forecast,Tokyo-Burst,ET-MPC,2044,oracle,0.05,1.0,1.0,0.85,0.15,0.15,3873d89685ac9ee093dc3925bd072a74decd3fa654efb7e5b5ca90c91217700c,3.1482829784033015,680.3308682743472,88,29.431438127090303,17.045454545454547,46.15384615384615,1760.0,900.0,2660.0
forecast,Tokyo-Burst,ET-MPC,2045,oracle,0.05,1.0,1.0,0.85,0.15,0.15,09aa72b38290d388996f36c546723e2e4e9a01e8cefa1dea0820c6c9bb7827be,4.60874654640413,797.3737963651993,97,32.441471571906355,21.649484536082475,40.468227424749166,1940.0,900.0,2840.0
trigger,Mekong-Synthetic,ET-MPC,2026,persistence,0.02,1.0,1.0,0.85,0.15,0.15,7e803f7ee475bf62816034ee923701875530291eb8410196d3f0c606ea9a5c5e,1.0698046339405267,191.2125024443126,56,18.729096989966557,19.642857142857142,5.016722408026756,1120.0,900.0,2020.0
trigger,Mekong-Synthetic,ET-MPC,2027,persistence,0.02,1.0,1.0,0.85,0.15,0.15,c14ae88d487bb93f976d4e0c9af3ba4ac529c4008d2aea47d68a1cec6ddfbfbb,1.1491908713905856,208.14055437454874,56,18.729096989966557,26.785714285714285,5.68561872909699,1120.0,900.0,2020.0
trigger,Mekong-Synthetic,ET-MPC,2028,persistence,0.02,1.0,1.0,0.85,0.15,0.15,fedf7c4a2c7871a0e4680d3cc59076daa7c90dfb0ff55d09ad4759fcb90081df,1.14032845075341,204.23612254153565,58,19.39799331103679,32.758620689655174,6.0200668896321075,1160.0,900.0,2060.0
trigger,Mekong-Synthetic,ET-MPC,2029,persistence,0.02,1.0,1.0,0.85,0.15,0.15,c3bb168946c896796f5e8565ff1a0084f8ccf5866c8c5189fe62fe00b70830a1,1.1806174976364487,209.20826861461904,59,19.732441471571907,33.898305084745765,6.0200668896321075,1180.0,900.0,2080.0
trigger,Mekong-Synthetic,ET-MPC,2030,persistence,0.02,1.0,1.0,0.85,0.15,0.15,1886d32bc065eecd277560ff2a01bab42cbf45d4c82d1766b01b1cee279137f8,1.1365268721156698,204.3204719026051,59,19.732441471571907,28.8135593220339,6.688963210702341,1180.0,900.0,2080.0
trigger,Mekong-Synthetic,ET-MPC,2031,persistence,0.02,1.0,1.0,0.85,0.15,0.15,c63ead25ab03cd96842d1b9a4e790611f4afa7dba28184547c73cc220395665c,1.108291704570164,189.5386503427079,62,20.735785953177256,33.87096774193548,5.351170568561873,1240.0,900.0,2140.0
trigger,Mekong-Synthetic,ET-MPC,2032,persistence,0.02,1.0,1.0,0.85,0.15,0.15,91eecc62989b6bee99e9695dc98ce8dc73fca3e8b851a2e74f86d526847e419c,1.1461847498069413,209.8251820247748,66,22.073578595317727,37.878787878787875,8.02675585284281,1320.0,900.0,2220.0
trigger,Mekong-Synthetic,ET-MPC,2033,persistence,0.02,1.0,1.0,0.85,0.15,0.15,8f1471f47e225d3c516393af84ae662103f37dcc816de50fe2ea58e41bd81f59,1.2249619832016205,222.34354091159253,63,21.070234113712374,33.333333333333336,7.6923076923076925,1260.0,900.0,2160.0
trigger,Mekong-Synthetic,ET-MPC,2034,persistence,0.02,1.0,1.0,0.85,0.15,0.15,040443b9a57b58e8860dbe62d377659b3bd96ddf2cf7d9148fdf8fd32c63779d,1.1627029082071605,208.77487193584045,62,20.735785953177256,30.64516129032258,6.354515050167224,1240.0,900.0,2140.0
trigger,Mekong-Synthetic,ET-MPC,2035,persistence,0.02,1.0,1.0,0.85,0.15,0.15,3302abdac216d672687cbb302481baa7a1acf2d8e03ce74ea26885fad60dee6c,1.2248262935172956,227.86770332848943,64,21.40468227424749,26.5625,7.023411371237458,1280.0,900.0,2180.0
trigger,Mekong-Synthetic,ET-MPC,2036,persistence,0.02,1.0,1.0,0.85,0.15,0.15,f5da7242a4219abeb2a3793803d0b21413838d6c5be05b54b25689898ffadce1,1.2618618706755416,227.09294803994598,62,20.735785953177256,35.483870967741936,8.361204013377927,1240.0,900.0,2140.0
trigger,Mekong-Synthetic,ET-MPC,2037,persistence,0.02,1.0,1.0,0.85,0.15,0.15,d7bd22d19cdf158f6e01098216bbef3ffcac9d1f4c943ef08ab40c87df8a5b2b,1.2366545245332583,225.33147285477642,60,20.066889632107024,35.0,8.02675585284281,1200.0,900.0,2100.0
trigger,Mekong-Synthetic,ET-MPC,2038,persistence,0.02,1.0,1.0,0.85,0.15,0.15,1e1e07557ed96a2c0afc452c074211d1b5d83c8aeef2a0d6dd3bce82fc573e3a,1.2283560626536636,223.3014014575006,60,20.066889632107024,31.666666666666668,8.361204013377927,1200.0,900.0,2100.0
trigger,Mekong-Synthetic,ET-MPC,2039,persistence,0.02,1.0,1.0,0.85,0.15,0.15,cc9e884dafd4802a172381f9b897a1dd554065b611b37d5694661c44ef3fad47,1.0434200300497276,185.79684720707786,60,20.066889632107024,28.333333333333332,5.68561872909699,1200.0,900.0,2100.0
trigger,Mekong-Synthetic,ET-MPC,2040,persistence,0.02,1.0,1.0,0.85,0.15,0.15,6e927d8e6fc0a6884bec0d40621cb2f898380167831eb8d2ecab45e69894c460,1.2346073590844424,214.0954403283708,54,18.06020066889632,27.77777777777778,6.0200668896321075,1080.0,900.0,1980.0
trigger,Mekong-Synthetic,ET-MPC,2041,persistence,0.02,1.0,1.0,0.85,0.15,0.15,2e66f567d694001657219307eadd8a1045e344921301bcce59f46a5cdb99fb3c,1.151300573944545,199.11499053348885,66,22.073578595317727,34.84848484848485,7.6923076923076925,1320.0,900.0,2220.0
trigger,Mekong-Synthetic,ET-MPC,2042,persistence,0.02,1.0,1.0,0.85,0.15,0.15,5dc25b4385d0b479b52d15f9f8e150655842b34a2bc5e0bf0d32311e97653639,1.1319308623983002,201.34502764685513,54,18.06020066889632,29.62962962962963,6.688963210702341,1080.0,900.0,1980.0
trigger,Mekong-Synthetic,ET-MPC,2043,persistence,0.02,1.0,1.0,0.85,0.15,0.15,d54f0a6da3a8c52d02508ae4f625c7a058d2e46346e05d48ebf9faa3d9b32324,1.0798102208469822,179.20670934884564,58,19.39799331103679,24.137931034482758,6.0200668896321075,1160.0,900.0,2060.0
trigger,Mekong-Synthetic,ET-MPC,2044,persistence,0.02,1.0,1.0,0.85,0.15,0.15,a1894392a02b8d6083e376df671f6dc43f0f7ceddee2444fbbda81f8f2055f47,1.137951288636772,205.86399165285306,53,17.725752508361204,26.41509433962264,5.351170568561873,1060.0,900.0,1960.0
trigger,Mekong-Synthetic,ET-MPC,2045,persistence,0.02,1.0,1.0,0.85,0.15,0.15,fa8e8b9dbbe958e25846277501cf58fee5efa36d13df69909d19055c699b0bac,1.097068695093159,196.14208071745782,50,16.722408026755854,22.0,6.354515050167224,1000.0,900.0,1900.0
trigger,Tokyo-Bernoulli,ET-MPC,2026,persistence,0.02,1.0,1.0,0.85,0.15,0.15,790c8f5dd988055e155f47ff6fd24c8b50beac920afbc4ce791d68cb6cedc59a,3.1287360990289597,673.5524746758185,94,31.438127090301002,22.340425531914892,43.47826086956522,1880.0,900.0,2780.0
trigger,Tokyo-Bernoulli,ET-MPC,2027,persistence,0.02,1.0,1.0,0.85,0.15,0.15,b5948e86d52c9038713ff98a3f876792a0b095b62f80d25d4f777fe5687cf13b,3.347480832027076,694.7718895601745,98,32.77591973244147,30.612244897959183,45.1505016722408,1960.0,900.0,2860.0
trigger,Tokyo-Bernoulli,ET-MPC,2028,persistence,0.02,1.0,1.0,0.85,0.15,0.15,5e75d31e96cdd15ac6dd091671f770d206b14c7bc3463a04819d731263b1ec30,3.2880524224993977,686.0601509078176,105,35.11705685618729,35.23809523809524,42.474916387959865,2100.0,900.0,3000.0
trigger,Tokyo-Bernoulli,ET-MPC,2029,persistence,0.02,1.0,1.0,0.85,0.15,0.15,1b18d781f20e9c8d08506aca447c6b24d76376b2916c9bc6ba9b399b0935fee0,3.3254091181091607,754.0867974692003,95,31.77257525083612,30.526315789473685,54.8494983277592,1900.0,900.0,2800.0
trigger,Tokyo-Bernoulli,ET-MPC,2030,persistence,0.02,1.0,1.0,0.85,0.15,0.15,4911a0a6e6ae87bf909477506b8e1edb72a6e5483b97830458c5577715965602,3.2878808257299985,733.4070987585638,107,35.785953177257525,37.38317757009346,51.17056856187291,2140.0,900.0,3040.0
trigger,Tokyo-Bernoulli,ET-MPC,2031,persistence,0.02,1.0,1.0,0.85,0.15,0.15,f370c55fa062849c844d48bddc406fe9d7e0fd27df33207cfeeac16ab1bf27b8,3.4994753190853363,818.0206313977243,84,28.093645484949832,36.904761904761905,58.862876254180605,1680.0,900.0,2580.0
trigger,Tokyo-Bernoulli,ET-MPC,2032,persistence,0.02,1.0,1.0,0.85,0.15,0.15,0657654dc1b26a994835d27881651b78486dc48af023aa439af2acac56d5c655,3.113561156143255,662.0448697208949,98,32.77591973244147,26.53061224489796,42.14046822742475,1960.0,900.0,2860.0
trigger,Tokyo-Bernoulli,ET-MPC,2033,persistence,0.02,1.0,1.0,0.85,0.15,0.15,9cf2e1d6be7f50113b15b164000323374aba7ef162283e103dcc247eda3c72fd,3.14337758872882,688.1581022138795,92,30.76923076923077,19.565217391304348,45.48494983277592,1840.0,900.0,2740.0
trigger,Tokyo-Bernoulli,ET-MPC,2034,persistence,0.02,1.0,1.0,0.85,0.15,0.15,bc6a8e590bbf10f600d1f0090af727494cd7c8c6c408e279da41e1f895bc080d,3.1781589415994422,708.4470152796493,85,28.42809364548495,22.352941176470587,49.83277591973244,1700.0,900.0,2600.0
trigger,Tokyo-Bernoulli,ET-MPC,2035,persistence,0.02,1.0,1.0,0.85,0.15,0.15,e0c92e558a911295df6345ac98a3486b5d0729c895ec97029128ecc2476d5c24,3.0689565858052195,648.8061314928075,97,32.441471571906355,26.804123711340207,39.130434782608695,1940.0,900.0,2840.0
trigger,Tokyo-Bernoulli,ET-MPC,2036,persistence,0.02,1.0,1.0,0.85,0.15,0.15,4b20ab18a2ea47e063c176e1910051feb9a4b1091cb9c1c0bfc4f368cc51c0f7,3.3229207985483336,687.867601848315,111,37.123745819397996,36.03603603603604,42.80936454849498,2220.0,900.0,3120.0
trigger,Tokyo-Bernoulli,ET-MPC,2037,persistence,0.02,1.0,1.0,0.85,0.15,0.15,61c08b9f4cb9e09d18942133c8b1156ebb3e4f7e3b90f91d3cfe4f555c92d53c,3.048569151118344,645.9350824899742,94,31.438127090301002,22.340425531914892,36.45484949832776,1880.0,900.0,2780.0
trigger,Tokyo-Bernoulli,ET-MPC,2038,persistence,0.02,1.0,1.0,0.85,0.15,0.15,2bcdbbe6d47e1542dc982374609aa696bf1470f55231ae55073c664cf06a10b9,3.0893437542791378,659.3746257353748,91,30.434782608695652,25.274725274725274,43.47826086956522,1820.0,900.0,2720.0
trigger,Tokyo-Bernoulli,ET-MPC,2039,persistence,0.02,1.0,1.0,0.85,0.15,0.15,d510e77a0aa1cc423f4065384f42687e7d519427aba0a939ad15d0f69812a8a6,3.0902161674235247,672.5980980728259,93,31.103678929765888,23.655913978494624,44.81605351170568,1860.0,900.0,2760.0
trigger,Tokyo-Bernoulli,ET-MPC,2040,persistence,0.02,1.0,1.0,0.85,0.15,0.15,73509efd2b59989b34f285c401e4c158c58402c2e7ef9fdb9b829f652c572d5a,3.1371354075727833,664.5114445885242,93,31.103678929765888,22.580645161290324,43.47826086956522,1860.0,900.0,2760.0
trigger,Tokyo-Bernoulli,ET-MPC,2041,persistence,0.02,1.0,1.0,0.85,0.15,0.15,90452afdd6b156a9793fe5eb120c7c050906891f391a0c83c243ca9cfac46da3,3.166740712260039,691.0514312758509,108,36.12040133779264,32.407407407407405,44.48160535117057,2160.0,900.0,3060.0
trigger,Tokyo-Bernoulli,ET-MPC,2042,persistence,0.02,1.0,1.0,0.85,0.15,0.15,f065ae35e3d91ea5da25e02b9fecfcc6d9bc2426b2773b8f433f4e098dd9555a,3.1723811730606695,693.4890606153114,100,33.44481605351171,33.0,45.1505016722408,2000.0,900.0,2900.0
trigger,Tokyo-Bernoulli,ET-MPC,2043,persistence,0.02,1.0,1.0,0.85,0.15,0.15,fae2b89aa7454beb374c4cd0829361758c19353823bb8125b934643b6c64e0fb,3.153880516789316,670.8501736183695,104,34.78260869565217,37.5,43.1438127090301,2080.0,900.0,2980.0
trigger,Tokyo-Bernoulli,ET-MPC,2044,persistence,0.02,1.0,1.0,0.85,0.15,0.15,575f3a7d26f08a8940567d7e62af687dc46792e52ee3f98ebbcefc2b99369a4c,3.378881337364189,753.9319556437229,99,33.11036789297659,33.333333333333336,51.83946488294314,1980.0,900.0,2880.0
trigger,Tokyo-Bernoulli,ET-MPC,2045,persistence,0.02,1.0,1.0,0.85,0.15,0.15,d3d918ecca7cea43f4f800911c112d14df3bed486114da477244274fba5ae473,3.22950721321573,712.6466292778391,75,25.08361204013378,29.333333333333332,53.17725752508361,1500.0,900.0,2400.0
trigger,Tokyo-Burst,ET-MPC,2026,persistence,0.02,1.0,1.0,0.85,0.15,0.15,65e607d121b7f38f51b5360462f746c1701f3e652ebd6207364bf685c944e962,3.3762419255967138,719.9524393384136,87,29.096989966555185,18.39080459770115,48.82943143812709,1740.0,900.0,2640.0
trigger,Tokyo-Burst,ET-MPC,2027,persistence,0.02,1.0,1.0,0.85,0.15,0.15,0bdb2e7d81f0527e4198ba1aa2979f72a4fd1c0e86049df94b3c31dd0cd8553e,3.1586284770203057,680.4060985804915,89,29.765886287625417,15.730337078651685,44.48160535117057,1780.0,900.0,2680.0
trigger,Tokyo-Burst,ET-MPC,2028,persistence,0.02,1.0,1.0,0.85,0.15,0.15,bf17382a8727f01646cd32933a0b1bb93b91ff7021a00d7be25891a379d81d5f,3.0512667835669656,642.3848814398971,84,28.093645484949832,9.523809523809524,39.79933110367893,1680.0,900.0,2580.0
trigger,Tokyo-Burst,ET-MPC,2029,persistence,0.02,1.0,1.0,0.85,0.15,0.15,4c2e698c488f981ba4dc9e71c3268155b14c46940f1330562245253e39f3da21,3.0548621327141667,641.6138997408598,93,31.103678929765888,16.129032258064516,37.792642140468224,1860.0,900.0,2760.0
trigger,Tokyo-Burst,ET-MPC,2030,persistence,0.02,1.0,1.0,0.85,0.15,0.15,a0499347c05b83622ed1d810b78faca034d591627097e65340fb864e081fefa6,3.105868360664014,666.2563824952432,89,29.765886287625417,21.348314606741575,43.812709030100336,1780.0,900.0,2680.0
trigger,Tokyo-Burst,ET-MPC,2031,persistence,0.02,1.0,1.0,0.85,0.15,0.15,8c056314f497b2b93cf57238354d17651567b4d55a011b817117200e5194323a,3.196969926035477,720.6295521010427,63,21.070234113712374,14.285714285714286,56.8561872909699,1260.0,900.0,2160.0
trigger,Tokyo-Burst,ET-MPC,2032,persistence,0.02,1.0,1.0,0.85,0.15,0.15,101006ca15a99503b3726e3d42cd12c01dcf16530f68a27821c81839ef19477a,3.0715867397122696,646.3209226631284,88,29.431438127090303,14.772727272727273,41.47157190635451,1760.0,900.0,2660.0
trigger,Tokyo-Burst,ET-MPC,2033,persistence,0.02,1.0,1.0,0.85,0.15,0.15,a7bdab5d072e97f0d1a4511b812de4c4c7d61f93141bfcfcebafd5d34d69e3e3,3.202565444807563,700.7396501358362,89,29.765886287625417,12.359550561797754,46.15384615384615,1780.0,900.0,2680.0
trigger,Tokyo-Burst,ET-MPC,2034,persistence,0.02,1.0,1.0,0.85,0.15,0.15,68538dd445828f2aa3c1134221c091eb6052585f33831424925db67e9970eaf3,3.139135231885487,667.1260499354175,89,29.765886287625417,17.97752808988764,42.474916387959865,1780.0,900.0,2680.0
trigger,Tokyo-Burst,ET-MPC,2035,persistence,0.02,1.0,1.0,0.85,0.15,0.15,549dcfb6ee7c6021e2804774650ff51e150ba87b86bd80a34421f2ffe8433ab8,2.941947769340273,595.3124546355899,89,29.765886287625417,16.853932584269664,34.78260869565217,1780.0,900.0,2680.0
trigger,Tokyo-Burst,ET-MPC,2036,persistence,0.02,1.0,1.0,0.85,0.15,0.15,d5f657ada9f69757a832be0156496b0f57a48b0e0c9723e296c2bbe98e7c8232,3.1781094735955526,693.130222888637,94,31.438127090301002,21.27659574468085,46.82274247491639,1880.0,900.0,2780.0
trigger,Tokyo-Burst,ET-MPC,2037,persistence,0.02,1.0,1.0,0.85,0.15,0.15,e40521c6c2b84e663a161b9fcf4b2fde8c83c34f78fbdcff83b92635a960a3a5,3.0589618110286585,657.7720590379612,86,28.762541806020067,16.27906976744186,44.48160535117057,1720.0,900.0,2620.0
trigger,Tokyo-Burst,ET-MPC,2038,persistence,0.02,1.0,1.0,0.85,0.15,0.15,102c6bc3cd4866c3e769b8a4497da7a0f0215f41ae024f2797a2ca7142378cc7,3.0830824036073605,654.7223090309574,87,29.096989966555185,21.839080459770116,41.47157190635451,1740.0,900.0,2640.0
trigger,Tokyo-Burst,ET-MPC,2039,persistence,0.02,1.0,1.0,0.85,0.15,0.15,031aa52d479116fef3dec245373aa0a32b1d14db741d83c91c66c382043da16a,3.099005587597144,666.8503515150101,93,31.103678929765888,18.27956989247312,44.147157190635454,1860.0,900.0,2760.0
trigger,Tokyo-Burst,ET-MPC,2040,persistence,0.02,1.0,1.0,0.85,0.15,0.15,31784831f62806c1b08e78d87ade75ed0fc3238ad556d9d246969c50a41d812e,3.002929091928816,604.1417654415355,91,30.434782608695652,10.989010989010989,33.779264214046826,1820.0,900.0,2720.0
trigger,Tokyo-Burst,ET-MPC,2041,persistence,0.02,1.0,1.0,0.85,0.15,0.15,09ea867114e57c22c7e93ce5e9d45bdf4177a2e6b5401d57fe08844d3e7be44f,3.1124384222356034,680.9032262533808,83,27.759197324414714,16.867469879518072,45.48494983277592,1660.0,900.0,2560.0
trigger,Tokyo-Burst,ET-MPC,2042,persistence,0.02,1.0,1.0,0.85,0.15,0.15,a4f3df503155c2cdc0d5cc8a5a8f388917ad197f744afdc3f3cedf0f66667ede,3.1186151088487075,676.6292170975582,78,26.08695652173913,12.820512820512821,47.491638795986624,1560.0,900.0,2460.0
trigger,Tokyo-Burst,ET-MPC,2043,persistence,0.02,1.0,1.0,0.85,0.15,0.15,18d71e275e87e800409e3d7abedc1f1bab1d7353aa7c98bf36a8499c9ef1bfb2,3.2376762911138774,714.7925558783891,94,31.438127090301002,23.404255319148938,50.50167224080268,1880.0,900.0,2780.0
trigger,Tokyo-Burst,ET-MPC,2044,persistence,0.02,1.0,1.0,0.85,0.15,0.15,3873d89685ac9ee093dc3925bd072a74decd3fa654efb7e5b5ca90c91217700c,3.040977854116577,641.9274305264196,87,29.096989966555185,12.64367816091954,41.80602006688963,1740.0,900.0,2640.0
trigger,Tokyo-Burst,ET-MPC,2045,persistence,0.02,1.0,1.0,0.85,0.15,0.15,09aa72b38290d388996f36c546723e2e4e9a01e8cefa1dea0820c6c9bb7827be,4.609354902149765,800.4828890734873,97,32.441471571906355,25.77319587628866,38.46153846153846,1940.0,900.0,2840.0
trigger,Mekong-Synthetic,ET-MPC,2026,persistence,0.05,1.0,1.0,0.85,0.15,0.15,7e803f7ee475bf62816034ee923701875530291eb8410196d3f0c606ea9a5c5e,1.0766811436650134,193.92933005481532,57,19.06354515050167,24.56140350877193,5.351170568561873,1140.0,900.0,2040.0
trigger,Mekong-Synthetic,ET-MPC,2027,persistence,0.05,1.0,1.0,0.85,0.15,0.15,c14ae88d487bb93f976d4e0c9af3ba4ac529c4008d2aea47d68a1cec6ddfbfbb,1.272073052488118,225.8102781092688,64,21.40468227424749,32.8125,8.695652173913043,1280.0,900.0,2180.0
trigger,Mekong-Synthetic,ET-MPC,2028,persistence,0.05,1.0,1.0,0.85,0.15,0.15,fedf7c4a2c7871a0e4680d3cc59076daa7c90dfb0ff55d09ad4759fcb90081df,1.141787845155518,206.50959657625896,62,20.735785953177256,32.25806451612903,6.354515050167224,1240.0,900.0,2140.0
trigger,Mekong-Synthetic,ET-MPC,2029,persistence,0.05,1.0,1.0,0.85,0.15,0.15,c3bb168946c896796f5e8565ff1a0084f8ccf5866c8c5189fe62fe00b70830a1,1.1274810994701367,193.8883974270868,55,18.39464882943144,30.90909090909091,5.016722408026756,1100.0,900.0,2000.0
trigger,Mekong-Synthetic,ET-MPC,2030,persistence,0.05,1.0,1.0,0.85,0.15,0.15,1886d32bc065eecd277560ff2a01bab42cbf45d4c82d1766b01b1cee279137f8,1.1303737966012741,201.7204130013391,62,20.735785953177256,30.64516129032258,6.688963210702341,1240.0,900.0,2140.0
trigger,Mekong-Synthetic,ET-MPC,2031,persistence,0.05,1.0,1.0,0.85,0.15,0.15,c63ead25ab03cd96842d1b9a4e790611f4afa7dba28184547c73cc220395665c,1.122959470177951,201.910320707761,60,20.066889632107024,28.333333333333332,4.682274247491639,1200.0,900.0,2100.0
trigger,Mekong-Synthetic,ET-MPC,2032,persistence,0.05,1.0,1.0,0.85,0.15,0.15,91eecc62989b6bee99e9695dc98ce8dc73fca3e8b851a2e74f86d526847e419c,1.2481641236263388,230.04999020768923,62,20.735785953177256,33.87096774193548,9.698996655518394,1240.0,900.0,2140.0
trigger,Mekong-Synthetic,ET-MPC,2033,persistence,0.05,1.0,1.0,0.85,0.15,0.15,8f1471f47e225d3c516393af84ae662103f37dcc816de50fe2ea58e41bd81f59,1.2336207014624982,235.26363768171115,58,19.39799331103679,32.758620689655174,7.023411371237458,1160.0,900.0,2060.0
trigger,Mekong-Synthetic,ET-MPC,2034,persistence,0.05,1.0,1.0,0.85,0.15,0.15,040443b9a57b58e8860dbe62d377659b3bd96ddf2cf7d9148fdf8fd32c63779d,1.1076342381702866,198.36821598569577,70,23.411371237458194,40.0,4.682274247491639,1400.0,900.0,2300.0
trigger,Mekong-Synthetic,ET-MPC,2035,persistence,0.05,1.0,1.0,0.85,0.15,0.15,3302abdac216d672687cbb302481baa7a1acf2d8e03ce74ea26885fad60dee6c,1.1265789301414517,210.54868098053515,56,18.729096989966557,17.857142857142858,4.682274247491639,1120.0,900.0,2020.0
trigger,Mekong-Synthetic,ET-MPC,2036,persistence,0.05,1.0,1.0,0.85,0.15,0.15,f5da7242a4219abeb2a3793803d0b21413838d6c5be05b54b25689898ffadce1,1.2618618706755416,227.09294803994598,62,20.735785953177256,35.483870967741936,8.361204013377927,1240.0,900.0,2140.0
trigger,Mekong-Synthetic,ET-MPC,2037,persistence,0.05,1.0,1.0,0.85,0.15,0.15,d7bd22d19cdf158f6e01098216bbef3ffcac9d1f4c943ef08ab40c87df8a5b2b,1.233302932851057,223.66977772137247,60,20.066889632107024,35.0,8.02675585284281,1200.0,900.0,2100.0
trigger,Mekong-Synthetic,ET-MPC,2038,persistence,0.05,1.0,1.0,0.85,0.15,0.15,1e1e07557ed96a2c0afc452c074211d1b5d83c8aeef2a0d6dd3bce82fc573e3a,1.1116361143794624,198.46594531403622,57,19.06354515050167,24.56140350877193,6.0200668896321075,1140.0,900.0,2040.0
trigger,Mekong-Synthetic,ET-MPC,2039,persistence,0.05,1.0,1.0,0.85,0.15,0.15,cc9e884dafd4802a172381f9b897a1dd554065b611b37d5694661c44ef3fad47,1.0578440298736738,188.9158454661624,55,18.39464882943144,25.454545454545453,5.68561872909699,1100.0,900.0,2000.0
trigger,Mekong-Synthetic,ET-MPC,2040,persistence,0.05,1.0,1.0,0.85,0.15,0.15,6e927d8e6fc0a6884bec0d40621cb2f898380167831eb8d2ecab45e69894c460,1.2316496418733103,213.01808684544625,56,18.729096989966557,28.571428571428573,6.0200668896321075,1120.0,900.0,2020.0
trigger,Mekong-Synthetic,ET-MPC,2041,persistence,0.05,1.0,1.0,0.85,0.15,0.15,2e66f567d694001657219307eadd8a1045e344921301bcce59f46a5cdb99fb3c,1.1508948921460287,198.93884009106037,67,22.40802675585284,35.82089552238806,7.6923076923076925,1340.0,900.0,2240.0
trigger,Mekong-Synthetic,ET-MPC,2042,persistence,0.05,1.0,1.0,0.85,0.15,0.15,5dc25b4385d0b479b52d15f9f8e150655842b34a2bc5e0bf0d32311e97653639,1.1592133418695993,214.6515128221128,64,21.40468227424749,39.0625,6.0200668896321075,1280.0,900.0,2180.0
trigger,Mekong-Synthetic,ET-MPC,2043,persistence,0.05,1.0,1.0,0.85,0.15,0.15,d54f0a6da3a8c52d02508ae4f625c7a058d2e46346e05d48ebf9faa3d9b32324,1.0798102208469822,179.20670934884564,57,19.06354515050167,22.80701754385965,6.0200668896321075,1140.0,900.0,2040.0
trigger,Mekong-Synthetic,ET-MPC,2044,persistence,0.05,1.0,1.0,0.85,0.15,0.15,a1894392a02b8d6083e376df671f6dc43f0f7ceddee2444fbbda81f8f2055f47,1.1117101812318735,203.90709190954226,48,16.05351170568562,25.0,6.354515050167224,960.0,900.0,1860.0
trigger,Mekong-Synthetic,ET-MPC,2045,persistence,0.05,1.0,1.0,0.85,0.15,0.15,fa8e8b9dbbe958e25846277501cf58fee5efa36d13df69909d19055c699b0bac,1.0973788527650792,196.46670243728016,50,16.722408026755854,22.0,6.354515050167224,1000.0,900.0,1900.0
trigger,Tokyo-Bernoulli,ET-MPC,2026,persistence,0.05,1.0,1.0,0.85,0.15,0.15,790c8f5dd988055e155f47ff6fd24c8b50beac920afbc4ce791d68cb6cedc59a,3.128853446303639,673.7223823298658,93,31.103678929765888,21.50537634408602,43.47826086956522,1860.0,900.0,2760.0
trigger,Tokyo-Bernoulli,ET-MPC,2027,persistence,0.05,1.0,1.0,0.85,0.15,0.15,b5948e86d52c9038713ff98a3f876792a0b095b62f80d25d4f777fe5687cf13b,3.3667294446777314,703.4305939474144,98,32.77591973244147,30.612244897959183,45.819397993311036,1960.0,900.0,2860.0
trigger,Tokyo-Bernoulli,ET-MPC,2028,persistence,0.05,1.0,1.0,0.85,0.15,0.15,5e75d31e96cdd15ac6dd091671f770d206b14c7bc3463a04819d731263b1ec30,3.3259706752387284,695.8345678564035,106,35.45150501672241,34.905660377358494,43.812709030100336,2120.0,900.0,3020.0
trigger,Tokyo-Bernoulli,ET-MPC,2029,persistence,0.05,1.0,1.0,0.85,0.15,0.15,1b18d781f20e9c8d08506aca447c6b24d76376b2916c9bc6ba9b399b0935fee0,3.188505186196378,686.2561550363913,105,35.11705685618729,34.285714285714285,44.48160535117057,2100.0,900.0,3000.0
trigger,Tokyo-Bernoulli,ET-MPC,2030,persistence,0.05,1.0,1.0,0.85,0.15,0.15,4911a0a6e6ae87bf909477506b8e1edb72a6e5483b97830458c5577715965602,3.2458160333122046,731.7871769772776,95,31.77257525083612,29.473684210526315,52.508361204013376,1900.0,900.0,2800.0
trigger,Tokyo-Bernoulli,ET-MPC,2031,persistence,0.05,1.0,1.0,0.85,0.15,0.15,f370c55fa062849c844d48bddc406fe9d7e0fd27df33207cfeeac16ab1bf27b8,3.4994753190853363,818.0206313977243,83,27.759197324414714,36.144578313253014,58.862876254180605,1660.0,900.0,2560.0
trigger,Tokyo-Bernoulli,ET-MPC,2032,persistence,0.05,1.0,1.0,0.85,0.15,0.15,0657654dc1b26a994835d27881651b78486dc48af023aa439af2acac56d5c655,3.200452614495415,699.7243407145925,89,29.765886287625417,29.213483146067414,51.17056856187291,1780.0,900.0,2680.0
trigger,Tokyo-Bernoulli,ET-MPC,2033,persistence,0.05,1.0,1.0,0.85,0.15,0.15,9cf2e1d6be7f50113b15b164000323374aba7ef162283e103dcc247eda3c72fd,3.14337758872882,688.1581022138795,92,30.76923076923077,19.565217391304348,45.48494983277592,1840.0,900.0,2740.0
trigger,Tokyo-Bernoulli,ET-MPC,2034,persistence,0.05,1.0,1.0,0.85,0.15,0.15,bc6a8e590bbf10f600d1f0090af727494cd7c8c6c408e279da41e1f895bc080d,3.1781588138089187,708.4469421993823,85,28.42809364548495,23.529411764705884,49.83277591973244,1700.0,900.0,2600.0
trigger,Tokyo-Bernoulli,ET-MPC,2035,persistence,0.05,1.0,1.0,0.85,0.15,0.15,e0c92e558a911295df6345ac98a3486b5d0729c895ec97029128ecc2476d5c24,3.1205630317774915,670.9560536973106,92,30.76923076923077,25.0,44.147157190635454,1840.0,900.0,2740.0
trigger,Tokyo-Bernoulli,ET-MPC,2036,persistence,0.05,1.0,1.0,0.85,0.15,0.15,4b20ab18a2ea47e063c176e1910051feb9a4b1091cb9c1c0bfc4f368cc51c0f7,3.36564803346769,701.4014581237016,111,37.123745819397996,36.03603603603604,44.81605351170568,2220.0,900.0,3120.0
trigger,Tokyo-Bernoulli,ET-MPC,2037,persistence,0.05,1.0,1.0,0.85,0.15,0.15,61c08b9f4cb9e09d18942133c8b1156ebb3e4f7e3b90f91d3cfe4f555c92d53c,3.1140624330684603,668.1765692514036,101,33.779264214046826,26.73267326732673,39.79933110367893,2020.0,900.0,2920.0
trigger,Tokyo-Bernoulli,ET-MPC,2038,persistence,0.05,1.0,1.0,0.85,0.15,0.15,2bcdbbe6d47e1542dc982374609aa696bf1470f55231ae55073c664cf06a10b9,3.154376184280307,688.4021872675016,90,30.100334448160535,26.666666666666668,47.82608695652174,1800.0,900.0,2700.0
trigger,Tokyo-Bernoulli,ET-MPC,2039,persistence,0.05,1.0,1.0,0.85,0.15,0.15,d510e77a0aa1cc423f4065384f42687e7d519427aba0a939ad15d0f69812a8a6,3.0902161674235247,672.5980980728259,92,30.76923076923077,22.82608695652174,44.81605351170568,1840.0,900.0,2740.0
trigger,Tokyo-Bernoulli,ET-MPC,2040,persistence,0.05,1.0,1.0,0.85,0.15,0.15,73509efd2b59989b34f285c401e4c158c58402c2e7ef9fdb9b829f652c572d5a,3.2535772396263565,712.8944908974433,90,30.100334448160535,24.444444444444443,49.163879598662206,1800.0,900.0,2700.0
trigger,Tokyo-Bernoulli,ET-MPC,2041,persistence,0.05,1.0,1.0,0.85,0.15,0.15,90452afdd6b156a9793fe5eb120c7c050906891f391a0c83c243ca9cfac46da3,3.165330491143859,695.4249181679414,105,35.11705685618729,32.38095238095238,45.1505016722408,2100.0,900.0,3000.0
trigger,Tokyo-Bernoulli,ET-MPC,2042,persistence,0.05,1.0,1.0,0.85,0.15,0.15,f065ae35e3d91ea5da25e02b9fecfcc6d9bc2426b2773b8f433f4e098dd9555a,3.1486110006497885,683.1840054596403,96,32.10702341137124,30.208333333333332,43.1438127090301,1920.0,900.0,2820.0
trigger,Tokyo-Bernoulli,ET-MPC,2043,persistence,0.05,1.0,1.0,0.85,0.15,0.15,fae2b89aa7454beb374c4cd0829361758c19353823bb8125b934643b6c64e0fb,3.159915625878245,673.6994031969317,102,34.11371237458194,37.254901960784316,41.80602006688963,2040.0,900.0,2940.0
trigger,Tokyo-Bernoulli,ET-MPC,2044,persistence,0.05,1.0,1.0,0.85,0.15,0.15,575f3a7d26f08a8940567d7e62af687dc46792e52ee3f98ebbcefc2b99369a4c,3.409531046363176,777.9248428392341,90,30.100334448160535,32.22222222222222,58.19397993311037,1800.0,900.0,2700.0
trigger,Tokyo-Bernoulli,ET-MPC,2045,persistence,0.05,1.0,1.0,0.85,0.15,0.15,d3d918ecca7cea43f4f800911c112d14df3bed486114da477244274fba5ae473,3.1624398474448427,689.1627972576545,80,26.755852842809364,32.5,50.16722408026756,1600.0,900.0,2500.0
trigger,Tokyo-Burst,ET-MPC,2026,persistence,0.05,1.0,1.0,0.85,0.15,0.15,65e607d121b7f38f51b5360462f746c1701f3e652ebd6207364bf685c944e962,3.3827472012941793,723.0724658551235,85,28.42809364548495,17.647058823529413,49.49832775919732,1700.0,900.0,2600.0
trigger,Tokyo-Burst,ET-MPC,2027,persistence,0.05,1.0,1.0,0.85,0.15,0.15,0bdb2e7d81f0527e4198ba1aa2979f72a4fd1c0e86049df94b3c31dd0cd8553e,3.1401271266034505,674.8085683426586,87,29.096989966555185,13.793103448275861,43.812709030100336,1740.0,900.0,2640.0
trigger,Tokyo-Burst,ET-MPC,2028,persistence,0.05,1.0,1.0,0.85,0.15,0.15,bf17382a8727f01646cd32933a0b1bb93b91ff7021a00d7be25891a379d81d5f,3.0849517030487785,656.3210409238595,85,28.42809364548495,14.117647058823529,42.14046822742475,1700.0,900.0,2600.0
trigger,Tokyo-Burst,ET-MPC,2029,persistence,0.05,1.0,1.0,0.85,0.15,0.15,4c2e698c488f981ba4dc9e71c3268155b14c46940f1330562245253e39f3da21,3.0260976895560563,625.2294165456952,91,30.434782608695652,15.384615384615385,36.12040133779264,1820.0,900.0,2720.0
trigger,Tokyo-Burst,ET-MPC,2030,persistence,0.05,1.0,1.0,0.85,0.15,0.15,a0499347c05b83622ed1d810b78faca034d591627097e65340fb864e081fefa6,3.1188184816203957,674.9028005797333,91,30.434782608695652,19.78021978021978,43.812709030100336,1820.0,900.0,2720.0
trigger,Tokyo-Burst,ET-MPC,2031,persistence,0.05,1.0,1.0,0.85,0.15,0.15,8c056314f497b2b93cf57238354d17651567b4d55a011b817117200e5194323a,3.1764142121292003,708.0319544691505,63,21.070234113712374,14.285714285714286,54.51505016722408,1260.0,900.0,2160.0
trigger,Tokyo-Burst,ET-MPC,2032,persistence,0.05,1.0,1.0,0.85,0.15,0.15,101006ca15a99503b3726e3d42cd12c01dcf16530f68a27821c81839ef19477a,3.17489630886865,698.8997646346734,90,30.100334448160535,18.88888888888889,47.15719063545151,1800.0,900.0,2700.0
trigger,Tokyo-Burst,ET-MPC,2033,persistence,0.05,1.0,1.0,0.85,0.15,0.15,a7bdab5d072e97f0d1a4511b812de4c4c7d61f93141bfcfcebafd5d34d69e3e3,3.1946569687139528,698.2261991317074,89,29.765886287625417,12.359550561797754,45.48494983277592,1780.0,900.0,2680.0
trigger,Tokyo-Burst,ET-MPC,2034,persistence,0.05,1.0,1.0,0.85,0.15,0.15,68538dd445828f2aa3c1134221c091eb6052585f33831424925db67e9970eaf3,3.160349678586317,675.8402064683829,89,29.765886287625417,19.10112359550562,43.812709030100336,1780.0,900.0,2680.0
trigger,Tokyo-Burst,ET-MPC,2035,persistence,0.05,1.0,1.0,0.85,0.15,0.15,549dcfb6ee7c6021e2804774650ff51e150ba87b86bd80a34421f2ffe8433ab8,2.990322985304168,618.5670217997127,90,30.100334448160535,17.77777777777778,38.79598662207358,1800.0,900.0,2700.0
trigger,Tokyo-Burst,ET-MPC,2036,persistence,0.05,1.0,1.0,0.85,0.15,0.15,d5f657ada9f69757a832be0156496b0f57a48b0e0c9723e296c2bbe98e7c8232,3.2040981469413254,699.873039466632,87,29.096989966555185,20.689655172413794,47.15719063545151,1740.0,900.0,2640.0
trigger,Tokyo-Burst,ET-MPC,2037,persistence,0.05,1.0,1.0,0.85,0.15,0.15,e40521c6c2b84e663a161b9fcf4b2fde8c83c34f78fbdcff83b92635a960a3a5,3.119108207306423,680.9962859738648,86,28.762541806020067,18.6046511627907,46.82274247491639,1720.0,900.0,2620.0
trigger,Tokyo-Burst,ET-MPC,2038,persistence,0.05,1.0,1.0,0.85,0.15,0.15,102c6bc3cd4866c3e769b8a4497da7a0f0215f41ae024f2797a2ca7142378cc7,3.0283687284817784,631.3087676740087,89,29.765886287625417,19.10112359550562,39.130434782608695,1780.0,900.0,2680.0
trigger,Tokyo-Burst,ET-MPC,2039,persistence,0.05,1.0,1.0,0.85,0.15,0.15,031aa52d479116fef3dec245373aa0a32b1d14db741d83c91c66c382043da16a,3.124508904536875,686.7189767918417,86,28.762541806020067,18.6046511627907,47.491638795986624,1720.0,900.0,2620.0
trigger,Tokyo-Burst,ET-MPC,2040,persistence,0.05,1.0,1.0,0.85,0.15,0.15,31784831f62806c1b08e78d87ade75ed0fc3238ad556d9d246969c50a41d812e,3.000394691420125,604.2886986936826,92,30.76923076923077,11.956521739130435,33.779264214046826,1840.0,900.0,2740.0
trigger,Tokyo-Burst,ET-MPC,2041,persistence,0.05,1.0,1.0,0.85,0.15,0.15,09ea867114e57c22c7e93ce5e9d45bdf4177a2e6b5401d57fe08844d3e7be44f,3.1798297317790545,709.8473408032695,78,26.08695652173913,19.23076923076923,50.16722408026756,1560.0,900.0,2460.0
trigger,Tokyo-Burst,ET-MPC,2042,persistence,0.05,1.0,1.0,0.85,0.15,0.15,a4f3df503155c2cdc0d5cc8a5a8f388917ad197f744afdc3f3cedf0f66667ede,3.1373381976259536,686.2725233342942,78,26.08695652173913,14.102564102564102,48.82943143812709,1560.0,900.0,2460.0
trigger,Tokyo-Burst,ET-MPC,2043,persistence,0.05,1.0,1.0,0.85,0.15,0.15,18d71e275e87e800409e3d7abedc1f1bab1d7353aa7c98bf36a8499c9ef1bfb2,3.233802008168334,713.0225492900814,91,30.434782608695652,21.978021978021978,49.83277591973244,1820.0,900.0,2720.0
trigger,Tokyo-Burst,ET-MPC,2044,persistence,0.05,1.0,1.0,0.85,0.15,0.15,3873d89685ac9ee093dc3925bd072a74decd3fa654efb7e5b5ca90c91217700c,3.1098702169806174,668.2134751780268,89,29.765886287625417,19.10112359550562,44.48160535117057,1780.0,900.0,2680.0
trigger,Tokyo-Burst,ET-MPC,2045,persistence,0.05,1.0,1.0,0.85,0.15,0.15,09aa72b38290d388996f36c546723e2e4e9a01e8cefa1dea0820c6c9bb7827be,4.613870475162237,804.1241903507773,96,32.10702341137124,25.0,39.46488294314381,1920.0,900.0,2820.0
trigger,Mekong-Synthetic,ET-MPC,2026,persistence,0.1,1.0,1.0,0.85,0.15,0.15,7e803f7ee475bf62816034ee923701875530291eb8410196d3f0c606ea9a5c5e,1.0937031856494914,203.0222295690321,53,17.725752508361204,26.41509433962264,5.351170568561873,1060.0,900.0,1960.0
trigger,Mekong-Synthetic,ET-MPC,2027,persistence,0.1,1.0,1.0,0.85,0.15,0.15,c14ae88d487bb93f976d4e0c9af3ba4ac529c4008d2aea47d68a1cec6ddfbfbb,1.2794766558732102,229.05804630822257,63,21.070234113712374,31.746031746031747,9.03010033444816,1260.0,900.0,2160.0
trigger,Mekong-Synthetic,ET-MPC,2028,persistence,0.1,1.0,1.0,0.85,0.15,0.15,fedf7c4a2c7871a0e4680d3cc59076daa7c90dfb0ff55d09ad4759fcb90081df,1.1473334846657934,204.1030880478588,67,22.40802675585284,37.3134328358209,8.02675585284281,1340.0,900.0,2240.0
trigger,Mekong-Synthetic,ET-MPC,2029,persistence,0.1,1.0,1.0,0.85,0.15,0.15,c3bb168946c896796f5e8565ff1a0084f8ccf5866c8c5189fe62fe00b70830a1,1.2323151505749865,228.96265814567556,60,20.066889632107024,31.666666666666668,8.361204013377927,1200.0,900.0,2100.0
trigger,Mekong-Synthetic,ET-MPC,2030,persistence,0.1,1.0,1.0,0.85,0.15,0.15,1886d32bc065eecd277560ff2a01bab42cbf45d4c82d1766b01b1cee279137f8,1.1760764955483556,198.19900564087038,67,22.40802675585284,32.83582089552239,6.688963210702341,1340.0,900.0,2240.0
trigger,Mekong-Synthetic,ET-MPC,2031,persistence,0.1,1.0,1.0,0.85,0.15,0.15,c63ead25ab03cd96842d1b9a4e790611f4afa7dba28184547c73cc220395665c,1.119792928367329,196.86337185043945,59,19.732441471571907,25.423728813559322,5.351170568561873,1180.0,900.0,2080.0
trigger,Mekong-Synthetic,ET-MPC,2032,persistence,0.1,1.0,1.0,0.85,0.15,0.15,91eecc62989b6bee99e9695dc98ce8dc73fca3e8b851a2e74f86d526847e419c,1.238220457065237,224.8844807964071,60,20.066889632107024,36.666666666666664,9.698996655518394,1200.0,900.0,2100.0
trigger,Mekong-Synthetic,ET-MPC,2033,persistence,0.1,1.0,1.0,0.85,0.15,0.15,8f1471f47e225d3c516393af84ae662103f37dcc816de50fe2ea58e41bd81f59,1.2230543239088358,224.9781916136899,64,21.40468227424749,37.5,8.02675585284281,1280.0,900.0,2180.0
trigger,Mekong-Synthetic,ET-MPC,2034,persistence,0.1,1.0,1.0,0.85,0.15,0.15,040443b9a57b58e8860dbe62d377659b3bd96ddf2cf7d9148fdf8fd32c63779d,1.1076342381702866,198.36821598569577,68,22.74247491638796,38.23529411764706,4.682274247491639,1360.0,900.0,2260.0
trigger,Mekong-Synthetic,ET-MPC,2035,persistence,0.1,1.0,1.0,0.85,0.15,0.15,3302abdac216d672687cbb302481baa7a1acf2d8e03ce74ea26885fad60dee6c,1.0936304721901287,197.1422670986733,55,18.39464882943144,16.363636363636363,4.013377926421405,1100.0,900.0,2000.0
trigger,Mekong-Synthetic,ET-MPC,2036,persistence,0.1,1.0,1.0,0.85,0.15,0.15,f5da7242a4219abeb2a3793803d0b21413838d6c5be05b54b25689898ffadce1,1.2630754005974933,226.58726394779427,64,21.40468227424749,35.9375,8.695652173913043,1280.0,900.0,2180.0
trigger,Mekong-Synthetic,ET-MPC,2037,persistence,0.1,1.0,1.0,0.85,0.15,0.15,d7bd22d19cdf158f6e01098216bbef3ffcac9d1f4c943ef08ab40c87df8a5b2b,1.2320136701673772,218.99725839065607,61,20.401337792642142,37.704918032786885,8.695652173913043,1220.0,900.0,2120.0
trigger,Mekong-Synthetic,ET-MPC,2038,persistence,0.1,1.0,1.0,0.85,0.15,0.15,1e1e07557ed96a2c0afc452c074211d1b5d83c8aeef2a0d6dd3bce82fc573e3a,1.2490060993256122,232.57275312289175,55,18.39464882943144,32.72727272727273,8.361204013377927,1100.0,900.0,2000.0
trigger,Mekong-Synthetic,ET-MPC,2039,persistence,0.1,1.0,1.0,0.85,0.15,0.15,cc9e884dafd4802a172381f9b897a1dd554065b611b37d5694661c44ef3fad47,1.0596512127126387,190.3275572850738,56,18.729096989966557,26.785714285714285,5.68561872909699,1120.0,900.0,2020.0
trigger,Mekong-Synthetic,ET-MPC,2040,persistence,0.1,1.0,1.0,0.85,0.15,0.15,6e927d8e6fc0a6884bec0d40621cb2f898380167831eb8d2ecab45e69894c460,1.2336478948312353,214.24086695766556,55,18.39464882943144,27.272727272727273,6.0200668896321075,1100.0,900.0,2000.0
trigger,Mekong-Synthetic,ET-MPC,2041,persistence,0.1,1.0,1.0,0.85,0.15,0.15,2e66f567d694001657219307eadd8a1045e344921301bcce59f46a5cdb99fb3c,1.2761620347074487,232.15034279253115,58,19.39799331103679,32.758620689655174,11.37123745819398,1160.0,900.0,2060.0
trigger,Mekong-Synthetic,ET-MPC,2042,persistence,0.1,1.0,1.0,0.85,0.15,0.15,5dc25b4385d0b479b52d15f9f8e150655842b34a2bc5e0bf0d32311e97653639,1.1592133418695993,214.6515128221128,62,20.735785953177256,37.096774193548384,6.0200668896321075,1240.0,900.0,2140.0
trigger,Mekong-Synthetic,ET-MPC,2043,persistence,0.1,1.0,1.0,0.85,0.15,0.15,d54f0a6da3a8c52d02508ae4f625c7a058d2e46346e05d48ebf9faa3d9b32324,1.078093149705484,177.63566190516048,57,19.06354515050167,22.80701754385965,6.0200668896321075,1140.0,900.0,2040.0
trigger,Mekong-Synthetic,ET-MPC,2044,persistence,0.1,1.0,1.0,0.85,0.15,0.15,a1894392a02b8d6083e376df671f6dc43f0f7ceddee2444fbbda81f8f2055f47,1.1668961893868377,223.41725227060024,45,15.050167224080267,26.666666666666668,7.6923076923076925,900.0,900.0,1800.0
trigger,Mekong-Synthetic,ET-MPC,2045,persistence,0.1,1.0,1.0,0.85,0.15,0.15,fa8e8b9dbbe958e25846277501cf58fee5efa36d13df69909d19055c699b0bac,1.0985716084599833,196.52094829234392,48,16.05351170568562,18.75,6.354515050167224,960.0,900.0,1860.0
trigger,Tokyo-Bernoulli,ET-MPC,2026,persistence,0.1,1.0,1.0,0.85,0.15,0.15,790c8f5dd988055e155f47ff6fd24c8b50beac920afbc4ce791d68cb6cedc59a,3.221306030165024,728.2125468853683,65,21.73913043478261,24.615384615384617,58.862876254180605,1300.0,900.0,2200.0
trigger,Tokyo-Bernoulli,ET-MPC,2027,persistence,0.1,1.0,1.0,0.85,0.15,0.15,b5948e86d52c9038713ff98a3f876792a0b095b62f80d25d4f777fe5687cf13b,3.3404315046449424,703.2745308026654,97,32.441471571906355,29.896907216494846,46.48829431438127,1940.0,900.0,2840.0
trigger,Tokyo-Bernoulli,ET-MPC,2028,persistence,0.1,1.0,1.0,0.85,0.15,0.15,5e75d31e96cdd15ac6dd091671f770d206b14c7bc3463a04819d731263b1ec30,3.359261706491129,709.9625116935407,99,33.11036789297659,33.333333333333336,44.48160535117057,1980.0,900.0,2880.0
trigger,Tokyo-Bernoulli,ET-MPC,2029,persistence,0.1,1.0,1.0,0.85,0.15,0.15,1b18d781f20e9c8d08506aca447c6b24d76376b2916c9bc6ba9b399b0935fee0,3.303395701888017,745.5110217600325,97,32.441471571906355,37.11340206185567,55.18394648829432,1940.0,900.0,2840.0
trigger,Tokyo-Bernoulli,ET-MPC,2030,persistence,0.1,1.0,1.0,0.85,0.15,0.15,4911a0a6e6ae87bf909477506b8e1edb72a6e5483b97830458c5577715965602,3.2380770038969744,728.9047706649636,93,31.103678929765888,29.032258064516128,51.50501672240803,1860.0,900.0,2760.0
trigger,Tokyo-Bernoulli,ET-MPC,2031,persistence,0.1,1.0,1.0,0.85,0.15,0.15,f370c55fa062849c844d48bddc406fe9d7e0fd27df33207cfeeac16ab1bf27b8,3.527510892766255,831.9857729742562,82,27.4247491638796,35.36585365853659,60.20066889632107,1640.0,900.0,2540.0
trigger,Tokyo-Bernoulli,ET-MPC,2032,persistence,0.1,1.0,1.0,0.85,0.15,0.15,0657654dc1b26a994835d27881651b78486dc48af023aa439af2acac56d5c655,3.1374510144141188,673.4619280670875,98,32.77591973244147,28.571428571428573,44.48160535117057,1960.0,900.0,2860.0
trigger,Tokyo-Bernoulli,ET-MPC,2033,persistence,0.1,1.0,1.0,0.85,0.15,0.15,9cf2e1d6be7f50113b15b164000323374aba7ef162283e103dcc247eda3c72fd,3.1769815338761336,699.3208075610196,91,30.434782608695652,23.076923076923077,47.491638795986624,1820.0,900.0,2720.0
trigger,Tokyo-Bernoulli,ET-MPC,2034,persistence,0.1,1.0,1.0,0.85,0.15,0.15,bc6a8e590bbf10f600d1f0090af727494cd7c8c6c408e279da41e1f895bc080d,3.1770451721040383,707.7744927368759,85,28.42809364548495,23.529411764705884,49.83277591973244,1700.0,900.0,2600.0
trigger,Tokyo-Bernoulli,ET-MPC,2035,persistence,0.1,1.0,1.0,0.85,0.15,0.15,e0c92e558a911295df6345ac98a3486b5d0729c895ec97029128ecc2476d5c24,3.208709093641837,716.3282737137413,70,23.411371237458194,24.285714285714285,54.8494983277592,1400.0,900.0,2300.0
trigger,Tokyo-Bernoulli,ET-MPC,2036,persistence,0.1,1.0,1.0,0.85,0.15,0.15,4b20ab18a2ea47e063c176e1910051feb9a4b1091cb9c1c0bfc4f368cc51c0f7,3.4460646213321,744.727241571248,106,35.45150501672241,36.79245283018868,51.83946488294314,2120.0,900.0,3020.0
trigger,Tokyo-Bernoulli,ET-MPC,2037,persistence,0.1,1.0,1.0,0.85,0.15,0.15,61c08b9f4cb9e09d18942133c8b1156ebb3e4f7e3b90f91d3cfe4f555c92d53c,3.1410554267908277,679.1471552259478,101,33.779264214046826,28.712871287128714,41.47157190635451,2020.0,900.0,2920.0
trigger,Tokyo-Bernoulli,ET-MPC,2038,persistence,0.1,1.0,1.0,0.85,0.15,0.15,2bcdbbe6d47e1542dc982374609aa696bf1470f55231ae55073c664cf06a10b9,3.200259993510085,705.9279370152652,89,29.765886287625417,26.96629213483146,50.16722408026756,1780.0,900.0,2680.0
trigger,Tokyo-Bernoulli,ET-MPC,2039,persistence,0.1,1.0,1.0,0.85,0.15,0.15,d510e77a0aa1cc423f4065384f42687e7d519427aba0a939ad15d0f69812a8a6,3.0902161674235247,672.5980980728259,91,30.434782608695652,21.978021978021978,44.81605351170568,1820.0,900.0,2720.0
trigger,Tokyo-Bernoulli,ET-MPC,2040,persistence,0.1,1.0,1.0,0.85,0.15,0.15,73509efd2b59989b34f285c401e4c158c58402c2e7ef9fdb9b829f652c572d5a,3.2242026824910903,702.2140217156012,91,30.434782608695652,28.571428571428573,47.15719063545151,1820.0,900.0,2720.0
trigger,Tokyo-Bernoulli,ET-MPC,2041,persistence,0.1,1.0,1.0,0.85,0.15,0.15,90452afdd6b156a9793fe5eb120c7c050906891f391a0c83c243ca9cfac46da3,3.24064085226968,727.9508824424021,100,33.44481605351171,31.0,51.17056856187291,2000.0,900.0,2900.0
trigger,Tokyo-Bernoulli,ET-MPC,2042,persistence,0.1,1.0,1.0,0.85,0.15,0.15,f065ae35e3d91ea5da25e02b9fecfcc6d9bc2426b2773b8f433f4e098dd9555a,3.2180237962992115,707.7042661154065,100,33.44481605351171,32.0,46.48829431438127,2000.0,900.0,2900.0
trigger,Tokyo-Bernoulli,ET-MPC,2043,persistence,0.1,1.0,1.0,0.85,0.15,0.15,fae2b89aa7454beb374c4cd0829361758c19353823bb8125b934643b6c64e0fb,3.2361686617407024,705.764962525485,99,33.11036789297659,33.333333333333336,47.491638795986624,1980.0,900.0,2880.0
trigger,Tokyo-Bernoulli,ET-MPC,2044,persistence,0.1,1.0,1.0,0.85,0.15,0.15,575f3a7d26f08a8940567d7e62af687dc46792e52ee3f98ebbcefc2b99369a4c,3.5203486609802916,815.9125129120939,94,31.438127090301002,36.170212765957444,59.197324414715716,1880.0,900.0,2780.0
trigger,Tokyo-Bernoulli,ET-MPC,2045,persistence,0.1,1.0,1.0,0.85,0.15,0.15,d3d918ecca7cea43f4f800911c112d14df3bed486114da477244274fba5ae473,3.188136129200641,701.468600642979,82,27.4247491638796,31.70731707317073,52.17391304347826,1640.0,900.0,2540.0
trigger,Tokyo-Burst,ET-MPC,2026,persistence,0.1,1.0,1.0,0.85,0.15,0.15,65e607d121b7f38f51b5360462f746c1701f3e652ebd6207364bf685c944e962,3.439614128799505,748.4477850260947,84,28.093645484949832,16.666666666666668,52.508361204013376,1680.0,900.0,2580.0
trigger,Tokyo-Burst,ET-MPC,2027,persistence,0.1,1.0,1.0,0.85,0.15,0.15,0bdb2e7d81f0527e4198ba1aa2979f72a4fd1c0e86049df94b3c31dd0cd8553e,3.0832334833463495,642.4615242938712,88,29.431438127090303,12.5,38.12709030100334,1760.0,900.0,2660.0
trigger,Tokyo-Burst,ET-MPC,2028,persistence,0.1,1.0,1.0,0.85,0.15,0.15,bf17382a8727f01646cd32933a0b1bb93b91ff7021a00d7be25891a379d81d5f,2.999490548324665,616.6294364118324,87,29.096989966555185,13.793103448275861,36.78929765886288,1740.0,900.0,2640.0
trigger,Tokyo-Burst,ET-MPC,2029,persistence,0.1,1.0,1.0,0.85,0.15,0.15,4c2e698c488f981ba4dc9e71c3268155b14c46940f1330562245253e39f3da21,3.1855450318401313,723.7118170097679,52,17.391304347826086,3.8461538461538463,60.869565217391305,1040.0,900.0,1940.0
trigger,Tokyo-Burst,ET-MPC,2030,persistence,0.1,1.0,1.0,0.85,0.15,0.15,a0499347c05b83622ed1d810b78faca034d591627097e65340fb864e081fefa6,3.1808078419504366,693.5068453889357,89,29.765886287625417,17.97752808988764,46.15384615384615,1780.0,900.0,2680.0
trigger,Tokyo-Burst,ET-MPC,2031,persistence,0.1,1.0,1.0,0.85,0.15,0.15,8c056314f497b2b93cf57238354d17651567b4d55a011b817117200e5194323a,3.0659824323897817,662.238339176927,84,28.093645484949832,21.428571428571427,43.1438127090301,1680.0,900.0,2580.0
trigger,Tokyo-Burst,ET-MPC,2032,persistence,0.1,1.0,1.0,0.85,0.15,0.15,101006ca15a99503b3726e3d42cd12c01dcf16530f68a27821c81839ef19477a,3.2348142972329117,718.2377315417709,88,29.431438127090303,19.318181818181817,49.49832775919732,1760.0,900.0,2660.0
trigger,Tokyo-Burst,ET-MPC,2033,persistence,0.1,1.0,1.0,0.85,0.15,0.15,a7bdab5d072e97f0d1a4511b812de4c4c7d61f93141bfcfcebafd5d34d69e3e3,3.286818013857404,744.2054019296312,72,24.08026755852843,12.5,57.85953177257525,1440.0,900.0,2340.0
trigger,Tokyo-Burst,ET-MPC,2034,persistence,0.1,1.0,1.0,0.85,0.15,0.15,68538dd445828f2aa3c1134221c091eb6052585f33831424925db67e9970eaf3,3.231038738549704,709.4935585700582,83,27.759197324414714,22.89156626506024,50.50167224080268,1660.0,900.0,2560.0
trigger,Tokyo-Burst,ET-MPC,2035,persistence,0.1,1.0,1.0,0.85,0.15,0.15,549dcfb6ee7c6021e2804774650ff51e150ba87b86bd80a34421f2ffe8433ab8,3.056549617584447,654.9558071149727,71,23.745819397993312,14.084507042253522,46.82274247491639,1420.0,900.0,2320.0
trigger,Tokyo-Burst,ET-MPC,2036,persistence,0.1,1.0,1.0,0.85,0.15,0.15,d5f657ada9f69757a832be0156496b0f57a48b0e0c9723e296c2bbe98e7c8232,3.104126534000873,663.2544266731605,96,32.10702341137124,25.0,43.1438127090301,1920.0,900.0,2820.0
trigger,Tokyo-Burst,ET-MPC,2037,persistence,0.1,1.0,1.0,0.85,0.15,0.15,e40521c6c2b84e663a161b9fcf4b2fde8c83c34f78fbdcff83b92635a960a3a5,3.1228845058026082,682.5167835252234,85,28.42809364548495,17.647058823529413,45.48494983277592,1700.0,900.0,2600.0
trigger,Tokyo-Burst,ET-MPC,2038,persistence,0.1,1.0,1.0,0.85,0.15,0.15,102c6bc3cd4866c3e769b8a4497da7a0f0215f41ae024f2797a2ca7142378cc7,3.1787545953730154,705.156288233971,68,22.74247491638796,20.58823529411765,53.17725752508361,1360.0,900.0,2260.0
trigger,Tokyo-Burst,ET-MPC,2039,persistence,0.1,1.0,1.0,0.85,0.15,0.15,031aa52d479116fef3dec245373aa0a32b1d14db741d83c91c66c382043da16a,3.1489696240774094,694.6283814218572,87,29.096989966555185,18.39080459770115,48.82943143812709,1740.0,900.0,2640.0
trigger,Tokyo-Burst,ET-MPC,2040,persistence,0.1,1.0,1.0,0.85,0.15,0.15,31784831f62806c1b08e78d87ade75ed0fc3238ad556d9d246969c50a41d812e,3.0581636409990547,632.2589448422743,91,30.434782608695652,10.989010989010989,38.79598662207358,1820.0,900.0,2720.0
trigger,Tokyo-Burst,ET-MPC,2041,persistence,0.1,1.0,1.0,0.85,0.15,0.15,09ea867114e57c22c7e93ce5e9d45bdf4177a2e6b5401d57fe08844d3e7be44f,3.2280731483915925,728.6188167854702,75,25.08361204013378,18.666666666666668,53.51170568561873,1500.0,900.0,2400.0
trigger,Tokyo-Burst,ET-MPC,2042,persistence,0.1,1.0,1.0,0.85,0.15,0.15,a4f3df503155c2cdc0d5cc8a5a8f388917ad197f744afdc3f3cedf0f66667ede,3.1716680353206455,692.1667553488153,80,26.755852842809364,17.5,49.163879598662206,1600.0,900.0,2500.0
trigger,Tokyo-Burst,ET-MPC,2043,persistence,0.1,1.0,1.0,0.85,0.15,0.15,18d71e275e87e800409e3d7abedc1f1bab1d7353aa7c98bf36a8499c9ef1bfb2,3.214713705822637,709.9616765651797,82,27.4247491638796,21.951219512195124,50.836120401337794,1640.0,900.0,2540.0
trigger,Tokyo-Burst,ET-MPC,2044,persistence,0.1,1.0,1.0,0.85,0.15,0.15,3873d89685ac9ee093dc3925bd072a74decd3fa654efb7e5b5ca90c91217700c,3.125797965207908,675.9985966147083,85,28.42809364548495,16.470588235294116,44.81605351170568,1700.0,900.0,2600.0
trigger,Tokyo-Burst,ET-MPC,2045,persistence,0.1,1.0,1.0,0.85,0.15,0.15,09aa72b38290d388996f36c546723e2e4e9a01e8cefa1dea0820c6c9bb7827be,4.7127952516356855,865.746287210211,91,30.434782608695652,30.76923076923077,48.82943143812709,1820.0,900.0,2720.0
channel,Mekong-Synthetic,ET-MPC,2026,persistence,0.05,0.7,0.7,0.85,0.15,0.15,8ef75bab2d52a017d75dc31b494389530d32266efb1499d6f8c6ee2ede229d01,1.0495126700920963,182.2138653954762,48,16.05351170568562,12.5,4.682274247491639,960.0,900.0,1860.0
channel,Mekong-Synthetic,ET-MPC,2027,persistence,0.05,0.7,0.7,0.85,0.15,0.15,b3b209f1df31e084868495f44c68d11c5ddf6426dd91e6ee7479a864f83da447,1.047705407485132,185.02015677278632,58,19.39799331103679,25.862068965517242,4.3478260869565215,1160.0,900.0,2060.0
channel,Mekong-Synthetic,ET-MPC,2028,persistence,0.05,0.7,0.7,0.85,0.15,0.15,7001fc474bdf314326148af0fb8392f1ca389c2ad2e12e4f593aa5fc86ac3975,1.1462552032712545,211.13729879761547,56,18.729096989966557,17.857142857142858,6.354515050167224,1120.0,900.0,2020.0
channel,Mekong-Synthetic,ET-MPC,2029,persistence,0.05,0.7,0.7,0.85,0.15,0.15,b430f886f67ffac9bd22362ef0b4ed0a52def8d349c0882bb676812728969385,1.093104140144547,193.40624919167084,53,17.725752508361204,18.867924528301888,5.351170568561873,1060.0,900.0,1960.0
channel,Mekong-Synthetic,ET-MPC,2030,persistence,0.05,0.7,0.7,0.85,0.15,0.15,6b5b573855318e4028bc13b6c16b64eeb67f116bde9b2b995cf3bee9d0dff458,1.1056140494386253,201.25373519447598,53,17.725752508361204,20.754716981132077,8.02675585284281,1060.0,900.0,1960.0
channel,Mekong-Synthetic,ET-MPC,2031,persistence,0.05,0.7,0.7,0.85,0.15,0.15,6336aee3a79ebea5393ab345b1b9b1ad0ba473569c8eb5c1d76e135658c80fbd,1.155659086035659,210.37949648458277,52,17.391304347826086,30.76923076923077,6.0200668896321075,1040.0,900.0,1940.0
channel,Mekong-Synthetic,ET-MPC,2032,persistence,0.05,0.7,0.7,0.85,0.15,0.15,0bdb4a92985a4cf5a46749e72ddeac2cc45d6e5cc32bf8766d4a35c52e2b59a8,1.05172400039734,174.7861485850785,62,20.735785953177256,24.193548387096776,4.682274247491639,1240.0,900.0,2140.0
channel,Mekong-Synthetic,ET-MPC,2033,persistence,0.05,0.7,0.7,0.85,0.15,0.15,512b74d7b0215ce94306694022270c5e9fd58e13459fa9b8b6978acfaf45803a,1.248528046113782,244.51860262684087,54,18.06020066889632,29.62962962962963,6.688963210702341,1080.0,900.0,1980.0
channel,Mekong-Synthetic,ET-MPC,2034,persistence,0.05,0.7,0.7,0.85,0.15,0.15,c5b123952e3858b344de59469f8a1247c72ae2db42e6c651128393d3e7d1e709,1.0996338525939142,196.17839954143898,40,13.377926421404682,10.0,5.016722408026756,800.0,900.0,1700.0
channel,Mekong-Synthetic,ET-MPC,2035,persistence,0.05,0.7,0.7,0.85,0.15,0.15,c9fc7f8f31d1445f9613beee54c4e8d1b4350ecb03ee5c8c043934837cc58ca4,1.0953662492626794,197.48944927548536,53,17.725752508361204,15.09433962264151,4.682274247491639,1060.0,900.0,1960.0
channel,Mekong-Synthetic,ET-MPC,2036,persistence,0.05,0.7,0.7,0.85,0.15,0.15,d8a39d7e13e7c93e8ab6d405a2c08dcc89df7d139b4e289c6b0ef01cbe0258ac,1.1270067939415487,203.20163363246812,57,19.06354515050167,24.56140350877193,5.68561872909699,1140.0,900.0,2040.0
channel,Mekong-Synthetic,ET-MPC,2037,persistence,0.05,0.7,0.7,0.85,0.15,0.15,61899444bae27a5a5d6c2e98e69342eaa04a78ff1ed7a6d64782573e35728cb3,1.203368081018958,215.27499962336773,59,19.732441471571907,30.508474576271187,7.357859531772576,1180.0,900.0,2080.0
channel,Mekong-Synthetic,ET-MPC,2038,persistence,0.05,0.7,0.7,0.85,0.15,0.15,f5f000ba22198c532b8af369776536a4871d3103f91359d4617cbe4f8ff7abf6,1.0843569035866694,202.31173582878367,52,17.391304347826086,13.461538461538462,5.016722408026756,1040.0,900.0,1940.0
channel,Mekong-Synthetic,ET-MPC,2039,persistence,0.05,0.7,0.7,0.85,0.15,0.15,50cc27d99c27e9796bb51e4ed6b3b9b1e7d2e0240b5ea0c50dc05451de6b3636,1.1274495404129792,208.31047323607712,50,16.722408026755854,20.0,7.023411371237458,1000.0,900.0,1900.0
channel,Mekong-Synthetic,ET-MPC,2040,persistence,0.05,0.7,0.7,0.85,0.15,0.15,aabe2f38820c40a723b159df1313ab4f05005cad09841aad80f46acb1f9db460,1.2122430227608747,218.333815810828,52,17.391304347826086,21.153846153846153,8.02675585284281,1040.0,900.0,1940.0
channel,Mekong-Synthetic,ET-MPC,2041,persistence,0.05,0.7,0.7,0.85,0.15,0.15,487dfc7407cc71b20b7a1b7acfd2caa8a93426ff83f733a8d457022936396c21,1.1458053932688608,199.63270788501214,61,20.401337792642142,27.868852459016395,7.357859531772576,1220.0,900.0,2120.0
channel,Mekong-Synthetic,ET-MPC,2042,persistence,0.05,0.7,0.7,0.85,0.15,0.15,f4dd839775053697145d0d0f820d70354c6e19ac83a2db4f93e3adf17216480c,1.1036817358071647,202.0642362428364,55,18.39464882943144,20.0,5.68561872909699,1100.0,900.0,2000.0
channel,Mekong-Synthetic,ET-MPC,2043,persistence,0.05,0.7,0.7,0.85,0.15,0.15,27d5429892a29860148d7d675e3b047b787f583d0260465108ce57ce945c4c2e,1.0471631101793184,173.38495387401488,49,16.387959866220736,8.16326530612245,5.68561872909699,980.0,900.0,1880.0
channel,Mekong-Synthetic,ET-MPC,2044,persistence,0.05,0.7,0.7,0.85,0.15,0.15,9dcc0978814ad648704dddf89474b1a8127a72d47cbd9ba093060a6179754346,1.103013386886452,202.1903573904928,48,16.05351170568562,12.5,5.351170568561873,960.0,900.0,1860.0
channel,Mekong-Synthetic,ET-MPC,2045,persistence,0.05,0.7,0.7,0.85,0.15,0.15,315acf8706f81ca509e9647e337ab2e2873f8b4fd42f22e01e179af2488fb13c,1.1154421232726632,200.55959268854429,47,15.719063545150501,14.893617021276595,6.688963210702341,940.0,900.0,1840.0
channel,Tokyo-Bernoulli,ET-MPC,2026,persistence,0.05,0.7,0.7,0.85,0.15,0.15,b40b2f26539d18d535c69850fd426ab9ddbea6021cc2036e7a95a431143e99a0,3.0579820966603153,644.1133635211263,91,30.434782608695652,15.384615384615385,38.12709030100334,1820.0,900.0,2720.0
channel,Tokyo-Bernoulli,ET-MPC,2027,persistence,0.05,0.7,0.7,0.85,0.15,0.15,84c8c3ad5c77f1b943a159e5dfd14c5edeeea3baa8df5a6044d2f01aaa56779c,3.4128340400867114,747.8406756733768,70,23.411371237458194,20.0,56.8561872909699,1400.0,900.0,2300.0
channel,Tokyo-Bernoulli,ET-MPC,2028,persistence,0.05,0.7,0.7,0.85,0.15,0.15,b7ffd06fd89a4cfc6560798c11fd20f4133794a0b56ed9126d8fa453f64423fb,3.3202821593139995,689.8832324496412,96,32.10702341137124,26.041666666666668,42.474916387959865,1920.0,900.0,2820.0
channel,Tokyo-Bernoulli,ET-MPC,2029,persistence,0.05,0.7,0.7,0.85,0.15,0.15,e49e7aa8c1fca118ee6838e65d0b73610b9cec4596a695ed5a4f0f74c9a54eb0,3.1909989949559487,716.3582273049356,72,24.08026755852843,9.722222222222221,51.50501672240803,1440.0,900.0,2340.0
channel,Tokyo-Bernoulli,ET-MPC,2030,persistence,0.05,0.7,0.7,0.85,0.15,0.15,47fb6dde83e1c85186a2890186f68a52c34ea03a9954d5c9d286fd4e1c706d12,3.213277417358826,714.8403896278028,89,29.765886287625417,26.96629213483146,50.16722408026756,1780.0,900.0,2680.0
channel,Tokyo-Bernoulli,ET-MPC,2031,persistence,0.05,0.7,0.7,0.85,0.15,0.15,185932c16b9c11c23eec25067760680dc9811b9d2d97ab02987c22be74aaa958,3.447778630566765,803.3509469028402,70,23.411371237458194,24.285714285714285,58.862876254180605,1400.0,900.0,2300.0
channel,Tokyo-Bernoulli,ET-MPC,2032,persistence,0.05,0.7,0.7,0.85,0.15,0.15,1151cb1fdad2970a9c0d44d32512ec7e06883a37d21f5d17b1ff105ea8e12178,3.080354868937414,655.6061953094643,85,28.42809364548495,16.470588235294116,41.80602006688963,1700.0,900.0,2600.0
channel,Tokyo-Bernoulli,ET-MPC,2033,persistence,0.05,0.7,0.7,0.85,0.15,0.15,7b59fb81ebb690f5178168e893eff98831995a4db0172efc04313ddd3020a6a7,3.1259207064746906,678.9262461939525,89,29.765886287625417,16.853932584269664,44.81605351170568,1780.0,900.0,2680.0
channel,Tokyo-Bernoulli,ET-MPC,2034,persistence,0.05,0.7,0.7,0.85,0.15,0.15,b400e01537636fe725010062eeb6cf77785154b0577a93909aa742d1f38089f0,3.1225518840430895,682.770912193055,77,25.752508361204015,15.584415584415584,47.491638795986624,1540.0,900.0,2440.0
channel,Tokyo-Bernoulli,ET-MPC,2035,persistence,0.05,0.7,0.7,0.85,0.15,0.15,642aabf14c9561e2f5ddbfca28a794331498da7ea98c8695937f4ab91a89e43b,3.004158074328867,622.8217772096965,90,30.100334448160535,21.11111111111111,38.79598662207358,1800.0,900.0,2700.0
channel,Tokyo-Bernoulli,ET-MPC,2036,persistence,0.05,0.7,0.7,0.85,0.15,0.15,d4a02e77bb50ec6fbff15ed6f6b6a7e3b907128cf7658aa38d20ac85b9b85639,3.3553001392022783,712.2476530435331,98,32.77591973244147,26.53061224489796,45.819397993311036,1960.0,900.0,2860.0
channel,Tokyo-Bernoulli,ET-MPC,2037,persistence,0.05,0.7,0.7,0.85,0.15,0.15,168942440f99b109bb913326fa0bfb725ccd72a902773006743e18591c236804,3.0768438447734683,657.085015466612,92,30.76923076923077,19.565217391304348,40.13377926421405,1840.0,900.0,2740.0
channel,Tokyo-Bernoulli,ET-MPC,2038,persistence,0.05,0.7,0.7,0.85,0.15,0.15,1f085ba686923d23dd172f99ba5dafec3fd40dee3103cb4968f90c9af05f5331,3.078316451930534,657.8616312761316,82,27.4247491638796,15.853658536585366,42.14046822742475,1640.0,900.0,2540.0
channel,Tokyo-Bernoulli,ET-MPC,2039,persistence,0.05,0.7,0.7,0.85,0.15,0.15,3bfbe245cfc65540aa2241eded08413beac2c03140e037a86b54aceec6ae6153,3.061841858843556,657.8032901005699,88,29.431438127090303,17.045454545454547,40.13377926421405,1760.0,900.0,2660.0
channel,Tokyo-Bernoulli,ET-MPC,2040,persistence,0.05,0.7,0.7,0.85,0.15,0.15,06c1cba8a986d7f985b654e0a46d99b74c996d4e9c9e080e5eea9709dd3081da,3.1695537115688497,675.7118709782445,82,27.4247491638796,17.073170731707318,44.48160535117057,1640.0,900.0,2540.0
channel,Tokyo-Bernoulli,ET-MPC,2041,persistence,0.05,0.7,0.7,0.85,0.15,0.15,639a75a632c94205f47867d493a37c881d5912235daf597df4c46b32be86f8c0,3.2046731905641472,702.2910386751224,88,29.431438127090303,19.318181818181817,48.49498327759197,1760.0,900.0,2660.0
channel,Tokyo-Bernoulli,ET-MPC,2042,persistence,0.05,0.7,0.7,0.85,0.15,0.15,3b49213a1a2f81f6f508cce75220e5fca06b4b97bdeca542f98569921008a8b8,3.0948593108241997,666.0332206268503,83,27.759197324414714,14.457831325301205,42.474916387959865,1660.0,900.0,2560.0
channel,Tokyo-Bernoulli,ET-MPC,2043,persistence,0.05,0.7,0.7,0.85,0.15,0.15,84f8004e63a6d1577c286bd77bd4efc0c26964b7ccc5f45e98ab58879930b9bb,3.113187120893466,660.669083745754,89,29.765886287625417,21.348314606741575,41.47157190635451,1780.0,900.0,2680.0
channel,Tokyo-Bernoulli,ET-MPC,2044,persistence,0.05,0.7,0.7,0.85,0.15,0.15,3541afcb95725558cff521755715e96df65c9e273db649b6c4e839c78ac18e8d,3.0872929996164653,662.0166199206196,92,30.76923076923077,20.652173913043477,42.474916387959865,1840.0,900.0,2740.0
channel,Tokyo-Bernoulli,ET-MPC,2045,persistence,0.05,0.7,0.7,0.85,0.15,0.15,f5b96bc5a53421eb1da23ba862de9a512e7f75c188c8f5add6c799393b26f41b,3.1492232742896187,690.5059923099814,66,22.073578595317727,16.666666666666668,50.16722408026756,1320.0,900.0,2220.0
channel,Tokyo-Burst,ET-MPC,2026,persistence,0.05,0.7,0.7,0.85,0.15,0.15,fe42ffa7bcbf8dd91006c763b2bbe611856c9280f38b8cf35fb543e58b504c71,3.3109680981910694,699.1420216250535,79,26.421404682274247,5.063291139240507,44.48160535117057,1580.0,900.0,2480.0
channel,Tokyo-Burst,ET-MPC,2027,persistence,0.05,0.7,0.7,0.85,0.15,0.15,338fd780845d3d1598b893a9a065890c2ac3f60b5eab8e2e36d2ce47d0b29a78,3.166098447818356,701.275005809498,69,23.076923076923077,8.695652173913043,52.508361204013376,1380.0,900.0,2280.0
channel,Tokyo-Burst,ET-MPC,2028,persistence,0.05,0.7,0.7,0.85,0.15,0.15,2d981ce496791c1b34fc4192ef01c710b6376048b55a095c8d099f9051d86072,3.042249996051405,643.3397473834322,83,27.759197324414714,10.843373493975903,40.468227424749166,1660.0,900.0,2560.0
channel,Tokyo-Burst,ET-MPC,2029,persistence,0.05,0.7,0.7,0.85,0.15,0.15,5d890fe4fcedbcb79e20bb218e4f03038613b34302d734fd4efb0bfccc1ae439,3.0757899486999816,669.3093453130573,61,20.401337792642142,6.557377049180328,51.50501672240803,1220.0,900.0,2120.0
channel,Tokyo-Burst,ET-MPC,2030,persistence,0.05,0.7,0.7,0.85,0.15,0.15,5ec4c5880326e1afaee63e7d7f3b0a58a27b79132d3ea6ab0a6860f21eab8e5c,3.038103474433223,641.2864013431731,83,27.759197324414714,8.433734939759036,39.79933110367893,1660.0,900.0,2560.0
channel,Tokyo-Burst,ET-MPC,2031,persistence,0.05,0.7,0.7,0.85,0.15,0.15,4ad0b03affc5a4b58006bbfa12499b74367d6677957d996de988bf2718de11cf,3.0704845445621536,653.1067906293956,80,26.755852842809364,7.5,42.80936454849498,1600.0,900.0,2500.0
channel,Tokyo-Burst,ET-MPC,2032,persistence,0.05,0.7,0.7,0.85,0.15,0.15,51304f612cf999f0f0bcd5beb2709b077a966ae14dda53be90abb32b945ab966,3.0125374362101365,623.9473684651268,80,26.755852842809364,5.0,38.46153846153846,1600.0,900.0,2500.0
channel,Tokyo-Burst,ET-MPC,2033,persistence,0.05,0.7,0.7,0.85,0.15,0.15,5310f58ad581923e37689beffa93a9f5ad0752340b6bf49366178b26aff38c63,3.0341354988385163,640.0297164902347,85,28.42809364548495,9.411764705882353,37.792642140468224,1700.0,900.0,2600.0
channel,Tokyo-Burst,ET-MPC,2034,persistence,0.05,0.7,0.7,0.85,0.15,0.15,89b93c0c1f1e96c9cfabd0f2e13e651685f8c6f39677556f7af5d77b822bd126,2.9964289475182437,634.0286589128551,85,28.42809364548495,11.764705882352942,39.79933110367893,1700.0,900.0,2600.0
channel,Tokyo-Burst,ET-MPC,2035,persistence,0.05,0.7,0.7,0.85,0.15,0.15,c6866a933353da4e05ba458dfdf007371920eceab31503168e01c3ad6b9a400a,3.0051690794724553,629.1866022157828,80,26.755852842809364,7.5,38.12709030100334,1600.0,900.0,2500.0
channel,Tokyo-Burst,ET-MPC,2036,persistence,0.05,0.7,0.7,0.85,0.15,0.15,4873b8ed9b6a6745c62e517cb8eb35a5b5cfd329b56eacf8774611a4db9b7c75,3.037659680573438,630.3007899418074,83,27.759197324414714,7.228915662650603,39.130434782608695,1660.0,900.0,2560.0
channel,Tokyo-Burst,ET-MPC,2037,persistence,0.05,0.7,0.7,0.85,0.15,0.15,bc77a940d5c7aa49e9e0d517cb93a1fad52fd5e003653d95f107a80596b09cfc,3.119273668888438,668.2015596138765,75,25.08361204013378,4.0,43.47826086956522,1500.0,900.0,2400.0
channel,Tokyo-Burst,ET-MPC,2038,persistence,0.05,0.7,0.7,0.85,0.15,0.15,a5ed4e6a0e2825a661d82357b99de7dd57ba2d1c9b11479eb2891cec582793b4,3.0521384650698824,644.726395635843,84,28.093645484949832,9.523809523809524,40.13377926421405,1680.0,900.0,2580.0
channel,Tokyo-Burst,ET-MPC,2039,persistence,0.05,0.7,0.7,0.85,0.15,0.15,47cf540df7e51df711872a8a955b519f2f1e43468232fbea52495717e862454a,3.0696048065455295,663.3722107142588,85,28.42809364548495,12.941176470588236,41.47157190635451,1700.0,900.0,2600.0
channel,Tokyo-Burst,ET-MPC,2040,persistence,0.05,0.7,0.7,0.85,0.15,0.15,c43eab037eedf80c8672c207e31c1539333f4409ccf40e2bdbf08f190dd202f8,3.0301692695214237,626.6029903018313,83,27.759197324414714,4.819277108433735,37.458193979933114,1660.0,900.0,2560.0
channel,Tokyo-Burst,ET-MPC,2041,persistence,0.05,0.7,0.7,0.85,0.15,0.15,ab7ba814348e3e3e8653ff07bf19ade7fcdc8bdd3d0fed0bb51994b04f44af1a,3.0615992688502,656.8600057488595,78,26.08695652173913,7.6923076923076925,41.80602006688963,1560.0,900.0,2460.0
channel,Tokyo-Burst,ET-MPC,2042,persistence,0.05,0.7,0.7,0.85,0.15,0.15,8c4ff3a9c3968cc5016f9c15b6872ea9c30b3969deb203f4ef6eb1efb2097e6e,2.9876012016258993,619.6622273043749,79,26.421404682274247,2.5316455696202533,36.78929765886288,1580.0,900.0,2480.0
channel,Tokyo-Burst,ET-MPC,2043,persistence,0.05,0.7,0.7,0.85,0.15,0.15,4535d149fe7dd6dfe63d18834fdfd3c3bd66b95f4233b069245c431af43cd9d3,3.0725141276169117,647.2240045079214,87,29.096989966555185,12.64367816091954,40.468227424749166,1740.0,900.0,2640.0
channel,Tokyo-Burst,ET-MPC,2044,persistence,0.05,0.7,0.7,0.85,0.15,0.15,d12f4be2b16c405eafd63f3356d01a2c2bb272dc71300fb7e310877e5bcd3d58,3.0350609835547164,635.931284190573,83,27.759197324414714,10.843373493975903,40.13377926421405,1660.0,900.0,2560.0
channel,Tokyo-Burst,ET-MPC,2045,persistence,0.05,0.7,0.7,0.85,0.15,0.15,d92458238ed2adf9a054cc4d765666c80b91ea9e0bac99e1f4e060a4af95f120,3.200631437956432,633.2072356490962,87,29.096989966555185,10.344827586206897,35.11705685618729,1740.0,900.0,2640.0
channel,Mekong-Synthetic,ET-MPC,2026,persistence,0.05,1.0,1.0,0.85,0.15,0.15,7e803f7ee475bf62816034ee923701875530291eb8410196d3f0c606ea9a5c5e,1.0766811436650134,193.92933005481532,57,19.06354515050167,24.56140350877193,5.351170568561873,1140.0,900.0,2040.0
channel,Mekong-Synthetic,ET-MPC,2027,persistence,0.05,1.0,1.0,0.85,0.15,0.15,c14ae88d487bb93f976d4e0c9af3ba4ac529c4008d2aea47d68a1cec6ddfbfbb,1.272073052488118,225.8102781092688,64,21.40468227424749,32.8125,8.695652173913043,1280.0,900.0,2180.0
channel,Mekong-Synthetic,ET-MPC,2028,persistence,0.05,1.0,1.0,0.85,0.15,0.15,fedf7c4a2c7871a0e4680d3cc59076daa7c90dfb0ff55d09ad4759fcb90081df,1.141787845155518,206.50959657625896,62,20.735785953177256,32.25806451612903,6.354515050167224,1240.0,900.0,2140.0
channel,Mekong-Synthetic,ET-MPC,2029,persistence,0.05,1.0,1.0,0.85,0.15,0.15,c3bb168946c896796f5e8565ff1a0084f8ccf5866c8c5189fe62fe00b70830a1,1.1274810994701367,193.8883974270868,55,18.39464882943144,30.90909090909091,5.016722408026756,1100.0,900.0,2000.0
channel,Mekong-Synthetic,ET-MPC,2030,persistence,0.05,1.0,1.0,0.85,0.15,0.15,1886d32bc065eecd277560ff2a01bab42cbf45d4c82d1766b01b1cee279137f8,1.1303737966012741,201.7204130013391,62,20.735785953177256,30.64516129032258,6.688963210702341,1240.0,900.0,2140.0
channel,Mekong-Synthetic,ET-MPC,2031,persistence,0.05,1.0,1.0,0.85,0.15,0.15,c63ead25ab03cd96842d1b9a4e790611f4afa7dba28184547c73cc220395665c,1.122959470177951,201.910320707761,60,20.066889632107024,28.333333333333332,4.682274247491639,1200.0,900.0,2100.0
channel,Mekong-Synthetic,ET-MPC,2032,persistence,0.05,1.0,1.0,0.85,0.15,0.15,91eecc62989b6bee99e9695dc98ce8dc73fca3e8b851a2e74f86d526847e419c,1.2481641236263388,230.04999020768923,62,20.735785953177256,33.87096774193548,9.698996655518394,1240.0,900.0,2140.0
channel,Mekong-Synthetic,ET-MPC,2033,persistence,0.05,1.0,1.0,0.85,0.15,0.15,8f1471f47e225d3c516393af84ae662103f37dcc816de50fe2ea58e41bd81f59,1.2336207014624982,235.26363768171115,58,19.39799331103679,32.758620689655174,7.023411371237458,1160.0,900.0,2060.0
channel,Mekong-Synthetic,ET-MPC,2034,persistence,0.05,1.0,1.0,0.85,0.15,0.15,040443b9a57b58e8860dbe62d377659b3bd96ddf2cf7d9148fdf8fd32c63779d,1.1076342381702866,198.36821598569577,70,23.411371237458194,40.0,4.682274247491639,1400.0,900.0,2300.0
channel,Mekong-Synthetic,ET-MPC,2035,persistence,0.05,1.0,1.0,0.85,0.15,0.15,3302abdac216d672687cbb302481baa7a1acf2d8e03ce74ea26885fad60dee6c,1.1265789301414517,210.54868098053515,56,18.729096989966557,17.857142857142858,4.682274247491639,1120.0,900.0,2020.0
channel,Mekong-Synthetic,ET-MPC,2036,persistence,0.05,1.0,1.0,0.85,0.15,0.15,f5da7242a4219abeb2a3793803d0b21413838d6c5be05b54b25689898ffadce1,1.2618618706755416,227.09294803994598,62,20.735785953177256,35.483870967741936,8.361204013377927,1240.0,900.0,2140.0
channel,Mekong-Synthetic,ET-MPC,2037,persistence,0.05,1.0,1.0,0.85,0.15,0.15,d7bd22d19cdf158f6e01098216bbef3ffcac9d1f4c943ef08ab40c87df8a5b2b,1.233302932851057,223.66977772137247,60,20.066889632107024,35.0,8.02675585284281,1200.0,900.0,2100.0
channel,Mekong-Synthetic,ET-MPC,2038,persistence,0.05,1.0,1.0,0.85,0.15,0.15,1e1e07557ed96a2c0afc452c074211d1b5d83c8aeef2a0d6dd3bce82fc573e3a,1.1116361143794624,198.46594531403622,57,19.06354515050167,24.56140350877193,6.0200668896321075,1140.0,900.0,2040.0
channel,Mekong-Synthetic,ET-MPC,2039,persistence,0.05,1.0,1.0,0.85,0.15,0.15,cc9e884dafd4802a172381f9b897a1dd554065b611b37d5694661c44ef3fad47,1.0578440298736738,188.9158454661624,55,18.39464882943144,25.454545454545453,5.68561872909699,1100.0,900.0,2000.0
channel,Mekong-Synthetic,ET-MPC,2040,persistence,0.05,1.0,1.0,0.85,0.15,0.15,6e927d8e6fc0a6884bec0d40621cb2f898380167831eb8d2ecab45e69894c460,1.2316496418733103,213.01808684544625,56,18.729096989966557,28.571428571428573,6.0200668896321075,1120.0,900.0,2020.0
channel,Mekong-Synthetic,ET-MPC,2041,persistence,0.05,1.0,1.0,0.85,0.15,0.15,2e66f567d694001657219307eadd8a1045e344921301bcce59f46a5cdb99fb3c,1.1508948921460287,198.93884009106037,67,22.40802675585284,35.82089552238806,7.6923076923076925,1340.0,900.0,2240.0
channel,Mekong-Synthetic,ET-MPC,2042,persistence,0.05,1.0,1.0,0.85,0.15,0.15,5dc25b4385d0b479b52d15f9f8e150655842b34a2bc5e0bf0d32311e97653639,1.1592133418695993,214.6515128221128,64,21.40468227424749,39.0625,6.0200668896321075,1280.0,900.0,2180.0
channel,Mekong-Synthetic,ET-MPC,2043,persistence,0.05,1.0,1.0,0.85,0.15,0.15,d54f0a6da3a8c52d02508ae4f625c7a058d2e46346e05d48ebf9faa3d9b32324,1.0798102208469822,179.20670934884564,57,19.06354515050167,22.80701754385965,6.0200668896321075,1140.0,900.0,2040.0
channel,Mekong-Synthetic,ET-MPC,2044,persistence,0.05,1.0,1.0,0.85,0.15,0.15,a1894392a02b8d6083e376df671f6dc43f0f7ceddee2444fbbda81f8f2055f47,1.1117101812318735,203.90709190954226,48,16.05351170568562,25.0,6.354515050167224,960.0,900.0,1860.0
channel,Mekong-Synthetic,ET-MPC,2045,persistence,0.05,1.0,1.0,0.85,0.15,0.15,fa8e8b9dbbe958e25846277501cf58fee5efa36d13df69909d19055c699b0bac,1.0973788527650792,196.46670243728016,50,16.722408026755854,22.0,6.354515050167224,1000.0,900.0,1900.0
channel,Tokyo-Bernoulli,ET-MPC,2026,persistence,0.05,1.0,1.0,0.85,0.15,0.15,790c8f5dd988055e155f47ff6fd24c8b50beac920afbc4ce791d68cb6cedc59a,3.128853446303639,673.7223823298658,93,31.103678929765888,21.50537634408602,43.47826086956522,1860.0,900.0,2760.0
channel,Tokyo-Bernoulli,ET-MPC,2027,persistence,0.05,1.0,1.0,0.85,0.15,0.15,b5948e86d52c9038713ff98a3f876792a0b095b62f80d25d4f777fe5687cf13b,3.3667294446777314,703.4305939474144,98,32.77591973244147,30.612244897959183,45.819397993311036,1960.0,900.0,2860.0
channel,Tokyo-Bernoulli,ET-MPC,2028,persistence,0.05,1.0,1.0,0.85,0.15,0.15,5e75d31e96cdd15ac6dd091671f770d206b14c7bc3463a04819d731263b1ec30,3.3259706752387284,695.8345678564035,106,35.45150501672241,34.905660377358494,43.812709030100336,2120.0,900.0,3020.0
channel,Tokyo-Bernoulli,ET-MPC,2029,persistence,0.05,1.0,1.0,0.85,0.15,0.15,1b18d781f20e9c8d08506aca447c6b24d76376b2916c9bc6ba9b399b0935fee0,3.188505186196378,686.2561550363913,105,35.11705685618729,34.285714285714285,44.48160535117057,2100.0,900.0,3000.0
channel,Tokyo-Bernoulli,ET-MPC,2030,persistence,0.05,1.0,1.0,0.85,0.15,0.15,4911a0a6e6ae87bf909477506b8e1edb72a6e5483b97830458c5577715965602,3.2458160333122046,731.7871769772776,95,31.77257525083612,29.473684210526315,52.508361204013376,1900.0,900.0,2800.0
channel,Tokyo-Bernoulli,ET-MPC,2031,persistence,0.05,1.0,1.0,0.85,0.15,0.15,f370c55fa062849c844d48bddc406fe9d7e0fd27df33207cfeeac16ab1bf27b8,3.4994753190853363,818.0206313977243,83,27.759197324414714,36.144578313253014,58.862876254180605,1660.0,900.0,2560.0
channel,Tokyo-Bernoulli,ET-MPC,2032,persistence,0.05,1.0,1.0,0.85,0.15,0.15,0657654dc1b26a994835d27881651b78486dc48af023aa439af2acac56d5c655,3.200452614495415,699.7243407145925,89,29.765886287625417,29.213483146067414,51.17056856187291,1780.0,900.0,2680.0
channel,Tokyo-Bernoulli,ET-MPC,2033,persistence,0.05,1.0,1.0,0.85,0.15,0.15,9cf2e1d6be7f50113b15b164000323374aba7ef162283e103dcc247eda3c72fd,3.14337758872882,688.1581022138795,92,30.76923076923077,19.565217391304348,45.48494983277592,1840.0,900.0,2740.0
channel,Tokyo-Bernoulli,ET-MPC,2034,persistence,0.05,1.0,1.0,0.85,0.15,0.15,bc6a8e590bbf10f600d1f0090af727494cd7c8c6c408e279da41e1f895bc080d,3.1781588138089187,708.4469421993823,85,28.42809364548495,23.529411764705884,49.83277591973244,1700.0,900.0,2600.0
channel,Tokyo-Bernoulli,ET-MPC,2035,persistence,0.05,1.0,1.0,0.85,0.15,0.15,e0c92e558a911295df6345ac98a3486b5d0729c895ec97029128ecc2476d5c24,3.1205630317774915,670.9560536973106,92,30.76923076923077,25.0,44.147157190635454,1840.0,900.0,2740.0
channel,Tokyo-Bernoulli,ET-MPC,2036,persistence,0.05,1.0,1.0,0.85,0.15,0.15,4b20ab18a2ea47e063c176e1910051feb9a4b1091cb9c1c0bfc4f368cc51c0f7,3.36564803346769,701.4014581237016,111,37.123745819397996,36.03603603603604,44.81605351170568,2220.0,900.0,3120.0
channel,Tokyo-Bernoulli,ET-MPC,2037,persistence,0.05,1.0,1.0,0.85,0.15,0.15,61c08b9f4cb9e09d18942133c8b1156ebb3e4f7e3b90f91d3cfe4f555c92d53c,3.1140624330684603,668.1765692514036,101,33.779264214046826,26.73267326732673,39.79933110367893,2020.0,900.0,2920.0
channel,Tokyo-Bernoulli,ET-MPC,2038,persistence,0.05,1.0,1.0,0.85,0.15,0.15,2bcdbbe6d47e1542dc982374609aa696bf1470f55231ae55073c664cf06a10b9,3.154376184280307,688.4021872675016,90,30.100334448160535,26.666666666666668,47.82608695652174,1800.0,900.0,2700.0
channel,Tokyo-Bernoulli,ET-MPC,2039,persistence,0.05,1.0,1.0,0.85,0.15,0.15,d510e77a0aa1cc423f4065384f42687e7d519427aba0a939ad15d0f69812a8a6,3.0902161674235247,672.5980980728259,92,30.76923076923077,22.82608695652174,44.81605351170568,1840.0,900.0,2740.0
channel,Tokyo-Bernoulli,ET-MPC,2040,persistence,0.05,1.0,1.0,0.85,0.15,0.15,73509efd2b59989b34f285c401e4c158c58402c2e7ef9fdb9b829f652c572d5a,3.2535772396263565,712.8944908974433,90,30.100334448160535,24.444444444444443,49.163879598662206,1800.0,900.0,2700.0
channel,Tokyo-Bernoulli,ET-MPC,2041,persistence,0.05,1.0,1.0,0.85,0.15,0.15,90452afdd6b156a9793fe5eb120c7c050906891f391a0c83c243ca9cfac46da3,3.165330491143859,695.4249181679414,105,35.11705685618729,32.38095238095238,45.1505016722408,2100.0,900.0,3000.0
channel,Tokyo-Bernoulli,ET-MPC,2042,persistence,0.05,1.0,1.0,0.85,0.15,0.15,f065ae35e3d91ea5da25e02b9fecfcc6d9bc2426b2773b8f433f4e098dd9555a,3.1486110006497885,683.1840054596403,96,32.10702341137124,30.208333333333332,43.1438127090301,1920.0,900.0,2820.0
channel,Tokyo-Bernoulli,ET-MPC,2043,persistence,0.05,1.0,1.0,0.85,0.15,0.15,fae2b89aa7454beb374c4cd0829361758c19353823bb8125b934643b6c64e0fb,3.159915625878245,673.6994031969317,102,34.11371237458194,37.254901960784316,41.80602006688963,2040.0,900.0,2940.0
channel,Tokyo-Bernoulli,ET-MPC,2044,persistence,0.05,1.0,1.0,0.85,0.15,0.15,575f3a7d26f08a8940567d7e62af687dc46792e52ee3f98ebbcefc2b99369a4c,3.409531046363176,777.9248428392341,90,30.100334448160535,32.22222222222222,58.19397993311037,1800.0,900.0,2700.0
channel,Tokyo-Bernoulli,ET-MPC,2045,persistence,0.05,1.0,1.0,0.85,0.15,0.15,d3d918ecca7cea43f4f800911c112d14df3bed486114da477244274fba5ae473,3.1624398474448427,689.1627972576545,80,26.755852842809364,32.5,50.16722408026756,1600.0,900.0,2500.0
channel,Tokyo-Burst,ET-MPC,2026,persistence,0.05,1.0,1.0,0.85,0.15,0.15,65e607d121b7f38f51b5360462f746c1701f3e652ebd6207364bf685c944e962,3.3827472012941793,723.0724658551235,85,28.42809364548495,17.647058823529413,49.49832775919732,1700.0,900.0,2600.0
channel,Tokyo-Burst,ET-MPC,2027,persistence,0.05,1.0,1.0,0.85,0.15,0.15,0bdb2e7d81f0527e4198ba1aa2979f72a4fd1c0e86049df94b3c31dd0cd8553e,3.1401271266034505,674.8085683426586,87,29.096989966555185,13.793103448275861,43.812709030100336,1740.0,900.0,2640.0
channel,Tokyo-Burst,ET-MPC,2028,persistence,0.05,1.0,1.0,0.85,0.15,0.15,bf17382a8727f01646cd32933a0b1bb93b91ff7021a00d7be25891a379d81d5f,3.0849517030487785,656.3210409238595,85,28.42809364548495,14.117647058823529,42.14046822742475,1700.0,900.0,2600.0
channel,Tokyo-Burst,ET-MPC,2029,persistence,0.05,1.0,1.0,0.85,0.15,0.15,4c2e698c488f981ba4dc9e71c3268155b14c46940f1330562245253e39f3da21,3.0260976895560563,625.2294165456952,91,30.434782608695652,15.384615384615385,36.12040133779264,1820.0,900.0,2720.0
channel,Tokyo-Burst,ET-MPC,2030,persistence,0.05,1.0,1.0,0.85,0.15,0.15,a0499347c05b83622ed1d810b78faca034d591627097e65340fb864e081fefa6,3.1188184816203957,674.9028005797333,91,30.434782608695652,19.78021978021978,43.812709030100336,1820.0,900.0,2720.0
channel,Tokyo-Burst,ET-MPC,2031,persistence,0.05,1.0,1.0,0.85,0.15,0.15,8c056314f497b2b93cf57238354d17651567b4d55a011b817117200e5194323a,3.1764142121292003,708.0319544691505,63,21.070234113712374,14.285714285714286,54.51505016722408,1260.0,900.0,2160.0
channel,Tokyo-Burst,ET-MPC,2032,persistence,0.05,1.0,1.0,0.85,0.15,0.15,101006ca15a99503b3726e3d42cd12c01dcf16530f68a27821c81839ef19477a,3.17489630886865,698.8997646346734,90,30.100334448160535,18.88888888888889,47.15719063545151,1800.0,900.0,2700.0
channel,Tokyo-Burst,ET-MPC,2033,persistence,0.05,1.0,1.0,0.85,0.15,0.15,a7bdab5d072e97f0d1a4511b812de4c4c7d61f93141bfcfcebafd5d34d69e3e3,3.1946569687139528,698.2261991317074,89,29.765886287625417,12.359550561797754,45.48494983277592,1780.0,900.0,2680.0
channel,Tokyo-Burst,ET-MPC,2034,persistence,0.05,1.0,1.0,0.85,0.15,0.15,68538dd445828f2aa3c1134221c091eb6052585f33831424925db67e9970eaf3,3.160349678586317,675.8402064683829,89,29.765886287625417,19.10112359550562,43.812709030100336,1780.0,900.0,2680.0
channel,Tokyo-Burst,ET-MPC,2035,persistence,0.05,1.0,1.0,0.85,0.15,0.15,549dcfb6ee7c6021e2804774650ff51e150ba87b86bd80a34421f2ffe8433ab8,2.990322985304168,618.5670217997127,90,30.100334448160535,17.77777777777778,38.79598662207358,1800.0,900.0,2700.0
channel,Tokyo-Burst,ET-MPC,2036,persistence,0.05,1.0,1.0,0.85,0.15,0.15,d5f657ada9f69757a832be0156496b0f57a48b0e0c9723e296c2bbe98e7c8232,3.2040981469413254,699.873039466632,87,29.096989966555185,20.689655172413794,47.15719063545151,1740.0,900.0,2640.0
channel,Tokyo-Burst,ET-MPC,2037,persistence,0.05,1.0,1.0,0.85,0.15,0.15,e40521c6c2b84e663a161b9fcf4b2fde8c83c34f78fbdcff83b92635a960a3a5,3.119108207306423,680.9962859738648,86,28.762541806020067,18.6046511627907,46.82274247491639,1720.0,900.0,2620.0
channel,Tokyo-Burst,ET-MPC,2038,persistence,0.05,1.0,1.0,0.85,0.15,0.15,102c6bc3cd4866c3e769b8a4497da7a0f0215f41ae024f2797a2ca7142378cc7,3.0283687284817784,631.3087676740087,89,29.765886287625417,19.10112359550562,39.130434782608695,1780.0,900.0,2680.0
channel,Tokyo-Burst,ET-MPC,2039,persistence,0.05,1.0,1.0,0.85,0.15,0.15,031aa52d479116fef3dec245373aa0a32b1d14db741d83c91c66c382043da16a,3.124508904536875,686.7189767918417,86,28.762541806020067,18.6046511627907,47.491638795986624,1720.0,900.0,2620.0
channel,Tokyo-Burst,ET-MPC,2040,persistence,0.05,1.0,1.0,0.85,0.15,0.15,31784831f62806c1b08e78d87ade75ed0fc3238ad556d9d246969c50a41d812e,3.000394691420125,604.2886986936826,92,30.76923076923077,11.956521739130435,33.779264214046826,1840.0,900.0,2740.0
channel,Tokyo-Burst,ET-MPC,2041,persistence,0.05,1.0,1.0,0.85,0.15,0.15,09ea867114e57c22c7e93ce5e9d45bdf4177a2e6b5401d57fe08844d3e7be44f,3.1798297317790545,709.8473408032695,78,26.08695652173913,19.23076923076923,50.16722408026756,1560.0,900.0,2460.0
channel,Tokyo-Burst,ET-MPC,2042,persistence,0.05,1.0,1.0,0.85,0.15,0.15,a4f3df503155c2cdc0d5cc8a5a8f388917ad197f744afdc3f3cedf0f66667ede,3.1373381976259536,686.2725233342942,78,26.08695652173913,14.102564102564102,48.82943143812709,1560.0,900.0,2460.0
channel,Tokyo-Burst,ET-MPC,2043,persistence,0.05,1.0,1.0,0.85,0.15,0.15,18d71e275e87e800409e3d7abedc1f1bab1d7353aa7c98bf36a8499c9ef1bfb2,3.233802008168334,713.0225492900814,91,30.434782608695652,21.978021978021978,49.83277591973244,1820.0,900.0,2720.0
channel,Tokyo-Burst,ET-MPC,2044,persistence,0.05,1.0,1.0,0.85,0.15,0.15,3873d89685ac9ee093dc3925bd072a74decd3fa654efb7e5b5ca90c91217700c,3.1098702169806174,668.2134751780268,89,29.765886287625417,19.10112359550562,44.48160535117057,1780.0,900.0,2680.0
channel,Tokyo-Burst,ET-MPC,2045,persistence,0.05,1.0,1.0,0.85,0.15,0.15,09aa72b38290d388996f36c546723e2e4e9a01e8cefa1dea0820c6c9bb7827be,4.613870475162237,804.1241903507773,96,32.10702341137124,25.0,39.46488294314381,1920.0,900.0,2820.0
channel,Mekong-Synthetic,ET-MPC,2026,persistence,0.05,1.3,1.5,0.85,0.15,0.15,0144cb487f37d94bda34529e9aa84a4d96f7a1153cdd39ab66e10cc160e84f94,1.1109148032102134,205.57030212949584,66,22.073578595317727,34.84848484848485,6.0200668896321075,1320.0,900.0,2220.0
channel,Mekong-Synthetic,ET-MPC,2027,persistence,0.05,1.3,1.5,0.85,0.15,0.15,dade65d96f2d13a0208836be8ab343667eb02deb9a6fd3c705285d43c9faf64c,1.3214433542208892,232.01795226407117,65,21.73913043478261,35.38461538461539,9.03010033444816,1300.0,900.0,2200.0
channel,Mekong-Synthetic,ET-MPC,2028,persistence,0.05,1.3,1.5,0.85,0.15,0.15,174acc69acd7ea3419c026e634d30bf4ed06d8aeee725270ed472664d64a6b83,1.1586001927017098,208.96085069189968,66,22.073578595317727,34.84848484848485,8.02675585284281,1320.0,900.0,2220.0
channel,Mekong-Synthetic,ET-MPC,2029,persistence,0.05,1.3,1.5,0.85,0.15,0.15,79f9cbb51e06a67373e792792159ce618a6d6a6fdd7148369b36fd7a0ceb69dd,1.1274810994701367,193.8883974270868,55,18.39464882943144,30.90909090909091,5.016722408026756,1100.0,900.0,2000.0
channel,Mekong-Synthetic,ET-MPC,2030,persistence,0.05,1.3,1.5,0.85,0.15,0.15,75bfa2e3aaf7989669081bfd5c218ae2b136fce104bd641544075c317acee25b,1.068569624608875,195.2774361946625,59,19.732441471571907,28.8135593220339,6.354515050167224,1180.0,900.0,2080.0
channel,Mekong-Synthetic,ET-MPC,2031,persistence,0.05,1.3,1.5,0.85,0.15,0.15,69f5463d5c98b5a56e521c3c976f7d2d1cd8ebf06ede34f3c9fb2d9c424e3661,1.1626989150667157,204.00711399697104,65,21.73913043478261,35.38461538461539,5.351170568561873,1300.0,900.0,2200.0
channel,Mekong-Synthetic,ET-MPC,2032,persistence,0.05,1.3,1.5,0.85,0.15,0.15,04fdf69c28171c0caca561354132d64f2cdde5f1ecd608dcc3a6ebd4e01f9fb0,1.365073833142784,247.12342521858568,67,22.40802675585284,40.298507462686565,11.37123745819398,1340.0,900.0,2240.0
channel,Mekong-Synthetic,ET-MPC,2033,persistence,0.05,1.3,1.5,0.85,0.15,0.15,cea00914bc71d1a40a645a59f0cc8d8241a5ecbd01a1797ab941fcaace191466,1.2336207014624982,235.26363768171115,58,19.39799331103679,32.758620689655174,7.023411371237458,1160.0,900.0,2060.0
channel,Mekong-Synthetic,ET-MPC,2034,persistence,0.05,1.3,1.5,0.85,0.15,0.15,0dd0acdab2cd14eb9d19dee5726395fe90a8c165dc34b03360a9653fed51fa1a,1.1082584223866185,198.41988954666488,70,23.411371237458194,40.0,4.682274247491639,1400.0,900.0,2300.0
channel,Mekong-Synthetic,ET-MPC,2035,persistence,0.05,1.3,1.5,0.85,0.15,0.15,91c33d89c2e911320cea972fce3210301725237070b4f347bae48909a43bb712,1.1145548289122091,204.88921815557072,60,20.066889632107024,21.666666666666668,5.016722408026756,1200.0,900.0,2100.0
channel,Mekong-Synthetic,ET-MPC,2036,persistence,0.05,1.3,1.5,0.85,0.15,0.15,3adc4c38a45dd466422d76ee4f180dba3e41579f3e300ecc52dfaa91aa17665f,1.273027090678884,230.00228327181034,65,21.73913043478261,35.38461538461539,8.695652173913043,1300.0,900.0,2200.0
channel,Mekong-Synthetic,ET-MPC,2037,persistence,0.05,1.3,1.5,0.85,0.15,0.15,4029bb066f95ba2fdea749ad9a93fb9647d4878184570c62677ecbad699dd307,1.2320634699724438,222.8006290331647,61,20.401337792642142,36.0655737704918,8.02675585284281,1220.0,900.0,2120.0
channel,Mekong-Synthetic,ET-MPC,2038,persistence,0.05,1.3,1.5,0.85,0.15,0.15,48dc70a6e8ef89613852001166eb5071e8e5bdf0ee234ab47489205088387618,1.1317497029823291,202.49693515767802,58,19.39799331103679,25.862068965517242,6.354515050167224,1160.0,900.0,2060.0
channel,Mekong-Synthetic,ET-MPC,2039,persistence,0.05,1.3,1.5,0.85,0.15,0.15,ba5907366542e03b6314ac74a2eaa103a56194089f51d2a2dfc14f2445e43343,1.0546331361512722,191.6707266597584,54,18.06020066889632,25.925925925925927,5.016722408026756,1080.0,900.0,1980.0
channel,Mekong-Synthetic,ET-MPC,2040,persistence,0.05,1.3,1.5,0.85,0.15,0.15,131be7ac43562fd52d82e2d67bdd14aacd8d06e834f669f5e43ea1272d2b274e,1.235968697518101,215.5960221062065,59,19.732441471571907,32.20338983050848,6.354515050167224,1180.0,900.0,2080.0
channel,Mekong-Synthetic,ET-MPC,2041,persistence,0.05,1.3,1.5,0.85,0.15,0.15,3c2c8bf8492878a3dd893d8009989134466847683a0f21007a92f427fc0f51cb,1.1639352829918836,203.21470535102347,71,23.745819397993312,39.436619718309856,7.6923076923076925,1420.0,900.0,2320.0
channel,Mekong-Synthetic,ET-MPC,2042,persistence,0.05,1.3,1.5,0.85,0.15,0.15,d0439a4742b9bdfa2d88d6b4ce01d0a86f9d40a4b4288a15954e21837ead104f,1.184609821122011,212.76178251017376,65,21.73913043478261,38.46153846153846,7.6923076923076925,1300.0,900.0,2200.0
channel,Mekong-Synthetic,ET-MPC,2043,persistence,0.05,1.3,1.5,0.85,0.15,0.15,c2eb377ae4c4683cec700f85f7c7cc2500ede9966a75e8c9ace1abec8c191566,1.1107082425183112,196.1564398795615,67,22.40802675585284,32.83582089552239,7.023411371237458,1340.0,900.0,2240.0
channel,Mekong-Synthetic,ET-MPC,2044,persistence,0.05,1.3,1.5,0.85,0.15,0.15,b5a355a2c6177d732d6e138d7b9bb9ddc6dbb889f6f5d682a9fdfb58b277e032,1.1221011551046072,210.58889337606206,57,19.06354515050167,33.333333333333336,4.682274247491639,1140.0,900.0,2040.0
channel,Mekong-Synthetic,ET-MPC,2045,persistence,0.05,1.3,1.5,0.85,0.15,0.15,77d32b1b4001b01e1a07a07c8bee0540312203d1ca4455ea175d59ec65dc7721,1.0961861012953609,195.26701474891453,51,17.05685618729097,23.529411764705884,6.354515050167224,1020.0,900.0,1920.0
channel,Tokyo-Bernoulli,ET-MPC,2026,persistence,0.05,1.3,1.5,0.85,0.15,0.15,09573c4e01f7d45304f7b4a03a4b7c7268bf50dcb5b2b5065faabf28851bda6d,3.166416824373499,679.485929294387,110,36.78929765886288,37.27272727272727,44.48160535117057,2200.0,900.0,3100.0
channel,Tokyo-Bernoulli,ET-MPC,2027,persistence,0.05,1.3,1.5,0.85,0.15,0.15,db9a04702d29cdfaf58fa25b9049ca5a40ca0ec967b335f5381194c0724d7dd6,3.4765856282015326,753.3618459921057,106,35.45150501672241,42.45283018867924,51.50501672240803,2120.0,900.0,3020.0
channel,Tokyo-Bernoulli,ET-MPC,2028,persistence,0.05,1.3,1.5,0.85,0.15,0.15,d18307b798f38b0dac5a53a4bbc086038bc7e154b121e30b34cc2fadd1cd6d7a,3.3475582634267673,711.6201827160664,106,35.45150501672241,36.79245283018868,46.48829431438127,2120.0,900.0,3020.0
channel,Tokyo-Bernoulli,ET-MPC,2029,persistence,0.05,1.3,1.5,0.85,0.15,0.15,14c47ada3183f17265d8b7b35bef7ac702e1052018cb16d10090ccee8a42b02a,3.5048044834642766,840.4598918332197,99,33.11036789297659,52.525252525252526,69.23076923076923,1980.0,900.0,2880.0
channel,Tokyo-Bernoulli,ET-MPC,2030,persistence,0.05,1.3,1.5,0.85,0.15,0.15,54869a7ec5ad536079f2c666b6c31537092c069c17489f3f0a39883d064873d1,3.3637978773512187,772.9443960552867,112,37.458193979933114,42.857142857142854,54.8494983277592,2240.0,900.0,3140.0
channel,Tokyo-Bernoulli,ET-MPC,2031,persistence,0.05,1.3,1.5,0.85,0.15,0.15,4b62e36f175c69bf36765d1d8fc325f9994f51b834510ad0b99ebbce031aa9a4,3.3136886454341505,744.7178281419192,112,37.458193979933114,39.285714285714285,50.16722408026756,2240.0,900.0,3140.0
channel,Tokyo-Bernoulli,ET-MPC,2032,persistence,0.05,1.3,1.5,0.85,0.15,0.15,93ac3bf85de357cff4d5ffb5d4bde5b07f547d424d2d073aeb1947a387d9d5a5,3.232671204626148,728.2339672175517,83,27.759197324414714,37.34939759036145,57.19063545150502,1660.0,900.0,2560.0
channel,Tokyo-Bernoulli,ET-MPC,2033,persistence,0.05,1.3,1.5,0.85,0.15,0.15,498ae86b472a404d3e6fdd831ab7f6bc6a594b25b87398da3a173e609b935b1c,3.1901376582426764,702.9742098818081,109,36.45484949832776,37.61467889908257,49.163879598662206,2180.0,900.0,3080.0
channel,Tokyo-Bernoulli,ET-MPC,2034,persistence,0.05,1.3,1.5,0.85,0.15,0.15,34b5b4e32d68a59cd525055c8956a097b00e6d4d6bf33735571e39da47fd5b78,3.125359971153282,680.2674257144225,98,32.77591973244147,29.591836734693878,45.48494983277592,1960.0,900.0,2860.0
channel,Tokyo-Bernoulli,ET-MPC,2035,persistence,0.05,1.3,1.5,0.85,0.15,0.15,90a2739ed452573e5fb89f7a1e3d102990066a7fe179344f67cc98f0a49b9562,3.364194092672531,706.5526240267662,109,36.45484949832776,36.69724770642202,45.1505016722408,2180.0,900.0,3080.0
channel,Tokyo-Bernoulli,ET-MPC,2036,persistence,0.05,1.3,1.5,0.85,0.15,0.15,9273e50fc38233ab779292dffee5a584eb8c7e47454f1990f17250ab8fe6fc5a,3.3605331438754815,707.1828311329218,116,38.79598662207358,41.37931034482759,46.48829431438127,2320.0,900.0,3220.0
channel,Tokyo-Bernoulli,ET-MPC,2037,persistence,0.05,1.3,1.5,0.85,0.15,0.15,33a787af34106a4800f247454175e0e19699bcdbc45fa157c2754517ae3053ea,3.151426459642056,694.9615913092143,91,30.434782608695652,35.16483516483517,49.163879598662206,1820.0,900.0,2720.0
channel,Tokyo-Bernoulli,ET-MPC,2038,persistence,0.05,1.3,1.5,0.85,0.15,0.15,c8e2a29644384228097080fe274bc974998050a78942cc2469b76f71f44c8c01,3.174157600461966,693.3237321844215,100,33.44481605351171,37.0,48.49498327759197,2000.0,900.0,2900.0
channel,Tokyo-Bernoulli,ET-MPC,2039,persistence,0.05,1.3,1.5,0.85,0.15,0.15,963580e523cdf1a3bba1fb7923fea12ad2b4d560c0deb23f079581a4d19ab219,3.2904279674921,728.3324357077369,110,36.78929765886288,38.18181818181818,47.491638795986624,2200.0,900.0,3100.0
channel,Tokyo-Bernoulli,ET-MPC,2040,persistence,0.05,1.3,1.5,0.85,0.15,0.15,1c926ed3b301c3bf37bad1a4e3fb0415bb95d9a4d243844656db9e77f4e64ac9,3.1666016939556894,689.2321387111984,86,28.762541806020067,24.41860465116279,46.82274247491639,1720.0,900.0,2620.0
channel,Tokyo-Bernoulli,ET-MPC,2041,persistence,0.05,1.3,1.5,0.85,0.15,0.15,f34a03ea4e4d46337ace875dd57cf89bfb1874fde1687798522b38510a221ae9,3.304132616763117,751.9764082486931,108,36.12040133779264,42.592592592592595,55.51839464882943,2160.0,900.0,3060.0
channel,Tokyo-Bernoulli,ET-MPC,2042,persistence,0.05,1.3,1.5,0.85,0.15,0.15,a1284a21cbf314703a50bfe01f3c9658be9561157712352537efeddf4f909e46,3.2368735388322776,724.658927309191,105,35.11705685618729,38.095238095238095,50.836120401337794,2100.0,900.0,3000.0
channel,Tokyo-Bernoulli,ET-MPC,2043,persistence,0.05,1.3,1.5,0.85,0.15,0.15,baff9ec76e33f56c81aadf1205c06dee1aeef1c407cb6d0ab76a2b330b21f6ab,3.291112892327135,734.5350466478919,102,34.11371237458194,47.05882352941177,51.83946488294314,2040.0,900.0,2940.0
channel,Tokyo-Bernoulli,ET-MPC,2044,persistence,0.05,1.3,1.5,0.85,0.15,0.15,a8123d25f3fe345429d558052c06c780a2772b4e942031f19f6a79485d742152,3.509236636378884,815.9824409572716,99,33.11036789297659,40.4040404040404,59.86622073578595,1980.0,900.0,2880.0
channel,Tokyo-Bernoulli,ET-MPC,2045,persistence,0.05,1.3,1.5,0.85,0.15,0.15,12f833934645a45798c93eca6d97ebe4ec6c36a7091446b759353ba98bf46bda,3.3763742579734317,812.0634902089284,29,9.698996655518394,34.48275862068966,81.27090301003345,580.0,900.0,1480.0
channel,Tokyo-Burst,ET-MPC,2026,persistence,0.05,1.3,1.5,0.85,0.15,0.15,05d4598a7b5937e80d9b8770db7ad3cfd35ef2c02b219141f2229af911e430b0,3.625131089838163,796.5886498789393,104,34.78260869565217,37.5,55.51839464882943,2080.0,900.0,2980.0
channel,Tokyo-Burst,ET-MPC,2027,persistence,0.05,1.3,1.5,0.85,0.15,0.15,4668fd3642ceb398894bce71bc3420f20f6c4192f2a242d2070b9d7bbb9b88ca,3.5866276172812075,784.2008919996547,124,41.47157190635451,39.516129032258064,47.491638795986624,2480.0,900.0,3380.0
channel,Tokyo-Burst,ET-MPC,2028,persistence,0.05,1.3,1.5,0.85,0.15,0.15,28c15f801a4bbf4359e28454f46114d46405d1604382b02d71a4b24b4ad5a9df,4.552618920609754,872.9357895167287,96,32.10702341137124,34.375,53.51170568561873,1920.0,900.0,2820.0
channel,Tokyo-Burst,ET-MPC,2029,persistence,0.05,1.3,1.5,0.85,0.15,0.15,1a8784a7960dfac63aed7343da6a353ba2de912fd31c3c561b4f7bbf2793244a,3.187666550065846,699.36439339588,108,36.12040133779264,41.666666666666664,46.48829431438127,2160.0,900.0,3060.0
channel,Tokyo-Burst,ET-MPC,2030,persistence,0.05,1.3,1.5,0.85,0.15,0.15,f2d020b18ee7868164979ac4f545c351bbb4ea97f04e18520c59f04fd8143291,3.527235516195632,810.7278713027139,118,39.46488294314381,42.3728813559322,56.8561872909699,2360.0,900.0,3260.0
channel,Tokyo-Burst,ET-MPC,2031,persistence,0.05,1.3,1.5,0.85,0.15,0.15,f913ffc11b2f7a68e28b2f33a398ba4221b42d567cbc4b93385bd67af228249d,3.2688790755302666,708.4914732704651,107,35.785953177257525,36.44859813084112,46.48829431438127,2140.0,900.0,3040.0
channel,Tokyo-Burst,ET-MPC,2032,persistence,0.05,1.3,1.5,0.85,0.15,0.15,c18468e2507693c69c3823a387f30dd3cdeeed97ac53ea95874a8be543e6c0db,3.5034993725707286,778.4154860087492,113,37.792642140468224,40.70796460176991,51.50501672240803,2260.0,900.0,3160.0
channel,Tokyo-Burst,ET-MPC,2033,persistence,0.05,1.3,1.5,0.85,0.15,0.15,9c940e752072fa357d191a03f324ba659a459a27193531bb82ad6136156b36e1,3.4179965649015673,780.8057526960212,106,35.45150501672241,46.22641509433962,60.869565217391305,2120.0,900.0,3020.0
channel,Tokyo-Burst,ET-MPC,2034,persistence,0.05,1.3,1.5,0.85,0.15,0.15,3e61948293c36cbb9de4fe941377bc452a21f0a8985660362f7e18eaf92222a4,3.992055512459778,963.8489041494615,136,45.48494983277592,59.55882352941177,71.57190635451505,2720.0,900.0,3620.0
channel,Tokyo-Burst,ET-MPC,2035,persistence,0.05,1.3,1.5,0.85,0.15,0.15,1599506d047e9caeaf8155858c678cd875b457364fd825139e6afa9c935bb84c,3.3805675393876844,772.6480144830381,97,32.441471571906355,31.95876288659794,58.52842809364549,1940.0,900.0,2840.0
channel,Tokyo-Burst,ET-MPC,2036,persistence,0.05,1.3,1.5,0.85,0.15,0.15,101431928ec16bd2eb8bb9062f04e59f4d050ab3f6cf087c046ec48df3f490c4,3.4439773882964038,756.3321347733012,112,37.458193979933114,40.17857142857143,48.49498327759197,2240.0,900.0,3140.0
channel,Tokyo-Burst,ET-MPC,2037,persistence,0.05,1.3,1.5,0.85,0.15,0.15,a59d0f11bfc097cd5f98bb5ebef68f5e4b75a5a8578f8793e55740f191925051,3.263032279643518,734.7018273828824,104,34.78260869565217,38.46153846153846,52.17391304347826,2080.0,900.0,2980.0
channel,Tokyo-Burst,ET-MPC,2038,persistence,0.05,1.3,1.5,0.85,0.15,0.15,055f2d0f3188b807b3a0b2feef377b0ca7d25c95ab8aab33d19bb88be3b0994a,3.6030403175058696,860.1361758879004,84,28.093645484949832,47.61904761904762,68.56187290969899,1680.0,900.0,2580.0
channel,Tokyo-Burst,ET-MPC,2039,persistence,0.05,1.3,1.5,0.85,0.15,0.15,666879b10267160b0ca526a64371527dbc8db1aa792af104dcd39ca2692f8946,5.3423822087120705,1086.1666547930424,142,47.491638795986624,59.15492957746479,62.541806020066886,2840.0,900.0,3740.0
channel,Tokyo-Burst,ET-MPC,2040,persistence,0.05,1.3,1.5,0.85,0.15,0.15,84de62edb977849f0ba1ecaf63520cf403f872e5333189ab42988fdff91fd281,3.8623516189658047,887.4717293232984,128,42.80936454849498,47.65625,57.525083612040135,2560.0,900.0,3460.0
channel,Tokyo-Burst,ET-MPC,2041,persistence,0.05,1.3,1.5,0.85,0.15,0.15,c07720c8fc32a62b150f8b2ec66b50e351f7004bbc7a4d9957be115d81589854,3.668242062578543,866.3536017315889,128,42.80936454849498,50.78125,63.21070234113712,2560.0,900.0,3460.0
channel,Tokyo-Burst,ET-MPC,2042,persistence,0.05,1.3,1.5,0.85,0.15,0.15,f713968bc37a20db8db864d416360ca35a1ec53f03c62cf772204014dd9e4c7d,3.665694441803264,861.316587293773,91,30.434782608695652,45.05494505494506,68.56187290969899,1820.0,900.0,2720.0
channel,Tokyo-Burst,ET-MPC,2043,persistence,0.05,1.3,1.5,0.85,0.15,0.15,cbecc7d0757bbdcece95cef47952baa563d26c04cc39b5cd8bafa63743adf5ff,3.2382517505915707,720.5344634239472,96,32.10702341137124,35.416666666666664,52.17391304347826,1920.0,900.0,2820.0
channel,Tokyo-Burst,ET-MPC,2044,persistence,0.05,1.3,1.5,0.85,0.15,0.15,06a90e858aedb6af04353cd18eaf504d08414f8c1c1da1dd5558f2e33c234b04,3.3056614487774896,752.9556350141601,109,36.45484949832776,45.87155963302752,54.8494983277592,2180.0,900.0,3080.0
channel,Tokyo-Burst,ET-MPC,2045,persistence,0.05,1.3,1.5,0.85,0.15,0.15,eac7cade82e48dbdec40caeeee0e1b8f01435a5b21bfcfacebb98d0613789212,4.837287102281766,933.9046630871152,118,39.46488294314381,50.847457627118644,57.19063545150502,2360.0,900.0,3260.0
model,Mekong-Synthetic,ET-MPC,2026,persistence,0.05,1.0,1.0,0.8,0.135,0.135,7e803f7ee475bf62816034ee923701875530291eb8410196d3f0c606ea9a5c5e,0.9464261258433175,219.93887505668283,60,20.066889632107024,20.0,3.3444816053511706,1200.0,900.0,2100.0
model,Mekong-Synthetic,ET-MPC,2027,persistence,0.05,1.0,1.0,0.8,0.135,0.135,c14ae88d487bb93f976d4e0c9af3ba4ac529c4008d2aea47d68a1cec6ddfbfbb,0.980136429264721,228.24505462570502,63,21.070234113712374,20.634920634920636,4.013377926421405,1260.0,900.0,2160.0
model,Mekong-Synthetic,ET-MPC,2028,persistence,0.05,1.0,1.0,0.8,0.135,0.135,fedf7c4a2c7871a0e4680d3cc59076daa7c90dfb0ff55d09ad4759fcb90081df,1.0668874313689571,247.16233655277935,67,22.40802675585284,22.388059701492537,8.02675585284281,1340.0,900.0,2240.0
model,Mekong-Synthetic,ET-MPC,2029,persistence,0.05,1.0,1.0,0.8,0.135,0.135,c3bb168946c896796f5e8565ff1a0084f8ccf5866c8c5189fe62fe00b70830a1,1.0847626277028617,252.64705280742962,57,19.06354515050167,22.80701754385965,7.6923076923076925,1140.0,900.0,2040.0
model,Mekong-Synthetic,ET-MPC,2030,persistence,0.05,1.0,1.0,0.8,0.135,0.135,1886d32bc065eecd277560ff2a01bab42cbf45d4c82d1766b01b1cee279137f8,1.1244963183276857,267.06606472609553,60,20.066889632107024,30.0,7.6923076923076925,1200.0,900.0,2100.0
model,Mekong-Synthetic,ET-MPC,2031,persistence,0.05,1.0,1.0,0.8,0.135,0.135,c63ead25ab03cd96842d1b9a4e790611f4afa7dba28184547c73cc220395665c,1.1201991942472982,261.25395061444203,58,19.39799331103679,18.96551724137931,9.698996655518394,1160.0,900.0,2060.0
model,Mekong-Synthetic,ET-MPC,2032,persistence,0.05,1.0,1.0,0.8,0.135,0.135,91eecc62989b6bee99e9695dc98ce8dc73fca3e8b851a2e74f86d526847e419c,1.0389705332048575,244.99900431489942,68,22.74247491638796,23.529411764705884,5.351170568561873,1360.0,900.0,2260.0
model,Mekong-Synthetic,ET-MPC,2033,persistence,0.05,1.0,1.0,0.8,0.135,0.135,8f1471f47e225d3c516393af84ae662103f37dcc816de50fe2ea58e41bd81f59,1.0597758790817298,246.29967820857593,68,22.74247491638796,27.941176470588236,8.361204013377927,1360.0,900.0,2260.0
model,Mekong-Synthetic,ET-MPC,2034,persistence,0.05,1.0,1.0,0.8,0.135,0.135,040443b9a57b58e8860dbe62d377659b3bd96ddf2cf7d9148fdf8fd32c63779d,1.1064489486743896,258.4221900918958,67,22.40802675585284,34.32835820895522,8.695652173913043,1340.0,900.0,2240.0
model,Mekong-Synthetic,ET-MPC,2035,persistence,0.05,1.0,1.0,0.8,0.135,0.135,3302abdac216d672687cbb302481baa7a1acf2d8e03ce74ea26885fad60dee6c,0.9605841276849687,220.39177479906417,64,21.40468227424749,21.875,4.013377926421405,1280.0,900.0,2180.0
model,Mekong-Synthetic,ET-MPC,2036,persistence,0.05,1.0,1.0,0.8,0.135,0.135,f5da7242a4219abeb2a3793803d0b21413838d6c5be05b54b25689898ffadce1,1.003317296378623,237.5801101837783,51,17.05685618729097,15.686274509803921,4.013377926421405,1020.0,900.0,1920.0
model,Mekong-Synthetic,ET-MPC,2037,persistence,0.05,1.0,1.0,0.8,0.135,0.135,d7bd22d19cdf158f6e01098216bbef3ffcac9d1f4c943ef08ab40c87df8a5b2b,0.9966712353318511,235.14132456712574,65,21.73913043478261,23.076923076923077,4.3478260869565215,1300.0,900.0,2200.0
model,Mekong-Synthetic,ET-MPC,2038,persistence,0.05,1.0,1.0,0.8,0.135,0.135,1e1e07557ed96a2c0afc452c074211d1b5d83c8aeef2a0d6dd3bce82fc573e3a,0.9447957924405989,226.2708512920882,64,21.40468227424749,29.6875,2.6755852842809364,1280.0,900.0,2180.0
model,Mekong-Synthetic,ET-MPC,2039,persistence,0.05,1.0,1.0,0.8,0.135,0.135,cc9e884dafd4802a172381f9b897a1dd554065b611b37d5694661c44ef3fad47,1.0298957658971206,238.72713120213282,69,23.076923076923077,27.536231884057973,6.354515050167224,1380.0,900.0,2280.0
model,Mekong-Synthetic,ET-MPC,2040,persistence,0.05,1.0,1.0,0.8,0.135,0.135,6e927d8e6fc0a6884bec0d40621cb2f898380167831eb8d2ecab45e69894c460,1.0042859250536789,227.63451789452245,74,24.74916387959866,24.324324324324323,6.354515050167224,1480.0,900.0,2380.0
model,Mekong-Synthetic,ET-MPC,2041,persistence,0.05,1.0,1.0,0.8,0.135,0.135,2e66f567d694001657219307eadd8a1045e344921301bcce59f46a5cdb99fb3c,1.0391378946650907,235.4239818882948,66,22.073578595317727,21.21212121212121,7.6923076923076925,1320.0,900.0,2220.0
model,Mekong-Synthetic,ET-MPC,2042,persistence,0.05,1.0,1.0,0.8,0.135,0.135,5dc25b4385d0b479b52d15f9f8e150655842b34a2bc5e0bf0d32311e97653639,1.0919693028385182,252.66607571014947,64,21.40468227424749,26.5625,7.357859531772576,1280.0,900.0,2180.0
model,Mekong-Synthetic,ET-MPC,2043,persistence,0.05,1.0,1.0,0.8,0.135,0.135,d54f0a6da3a8c52d02508ae4f625c7a058d2e46346e05d48ebf9faa3d9b32324,1.029018882674859,237.9163073502885,63,21.070234113712374,23.80952380952381,6.0200668896321075,1260.0,900.0,2160.0
model,Mekong-Synthetic,ET-MPC,2044,persistence,0.05,1.0,1.0,0.8,0.135,0.135,a1894392a02b8d6083e376df671f6dc43f0f7ceddee2444fbbda81f8f2055f47,1.0222287378171158,238.48928677793674,68,22.74247491638796,26.470588235294116,5.68561872909699,1360.0,900.0,2260.0
model,Mekong-Synthetic,ET-MPC,2045,persistence,0.05,1.0,1.0,0.8,0.135,0.135,fa8e8b9dbbe958e25846277501cf58fee5efa36d13df69909d19055c699b0bac,0.9632917758515888,215.98582950237005,61,20.401337792642142,16.39344262295082,5.016722408026756,1220.0,900.0,2120.0
model,Tokyo-Bernoulli,ET-MPC,2026,persistence,0.05,1.0,1.0,0.8,0.135,0.135,790c8f5dd988055e155f47ff6fd24c8b50beac920afbc4ce791d68cb6cedc59a,7.631557553788492,2261.10804551173,22,7.357859531772576,36.36363636363637,100.0,440.0,900.0,1340.0
model,Tokyo-Bernoulli,ET-MPC,2027,persistence,0.05,1.0,1.0,0.8,0.135,0.135,b5948e86d52c9038713ff98a3f876792a0b095b62f80d25d4f777fe5687cf13b,7.785371906338417,2287.7109651367887,38,12.709030100334449,26.31578947368421,100.0,760.0,900.0,1660.0
model,Tokyo-Bernoulli,ET-MPC,2028,persistence,0.05,1.0,1.0,0.8,0.135,0.135,5e75d31e96cdd15ac6dd091671f770d206b14c7bc3463a04819d731263b1ec30,7.849433537207684,2308.7755238804825,39,13.043478260869565,41.02564102564103,100.0,780.0,900.0,1680.0
model,Tokyo-Bernoulli,ET-MPC,2029,persistence,0.05,1.0,1.0,0.8,0.135,0.135,1b18d781f20e9c8d08506aca447c6b24d76376b2916c9bc6ba9b399b0935fee0,7.665894839616134,2272.7991868498557,21,7.023411371237458,28.571428571428573,100.0,420.0,900.0,1320.0
model,Tokyo-Bernoulli,ET-MPC,2030,persistence,0.05,1.0,1.0,0.8,0.135,0.135,4911a0a6e6ae87bf909477506b8e1edb72a6e5483b97830458c5577715965602,7.730316051677184,2292.9925995528242,28,9.364548494983278,32.142857142857146,100.0,560.0,900.0,1460.0
model,Tokyo-Bernoulli,ET-MPC,2031,persistence,0.05,1.0,1.0,0.8,0.135,0.135,f370c55fa062849c844d48bddc406fe9d7e0fd27df33207cfeeac16ab1bf27b8,7.675751633409377,2275.8954491408085,23,7.6923076923076925,30.434782608695652,100.0,460.0,900.0,1360.0
model,Tokyo-Bernoulli,ET-MPC,2032,persistence,0.05,1.0,1.0,0.8,0.135,0.135,0657654dc1b26a994835d27881651b78486dc48af023aa439af2acac56d5c655,7.6400444500974825,2264.4908764741526,33,11.036789297658864,27.272727272727273,100.0,660.0,900.0,1560.0
model,Tokyo-Bernoulli,ET-MPC,2033,persistence,0.05,1.0,1.0,0.8,0.135,0.135,9cf2e1d6be7f50113b15b164000323374aba7ef162283e103dcc247eda3c72fd,7.753283052459756,2290.376470975363,29,9.698996655518394,13.793103448275861,100.0,580.0,900.0,1480.0
model,Tokyo-Bernoulli,ET-MPC,2034,persistence,0.05,1.0,1.0,0.8,0.135,0.135,bc6a8e590bbf10f600d1f0090af727494cd7c8c6c408e279da41e1f895bc080d,7.755721949037763,2291.5246419008977,31,10.367892976588628,22.580645161290324,100.0,620.0,900.0,1520.0
model,Tokyo-Bernoulli,ET-MPC,2035,persistence,0.05,1.0,1.0,0.8,0.135,0.135,e0c92e558a911295df6345ac98a3486b5d0729c895ec97029128ecc2476d5c24,7.656116851650558,2269.374158342449,28,9.364548494983278,25.0,100.0,560.0,900.0,1460.0
model,Tokyo-Bernoulli,ET-MPC,2036,persistence,0.05,1.0,1.0,0.8,0.135,0.135,4b20ab18a2ea47e063c176e1910051feb9a4b1091cb9c1c0bfc4f368cc51c0f7,7.774540015050365,2285.5284890147595,18,6.0200668896321075,33.333333333333336,100.0,360.0,900.0,1260.0
model,Tokyo-Bernoulli,ET-MPC,2037,persistence,0.05,1.0,1.0,0.8,0.135,0.135,61c08b9f4cb9e09d18942133c8b1156ebb3e4f7e3b90f91d3cfe4f555c92d53c,7.668542474035062,2273.9643859026273,27,9.03010033444816,18.51851851851852,100.0,540.0,900.0,1440.0
model,Tokyo-Bernoulli,ET-MPC,2038,persistence,0.05,1.0,1.0,0.8,0.135,0.135,2bcdbbe6d47e1542dc982374609aa696bf1470f55231ae55073c664cf06a10b9,7.643536614470985,2265.43553685517,28,9.364548494983278,21.428571428571427,100.0,560.0,900.0,1460.0
model,Tokyo-Bernoulli,ET-MPC,2039,persistence,0.05,1.0,1.0,0.8,0.135,0.135,d510e77a0aa1cc423f4065384f42687e7d519427aba0a939ad15d0f69812a8a6,7.710575170939018,2277.7981195641187,42,14.046822742474916,35.714285714285715,100.0,840.0,900.0,1740.0
model,Tokyo-Bernoulli,ET-MPC,2040,persistence,0.05,1.0,1.0,0.8,0.135,0.135,73509efd2b59989b34f285c401e4c158c58402c2e7ef9fdb9b829f652c572d5a,7.632028700220789,2260.5224094172936,29,9.698996655518394,24.137931034482758,100.0,580.0,900.0,1480.0
model,Tokyo-Bernoulli,ET-MPC,2041,persistence,0.05,1.0,1.0,0.8,0.135,0.135,90452afdd6b156a9793fe5eb120c7c050906891f391a0c83c243ca9cfac46da3,7.679853288594084,2277.341400717779,25,8.361204013377927,32.0,100.0,500.0,900.0,1400.0
model,Tokyo-Bernoulli,ET-MPC,2042,persistence,0.05,1.0,1.0,0.8,0.135,0.135,f065ae35e3d91ea5da25e02b9fecfcc6d9bc2426b2773b8f433f4e098dd9555a,7.6694299057068545,2273.4121219244475,21,7.023411371237458,38.095238095238095,100.0,420.0,900.0,1320.0
model,Tokyo-Bernoulli,ET-MPC,2043,persistence,0.05,1.0,1.0,0.8,0.135,0.135,fae2b89aa7454beb374c4cd0829361758c19353823bb8125b934643b6c64e0fb,7.710766529350915,2285.5722921587367,27,9.03010033444816,29.62962962962963,100.0,540.0,900.0,1440.0
model,Tokyo-Bernoulli,ET-MPC,2044,persistence,0.05,1.0,1.0,0.8,0.135,0.135,575f3a7d26f08a8940567d7e62af687dc46792e52ee3f98ebbcefc2b99369a4c,7.737099885987577,2294.2996382568235,15,5.016722408026756,13.333333333333334,100.0,300.0,900.0,1200.0
model,Tokyo-Bernoulli,ET-MPC,2045,persistence,0.05,1.0,1.0,0.8,0.135,0.135,d3d918ecca7cea43f4f800911c112d14df3bed486114da477244274fba5ae473,7.648220400826572,2266.4223814573534,17,5.68561872909699,23.529411764705884,100.0,340.0,900.0,1240.0
model,Tokyo-Burst,ET-MPC,2026,persistence,0.05,1.0,1.0,0.8,0.135,0.135,65e607d121b7f38f51b5360462f746c1701f3e652ebd6207364bf685c944e962,7.631557553788492,2261.10804551173,19,6.354515050167224,36.8421052631579,100.0,380.0,900.0,1280.0
model,Tokyo-Burst,ET-MPC,2027,persistence,0.05,1.0,1.0,0.8,0.135,0.135,0bdb2e7d81f0527e4198ba1aa2979f72a4fd1c0e86049df94b3c31dd0cd8553e,7.631076138794352,2260.7109650605344,32,10.702341137123746,3.125,100.0,640.0,900.0,1540.0
model,Tokyo-Burst,ET-MPC,2028,persistence,0.05,1.0,1.0,0.8,0.135,0.135,bf17382a8727f01646cd32933a0b1bb93b91ff7021a00d7be25891a379d81d5f,7.696887730529481,2281.775523880213,21,7.023411371237458,4.761904761904762,100.0,420.0,900.0,1320.0
model,Tokyo-Burst,ET-MPC,2029,persistence,0.05,1.0,1.0,0.8,0.135,0.135,4c2e698c488f981ba4dc9e71c3268155b14c46940f1330562245253e39f3da21,7.665894839616134,2272.7991868498557,25,8.361204013377927,12.0,100.0,500.0,900.0,1400.0
model,Tokyo-Burst,ET-MPC,2030,persistence,0.05,1.0,1.0,0.8,0.135,0.135,a0499347c05b83622ed1d810b78faca034d591627097e65340fb864e081fefa6,7.730316051677184,2292.9925995528242,36,12.040133779264215,27.77777777777778,100.0,720.0,900.0,1620.0
model,Tokyo-Burst,ET-MPC,2031,persistence,0.05,1.0,1.0,0.8,0.135,0.135,8c056314f497b2b93cf57238354d17651567b4d55a011b817117200e5194323a,7.675751633409377,2275.8954491408085,27,9.03010033444816,14.814814814814815,100.0,540.0,900.0,1440.0
model,Tokyo-Burst,ET-MPC,2032,persistence,0.05,1.0,1.0,0.8,0.135,0.135,101006ca15a99503b3726e3d42cd12c01dcf16530f68a27821c81839ef19477a,7.6400444500974825,2264.4908764741526,30,10.033444816053512,10.0,100.0,600.0,900.0,1500.0
model,Tokyo-Burst,ET-MPC,2033,persistence,0.05,1.0,1.0,0.8,0.135,0.135,a7bdab5d072e97f0d1a4511b812de4c4c7d61f93141bfcfcebafd5d34d69e3e3,7.6784977945839215,2276.876470975363,26,8.695652173913043,7.6923076923076925,100.0,520.0,900.0,1420.0
model,Tokyo-Burst,ET-MPC,2034,persistence,0.05,1.0,1.0,0.8,0.135,0.135,68538dd445828f2aa3c1134221c091eb6052585f33831424925db67e9970eaf3,7.755721949037763,2291.5246419008977,33,11.036789297658864,9.090909090909092,100.0,660.0,900.0,1560.0
model,Tokyo-Burst,ET-MPC,2035,persistence,0.05,1.0,1.0,0.8,0.135,0.135,549dcfb6ee7c6021e2804774650ff51e150ba87b86bd80a34421f2ffe8433ab8,7.656116851650558,2269.374158342449,24,8.02675585284281,8.333333333333334,100.0,480.0,900.0,1380.0
model,Tokyo-Burst,ET-MPC,2036,persistence,0.05,1.0,1.0,0.8,0.135,0.135,d5f657ada9f69757a832be0156496b0f57a48b0e0c9723e296c2bbe98e7c8232,7.69738936662613,2272.0284889955383,22,7.357859531772576,13.636363636363637,100.0,440.0,900.0,1340.0
model,Tokyo-Burst,ET-MPC,2037,persistence,0.05,1.0,1.0,0.8,0.135,0.135,e40521c6c2b84e663a161b9fcf4b2fde8c83c34f78fbdcff83b92635a960a3a5,7.668542474035062,2273.9643859026273,24,8.02675585284281,16.666666666666668,100.0,480.0,900.0,1380.0
model,Tokyo-Burst,ET-MPC,2038,persistence,0.05,1.0,1.0,0.8,0.135,0.135,102c6bc3cd4866c3e769b8a4497da7a0f0215f41ae024f2797a2ca7142378cc7,7.643536614470985,2265.43553685517,34,11.37123745819398,26.470588235294116,100.0,680.0,900.0,1580.0
model,Tokyo-Burst,ET-MPC,2039,persistence,0.05,1.0,1.0,0.8,0.135,0.135,031aa52d479116fef3dec245373aa0a32b1d14db741d83c91c66c382043da16a,7.710575170939018,2277.7981195641187,20,6.688963210702341,10.0,100.0,400.0,900.0,1300.0
model,Tokyo-Burst,ET-MPC,2040,persistence,0.05,1.0,1.0,0.8,0.135,0.135,31784831f62806c1b08e78d87ade75ed0fc3238ad556d9d246969c50a41d812e,7.632028700220789,2260.5224094172936,24,8.02675585284281,8.333333333333334,100.0,480.0,900.0,1380.0
model,Tokyo-Burst,ET-MPC,2041,persistence,0.05,1.0,1.0,0.8,0.135,0.135,09ea867114e57c22c7e93ce5e9d45bdf4177a2e6b5401d57fe08844d3e7be44f,7.679853288594084,2277.341400717779,23,7.6923076923076925,13.043478260869565,100.0,460.0,900.0,1360.0
model,Tokyo-Burst,ET-MPC,2042,persistence,0.05,1.0,1.0,0.8,0.135,0.135,a4f3df503155c2cdc0d5cc8a5a8f388917ad197f744afdc3f3cedf0f66667ede,7.6694299057068545,2273.4121219244475,20,6.688963210702341,5.0,100.0,400.0,900.0,1300.0
model,Tokyo-Burst,ET-MPC,2043,persistence,0.05,1.0,1.0,0.8,0.135,0.135,18d71e275e87e800409e3d7abedc1f1bab1d7353aa7c98bf36a8499c9ef1bfb2,7.710766529350915,2285.5722921587367,27,9.03010033444816,25.925925925925927,100.0,540.0,900.0,1440.0
model,Tokyo-Burst,ET-MPC,2044,persistence,0.05,1.0,1.0,0.8,0.135,0.135,3873d89685ac9ee093dc3925bd072a74decd3fa654efb7e5b5ca90c91217700c,7.737099885987577,2294.2996382568235,17,5.68561872909699,5.882352941176471,100.0,340.0,900.0,1240.0
model,Tokyo-Burst,ET-MPC,2045,persistence,0.05,1.0,1.0,0.8,0.135,0.135,09aa72b38290d388996f36c546723e2e4e9a01e8cefa1dea0820c6c9bb7827be,7.648220400826572,2266.4223814573534,24,8.02675585284281,45.833333333333336,100.0,480.0,900.0,1380.0
model,Mekong-Synthetic,ET-MPC,2026,persistence,0.05,1.0,1.0,0.85,0.15,0.15,7e803f7ee475bf62816034ee923701875530291eb8410196d3f0c606ea9a5c5e,1.0766811436650134,193.92933005481532,57,19.06354515050167,24.56140350877193,5.351170568561873,1140.0,900.0,2040.0
model,Mekong-Synthetic,ET-MPC,2027,persistence,0.05,1.0,1.0,0.85,0.15,0.15,c14ae88d487bb93f976d4e0c9af3ba4ac529c4008d2aea47d68a1cec6ddfbfbb,1.272073052488118,225.8102781092688,64,21.40468227424749,32.8125,8.695652173913043,1280.0,900.0,2180.0
model,Mekong-Synthetic,ET-MPC,2028,persistence,0.05,1.0,1.0,0.85,0.15,0.15,fedf7c4a2c7871a0e4680d3cc59076daa7c90dfb0ff55d09ad4759fcb90081df,1.141787845155518,206.50959657625896,62,20.735785953177256,32.25806451612903,6.354515050167224,1240.0,900.0,2140.0
model,Mekong-Synthetic,ET-MPC,2029,persistence,0.05,1.0,1.0,0.85,0.15,0.15,c3bb168946c896796f5e8565ff1a0084f8ccf5866c8c5189fe62fe00b70830a1,1.1274810994701367,193.8883974270868,55,18.39464882943144,30.90909090909091,5.016722408026756,1100.0,900.0,2000.0
model,Mekong-Synthetic,ET-MPC,2030,persistence,0.05,1.0,1.0,0.85,0.15,0.15,1886d32bc065eecd277560ff2a01bab42cbf45d4c82d1766b01b1cee279137f8,1.1303737966012741,201.7204130013391,62,20.735785953177256,30.64516129032258,6.688963210702341,1240.0,900.0,2140.0
model,Mekong-Synthetic,ET-MPC,2031,persistence,0.05,1.0,1.0,0.85,0.15,0.15,c63ead25ab03cd96842d1b9a4e790611f4afa7dba28184547c73cc220395665c,1.122959470177951,201.910320707761,60,20.066889632107024,28.333333333333332,4.682274247491639,1200.0,900.0,2100.0
model,Mekong-Synthetic,ET-MPC,2032,persistence,0.05,1.0,1.0,0.85,0.15,0.15,91eecc62989b6bee99e9695dc98ce8dc73fca3e8b851a2e74f86d526847e419c,1.2481641236263388,230.04999020768923,62,20.735785953177256,33.87096774193548,9.698996655518394,1240.0,900.0,2140.0
model,Mekong-Synthetic,ET-MPC,2033,persistence,0.05,1.0,1.0,0.85,0.15,0.15,8f1471f47e225d3c516393af84ae662103f37dcc816de50fe2ea58e41bd81f59,1.2336207014624982,235.26363768171115,58,19.39799331103679,32.758620689655174,7.023411371237458,1160.0,900.0,2060.0
model,Mekong-Synthetic,ET-MPC,2034,persistence,0.05,1.0,1.0,0.85,0.15,0.15,040443b9a57b58e8860dbe62d377659b3bd96ddf2cf7d9148fdf8fd32c63779d,1.1076342381702866,198.36821598569577,70,23.411371237458194,40.0,4.682274247491639,1400.0,900.0,2300.0
model,Mekong-Synthetic,ET-MPC,2035,persistence,0.05,1.0,1.0,0.85,0.15,0.15,3302abdac216d672687cbb302481baa7a1acf2d8e03ce74ea26885fad60dee6c,1.1265789301414517,210.54868098053515,56,18.729096989966557,17.857142857142858,4.682274247491639,1120.0,900.0,2020.0
model,Mekong-Synthetic,ET-MPC,2036,persistence,0.05,1.0,1.0,0.85,0.15,0.15,f5da7242a4219abeb2a3793803d0b21413838d6c5be05b54b25689898ffadce1,1.2618618706755416,227.09294803994598,62,20.735785953177256,35.483870967741936,8.361204013377927,1240.0,900.0,2140.0
model,Mekong-Synthetic,ET-MPC,2037,persistence,0.05,1.0,1.0,0.85,0.15,0.15,d7bd22d19cdf158f6e01098216bbef3ffcac9d1f4c943ef08ab40c87df8a5b2b,1.233302932851057,223.66977772137247,60,20.066889632107024,35.0,8.02675585284281,1200.0,900.0,2100.0
model,Mekong-Synthetic,ET-MPC,2038,persistence,0.05,1.0,1.0,0.85,0.15,0.15,1e1e07557ed96a2c0afc452c074211d1b5d83c8aeef2a0d6dd3bce82fc573e3a,1.1116361143794624,198.46594531403622,57,19.06354515050167,24.56140350877193,6.0200668896321075,1140.0,900.0,2040.0
model,Mekong-Synthetic,ET-MPC,2039,persistence,0.05,1.0,1.0,0.85,0.15,0.15,cc9e884dafd4802a172381f9b897a1dd554065b611b37d5694661c44ef3fad47,1.0578440298736738,188.9158454661624,55,18.39464882943144,25.454545454545453,5.68561872909699,1100.0,900.0,2000.0
model,Mekong-Synthetic,ET-MPC,2040,persistence,0.05,1.0,1.0,0.85,0.15,0.15,6e927d8e6fc0a6884bec0d40621cb2f898380167831eb8d2ecab45e69894c460,1.2316496418733103,213.01808684544625,56,18.729096989966557,28.571428571428573,6.0200668896321075,1120.0,900.0,2020.0
model,Mekong-Synthetic,ET-MPC,2041,persistence,0.05,1.0,1.0,0.85,0.15,0.15,2e66f567d694001657219307eadd8a1045e344921301bcce59f46a5cdb99fb3c,1.1508948921460287,198.93884009106037,67,22.40802675585284,35.82089552238806,7.6923076923076925,1340.0,900.0,2240.0
model,Mekong-Synthetic,ET-MPC,2042,persistence,0.05,1.0,1.0,0.85,0.15,0.15,5dc25b4385d0b479b52d15f9f8e150655842b34a2bc5e0bf0d32311e97653639,1.1592133418695993,214.6515128221128,64,21.40468227424749,39.0625,6.0200668896321075,1280.0,900.0,2180.0
model,Mekong-Synthetic,ET-MPC,2043,persistence,0.05,1.0,1.0,0.85,0.15,0.15,d54f0a6da3a8c52d02508ae4f625c7a058d2e46346e05d48ebf9faa3d9b32324,1.0798102208469822,179.20670934884564,57,19.06354515050167,22.80701754385965,6.0200668896321075,1140.0,900.0,2040.0
model,Mekong-Synthetic,ET-MPC,2044,persistence,0.05,1.0,1.0,0.85,0.15,0.15,a1894392a02b8d6083e376df671f6dc43f0f7ceddee2444fbbda81f8f2055f47,1.1117101812318735,203.90709190954226,48,16.05351170568562,25.0,6.354515050167224,960.0,900.0,1860.0
model,Mekong-Synthetic,ET-MPC,2045,persistence,0.05,1.0,1.0,0.85,0.15,0.15,fa8e8b9dbbe958e25846277501cf58fee5efa36d13df69909d19055c699b0bac,1.0973788527650792,196.46670243728016,50,16.722408026755854,22.0,6.354515050167224,1000.0,900.0,1900.0
model,Tokyo-Bernoulli,ET-MPC,2026,persistence,0.05,1.0,1.0,0.85,0.15,0.15,790c8f5dd988055e155f47ff6fd24c8b50beac920afbc4ce791d68cb6cedc59a,3.128853446303639,673.7223823298658,93,31.103678929765888,21.50537634408602,43.47826086956522,1860.0,900.0,2760.0
model,Tokyo-Bernoulli,ET-MPC,2027,persistence,0.05,1.0,1.0,0.85,0.15,0.15,b5948e86d52c9038713ff98a3f876792a0b095b62f80d25d4f777fe5687cf13b,3.3667294446777314,703.4305939474144,98,32.77591973244147,30.612244897959183,45.819397993311036,1960.0,900.0,2860.0
model,Tokyo-Bernoulli,ET-MPC,2028,persistence,0.05,1.0,1.0,0.85,0.15,0.15,5e75d31e96cdd15ac6dd091671f770d206b14c7bc3463a04819d731263b1ec30,3.3259706752387284,695.8345678564035,106,35.45150501672241,34.905660377358494,43.812709030100336,2120.0,900.0,3020.0
model,Tokyo-Bernoulli,ET-MPC,2029,persistence,0.05,1.0,1.0,0.85,0.15,0.15,1b18d781f20e9c8d08506aca447c6b24d76376b2916c9bc6ba9b399b0935fee0,3.188505186196378,686.2561550363913,105,35.11705685618729,34.285714285714285,44.48160535117057,2100.0,900.0,3000.0
model,Tokyo-Bernoulli,ET-MPC,2030,persistence,0.05,1.0,1.0,0.85,0.15,0.15,4911a0a6e6ae87bf909477506b8e1edb72a6e5483b97830458c5577715965602,3.2458160333122046,731.7871769772776,95,31.77257525083612,29.473684210526315,52.508361204013376,1900.0,900.0,2800.0
model,Tokyo-Bernoulli,ET-MPC,2031,persistence,0.05,1.0,1.0,0.85,0.15,0.15,f370c55fa062849c844d48bddc406fe9d7e0fd27df33207cfeeac16ab1bf27b8,3.4994753190853363,818.0206313977243,83,27.759197324414714,36.144578313253014,58.862876254180605,1660.0,900.0,2560.0
model,Tokyo-Bernoulli,ET-MPC,2032,persistence,0.05,1.0,1.0,0.85,0.15,0.15,0657654dc1b26a994835d27881651b78486dc48af023aa439af2acac56d5c655,3.200452614495415,699.7243407145925,89,29.765886287625417,29.213483146067414,51.17056856187291,1780.0,900.0,2680.0
model,Tokyo-Bernoulli,ET-MPC,2033,persistence,0.05,1.0,1.0,0.85,0.15,0.15,9cf2e1d6be7f50113b15b164000323374aba7ef162283e103dcc247eda3c72fd,3.14337758872882,688.1581022138795,92,30.76923076923077,19.565217391304348,45.48494983277592,1840.0,900.0,2740.0
model,Tokyo-Bernoulli,ET-MPC,2034,persistence,0.05,1.0,1.0,0.85,0.15,0.15,bc6a8e590bbf10f600d1f0090af727494cd7c8c6c408e279da41e1f895bc080d,3.1781588138089187,708.4469421993823,85,28.42809364548495,23.529411764705884,49.83277591973244,1700.0,900.0,2600.0
model,Tokyo-Bernoulli,ET-MPC,2035,persistence,0.05,1.0,1.0,0.85,0.15,0.15,e0c92e558a911295df6345ac98a3486b5d0729c895ec97029128ecc2476d5c24,3.1205630317774915,670.9560536973106,92,30.76923076923077,25.0,44.147157190635454,1840.0,900.0,2740.0
model,Tokyo-Bernoulli,ET-MPC,2036,persistence,0.05,1.0,1.0,0.85,0.15,0.15,4b20ab18a2ea47e063c176e1910051feb9a4b1091cb9c1c0bfc4f368cc51c0f7,3.36564803346769,701.4014581237016,111,37.123745819397996,36.03603603603604,44.81605351170568,2220.0,900.0,3120.0
model,Tokyo-Bernoulli,ET-MPC,2037,persistence,0.05,1.0,1.0,0.85,0.15,0.15,61c08b9f4cb9e09d18942133c8b1156ebb3e4f7e3b90f91d3cfe4f555c92d53c,3.1140624330684603,668.1765692514036,101,33.779264214046826,26.73267326732673,39.79933110367893,2020.0,900.0,2920.0
model,Tokyo-Bernoulli,ET-MPC,2038,persistence,0.05,1.0,1.0,0.85,0.15,0.15,2bcdbbe6d47e1542dc982374609aa696bf1470f55231ae55073c664cf06a10b9,3.154376184280307,688.4021872675016,90,30.100334448160535,26.666666666666668,47.82608695652174,1800.0,900.0,2700.0
model,Tokyo-Bernoulli,ET-MPC,2039,persistence,0.05,1.0,1.0,0.85,0.15,0.15,d510e77a0aa1cc423f4065384f42687e7d519427aba0a939ad15d0f69812a8a6,3.0902161674235247,672.5980980728259,92,30.76923076923077,22.82608695652174,44.81605351170568,1840.0,900.0,2740.0
model,Tokyo-Bernoulli,ET-MPC,2040,persistence,0.05,1.0,1.0,0.85,0.15,0.15,73509efd2b59989b34f285c401e4c158c58402c2e7ef9fdb9b829f652c572d5a,3.2535772396263565,712.8944908974433,90,30.100334448160535,24.444444444444443,49.163879598662206,1800.0,900.0,2700.0
model,Tokyo-Bernoulli,ET-MPC,2041,persistence,0.05,1.0,1.0,0.85,0.15,0.15,90452afdd6b156a9793fe5eb120c7c050906891f391a0c83c243ca9cfac46da3,3.165330491143859,695.4249181679414,105,35.11705685618729,32.38095238095238,45.1505016722408,2100.0,900.0,3000.0
model,Tokyo-Bernoulli,ET-MPC,2042,persistence,0.05,1.0,1.0,0.85,0.15,0.15,f065ae35e3d91ea5da25e02b9fecfcc6d9bc2426b2773b8f433f4e098dd9555a,3.1486110006497885,683.1840054596403,96,32.10702341137124,30.208333333333332,43.1438127090301,1920.0,900.0,2820.0
model,Tokyo-Bernoulli,ET-MPC,2043,persistence,0.05,1.0,1.0,0.85,0.15,0.15,fae2b89aa7454beb374c4cd0829361758c19353823bb8125b934643b6c64e0fb,3.159915625878245,673.6994031969317,102,34.11371237458194,37.254901960784316,41.80602006688963,2040.0,900.0,2940.0
model,Tokyo-Bernoulli,ET-MPC,2044,persistence,0.05,1.0,1.0,0.85,0.15,0.15,575f3a7d26f08a8940567d7e62af687dc46792e52ee3f98ebbcefc2b99369a4c,3.409531046363176,777.9248428392341,90,30.100334448160535,32.22222222222222,58.19397993311037,1800.0,900.0,2700.0
model,Tokyo-Bernoulli,ET-MPC,2045,persistence,0.05,1.0,1.0,0.85,0.15,0.15,d3d918ecca7cea43f4f800911c112d14df3bed486114da477244274fba5ae473,3.1624398474448427,689.1627972576545,80,26.755852842809364,32.5,50.16722408026756,1600.0,900.0,2500.0
model,Tokyo-Burst,ET-MPC,2026,persistence,0.05,1.0,1.0,0.85,0.15,0.15,65e607d121b7f38f51b5360462f746c1701f3e652ebd6207364bf685c944e962,3.3827472012941793,723.0724658551235,85,28.42809364548495,17.647058823529413,49.49832775919732,1700.0,900.0,2600.0
model,Tokyo-Burst,ET-MPC,2027,persistence,0.05,1.0,1.0,0.85,0.15,0.15,0bdb2e7d81f0527e4198ba1aa2979f72a4fd1c0e86049df94b3c31dd0cd8553e,3.1401271266034505,674.8085683426586,87,29.096989966555185,13.793103448275861,43.812709030100336,1740.0,900.0,2640.0
model,Tokyo-Burst,ET-MPC,2028,persistence,0.05,1.0,1.0,0.85,0.15,0.15,bf17382a8727f01646cd32933a0b1bb93b91ff7021a00d7be25891a379d81d5f,3.0849517030487785,656.3210409238595,85,28.42809364548495,14.117647058823529,42.14046822742475,1700.0,900.0,2600.0
model,Tokyo-Burst,ET-MPC,2029,persistence,0.05,1.0,1.0,0.85,0.15,0.15,4c2e698c488f981ba4dc9e71c3268155b14c46940f1330562245253e39f3da21,3.0260976895560563,625.2294165456952,91,30.434782608695652,15.384615384615385,36.12040133779264,1820.0,900.0,2720.0
model,Tokyo-Burst,ET-MPC,2030,persistence,0.05,1.0,1.0,0.85,0.15,0.15,a0499347c05b83622ed1d810b78faca034d591627097e65340fb864e081fefa6,3.1188184816203957,674.9028005797333,91,30.434782608695652,19.78021978021978,43.812709030100336,1820.0,900.0,2720.0
model,Tokyo-Burst,ET-MPC,2031,persistence,0.05,1.0,1.0,0.85,0.15,0.15,8c056314f497b2b93cf57238354d17651567b4d55a011b817117200e5194323a,3.1764142121292003,708.0319544691505,63,21.070234113712374,14.285714285714286,54.51505016722408,1260.0,900.0,2160.0
model,Tokyo-Burst,ET-MPC,2032,persistence,0.05,1.0,1.0,0.85,0.15,0.15,101006ca15a99503b3726e3d42cd12c01dcf16530f68a27821c81839ef19477a,3.17489630886865,698.8997646346734,90,30.100334448160535,18.88888888888889,47.15719063545151,1800.0,900.0,2700.0
model,Tokyo-Burst,ET-MPC,2033,persistence,0.05,1.0,1.0,0.85,0.15,0.15,a7bdab5d072e97f0d1a4511b812de4c4c7d61f93141bfcfcebafd5d34d69e3e3,3.1946569687139528,698.2261991317074,89,29.765886287625417,12.359550561797754,45.48494983277592,1780.0,900.0,2680.0
model,Tokyo-Burst,ET-MPC,2034,persistence,0.05,1.0,1.0,0.85,0.15,0.15,68538dd445828f2aa3c1134221c091eb6052585f33831424925db67e9970eaf3,3.160349678586317,675.8402064683829,89,29.765886287625417,19.10112359550562,43.812709030100336,1780.0,900.0,2680.0
model,Tokyo-Burst,ET-MPC,2035,persistence,0.05,1.0,1.0,0.85,0.15,0.15,549dcfb6ee7c6021e2804774650ff51e150ba87b86bd80a34421f2ffe8433ab8,2.990322985304168,618.5670217997127,90,30.100334448160535,17.77777777777778,38.79598662207358,1800.0,900.0,2700.0
model,Tokyo-Burst,ET-MPC,2036,persistence,0.05,1.0,1.0,0.85,0.15,0.15,d5f657ada9f69757a832be0156496b0f57a48b0e0c9723e296c2bbe98e7c8232,3.2040981469413254,699.873039466632,87,29.096989966555185,20.689655172413794,47.15719063545151,1740.0,900.0,2640.0
model,Tokyo-Burst,ET-MPC,2037,persistence,0.05,1.0,1.0,0.85,0.15,0.15,e40521c6c2b84e663a161b9fcf4b2fde8c83c34f78fbdcff83b92635a960a3a5,3.119108207306423,680.9962859738648,86,28.762541806020067,18.6046511627907,46.82274247491639,1720.0,900.0,2620.0
model,Tokyo-Burst,ET-MPC,2038,persistence,0.05,1.0,1.0,0.85,0.15,0.15,102c6bc3cd4866c3e769b8a4497da7a0f0215f41ae024f2797a2ca7142378cc7,3.0283687284817784,631.3087676740087,89,29.765886287625417,19.10112359550562,39.130434782608695,1780.0,900.0,2680.0
model,Tokyo-Burst,ET-MPC,2039,persistence,0.05,1.0,1.0,0.85,0.15,0.15,031aa52d479116fef3dec245373aa0a32b1d14db741d83c91c66c382043da16a,3.124508904536875,686.7189767918417,86,28.762541806020067,18.6046511627907,47.491638795986624,1720.0,900.0,2620.0
model,Tokyo-Burst,ET-MPC,2040,persistence,0.05,1.0,1.0,0.85,0.15,0.15,31784831f62806c1b08e78d87ade75ed0fc3238ad556d9d246969c50a41d812e,3.000394691420125,604.2886986936826,92,30.76923076923077,11.956521739130435,33.779264214046826,1840.0,900.0,2740.0
model,Tokyo-Burst,ET-MPC,2041,persistence,0.05,1.0,1.0,0.85,0.15,0.15,09ea867114e57c22c7e93ce5e9d45bdf4177a2e6b5401d57fe08844d3e7be44f,3.1798297317790545,709.8473408032695,78,26.08695652173913,19.23076923076923,50.16722408026756,1560.0,900.0,2460.0
model,Tokyo-Burst,ET-MPC,2042,persistence,0.05,1.0,1.0,0.85,0.15,0.15,a4f3df503155c2cdc0d5cc8a5a8f388917ad197f744afdc3f3cedf0f66667ede,3.1373381976259536,686.2725233342942,78,26.08695652173913,14.102564102564102,48.82943143812709,1560.0,900.0,2460.0
model,Tokyo-Burst,ET-MPC,2043,persistence,0.05,1.0,1.0,0.85,0.15,0.15,18d71e275e87e800409e3d7abedc1f1bab1d7353aa7c98bf36a8499c9ef1bfb2,3.233802008168334,713.0225492900814,91,30.434782608695652,21.978021978021978,49.83277591973244,1820.0,900.0,2720.0
model,Tokyo-Burst,ET-MPC,2044,persistence,0.05,1.0,1.0,0.85,0.15,0.15,3873d89685ac9ee093dc3925bd072a74decd3fa654efb7e5b5ca90c91217700c,3.1098702169806174,668.2134751780268,89,29.765886287625417,19.10112359550562,44.48160535117057,1780.0,900.0,2680.0
model,Tokyo-Burst,ET-MPC,2045,persistence,0.05,1.0,1.0,0.85,0.15,0.15,09aa72b38290d388996f36c546723e2e4e9a01e8cefa1dea0820c6c9bb7827be,4.613870475162237,804.1241903507773,96,32.10702341137124,25.0,39.46488294314381,1920.0,900.0,2820.0
model,Mekong-Synthetic,ET-MPC,2026,persistence,0.05,1.0,1.0,0.9,0.165,0.165,7e803f7ee475bf62816034ee923701875530291eb8410196d3f0c606ea9a5c5e,2.302452110125513,525.918699382806,85,28.42809364548495,28.235294117647058,38.79598662207358,1700.0,900.0,2600.0
model,Mekong-Synthetic,ET-MPC,2027,persistence,0.05,1.0,1.0,0.9,0.165,0.165,c14ae88d487bb93f976d4e0c9af3ba4ac529c4008d2aea47d68a1cec6ddfbfbb,2.1204107906084935,507.1327765238707,83,27.759197324414714,26.50602409638554,38.12709030100334,1660.0,900.0,2560.0
model,Mekong-Synthetic,ET-MPC,2028,persistence,0.05,1.0,1.0,0.9,0.165,0.165,fedf7c4a2c7871a0e4680d3cc59076daa7c90dfb0ff55d09ad4759fcb90081df,1.8011300233422372,413.66181495485233,83,27.759197324414714,27.710843373493976,24.74916387959866,1660.0,900.0,2560.0
model,Mekong-Synthetic,ET-MPC,2029,persistence,0.05,1.0,1.0,0.9,0.165,0.165,c3bb168946c896796f5e8565ff1a0084f8ccf5866c8c5189fe62fe00b70830a1,2.082720738655039,484.6199696131646,80,26.755852842809364,31.25,31.103678929765888,1600.0,900.0,2500.0
model,Mekong-Synthetic,ET-MPC,2030,persistence,0.05,1.0,1.0,0.9,0.165,0.165,1886d32bc065eecd277560ff2a01bab42cbf45d4c82d1766b01b1cee279137f8,2.035447402289474,465.3330701211089,86,28.762541806020067,23.25581395348837,28.762541806020067,1720.0,900.0,2620.0
model,Mekong-Synthetic,ET-MPC,2031,persistence,0.05,1.0,1.0,0.9,0.165,0.165,c63ead25ab03cd96842d1b9a4e790611f4afa7dba28184547c73cc220395665c,1.984482441681186,451.18806176735256,91,30.434782608695652,27.47252747252747,27.090301003344482,1820.0,900.0,2720.0
model,Mekong-Synthetic,ET-MPC,2032,persistence,0.05,1.0,1.0,0.9,0.165,0.165,91eecc62989b6bee99e9695dc98ce8dc73fca3e8b851a2e74f86d526847e419c,2.02192905033897,479.9326033176948,78,26.08695652173913,26.923076923076923,29.096989966555185,1560.0,900.0,2460.0
model,Mekong-Synthetic,ET-MPC,2033,persistence,0.05,1.0,1.0,0.9,0.165,0.165,8f1471f47e225d3c516393af84ae662103f37dcc816de50fe2ea58e41bd81f59,1.9936066339189054,445.90712568969303,94,31.438127090301002,28.72340425531915,27.090301003344482,1880.0,900.0,2780.0
model,Mekong-Synthetic,ET-MPC,2034,persistence,0.05,1.0,1.0,0.9,0.165,0.165,040443b9a57b58e8860dbe62d377659b3bd96ddf2cf7d9148fdf8fd32c63779d,1.859606541252959,428.0487825500916,85,28.42809364548495,23.529411764705884,27.759197324414714,1700.0,900.0,2600.0
model,Mekong-Synthetic,ET-MPC,2035,persistence,0.05,1.0,1.0,0.9,0.165,0.165,3302abdac216d672687cbb302481baa7a1acf2d8e03ce74ea26885fad60dee6c,1.9901804620300736,466.7273923140104,86,28.762541806020067,31.3953488372093,29.096989966555185,1720.0,900.0,2620.0
model,Mekong-Synthetic,ET-MPC,2036,persistence,0.05,1.0,1.0,0.9,0.165,0.165,f5da7242a4219abeb2a3793803d0b21413838d6c5be05b54b25689898ffadce1,2.0928462880054033,488.49971037412774,88,29.431438127090303,25.0,32.441471571906355,1760.0,900.0,2660.0
model,Mekong-Synthetic,ET-MPC,2037,persistence,0.05,1.0,1.0,0.9,0.165,0.165,d7bd22d19cdf158f6e01098216bbef3ffcac9d1f4c943ef08ab40c87df8a5b2b,1.8132151321039507,426.69800430519547,73,24.414715719063544,19.17808219178082,28.093645484949832,1460.0,900.0,2360.0
model,Mekong-Synthetic,ET-MPC,2038,persistence,0.05,1.0,1.0,0.9,0.165,0.165,1e1e07557ed96a2c0afc452c074211d1b5d83c8aeef2a0d6dd3bce82fc573e3a,2.049470725350954,463.98572611218094,91,30.434782608695652,31.86813186813187,31.77257525083612,1820.0,900.0,2720.0
model,Mekong-Synthetic,ET-MPC,2039,persistence,0.05,1.0,1.0,0.9,0.165,0.165,cc9e884dafd4802a172381f9b897a1dd554065b611b37d5694661c44ef3fad47,2.131180141675996,482.49314660176617,84,28.093645484949832,28.571428571428573,30.100334448160535,1680.0,900.0,2580.0
model,Mekong-Synthetic,ET-MPC,2040,persistence,0.05,1.0,1.0,0.9,0.165,0.165,6e927d8e6fc0a6884bec0d40621cb2f898380167831eb8d2ecab45e69894c460,2.164658038005906,488.18467465492284,89,29.765886287625417,29.213483146067414,30.76923076923077,1780.0,900.0,2680.0
model,Mekong-Synthetic,ET-MPC,2041,persistence,0.05,1.0,1.0,0.9,0.165,0.165,2e66f567d694001657219307eadd8a1045e344921301bcce59f46a5cdb99fb3c,1.9483663105458635,454.3764987147547,82,27.4247491638796,26.829268292682926,27.759197324414714,1640.0,900.0,2540.0
model,Mekong-Synthetic,ET-MPC,2042,persistence,0.05,1.0,1.0,0.9,0.165,0.165,5dc25b4385d0b479b52d15f9f8e150655842b34a2bc5e0bf0d32311e97653639,1.9585097110555203,446.30146337528674,89,29.765886287625417,23.59550561797753,29.096989966555185,1780.0,900.0,2680.0
model,Mekong-Synthetic,ET-MPC,2043,persistence,0.05,1.0,1.0,0.9,0.165,0.165,d54f0a6da3a8c52d02508ae4f625c7a058d2e46346e05d48ebf9faa3d9b32324,1.9735679767076488,447.79001685947867,92,30.76923076923077,26.08695652173913,28.42809364548495,1840.0,900.0,2740.0
model,Mekong-Synthetic,ET-MPC,2044,persistence,0.05,1.0,1.0,0.9,0.165,0.165,a1894392a02b8d6083e376df671f6dc43f0f7ceddee2444fbbda81f8f2055f47,2.055921571650876,472.11552557827486,91,30.434782608695652,34.065934065934066,31.77257525083612,1820.0,900.0,2720.0
model,Mekong-Synthetic,ET-MPC,2045,persistence,0.05,1.0,1.0,0.9,0.165,0.165,fa8e8b9dbbe958e25846277501cf58fee5efa36d13df69909d19055c699b0bac,1.9293113058221147,444.99260505652364,92,30.76923076923077,31.52173913043478,25.08361204013378,1840.0,900.0,2740.0
model,Tokyo-Bernoulli,ET-MPC,2026,persistence,0.05,1.0,1.0,0.9,0.165,0.165,790c8f5dd988055e155f47ff6fd24c8b50beac920afbc4ce791d68cb6cedc59a,2.516276046573772,354.7260105143602,92,30.76923076923077,30.434782608695652,11.37123745819398,1840.0,900.0,2740.0
model,Tokyo-Bernoulli,ET-MPC,2027,persistence,0.05,1.0,1.0,0.9,0.165,0.165,b5948e86d52c9038713ff98a3f876792a0b095b62f80d25d4f777fe5687cf13b,3.131231285854245,448.1860373902549,106,35.45150501672241,33.0188679245283,16.05351170568562,2120.0,900.0,3020.0
model,Tokyo-Bernoulli,ET-MPC,2028,persistence,0.05,1.0,1.0,0.9,0.165,0.165,5e75d31e96cdd15ac6dd091671f770d206b14c7bc3463a04819d731263b1ec30,3.236552947833838,437.69110251900156,97,32.441471571906355,28.8659793814433,14.715719063545151,1940.0,900.0,2840.0
model,Tokyo-Bernoulli,ET-MPC,2029,persistence,0.05,1.0,1.0,0.9,0.165,0.165,1b18d781f20e9c8d08506aca447c6b24d76376b2916c9bc6ba9b399b0935fee0,2.174750700993965,359.40641421662076,104,34.78260869565217,30.76923076923077,15.719063545150501,2080.0,900.0,2980.0
model,Tokyo-Bernoulli,ET-MPC,2030,persistence,0.05,1.0,1.0,0.9,0.165,0.165,4911a0a6e6ae87bf909477506b8e1edb72a6e5483b97830458c5577715965602,2.1346202810068524,335.58841568643567,97,32.441471571906355,29.896907216494846,13.043478260869565,1940.0,900.0,2840.0
model,Tokyo-Bernoulli,ET-MPC,2031,persistence,0.05,1.0,1.0,0.9,0.165,0.165,f370c55fa062849c844d48bddc406fe9d7e0fd27df33207cfeeac16ab1bf27b8,2.1810626121797325,360.0917829897943,100,33.44481605351171,30.0,13.7123745819398,2000.0,900.0,2900.0
model,Tokyo-Bernoulli,ET-MPC,2032,persistence,0.05,1.0,1.0,0.9,0.165,0.165,0657654dc1b26a994835d27881651b78486dc48af023aa439af2acac56d5c655,2.1774091331311363,359.28549055888107,105,35.11705685618729,29.523809523809526,16.722408026755854,2100.0,900.0,3000.0
model,Tokyo-Bernoulli,ET-MPC,2033,persistence,0.05,1.0,1.0,0.9,0.165,0.165,9cf2e1d6be7f50113b15b164000323374aba7ef162283e103dcc247eda3c72fd,4.200946967196578,572.4030100322897,104,34.78260869565217,31.73076923076923,17.725752508361204,2080.0,900.0,2980.0
model,Tokyo-Bernoulli,ET-MPC,2034,persistence,0.05,1.0,1.0,0.9,0.165,0.165,bc6a8e590bbf10f600d1f0090af727494cd7c8c6c408e279da41e1f895bc080d,2.1382629633196286,356.97132333616094,99,33.11036789297659,20.2020202020202,13.377926421404682,1980.0,900.0,2880.0
model,Tokyo-Bernoulli,ET-MPC,2035,persistence,0.05,1.0,1.0,0.9,0.165,0.165,e0c92e558a911295df6345ac98a3486b5d0729c895ec97029128ecc2476d5c24,2.135528621521692,346.5040213765547,98,32.77591973244147,29.591836734693878,11.705685618729097,1960.0,900.0,2860.0
model,Tokyo-Bernoulli,ET-MPC,2036,persistence,0.05,1.0,1.0,0.9,0.165,0.165,4b20ab18a2ea47e063c176e1910051feb9a4b1091cb9c1c0bfc4f368cc51c0f7,2.0680950130286475,312.3571895608426,91,30.434782608695652,23.076923076923077,7.357859531772576,1820.0,900.0,2720.0
model,Tokyo-Bernoulli,ET-MPC,2037,persistence,0.05,1.0,1.0,0.9,0.165,0.165,61c08b9f4cb9e09d18942133c8b1156ebb3e4f7e3b90f91d3cfe4f555c92d53c,2.1563076252942177,343.5918110349792,99,33.11036789297659,33.333333333333336,14.715719063545151,1980.0,900.0,2880.0
model,Tokyo-Bernoulli,ET-MPC,2038,persistence,0.05,1.0,1.0,0.9,0.165,0.165,2bcdbbe6d47e1542dc982374609aa696bf1470f55231ae55073c664cf06a10b9,2.0929221771140067,319.8004750466589,91,30.434782608695652,24.175824175824175,11.036789297658864,1820.0,900.0,2720.0
model,Tokyo-Bernoulli,ET-MPC,2039,persistence,0.05,1.0,1.0,0.9,0.165,0.165,d510e77a0aa1cc423f4065384f42687e7d519427aba0a939ad15d0f69812a8a6,3.8413041404046577,510.18049284051625,93,31.103678929765888,27.956989247311828,16.387959866220736,1860.0,900.0,2760.0
model,Tokyo-Bernoulli,ET-MPC,2040,persistence,0.05,1.0,1.0,0.9,0.165,0.165,73509efd2b59989b34f285c401e4c158c58402c2e7ef9fdb9b829f652c572d5a,2.739031488750434,368.5906689646196,99,33.11036789297659,32.323232323232325,13.043478260869565,1980.0,900.0,2880.0
model,Tokyo-Bernoulli,ET-MPC,2041,persistence,0.05,1.0,1.0,0.9,0.165,0.165,90452afdd6b156a9793fe5eb120c7c050906891f391a0c83c243ca9cfac46da3,2.1667294384902527,358.02786330881986,105,35.11705685618729,35.23809523809524,13.7123745819398,2100.0,900.0,3000.0
model,Tokyo-Bernoulli,ET-MPC,2042,persistence,0.05,1.0,1.0,0.9,0.165,0.165,f065ae35e3d91ea5da25e02b9fecfcc6d9bc2426b2773b8f433f4e098dd9555a,2.101936435239422,329.66786535532583,101,33.779264214046826,29.702970297029704,11.036789297658864,2020.0,900.0,2920.0
model,Tokyo-Bernoulli,ET-MPC,2043,persistence,0.05,1.0,1.0,0.9,0.165,0.165,fae2b89aa7454beb374c4cd0829361758c19353823bb8125b934643b6c64e0fb,3.400355307064583,451.4372915867808,98,32.77591973244147,32.6530612244898,14.046822742474916,1960.0,900.0,2860.0
model,Tokyo-Bernoulli,ET-MPC,2044,persistence,0.05,1.0,1.0,0.9,0.165,0.165,575f3a7d26f08a8940567d7e62af687dc46792e52ee3f98ebbcefc2b99369a4c,5.178072574082343,712.874165288417,98,32.77591973244147,32.6530612244898,20.401337792642142,1960.0,900.0,2860.0
model,Tokyo-Bernoulli,ET-MPC,2045,persistence,0.05,1.0,1.0,0.9,0.165,0.165,d3d918ecca7cea43f4f800911c112d14df3bed486114da477244274fba5ae473,2.1141735337296144,325.0949664594641,93,31.103678929765888,25.806451612903224,10.367892976588628,1860.0,900.0,2760.0
model,Tokyo-Burst,ET-MPC,2026,persistence,0.05,1.0,1.0,0.9,0.165,0.165,65e607d121b7f38f51b5360462f746c1701f3e652ebd6207364bf685c944e962,2.5418985762869752,362.6193741783228,83,27.759197324414714,13.25301204819277,10.702341137123746,1660.0,900.0,2560.0
model,Tokyo-Burst,ET-MPC,2027,persistence,0.05,1.0,1.0,0.9,0.165,0.165,0bdb2e7d81f0527e4198ba1aa2979f72a4fd1c0e86049df94b3c31dd0cd8553e,2.087341601119404,309.49582037869595,93,31.103678929765888,13.978494623655914,10.033444816053512,1860.0,900.0,2760.0
model,Tokyo-Burst,ET-MPC,2028,persistence,0.05,1.0,1.0,0.9,0.165,0.165,bf17382a8727f01646cd32933a0b1bb93b91ff7021a00d7be25891a379d81d5f,2.0691540008731617,300.33822773805014,85,28.42809364548495,18.823529411764707,8.361204013377927,1700.0,900.0,2600.0
model,Tokyo-Burst,ET-MPC,2029,persistence,0.05,1.0,1.0,0.9,0.165,0.165,4c2e698c488f981ba4dc9e71c3268155b14c46940f1330562245253e39f3da21,2.100846248664144,324.3691946997647,88,29.431438127090303,15.909090909090908,10.367892976588628,1760.0,900.0,2660.0
model,Tokyo-Burst,ET-MPC,2030,persistence,0.05,1.0,1.0,0.9,0.165,0.165,a0499347c05b83622ed1d810b78faca034d591627097e65340fb864e081fefa6,2.0840311727399445,319.5596232742257,84,28.093645484949832,10.714285714285714,11.036789297658864,1680.0,900.0,2580.0
model,Tokyo-Burst,ET-MPC,2031,persistence,0.05,1.0,1.0,0.9,0.165,0.165,8c056314f497b2b93cf57238354d17651567b4d55a011b817117200e5194323a,2.0500830018499863,296.0676929619873,90,30.100334448160535,20.0,8.695652173913043,1800.0,900.0,2700.0
model,Tokyo-Burst,ET-MPC,2032,persistence,0.05,1.0,1.0,0.9,0.165,0.165,101006ca15a99503b3726e3d42cd12c01dcf16530f68a27821c81839ef19477a,2.0956167764550018,324.3997263777509,90,30.100334448160535,17.77777777777778,10.033444816053512,1800.0,900.0,2700.0
model,Tokyo-Burst,ET-MPC,2033,persistence,0.05,1.0,1.0,0.9,0.165,0.165,a7bdab5d072e97f0d1a4511b812de4c4c7d61f93141bfcfcebafd5d34d69e3e3,4.207504821907054,577.1678837265657,82,27.4247491638796,12.195121951219512,17.391304347826086,1640.0,900.0,2540.0
model,Tokyo-Burst,ET-MPC,2034,persistence,0.05,1.0,1.0,0.9,0.165,0.165,68538dd445828f2aa3c1134221c091eb6052585f33831424925db67e9970eaf3,2.2658900210074844,401.50270322284763,98,32.77591973244147,25.510204081632654,16.722408026755854,1960.0,900.0,2860.0
model,Tokyo-Burst,ET-MPC,2035,persistence,0.05,1.0,1.0,0.9,0.165,0.165,549dcfb6ee7c6021e2804774650ff51e150ba87b86bd80a34421f2ffe8433ab8,2.1106710256059036,331.65560567370954,88,29.431438127090303,18.181818181818183,11.37123745819398,1760.0,900.0,2660.0
model,Tokyo-Burst,ET-MPC,2036,persistence,0.05,1.0,1.0,0.9,0.165,0.165,d5f657ada9f69757a832be0156496b0f57a48b0e0c9723e296c2bbe98e7c8232,2.0878925123759045,326.39043505260906,90,30.100334448160535,17.77777777777778,10.033444816053512,1800.0,900.0,2700.0
model,Tokyo-Burst,ET-MPC,2037,persistence,0.05,1.0,1.0,0.9,0.165,0.165,e40521c6c2b84e663a161b9fcf4b2fde8c83c34f78fbdcff83b92635a960a3a5,2.0693758665303568,311.8205028300877,90,30.100334448160535,13.333333333333334,9.698996655518394,1800.0,900.0,2700.0
model,Tokyo-Burst,ET-MPC,2038,persistence,0.05,1.0,1.0,0.9,0.165,0.165,102c6bc3cd4866c3e769b8a4497da7a0f0215f41ae024f2797a2ca7142378cc7,2.1020344594752083,332.0839954552234,83,27.759197324414714,14.457831325301205,11.036789297658864,1660.0,900.0,2560.0
model,Tokyo-Burst,ET-MPC,2039,persistence,0.05,1.0,1.0,0.9,0.165,0.165,031aa52d479116fef3dec245373aa0a32b1d14db741d83c91c66c382043da16a,2.0974633760266226,333.2744067477704,92,30.76923076923077,29.347826086956523,9.698996655518394,1840.0,900.0,2740.0
model,Tokyo-Burst,ET-MPC,2040,persistence,0.05,1.0,1.0,0.9,0.165,0.165,31784831f62806c1b08e78d87ade75ed0fc3238ad556d9d246969c50a41d812e,2.72417710598618,370.96995079390933,83,27.759197324414714,7.228915662650603,9.364548494983278,1660.0,900.0,2560.0
model,Tokyo-Burst,ET-MPC,2041,persistence,0.05,1.0,1.0,0.9,0.165,0.165,09ea867114e57c22c7e93ce5e9d45bdf4177a2e6b5401d57fe08844d3e7be44f,2.064161017322235,308.80475307082304,92,30.76923076923077,16.304347826086957,8.361204013377927,1840.0,900.0,2740.0
model,Tokyo-Burst,ET-MPC,2042,persistence,0.05,1.0,1.0,0.9,0.165,0.165,a4f3df503155c2cdc0d5cc8a5a8f388917ad197f744afdc3f3cedf0f66667ede,2.0660039164336905,310.33387083919877,88,29.431438127090303,10.227272727272727,10.033444816053512,1760.0,900.0,2660.0
model,Tokyo-Burst,ET-MPC,2043,persistence,0.05,1.0,1.0,0.9,0.165,0.165,18d71e275e87e800409e3d7abedc1f1bab1d7353aa7c98bf36a8499c9ef1bfb2,3.2333842554655887,419.6212100108438,88,29.431438127090303,14.772727272727273,13.043478260869565,1760.0,900.0,2660.0
model,Tokyo-Burst,ET-MPC,2044,persistence,0.05,1.0,1.0,0.9,0.165,0.165,3873d89685ac9ee093dc3925bd072a74decd3fa654efb7e5b5ca90c91217700c,3.375377831674094,454.94183385713654,90,30.100334448160535,23.333333333333332,15.050167224080267,1800.0,900.0,2700.0
model,Tokyo-Burst,ET-MPC,2045,persistence,0.05,1.0,1.0,0.9,0.165,0.165,09aa72b38290d388996f36c546723e2e4e9a01e8cefa1dea0820c6c9bb7827be,2.1190590037725126,312.924258658572,93,31.103678929765888,26.881720430107528,9.364548494983278,1860.0,900.0,2760.0
