plant,policy,network,seed,forecast,trigger_delta,model_scale,fallback,random_tape_sha256,config_sha256,preregistration_sha256,nrmse,violation_pct,transmissions,command_applied_pct,deadline_miss_pct,tx_energy_mj,rx_energy_mj,listen_energy_mj,retry_energy_mj,compute_energy_mj,baseline_energy_mj,actuation_energy_mj,total_modeled_energy_mj,status,setting_id
greenhouse,ET-MPC,N0_ideal,2026,persistence,0.02,1.0,hold,2564ec262680c54cab5340f94cc6b063c0ce70a9bc3307497488c42d1093c14d,569714c2f054d7e589e1a1a495e488b7d47d406c61e9837ff2edbc5d46855c34,12ca0f6e05f585cf9d39f2c06178e7b8c550bd464b65480c0a93492d05bf5be9,0.39506304421918875,43.05555555555556,123,100.0,0.0,147.60094464024985,98.39999999999978,73.80000000000001,0.0,0.4920000000000004,86.39999999999954,647.9999999999998,1054.692944640249,completed,trigger_0.02
greenhouse,ET-MPC,N0_ideal,2027,persistence,0.02,1.0,hold,80d2e7d45ca3b1ca5cb60a994bc7018a037fde04e6c69e7cd6630c7f5def24e0,569714c2f054d7e589e1a1a495e488b7d47d406c61e9837ff2edbc5d46855c34,12ca0f6e05f585cf9d39f2c06178e7b8c550bd464b65480c0a93492d05bf5be9,0.39843286892088886,43.40277777777778,121,100.0,0.0,145.20092928019403,96.79999999999978,72.60000000000002,0.0,0.4840000000000004,86.39999999999954,647.9999999999998,1049.4849292801932,completed,trigger_0.02
greenhouse,ET-MPC,N0_ideal,2028,persistence,0.02,1.0,hold,fbd194eca91ed9cc750fbc0294843522e4927131db41b8b7cc7e3cf6d6c4f674,569714c2f054d7e589e1a1a495e488b7d47d406c61e9837ff2edbc5d46855c34,12ca0f6e05f585cf9d39f2c06178e7b8c550bd464b65480c0a93492d05bf5be9,0.3998811143370387,43.40277777777778,119,100.0,0.0,142.80091392049292,95.19999999999979,71.40000000000003,0.0,0.47600000000000037,86.39999999999954,645.5999999999998,1041.876913920492,completed,trigger_0.02
greenhouse,ET-MPC,N0_ideal,2029,persistence,0.02,1.0,hold,4f5ec0020197f485916c8975041348decd66e067ef9cecc012ce4642b378da30,569714c2f054d7e589e1a1a495e488b7d47d406c61e9837ff2edbc5d46855c34,12ca0f6e05f585cf9d39f2c06178e7b8c550bd464b65480c0a93492d05bf5be9,0.3987900214700481,43.40277777777778,124,100.0,0.0,148.8009523203869,99.19999999999978,74.4,0.0,0.4960000000000004,86.39999999999954,645.5999999999998,1054.896952320386,completed,trigger_0.02
greenhouse,ET-MPC,N0_ideal,2030,persistence,0.02,1.0,hold,defb79333b79935e93b95595071e865bff5aaccd62fd3b08c2222714e1ae4f47,569714c2f054d7e589e1a1a495e488b7d47d406c61e9837ff2edbc5d46855c34,12ca0f6e05f585cf9d39f2c06178e7b8c550bd464b65480c0a93492d05bf5be9,0.39841824062813785,43.22916666666667,116,100.0,0.0,139.20089088030915,92.7999999999998,69.60000000000005,0.0,0.46400000000000036,86.39999999999954,647.9999999999998,1036.4648908803083,completed,trigger_0.02
greenhouse,ET-MPC,N0_ideal,2031,persistence,0.02,1.0,hold,bd137e2eb90544ea17aaa2e6cc72b03e78a051a63acdee1b1a04e4a9434895c2,569714c2f054d7e589e1a1a495e488b7d47d406c61e9837ff2edbc5d46855c34,12ca0f6e05f585cf9d39f2c06178e7b8c550bd464b65480c0a93492d05bf5be9,0.3967377329555108,43.22916666666667,119,100.0,0.0,142.8009139201382,95.19999999999979,71.40000000000003,0.0,0.47600000000000037,86.39999999999954,650.3999999999997,1046.6769139201374,completed,trigger_0.02
greenhouse,ET-MPC,N0_ideal,2032,persistence,0.02,1.0,hold,e3d2b52ba24081c866cafe82cdd8f70ad37d97564597e35d3080623e3b65bf7c,569714c2f054d7e589e1a1a495e488b7d47d406c61e9837ff2edbc5d46855c34,12ca0f6e05f585cf9d39f2c06178e7b8c550bd464b65480c0a93492d05bf5be9,0.3956559467015356,43.22916666666667,120,100.0,0.0,144.0009216000479,95.99999999999979,72.00000000000003,0.0,0.48000000000000037,86.39999999999954,650.3999999999997,1049.280921600047,completed,trigger_0.02
greenhouse,ET-MPC,N0_ideal,2033,persistence,0.02,1.0,hold,4088609eeada74ff2c4c9a9b5abd65fae56c47b9e98f5e32b2c5545cbf2c1b3e,569714c2f054d7e589e1a1a495e488b7d47d406c61e9837ff2edbc5d46855c34,12ca0f6e05f585cf9d39f2c06178e7b8c550bd464b65480c0a93492d05bf5be9,0.39648897376301895,43.40277777777778,120,100.0,0.0,144.00092160032983,95.99999999999979,72.00000000000003,0.0,0.48000000000000037,86.39999999999954,647.9999999999998,1046.880921600329,completed,trigger_0.02
greenhouse,ET-MPC,N0_ideal,2034,persistence,0.02,1.0,hold,8e74299431c2b529d5c30240dcaaa4d62b0e11d1afd785e130ff9f101edef38a,569714c2f054d7e589e1a1a495e488b7d47d406c61e9837ff2edbc5d46855c34,12ca0f6e05f585cf9d39f2c06178e7b8c550bd464b65480c0a93492d05bf5be9,0.3964279329077796,43.40277777777778,118,100.0,0.0,141.60090624019216,94.39999999999979,70.80000000000004,0.0,0.47200000000000036,86.39999999999954,652.7999999999997,1046.4729062401912,completed,trigger_0.02
greenhouse,ET-MPC,N0_ideal,2035,persistence,0.02,1.0,hold,be3a7ed2618c6b47d14916ed2570cf53e2993d3429b0fdd9c43e08afb239e55e,569714c2f054d7e589e1a1a495e488b7d47d406c61e9837ff2edbc5d46855c34,12ca0f6e05f585cf9d39f2c06178e7b8c550bd464b65480c0a93492d05bf5be9,0.3973047768298732,43.22916666666667,116,100.0,0.0,139.20089088044557,92.7999999999998,69.60000000000005,0.0,0.46400000000000036,86.39999999999954,647.9999999999998,1036.4648908804447,completed,trigger_0.02
greenhouse,ET-MPC,N0_ideal,2036,persistence,0.02,1.0,hold,bb8839cdd1ec91e063f696cba75304f9e97656f7ccdbddb1d1037f9e397180d3,569714c2f054d7e589e1a1a495e488b7d47d406c61e9837ff2edbc5d46855c34,12ca0f6e05f585cf9d39f2c06178e7b8c550bd464b65480c0a93492d05bf5be9,0.3965795771143156,43.22916666666667,115,100.0,0.0,138.00088320001748,91.9999999999998,69.00000000000006,0.0,0.46000000000000035,86.39999999999954,650.3999999999997,1036.2608832000167,completed,trigger_0.02
greenhouse,ET-MPC,N0_ideal,2037,persistence,0.02,1.0,hold,a98ffacd0048a0491986d921fec59d993bc37a3b3b672e8e4d1ce656b5b64851,569714c2f054d7e589e1a1a495e488b7d47d406c61e9837ff2edbc5d46855c34,12ca0f6e05f585cf9d39f2c06178e7b8c550bd464b65480c0a93492d05bf5be9,0.39743789562462895,43.22916666666667,123,100.0,0.0,147.60094464046813,98.39999999999978,73.80000000000001,0.0,0.4920000000000004,86.39999999999954,647.9999999999998,1054.6929446404672,completed,trigger_0.02
greenhouse,ET-MPC,N0_ideal,2038,persistence,0.02,1.0,hold,e33608b143fa1a22683a8746bc1beb4c0f8ef13be52642e76c1d85176e603660,569714c2f054d7e589e1a1a495e488b7d47d406c61e9837ff2edbc5d46855c34,12ca0f6e05f585cf9d39f2c06178e7b8c550bd464b65480c0a93492d05bf5be9,0.3972399474088267,43.40277777777778,124,100.0,0.0,148.8009523203869,99.19999999999978,74.4,0.0,0.4960000000000004,86.39999999999954,645.5999999999998,1054.896952320386,completed,trigger_0.02
greenhouse,ET-MPC,N0_ideal,2039,persistence,0.02,1.0,hold,208333e53050291c6bb1667850435ff6b51648c179582754769d781c876837a2,569714c2f054d7e589e1a1a495e488b7d47d406c61e9837ff2edbc5d46855c34,12ca0f6e05f585cf9d39f2c06178e7b8c550bd464b65480c0a93492d05bf5be9,0.39939540116874583,43.40277777777778,122,100.0,0.0,146.4009369604766,97.59999999999978,73.20000000000002,0.0,0.4880000000000004,86.39999999999954,647.9999999999998,1052.0889369604756,completed,trigger_0.02
greenhouse,ET-MPC,N0_ideal,2040,persistence,0.02,1.0,hold,62bf66db5acc0cb110c6d48808073129454e81bd44dd6768273f5e705b910d3b,569714c2f054d7e589e1a1a495e488b7d47d406c61e9837ff2edbc5d46855c34,12ca0f6e05f585cf9d39f2c06178e7b8c550bd464b65480c0a93492d05bf5be9,0.39804737914535354,43.40277777777778,120,100.0,0.0,144.00092160042078,95.99999999999979,72.00000000000003,0.0,0.48000000000000037,86.39999999999954,647.9999999999998,1046.88092160042,completed,trigger_0.02
greenhouse,ET-MPC,N0_ideal,2026,persistence,0.035,1.0,hold,2564ec262680c54cab5340f94cc6b063c0ce70a9bc3307497488c42d1093c14d,569714c2f054d7e589e1a1a495e488b7d47d406c61e9837ff2edbc5d46855c34,12ca0f6e05f585cf9d39f2c06178e7b8c550bd464b65480c0a93492d05bf5be9,0.3961033212190769,43.05555555555556,76,100.0,0.0,91.20058368017462,60.79999999999991,45.600000000000065,0.0,0.3040000000000002,86.39999999999954,647.9999999999998,932.3045836801739,completed,trigger_0.035
greenhouse,ET-MPC,N0_ideal,2027,persistence,0.035,1.0,hold,80d2e7d45ca3b1ca5cb60a994bc7018a037fde04e6c69e7cd6630c7f5def24e0,569714c2f054d7e589e1a1a495e488b7d47d406c61e9837ff2edbc5d46855c34,12ca0f6e05f585cf9d39f2c06178e7b8c550bd464b65480c0a93492d05bf5be9,0.39912530866342,43.40277777777778,76,100.0,0.0,91.20058368010186,60.79999999999991,45.600000000000065,0.0,0.3040000000000002,86.39999999999954,645.5999999999998,929.9045836801013,completed,trigger_0.035
greenhouse,ET-MPC,N0_ideal,2028,persistence,0.035,1.0,hold,fbd194eca91ed9cc750fbc0294843522e4927131db41b8b7cc7e3cf6d6c4f674,569714c2f054d7e589e1a1a495e488b7d47d406c61e9837ff2edbc5d46855c34,12ca0f6e05f585cf9d39f2c06178e7b8c550bd464b65480c0a93492d05bf5be9,0.3999166831471012,43.40277777777778,74,100.0,0.0,88.80056832011877,59.19999999999992,44.40000000000006,0.0,0.2960000000000002,86.39999999999954,645.5999999999998,924.6965683201181,completed,trigger_0.035
greenhouse,ET-MPC,N0_ideal,2029,persistence,0.035,1.0,hold,4f5ec0020197f485916c8975041348decd66e067ef9cecc012ce4642b378da30,569714c2f054d7e589e1a1a495e488b7d47d406c61e9837ff2edbc5d46855c34,12ca0f6e05f585cf9d39f2c06178e7b8c550bd464b65480c0a93492d05bf5be9,0.3983653495798909,43.40277777777778,75,100.0,0.0,90.00057600018307,59.999999999999915,45.000000000000064,0.0,0.3000000000000002,86.39999999999954,647.9999999999998,929.7005760001823,completed,trigger_0.035
greenhouse,ET-MPC,N0_ideal,2030,persistence,0.035,1.0,hold,defb79333b79935e93b95595071e865bff5aaccd62fd3b08c2222714e1ae4f47,569714c2f054d7e589e1a1a495e488b7d47d406c61e9837ff2edbc5d46855c34,12ca0f6e05f585cf9d39f2c06178e7b8c550bd464b65480c0a93492d05bf5be9,0.3998092050239386,43.22916666666667,76,100.0,0.0,91.20058368027466,60.79999999999991,45.600000000000065,0.0,0.3040000000000002,86.39999999999954,645.5999999999998,929.9045836802741,completed,trigger_0.035
greenhouse,ET-MPC,N0_ideal,2031,persistence,0.035,1.0,hold,bd137e2eb90544ea17aaa2e6cc72b03e78a051a63acdee1b1a04e4a9434895c2,569714c2f054d7e589e1a1a495e488b7d47d406c61e9837ff2edbc5d46855c34,12ca0f6e05f585cf9d39f2c06178e7b8c550bd464b65480c0a93492d05bf5be9,0.39631067688692234,43.22916666666667,75,100.0,0.0,90.00057600018307,59.999999999999915,45.000000000000064,0.0,0.3000000000000002,86.39999999999954,652.7999999999997,934.5005760001823,completed,trigger_0.035
greenhouse,ET-MPC,N0_ideal,2032,persistence,0.035,1.0,hold,e3d2b52ba24081c866cafe82cdd8f70ad37d97564597e35d3080623e3b65bf7c,569714c2f054d7e589e1a1a495e488b7d47d406c61e9837ff2edbc5d46855c34,12ca0f6e05f585cf9d39f2c06178e7b8c550bd464b65480c0a93492d05bf5be9,0.39653136628548646,43.22916666666667,75,100.0,0.0,90.00057600011031,59.999999999999915,45.000000000000064,0.0,0.3000000000000002,86.39999999999954,650.3999999999997,932.1005760001096,completed,trigger_0.035
greenhouse,ET-MPC,N0_ideal,2033,persistence,0.035,1.0,hold,4088609eeada74ff2c4c9a9b5abd65fae56c47b9e98f5e32b2c5545cbf2c1b3e,569714c2f054d7e589e1a1a495e488b7d47d406c61e9837ff2edbc5d46855c34,12ca0f6e05f585cf9d39f2c06178e7b8c550bd464b65480c0a93492d05bf5be9,0.39461806983826087,43.40277777777778,73,100.0,0.0,87.60056064019999,58.39999999999992,43.80000000000006,0.0,0.2920000000000002,86.39999999999954,652.7999999999997,929.2925606401993,completed,trigger_0.035
greenhouse,ET-MPC,N0_ideal,2034,persistence,0.035,1.0,hold,8e74299431c2b529d5c30240dcaaa4d62b0e11d1afd785e130ff9f101edef38a,569714c2f054d7e589e1a1a495e488b7d47d406c61e9837ff2edbc5d46855c34,12ca0f6e05f585cf9d39f2c06178e7b8c550bd464b65480c0a93492d05bf5be9,0.3968707052590425,43.40277777777778,75,100.0,0.0,90.00057600025583,59.999999999999915,45.000000000000064,0.0,0.3000000000000002,86.39999999999954,650.3999999999997,932.1005760002552,completed,trigger_0.035
greenhouse,ET-MPC,N0_ideal,2035,persistence,0.035,1.0,hold,be3a7ed2618c6b47d14916ed2570cf53e2993d3429b0fdd9c43e08afb239e55e,569714c2f054d7e589e1a1a495e488b7d47d406c61e9837ff2edbc5d46855c34,12ca0f6e05f585cf9d39f2c06178e7b8c550bd464b65480c0a93492d05bf5be9,0.39505829092772266,43.22916666666667,74,100.0,0.0,88.80056832026429,59.19999999999992,44.40000000000006,0.0,0.2960000000000002,86.39999999999954,655.1999999999997,934.2965683202635,completed,trigger_0.035
greenhouse,ET-MPC,N0_ideal,2036,persistence,0.035,1.0,hold,bb8839cdd1ec91e063f696cba75304f9e97656f7ccdbddb1d1037f9e397180d3,569714c2f054d7e589e1a1a495e488b7d47d406c61e9837ff2edbc5d46855c34,12ca0f6e05f585cf9d39f2c06178e7b8c550bd464b65480c0a93492d05bf5be9,0.39663359082604205,43.22916666666667,73,100.0,0.0,87.60056064019999,58.39999999999992,43.80000000000006,0.0,0.2920000000000002,86.39999999999954,650.3999999999997,926.8925606401992,completed,trigger_0.035
greenhouse,ET-MPC,N0_ideal,2037,persistence,0.035,1.0,hold,a98ffacd0048a0491986d921fec59d993bc37a3b3b672e8e4d1ce656b5b64851,569714c2f054d7e589e1a1a495e488b7d47d406c61e9837ff2edbc5d46855c34,12ca0f6e05f585cf9d39f2c06178e7b8c550bd464b65480c0a93492d05bf5be9,0.3969222324598898,43.22916666666667,74,100.0,0.0,88.80056832033705,59.19999999999992,44.40000000000006,0.0,0.2960000000000002,86.39999999999954,650.3999999999997,929.4965683203363,completed,trigger_0.035
greenhouse,ET-MPC,N0_ideal,2038,persistence,0.035,1.0,hold,e33608b143fa1a22683a8746bc1beb4c0f8ef13be52642e76c1d85176e603660,569714c2f054d7e589e1a1a495e488b7d47d406c61e9837ff2edbc5d46855c34,12ca0f6e05f585cf9d39f2c06178e7b8c550bd464b65480c0a93492d05bf5be9,0.39733090941267313,43.40277777777778,71,100.0,0.0,85.2005452802169,56.799999999999926,42.60000000000006,0.0,0.2840000000000002,86.39999999999954,645.5999999999998,916.8845452802162,completed,trigger_0.035
greenhouse,ET-MPC,N0_ideal,2039,persistence,0.035,1.0,hold,208333e53050291c6bb1667850435ff6b51648c179582754769d781c876837a2,569714c2f054d7e589e1a1a495e488b7d47d406c61e9837ff2edbc5d46855c34,12ca0f6e05f585cf9d39f2c06178e7b8c550bd464b65480c0a93492d05bf5be9,0.3975610429525601,43.40277777777778,75,100.0,0.0,90.00057600020126,59.999999999999915,45.000000000000064,0.0,0.3000000000000002,86.39999999999954,652.7999999999997,934.5005760002005,completed,trigger_0.035
greenhouse,ET-MPC,N0_ideal,2040,persistence,0.035,1.0,hold,62bf66db5acc0cb110c6d48808073129454e81bd44dd6768273f5e705b910d3b,569714c2f054d7e589e1a1a495e488b7d47d406c61e9837ff2edbc5d46855c34,12ca0f6e05f585cf9d39f2c06178e7b8c550bd464b65480c0a93492d05bf5be9,0.3979689350958009,43.40277777777778,80,100.0,0.0,96.00061440023174,63.9999999999999,48.00000000000007,0.0,0.32000000000000023,86.39999999999954,647.9999999999998,942.7206144002309,completed,trigger_0.035
greenhouse,ET-MPC,N0_ideal,2026,persistence,0.07,1.0,hold,2564ec262680c54cab5340f94cc6b063c0ce70a9bc3307497488c42d1093c14d,569714c2f054d7e589e1a1a495e488b7d47d406c61e9837ff2edbc5d46855c34,12ca0f6e05f585cf9d39f2c06178e7b8c550bd464b65480c0a93492d05bf5be9,0.3959031890056612,43.05555555555556,40,100.0,0.0,48.00030720025282,32.000000000000014,24.000000000000014,0.0,0.16000000000000011,86.39999999999954,647.9999999999998,838.5603072002522,completed,trigger_0.07
greenhouse,ET-MPC,N0_ideal,2027,persistence,0.07,1.0,hold,80d2e7d45ca3b1ca5cb60a994bc7018a037fde04e6c69e7cd6630c7f5def24e0,569714c2f054d7e589e1a1a495e488b7d47d406c61e9837ff2edbc5d46855c34,12ca0f6e05f585cf9d39f2c06178e7b8c550bd464b65480c0a93492d05bf5be9,0.3958193617062194,43.40277777777778,40,100.0,0.0,48.00030720003454,32.000000000000014,24.000000000000014,0.0,0.16000000000000011,86.39999999999954,652.7999999999997,843.3603072000338,completed,trigger_0.07
greenhouse,ET-MPC,N0_ideal,2028,persistence,0.07,1.0,hold,fbd194eca91ed9cc750fbc0294843522e4927131db41b8b7cc7e3cf6d6c4f674,569714c2f054d7e589e1a1a495e488b7d47d406c61e9837ff2edbc5d46855c34,12ca0f6e05f585cf9d39f2c06178e7b8c550bd464b65480c0a93492d05bf5be9,0.3947989646097382,43.40277777777778,39,100.0,0.0,46.80029952011576,31.200000000000017,23.400000000000013,0.0,0.1560000000000001,86.39999999999954,657.5999999999997,845.5562995201151,completed,trigger_0.07
greenhouse,ET-MPC,N0_ideal,2029,persistence,0.07,1.0,hold,4f5ec0020197f485916c8975041348decd66e067ef9cecc012ce4642b378da30,569714c2f054d7e589e1a1a495e488b7d47d406c61e9837ff2edbc5d46855c34,12ca0f6e05f585cf9d39f2c06178e7b8c550bd464b65480c0a93492d05bf5be9,0.401363131060193,43.22916666666667,39,100.0,0.0,46.80029952011576,31.200000000000017,23.400000000000013,0.0,0.1560000000000001,86.39999999999954,638.3999999999999,826.3562995201153,completed,trigger_0.07
greenhouse,ET-MPC,N0_ideal,2030,persistence,0.07,1.0,hold,defb79333b79935e93b95595071e865bff5aaccd62fd3b08c2222714e1ae4f47,569714c2f054d7e589e1a1a495e488b7d47d406c61e9837ff2edbc5d46855c34,12ca0f6e05f585cf9d39f2c06178e7b8c550bd464b65480c0a93492d05bf5be9,0.3987451858394529,43.22916666666667,39,100.0,0.0,46.80029952026128,31.200000000000017,23.400000000000013,0.0,0.1560000000000001,86.39999999999954,650.3999999999997,838.3562995202606,completed,trigger_0.07
greenhouse,ET-MPC,N0_ideal,2031,persistence,0.07,1.0,hold,bd137e2eb90544ea17aaa2e6cc72b03e78a051a63acdee1b1a04e4a9434895c2,569714c2f054d7e589e1a1a495e488b7d47d406c61e9837ff2edbc5d46855c34,12ca0f6e05f585cf9d39f2c06178e7b8c550bd464b65480c0a93492d05bf5be9,0.3957704889969585,43.22916666666667,39,100.0,0.0,46.80029952011576,31.200000000000017,23.400000000000013,0.0,0.1560000000000001,86.39999999999954,655.1999999999997,843.156299520115,completed,trigger_0.07
greenhouse,ET-MPC,N0_ideal,2032,persistence,0.07,1.0,hold,e3d2b52ba24081c866cafe82cdd8f70ad37d97564597e35d3080623e3b65bf7c,569714c2f054d7e589e1a1a495e488b7d47d406c61e9837ff2edbc5d46855c34,12ca0f6e05f585cf9d39f2c06178e7b8c550bd464b65480c0a93492d05bf5be9,0.39727875487244657,43.22916666666667,41,100.0,0.0,49.200314880098844,32.80000000000001,24.600000000000016,0.0,0.16400000000000012,86.39999999999954,650.3999999999997,843.5643148800982,completed,trigger_0.07
greenhouse,ET-MPC,N0_ideal,2033,persistence,0.07,1.0,hold,4088609eeada74ff2c4c9a9b5abd65fae56c47b9e98f5e32b2c5545cbf2c1b3e,569714c2f054d7e589e1a1a495e488b7d47d406c61e9837ff2edbc5d46855c34,12ca0f6e05f585cf9d39f2c06178e7b8c550bd464b65480c0a93492d05bf5be9,0.39672066852864774,43.40277777777778,38,100.0,0.0,45.60029184019584,30.400000000000016,22.80000000000001,0.0,0.1520000000000001,86.39999999999954,652.7999999999997,838.1522918401952,completed,trigger_0.07
greenhouse,ET-MPC,N0_ideal,2034,persistence,0.07,1.0,hold,8e74299431c2b529d5c30240dcaaa4d62b0e11d1afd785e130ff9f101edef38a,569714c2f054d7e589e1a1a495e488b7d47d406c61e9837ff2edbc5d46855c34,12ca0f6e05f585cf9d39f2c06178e7b8c550bd464b65480c0a93492d05bf5be9,0.3975465804895742,43.40277777777778,39,100.0,0.0,46.80029952026014,31.200000000000017,23.400000000000013,0.0,0.1560000000000001,86.39999999999954,652.7999999999997,840.7562995202595,completed,trigger_0.07
greenhouse,ET-MPC,N0_ideal,2035,persistence,0.07,1.0,hold,be3a7ed2618c6b47d14916ed2570cf53e2993d3429b0fdd9c43e08afb239e55e,569714c2f054d7e589e1a1a495e488b7d47d406c61e9837ff2edbc5d46855c34,12ca0f6e05f585cf9d39f2c06178e7b8c550bd464b65480c0a93492d05bf5be9,0.3922614371537983,43.05555555555556,40,100.0,0.0,48.00030720003454,32.000000000000014,24.000000000000014,0.0,0.16000000000000011,86.39999999999954,659.9999999999997,850.5603072000338,completed,trigger_0.07
greenhouse,ET-MPC,N0_ideal,2036,persistence,0.07,1.0,hold,bb8839cdd1ec91e063f696cba75304f9e97656f7ccdbddb1d1037f9e397180d3,569714c2f054d7e589e1a1a495e488b7d47d406c61e9837ff2edbc5d46855c34,12ca0f6e05f585cf9d39f2c06178e7b8c550bd464b65480c0a93492d05bf5be9,0.3952097372283116,43.22916666666667,38,100.0,0.0,45.600291840196974,30.400000000000016,22.80000000000001,0.0,0.1520000000000001,86.39999999999954,652.7999999999997,838.1522918401963,completed,trigger_0.07
greenhouse,ET-MPC,N0_ideal,2037,persistence,0.07,1.0,hold,a98ffacd0048a0491986d921fec59d993bc37a3b3b672e8e4d1ce656b5b64851,569714c2f054d7e589e1a1a495e488b7d47d406c61e9837ff2edbc5d46855c34,12ca0f6e05f585cf9d39f2c06178e7b8c550bd464b65480c0a93492d05bf5be9,0.3969457776282505,43.05555555555556,39,100.0,0.0,46.80029952026128,31.200000000000017,23.400000000000013,0.0,0.1560000000000001,86.39999999999954,650.3999999999997,838.3562995202606,completed,trigger_0.07
greenhouse,ET-MPC,N0_ideal,2038,persistence,0.07,1.0,hold,e33608b143fa1a22683a8746bc1beb4c0f8ef13be52642e76c1d85176e603660,569714c2f054d7e589e1a1a495e488b7d47d406c61e9837ff2edbc5d46855c34,12ca0f6e05f585cf9d39f2c06178e7b8c550bd464b65480c0a93492d05bf5be9,0.3934463156909794,43.05555555555556,39,100.0,0.0,46.80029952011576,31.200000000000017,23.400000000000013,0.0,0.1560000000000001,86.39999999999954,655.1999999999997,843.156299520115,completed,trigger_0.07
greenhouse,ET-MPC,N0_ideal,2039,persistence,0.07,1.0,hold,208333e53050291c6bb1667850435ff6b51648c179582754769d781c876837a2,569714c2f054d7e589e1a1a495e488b7d47d406c61e9837ff2edbc5d46855c34,12ca0f6e05f585cf9d39f2c06178e7b8c550bd464b65480c0a93492d05bf5be9,0.3954029250498276,43.22916666666667,40,100.0,0.0,48.00030720003454,32.000000000000014,24.000000000000014,0.0,0.16000000000000011,86.39999999999954,655.1999999999997,845.7603072000338,completed,trigger_0.07
greenhouse,ET-MPC,N0_ideal,2040,persistence,0.07,1.0,hold,62bf66db5acc0cb110c6d48808073129454e81bd44dd6768273f5e705b910d3b,569714c2f054d7e589e1a1a495e488b7d47d406c61e9837ff2edbc5d46855c34,12ca0f6e05f585cf9d39f2c06178e7b8c550bd464b65480c0a93492d05bf5be9,0.39445502830748724,43.05555555555556,38,100.0,0.0,45.600291840196974,30.400000000000016,22.80000000000001,0.0,0.1520000000000001,86.39999999999954,657.5999999999997,842.9522918401963,completed,trigger_0.07
greenhouse,ET-MPC,N0_ideal,2026,persistence,0.035,1.0,hold,2564ec262680c54cab5340f94cc6b063c0ce70a9bc3307497488c42d1093c14d,569714c2f054d7e589e1a1a495e488b7d47d406c61e9837ff2edbc5d46855c34,12ca0f6e05f585cf9d39f2c06178e7b8c550bd464b65480c0a93492d05bf5be9,0.3961033212190769,43.05555555555556,76,100.0,0.0,91.20058368017462,60.79999999999991,45.600000000000065,0.0,0.3040000000000002,86.39999999999954,647.9999999999998,932.3045836801739,completed,forecast_persistence
greenhouse,ET-MPC,N0_ideal,2027,persistence,0.035,1.0,hold,80d2e7d45ca3b1ca5cb60a994bc7018a037fde04e6c69e7cd6630c7f5def24e0,569714c2f054d7e589e1a1a495e488b7d47d406c61e9837ff2edbc5d46855c34,12ca0f6e05f585cf9d39f2c06178e7b8c550bd464b65480c0a93492d05bf5be9,0.39912530866342,43.40277777777778,76,100.0,0.0,91.20058368010186,60.79999999999991,45.600000000000065,0.0,0.3040000000000002,86.39999999999954,645.5999999999998,929.9045836801013,completed,forecast_persistence
greenhouse,ET-MPC,N0_ideal,2028,persistence,0.035,1.0,hold,fbd194eca91ed9cc750fbc0294843522e4927131db41b8b7cc7e3cf6d6c4f674,569714c2f054d7e589e1a1a495e488b7d47d406c61e9837ff2edbc5d46855c34,12ca0f6e05f585cf9d39f2c06178e7b8c550bd464b65480c0a93492d05bf5be9,0.3999166831471012,43.40277777777778,74,100.0,0.0,88.80056832011877,59.19999999999992,44.40000000000006,0.0,0.2960000000000002,86.39999999999954,645.5999999999998,924.6965683201181,completed,forecast_persistence
greenhouse,ET-MPC,N0_ideal,2029,persistence,0.035,1.0,hold,4f5ec0020197f485916c8975041348decd66e067ef9cecc012ce4642b378da30,569714c2f054d7e589e1a1a495e488b7d47d406c61e9837ff2edbc5d46855c34,12ca0f6e05f585cf9d39f2c06178e7b8c550bd464b65480c0a93492d05bf5be9,0.3983653495798909,43.40277777777778,75,100.0,0.0,90.00057600018307,59.999999999999915,45.000000000000064,0.0,0.3000000000000002,86.39999999999954,647.9999999999998,929.7005760001823,completed,forecast_persistence
greenhouse,ET-MPC,N0_ideal,2030,persistence,0.035,1.0,hold,defb79333b79935e93b95595071e865bff5aaccd62fd3b08c2222714e1ae4f47,569714c2f054d7e589e1a1a495e488b7d47d406c61e9837ff2edbc5d46855c34,12ca0f6e05f585cf9d39f2c06178e7b8c550bd464b65480c0a93492d05bf5be9,0.3998092050239386,43.22916666666667,76,100.0,0.0,91.20058368027466,60.79999999999991,45.600000000000065,0.0,0.3040000000000002,86.39999999999954,645.5999999999998,929.9045836802741,completed,forecast_persistence
greenhouse,ET-MPC,N0_ideal,2031,persistence,0.035,1.0,hold,bd137e2eb90544ea17aaa2e6cc72b03e78a051a63acdee1b1a04e4a9434895c2,569714c2f054d7e589e1a1a495e488b7d47d406c61e9837ff2edbc5d46855c34,12ca0f6e05f585cf9d39f2c06178e7b8c550bd464b65480c0a93492d05bf5be9,0.39631067688692234,43.22916666666667,75,100.0,0.0,90.00057600018307,59.999999999999915,45.000000000000064,0.0,0.3000000000000002,86.39999999999954,652.7999999999997,934.5005760001823,completed,forecast_persistence
greenhouse,ET-MPC,N0_ideal,2032,persistence,0.035,1.0,hold,e3d2b52ba24081c866cafe82cdd8f70ad37d97564597e35d3080623e3b65bf7c,569714c2f054d7e589e1a1a495e488b7d47d406c61e9837ff2edbc5d46855c34,12ca0f6e05f585cf9d39f2c06178e7b8c550bd464b65480c0a93492d05bf5be9,0.39653136628548646,43.22916666666667,75,100.0,0.0,90.00057600011031,59.999999999999915,45.000000000000064,0.0,0.3000000000000002,86.39999999999954,650.3999999999997,932.1005760001096,completed,forecast_persistence
greenhouse,ET-MPC,N0_ideal,2033,persistence,0.035,1.0,hold,4088609eeada74ff2c4c9a9b5abd65fae56c47b9e98f5e32b2c5545cbf2c1b3e,569714c2f054d7e589e1a1a495e488b7d47d406c61e9837ff2edbc5d46855c34,12ca0f6e05f585cf9d39f2c06178e7b8c550bd464b65480c0a93492d05bf5be9,0.39461806983826087,43.40277777777778,73,100.0,0.0,87.60056064019999,58.39999999999992,43.80000000000006,0.0,0.2920000000000002,86.39999999999954,652.7999999999997,929.2925606401993,completed,forecast_persistence
greenhouse,ET-MPC,N0_ideal,2034,persistence,0.035,1.0,hold,8e74299431c2b529d5c30240dcaaa4d62b0e11d1afd785e130ff9f101edef38a,569714c2f054d7e589e1a1a495e488b7d47d406c61e9837ff2edbc5d46855c34,12ca0f6e05f585cf9d39f2c06178e7b8c550bd464b65480c0a93492d05bf5be9,0.3968707052590425,43.40277777777778,75,100.0,0.0,90.00057600025583,59.999999999999915,45.000000000000064,0.0,0.3000000000000002,86.39999999999954,650.3999999999997,932.1005760002552,completed,forecast_persistence
greenhouse,ET-MPC,N0_ideal,2035,persistence,0.035,1.0,hold,be3a7ed2618c6b47d14916ed2570cf53e2993d3429b0fdd9c43e08afb239e55e,569714c2f054d7e589e1a1a495e488b7d47d406c61e9837ff2edbc5d46855c34,12ca0f6e05f585cf9d39f2c06178e7b8c550bd464b65480c0a93492d05bf5be9,0.39505829092772266,43.22916666666667,74,100.0,0.0,88.80056832026429,59.19999999999992,44.40000000000006,0.0,0.2960000000000002,86.39999999999954,655.1999999999997,934.2965683202635,completed,forecast_persistence
greenhouse,ET-MPC,N0_ideal,2036,persistence,0.035,1.0,hold,bb8839cdd1ec91e063f696cba75304f9e97656f7ccdbddb1d1037f9e397180d3,569714c2f054d7e589e1a1a495e488b7d47d406c61e9837ff2edbc5d46855c34,12ca0f6e05f585cf9d39f2c06178e7b8c550bd464b65480c0a93492d05bf5be9,0.39663359082604205,43.22916666666667,73,100.0,0.0,87.60056064019999,58.39999999999992,43.80000000000006,0.0,0.2920000000000002,86.39999999999954,650.3999999999997,926.8925606401992,completed,forecast_persistence
greenhouse,ET-MPC,N0_ideal,2037,persistence,0.035,1.0,hold,a98ffacd0048a0491986d921fec59d993bc37a3b3b672e8e4d1ce656b5b64851,569714c2f054d7e589e1a1a495e488b7d47d406c61e9837ff2edbc5d46855c34,12ca0f6e05f585cf9d39f2c06178e7b8c550bd464b65480c0a93492d05bf5be9,0.3969222324598898,43.22916666666667,74,100.0,0.0,88.80056832033705,59.19999999999992,44.40000000000006,0.0,0.2960000000000002,86.39999999999954,650.3999999999997,929.4965683203363,completed,forecast_persistence
greenhouse,ET-MPC,N0_ideal,2038,persistence,0.035,1.0,hold,e33608b143fa1a22683a8746bc1beb4c0f8ef13be52642e76c1d85176e603660,569714c2f054d7e589e1a1a495e488b7d47d406c61e9837ff2edbc5d46855c34,12ca0f6e05f585cf9d39f2c06178e7b8c550bd464b65480c0a93492d05bf5be9,0.39733090941267313,43.40277777777778,71,100.0,0.0,85.2005452802169,56.799999999999926,42.60000000000006,0.0,0.2840000000000002,86.39999999999954,645.5999999999998,916.8845452802162,completed,forecast_persistence
greenhouse,ET-MPC,N0_ideal,2039,persistence,0.035,1.0,hold,208333e53050291c6bb1667850435ff6b51648c179582754769d781c876837a2,569714c2f054d7e589e1a1a495e488b7d47d406c61e9837ff2edbc5d46855c34,12ca0f6e05f585cf9d39f2c06178e7b8c550bd464b65480c0a93492d05bf5be9,0.3975610429525601,43.40277777777778,75,100.0,0.0,90.00057600020126,59.999999999999915,45.000000000000064,0.0,0.3000000000000002,86.39999999999954,652.7999999999997,934.5005760002005,completed,forecast_persistence
greenhouse,ET-MPC,N0_ideal,2040,persistence,0.035,1.0,hold,62bf66db5acc0cb110c6d48808073129454e81bd44dd6768273f5e705b910d3b,569714c2f054d7e589e1a1a495e488b7d47d406c61e9837ff2edbc5d46855c34,12ca0f6e05f585cf9d39f2c06178e7b8c550bd464b65480c0a93492d05bf5be9,0.3979689350958009,43.40277777777778,80,100.0,0.0,96.00061440023174,63.9999999999999,48.00000000000007,0.0,0.32000000000000023,86.39999999999954,647.9999999999998,942.7206144002309,completed,forecast_persistence
greenhouse,ET-MPC,N0_ideal,2026,noisy_persistence,0.035,1.0,hold,2564ec262680c54cab5340f94cc6b063c0ce70a9bc3307497488c42d1093c14d,569714c2f054d7e589e1a1a495e488b7d47d406c61e9837ff2edbc5d46855c34,12ca0f6e05f585cf9d39f2c06178e7b8c550bd464b65480c0a93492d05bf5be9,0.39575468357920585,43.05555555555556,79,100.0,0.0,94.80060672039481,63.1999999999999,47.40000000000007,0.0,0.3160000000000002,86.39999999999954,647.9999999999998,940.1166067203941,completed,forecast_noisy_persistence
greenhouse,ET-MPC,N0_ideal,2027,noisy_persistence,0.035,1.0,hold,80d2e7d45ca3b1ca5cb60a994bc7018a037fde04e6c69e7cd6630c7f5def24e0,569714c2f054d7e589e1a1a495e488b7d47d406c61e9837ff2edbc5d46855c34,12ca0f6e05f585cf9d39f2c06178e7b8c550bd464b65480c0a93492d05bf5be9,0.40114165061281964,43.40277777777778,78,100.0,0.0,93.60059904023046,62.399999999999906,46.80000000000007,0.0,0.3120000000000002,86.39999999999954,643.1999999999998,932.7125990402299,completed,forecast_noisy_persistence
greenhouse,ET-MPC,N0_ideal,2028,noisy_persistence,0.035,1.0,hold,fbd194eca91ed9cc750fbc0294843522e4927131db41b8b7cc7e3cf6d6c4f674,569714c2f054d7e589e1a1a495e488b7d47d406c61e9837ff2edbc5d46855c34,12ca0f6e05f585cf9d39f2c06178e7b8c550bd464b65480c0a93492d05bf5be9,0.40207614933338187,43.40277777777778,76,100.0,0.0,91.20058368017462,60.79999999999991,45.600000000000065,0.0,0.3040000000000002,86.39999999999954,643.1999999999998,927.5045836801739,completed,forecast_noisy_persistence
greenhouse,ET-MPC,N0_ideal,2029,noisy_persistence,0.035,1.0,hold,4f5ec0020197f485916c8975041348decd66e067ef9cecc012ce4642b378da30,569714c2f054d7e589e1a1a495e488b7d47d406c61e9837ff2edbc5d46855c34,12ca0f6e05f585cf9d39f2c06178e7b8c550bd464b65480c0a93492d05bf5be9,0.39699425585597725,43.40277777777778,75,100.0,0.0,90.00057600018307,59.999999999999915,45.000000000000064,0.0,0.3000000000000002,86.39999999999954,655.1999999999997,936.9005760001824,completed,forecast_noisy_persistence
greenhouse,ET-MPC,N0_ideal,2030,noisy_persistence,0.035,1.0,hold,defb79333b79935e93b95595071e865bff5aaccd62fd3b08c2222714e1ae4f47,569714c2f054d7e589e1a1a495e488b7d47d406c61e9837ff2edbc5d46855c34,12ca0f6e05f585cf9d39f2c06178e7b8c550bd464b65480c0a93492d05bf5be9,0.40029695330601267,43.22916666666667,76,100.0,0.0,91.20058368027466,60.79999999999991,45.600000000000065,0.0,0.3040000000000002,86.39999999999954,643.1999999999998,927.504583680274,completed,forecast_noisy_persistence
greenhouse,ET-MPC,N0_ideal,2031,noisy_persistence,0.035,1.0,hold,bd137e2eb90544ea17aaa2e6cc72b03e78a051a63acdee1b1a04e4a9434895c2,569714c2f054d7e589e1a1a495e488b7d47d406c61e9837ff2edbc5d46855c34,12ca0f6e05f585cf9d39f2c06178e7b8c550bd464b65480c0a93492d05bf5be9,0.39805990586837287,43.22916666666667,74,100.0,0.0,88.80056832019153,59.19999999999992,44.40000000000006,0.0,0.2960000000000002,86.39999999999954,647.9999999999998,927.0965683201908,completed,forecast_noisy_persistence
greenhouse,ET-MPC,N0_ideal,2032,noisy_persistence,0.035,1.0,hold,e3d2b52ba24081c866cafe82cdd8f70ad37d97564597e35d3080623e3b65bf7c,569714c2f054d7e589e1a1a495e488b7d47d406c61e9837ff2edbc5d46855c34,12ca0f6e05f585cf9d39f2c06178e7b8c550bd464b65480c0a93492d05bf5be9,0.39830052945590444,43.22916666666667,77,100.0,0.0,92.40059136023892,61.59999999999991,46.20000000000007,0.0,0.3080000000000002,86.39999999999954,645.5999999999998,932.5085913602383,completed,forecast_noisy_persistence
greenhouse,ET-MPC,N0_ideal,2033,noisy_persistence,0.035,1.0,hold,4088609eeada74ff2c4c9a9b5abd65fae56c47b9e98f5e32b2c5545cbf2c1b3e,569714c2f054d7e589e1a1a495e488b7d47d406c61e9837ff2edbc5d46855c34,12ca0f6e05f585cf9d39f2c06178e7b8c550bd464b65480c0a93492d05bf5be9,0.39192034092111294,43.22916666666667,73,100.0,0.0,87.60056064019999,58.39999999999992,43.80000000000006,0.0,0.2920000000000002,86.39999999999954,657.5999999999997,934.0925606401993,completed,forecast_noisy_persistence
greenhouse,ET-MPC,N0_ideal,2034,noisy_persistence,0.035,1.0,hold,8e74299431c2b529d5c30240dcaaa4d62b0e11d1afd785e130ff9f101edef38a,569714c2f054d7e589e1a1a495e488b7d47d406c61e9837ff2edbc5d46855c34,12ca0f6e05f585cf9d39f2c06178e7b8c550bd464b65480c0a93492d05bf5be9,0.39959462832077375,43.40277777777778,75,100.0,0.0,90.00057600040135,59.999999999999915,45.000000000000064,0.0,0.3000000000000002,86.39999999999954,645.5999999999998,927.3005760004007,completed,forecast_noisy_persistence
greenhouse,ET-MPC,N0_ideal,2035,noisy_persistence,0.035,1.0,hold,be3a7ed2618c6b47d14916ed2570cf53e2993d3429b0fdd9c43e08afb239e55e,569714c2f054d7e589e1a1a495e488b7d47d406c61e9837ff2edbc5d46855c34,12ca0f6e05f585cf9d39f2c06178e7b8c550bd464b65480c0a93492d05bf5be9,0.3961177290563072,43.05555555555556,77,100.0,0.0,92.40059136012069,61.59999999999991,46.20000000000007,0.0,0.3080000000000002,86.39999999999954,647.9999999999998,934.90859136012,completed,forecast_noisy_persistence
greenhouse,ET-MPC,N0_ideal,2036,noisy_persistence,0.035,1.0,hold,bb8839cdd1ec91e063f696cba75304f9e97656f7ccdbddb1d1037f9e397180d3,569714c2f054d7e589e1a1a495e488b7d47d406c61e9837ff2edbc5d46855c34,12ca0f6e05f585cf9d39f2c06178e7b8c550bd464b65480c0a93492d05bf5be9,0.39796997598349204,43.22916666666667,73,100.0,0.0,87.6005606403455,58.39999999999992,43.80000000000006,0.0,0.2920000000000002,86.39999999999954,647.9999999999998,924.4925606403449,completed,forecast_noisy_persistence
greenhouse,ET-MPC,N0_ideal,2037,noisy_persistence,0.035,1.0,hold,a98ffacd0048a0491986d921fec59d993bc37a3b3b672e8e4d1ce656b5b64851,569714c2f054d7e589e1a1a495e488b7d47d406c61e9837ff2edbc5d46855c34,12ca0f6e05f585cf9d39f2c06178e7b8c550bd464b65480c0a93492d05bf5be9,0.3953668424178962,43.22916666666667,76,100.0,0.0,91.20058368017462,60.79999999999991,45.600000000000065,0.0,0.3040000000000002,86.39999999999954,650.3999999999997,934.704583680174,completed,forecast_noisy_persistence
greenhouse,ET-MPC,N0_ideal,2038,noisy_persistence,0.035,1.0,hold,e33608b143fa1a22683a8746bc1beb4c0f8ef13be52642e76c1d85176e603660,569714c2f054d7e589e1a1a495e488b7d47d406c61e9837ff2edbc5d46855c34,12ca0f6e05f585cf9d39f2c06178e7b8c550bd464b65480c0a93492d05bf5be9,0.39795527731990277,43.40277777777778,77,100.0,0.0,92.40059136023892,61.59999999999991,46.20000000000007,0.0,0.3080000000000002,86.39999999999954,645.5999999999998,932.5085913602383,completed,forecast_noisy_persistence
greenhouse,ET-MPC,N0_ideal,2039,noisy_persistence,0.035,1.0,hold,208333e53050291c6bb1667850435ff6b51648c179582754769d781c876837a2,569714c2f054d7e589e1a1a495e488b7d47d406c61e9837ff2edbc5d46855c34,12ca0f6e05f585cf9d39f2c06178e7b8c550bd464b65480c0a93492d05bf5be9,0.39468769148505384,43.40277777777778,73,100.0,0.0,87.60056064028184,58.39999999999992,43.80000000000006,0.0,0.2920000000000002,86.39999999999954,664.7999999999996,941.292560640281,completed,forecast_noisy_persistence
greenhouse,ET-MPC,N0_ideal,2040,noisy_persistence,0.035,1.0,hold,62bf66db5acc0cb110c6d48808073129454e81bd44dd6768273f5e705b910d3b,569714c2f054d7e589e1a1a495e488b7d47d406c61e9837ff2edbc5d46855c34,12ca0f6e05f585cf9d39f2c06178e7b8c550bd464b65480c0a93492d05bf5be9,0.392591066640559,43.22916666666667,76,100.0,0.0,91.20058368012005,60.79999999999991,45.600000000000065,0.0,0.3040000000000002,86.39999999999954,657.5999999999997,941.9045836801192,completed,forecast_noisy_persistence
greenhouse,ET-MPC,N0_ideal,2026,oracle,0.035,1.0,hold,2564ec262680c54cab5340f94cc6b063c0ce70a9bc3307497488c42d1093c14d,569714c2f054d7e589e1a1a495e488b7d47d406c61e9837ff2edbc5d46855c34,12ca0f6e05f585cf9d39f2c06178e7b8c550bd464b65480c0a93492d05bf5be9,0.40012205035902465,39.40972222222222,80,100.0,0.0,96.00061439990432,63.9999999999999,48.00000000000007,0.0,0.32000000000000023,86.39999999999954,640.7999999999998,935.5206143999037,completed,forecast_oracle
greenhouse,ET-MPC,N0_ideal,2027,oracle,0.035,1.0,hold,80d2e7d45ca3b1ca5cb60a994bc7018a037fde04e6c69e7cd6630c7f5def24e0,569714c2f054d7e589e1a1a495e488b7d47d406c61e9837ff2edbc5d46855c34,12ca0f6e05f585cf9d39f2c06178e7b8c550bd464b65480c0a93492d05bf5be9,0.4038683222438892,40.10416666666667,80,100.0,0.0,96.0006144001226,63.9999999999999,48.00000000000007,0.0,0.32000000000000023,86.39999999999954,640.7999999999998,935.520614400122,completed,forecast_oracle
greenhouse,ET-MPC,N0_ideal,2028,oracle,0.035,1.0,hold,fbd194eca91ed9cc750fbc0294843522e4927131db41b8b7cc7e3cf6d6c4f674,569714c2f054d7e589e1a1a495e488b7d47d406c61e9837ff2edbc5d46855c34,12ca0f6e05f585cf9d39f2c06178e7b8c550bd464b65480c0a93492d05bf5be9,0.40387500511528884,40.10416666666667,78,100.0,0.0,93.60059904014861,62.399999999999906,46.80000000000007,0.0,0.3120000000000002,86.39999999999954,640.7999999999998,930.3125990401479,completed,forecast_oracle
greenhouse,ET-MPC,N0_ideal,2029,oracle,0.035,1.0,hold,4f5ec0020197f485916c8975041348decd66e067ef9cecc012ce4642b378da30,569714c2f054d7e589e1a1a495e488b7d47d406c61e9837ff2edbc5d46855c34,12ca0f6e05f585cf9d39f2c06178e7b8c550bd464b65480c0a93492d05bf5be9,0.4041290571858466,39.58333333333333,82,100.0,0.0,98.40062976009659,65.5999999999999,49.200000000000074,0.0,0.32800000000000024,86.39999999999954,638.3999999999999,938.328629760096,completed,forecast_oracle
greenhouse,ET-MPC,N0_ideal,2030,oracle,0.035,1.0,hold,defb79333b79935e93b95595071e865bff5aaccd62fd3b08c2222714e1ae4f47,569714c2f054d7e589e1a1a495e488b7d47d406c61e9837ff2edbc5d46855c34,12ca0f6e05f585cf9d39f2c06178e7b8c550bd464b65480c0a93492d05bf5be9,0.40398008402143903,39.93055555555556,78,100.0,0.0,93.60059904022137,62.399999999999906,46.80000000000007,0.0,0.3120000000000002,86.39999999999954,638.3999999999999,927.9125990402208,completed,forecast_oracle
greenhouse,ET-MPC,N0_ideal,2031,oracle,0.035,1.0,hold,bd137e2eb90544ea17aaa2e6cc72b03e78a051a63acdee1b1a04e4a9434895c2,569714c2f054d7e589e1a1a495e488b7d47d406c61e9837ff2edbc5d46855c34,12ca0f6e05f585cf9d39f2c06178e7b8c550bd464b65480c0a93492d05bf5be9,0.4032803860977146,39.93055555555556,80,100.0,0.0,96.00061439997708,63.9999999999999,48.00000000000007,0.0,0.32000000000000023,86.39999999999954,638.3999999999999,933.1206143999764,completed,forecast_oracle
greenhouse,ET-MPC,N0_ideal,2032,oracle,0.035,1.0,hold,e3d2b52ba24081c866cafe82cdd8f70ad37d97564597e35d3080623e3b65bf7c,569714c2f054d7e589e1a1a495e488b7d47d406c61e9837ff2edbc5d46855c34,12ca0f6e05f585cf9d39f2c06178e7b8c550bd464b65480c0a93492d05bf5be9,0.40209497379576287,39.23611111111111,80,100.0,0.0,96.00061439997708,63.9999999999999,48.00000000000007,0.0,0.32000000000000023,86.39999999999954,640.7999999999998,935.5206143999765,completed,forecast_oracle
greenhouse,ET-MPC,N0_ideal,2033,oracle,0.035,1.0,hold,4088609eeada74ff2c4c9a9b5abd65fae56c47b9e98f5e32b2c5545cbf2c1b3e,569714c2f054d7e589e1a1a495e488b7d47d406c61e9837ff2edbc5d46855c34,12ca0f6e05f585cf9d39f2c06178e7b8c550bd464b65480c0a93492d05bf5be9,0.4001100172913634,39.58333333333333,82,100.0,0.0,98.40062976003293,65.5999999999999,49.200000000000074,0.0,0.32800000000000024,86.39999999999954,643.1999999999998,943.1286297600323,completed,forecast_oracle
greenhouse,ET-MPC,N0_ideal,2034,oracle,0.035,1.0,hold,8e74299431c2b529d5c30240dcaaa4d62b0e11d1afd785e130ff9f101edef38a,569714c2f054d7e589e1a1a495e488b7d47d406c61e9837ff2edbc5d46855c34,12ca0f6e05f585cf9d39f2c06178e7b8c550bd464b65480c0a93492d05bf5be9,0.40145379712094437,39.58333333333333,84,100.0,0.0,100.80064511995235,67.19999999999989,50.40000000000008,0.0,0.33600000000000024,86.39999999999954,640.7999999999998,945.9366451199517,completed,forecast_oracle
greenhouse,ET-MPC,N0_ideal,2035,oracle,0.035,1.0,hold,be3a7ed2618c6b47d14916ed2570cf53e2993d3429b0fdd9c43e08afb239e55e,569714c2f054d7e589e1a1a495e488b7d47d406c61e9837ff2edbc5d46855c34,12ca0f6e05f585cf9d39f2c06178e7b8c550bd464b65480c0a93492d05bf5be9,0.40190006774153625,39.58333333333333,79,100.0,0.0,94.80060672021291,63.1999999999999,47.40000000000007,0.0,0.3160000000000002,86.39999999999954,638.3999999999999,930.5166067202123,completed,forecast_oracle
greenhouse,ET-MPC,N0_ideal,2036,oracle,0.035,1.0,hold,bb8839cdd1ec91e063f696cba75304f9e97656f7ccdbddb1d1037f9e397180d3,569714c2f054d7e589e1a1a495e488b7d47d406c61e9837ff2edbc5d46855c34,12ca0f6e05f585cf9d39f2c06178e7b8c550bd464b65480c0a93492d05bf5be9,0.4013414254723695,39.58333333333333,78,100.0,0.0,93.60059904013951,62.399999999999906,46.80000000000007,0.0,0.3120000000000002,86.39999999999954,643.1999999999998,932.7125990401389,completed,forecast_oracle
greenhouse,ET-MPC,N0_ideal,2037,oracle,0.035,1.0,hold,a98ffacd0048a0491986d921fec59d993bc37a3b3b672e8e4d1ce656b5b64851,569714c2f054d7e589e1a1a495e488b7d47d406c61e9837ff2edbc5d46855c34,12ca0f6e05f585cf9d39f2c06178e7b8c550bd464b65480c0a93492d05bf5be9,0.40383214192291306,39.75694444444444,80,100.0,0.0,96.00061440019536,63.9999999999999,48.00000000000007,0.0,0.32000000000000023,86.39999999999954,638.3999999999999,933.1206144001947,completed,forecast_oracle
greenhouse,ET-MPC,N0_ideal,2038,oracle,0.035,1.0,hold,e33608b143fa1a22683a8746bc1beb4c0f8ef13be52642e76c1d85176e603660,569714c2f054d7e589e1a1a495e488b7d47d406c61e9837ff2edbc5d46855c34,12ca0f6e05f585cf9d39f2c06178e7b8c550bd464b65480c0a93492d05bf5be9,0.40094118246674837,39.58333333333333,79,100.0,0.0,94.8006067200583,63.1999999999999,47.40000000000007,0.0,0.3160000000000002,86.39999999999954,638.3999999999999,930.5166067200577,completed,forecast_oracle
greenhouse,ET-MPC,N0_ideal,2039,oracle,0.035,1.0,hold,208333e53050291c6bb1667850435ff6b51648c179582754769d781c876837a2,569714c2f054d7e589e1a1a495e488b7d47d406c61e9837ff2edbc5d46855c34,12ca0f6e05f585cf9d39f2c06178e7b8c550bd464b65480c0a93492d05bf5be9,0.4047650243326339,39.75694444444444,80,100.0,0.0,96.00061439990432,63.9999999999999,48.00000000000007,0.0,0.32000000000000023,86.39999999999954,640.7999999999998,935.5206143999037,completed,forecast_oracle
greenhouse,ET-MPC,N0_ideal,2040,oracle,0.035,1.0,hold,62bf66db5acc0cb110c6d48808073129454e81bd44dd6768273f5e705b910d3b,569714c2f054d7e589e1a1a495e488b7d47d406c61e9837ff2edbc5d46855c34,12ca0f6e05f585cf9d39f2c06178e7b8c550bd464b65480c0a93492d05bf5be9,0.4038236173662099,40.10416666666667,80,100.0,0.0,96.00061440004984,63.9999999999999,48.00000000000007,0.0,0.32000000000000023,86.39999999999954,635.9999999999999,930.7206144000493,completed,forecast_oracle
greenhouse,ET-MPC,N0_ideal,2026,persistence,0.035,0.98,hold,2564ec262680c54cab5340f94cc6b063c0ce70a9bc3307497488c42d1093c14d,569714c2f054d7e589e1a1a495e488b7d47d406c61e9837ff2edbc5d46855c34,12ca0f6e05f585cf9d39f2c06178e7b8c550bd464b65480c0a93492d05bf5be9,0.36883180509639385,38.02083333333333,79,100.0,0.0,94.80060672018563,63.1999999999999,47.40000000000007,0.0,0.3160000000000002,86.39999999999954,554.3999999999996,846.5166067201848,completed,model_0.98
greenhouse,ET-MPC,N0_ideal,2027,persistence,0.035,0.98,hold,80d2e7d45ca3b1ca5cb60a994bc7018a037fde04e6c69e7cd6630c7f5def24e0,569714c2f054d7e589e1a1a495e488b7d47d406c61e9837ff2edbc5d46855c34,12ca0f6e05f585cf9d39f2c06178e7b8c550bd464b65480c0a93492d05bf5be9,0.3710205556352844,38.19444444444444,76,100.0,0.0,91.20058368010186,60.79999999999991,45.600000000000065,0.0,0.3040000000000002,86.39999999999954,559.1999999999996,843.504583680101,completed,model_0.98
greenhouse,ET-MPC,N0_ideal,2028,persistence,0.035,0.98,hold,fbd194eca91ed9cc750fbc0294843522e4927131db41b8b7cc7e3cf6d6c4f674,569714c2f054d7e589e1a1a495e488b7d47d406c61e9837ff2edbc5d46855c34,12ca0f6e05f585cf9d39f2c06178e7b8c550bd464b65480c0a93492d05bf5be9,0.3713853883352525,38.02083333333333,75,100.0,0.0,90.00057600003755,59.999999999999915,45.000000000000064,0.0,0.3000000000000002,86.39999999999954,561.5999999999996,843.3005760000367,completed,model_0.98
greenhouse,ET-MPC,N0_ideal,2029,persistence,0.035,0.98,hold,4f5ec0020197f485916c8975041348decd66e067ef9cecc012ce4642b378da30,569714c2f054d7e589e1a1a495e488b7d47d406c61e9837ff2edbc5d46855c34,12ca0f6e05f585cf9d39f2c06178e7b8c550bd464b65480c0a93492d05bf5be9,0.37064321760627905,38.19444444444444,74,100.0,0.0,88.80056832019153,59.19999999999992,44.40000000000006,0.0,0.2960000000000002,86.39999999999954,559.1999999999996,838.2965683201907,completed,model_0.98
greenhouse,ET-MPC,N0_ideal,2030,persistence,0.035,0.98,hold,defb79333b79935e93b95595071e865bff5aaccd62fd3b08c2222714e1ae4f47,569714c2f054d7e589e1a1a495e488b7d47d406c61e9837ff2edbc5d46855c34,12ca0f6e05f585cf9d39f2c06178e7b8c550bd464b65480c0a93492d05bf5be9,0.3705718294408616,38.02083333333333,80,100.0,0.0,96.00061440016808,63.9999999999999,48.00000000000007,0.0,0.32000000000000023,86.39999999999954,554.3999999999996,849.1206144001671,completed,model_0.98
greenhouse,ET-MPC,N0_ideal,2031,persistence,0.035,0.98,hold,bd137e2eb90544ea17aaa2e6cc72b03e78a051a63acdee1b1a04e4a9434895c2,569714c2f054d7e589e1a1a495e488b7d47d406c61e9837ff2edbc5d46855c34,12ca0f6e05f585cf9d39f2c06178e7b8c550bd464b65480c0a93492d05bf5be9,0.371303838924757,38.02083333333333,79,100.0,0.0,94.80060672024929,63.1999999999999,47.40000000000007,0.0,0.3160000000000002,86.39999999999954,549.5999999999996,841.7166067202484,completed,model_0.98
greenhouse,ET-MPC,N0_ideal,2032,persistence,0.035,0.98,hold,e3d2b52ba24081c866cafe82cdd8f70ad37d97564597e35d3080623e3b65bf7c,569714c2f054d7e589e1a1a495e488b7d47d406c61e9837ff2edbc5d46855c34,12ca0f6e05f585cf9d39f2c06178e7b8c550bd464b65480c0a93492d05bf5be9,0.37018480579015384,38.02083333333333,76,100.0,0.0,91.20058367988358,60.79999999999991,45.600000000000065,0.0,0.3040000000000002,86.39999999999954,556.7999999999996,841.1045836798828,completed,model_0.98
greenhouse,ET-MPC,N0_ideal,2033,persistence,0.035,0.98,hold,4088609eeada74ff2c4c9a9b5abd65fae56c47b9e98f5e32b2c5545cbf2c1b3e,569714c2f054d7e589e1a1a495e488b7d47d406c61e9837ff2edbc5d46855c34,12ca0f6e05f585cf9d39f2c06178e7b8c550bd464b65480c0a93492d05bf5be9,0.3689666732488559,38.02083333333333,73,100.0,0.0,87.60056064007266,58.39999999999992,43.80000000000006,0.0,0.2920000000000002,86.39999999999954,554.3999999999996,830.8925606400719,completed,model_0.98
greenhouse,ET-MPC,N0_ideal,2034,persistence,0.035,0.98,hold,8e74299431c2b529d5c30240dcaaa4d62b0e11d1afd785e130ff9f101edef38a,569714c2f054d7e589e1a1a495e488b7d47d406c61e9837ff2edbc5d46855c34,12ca0f6e05f585cf9d39f2c06178e7b8c550bd464b65480c0a93492d05bf5be9,0.3687905620868977,38.02083333333333,78,100.0,0.0,93.60059904026684,62.399999999999906,46.80000000000007,0.0,0.3120000000000002,86.39999999999954,554.3999999999996,843.9125990402661,completed,model_0.98
greenhouse,ET-MPC,N0_ideal,2035,persistence,0.035,0.98,hold,be3a7ed2618c6b47d14916ed2570cf53e2993d3429b0fdd9c43e08afb239e55e,569714c2f054d7e589e1a1a495e488b7d47d406c61e9837ff2edbc5d46855c34,12ca0f6e05f585cf9d39f2c06178e7b8c550bd464b65480c0a93492d05bf5be9,0.368423307508546,38.02083333333333,76,100.0,0.0,91.20058368005638,60.79999999999991,45.600000000000065,0.0,0.3040000000000002,86.39999999999954,556.7999999999996,841.1045836800556,completed,model_0.98
greenhouse,ET-MPC,N0_ideal,2036,persistence,0.035,0.98,hold,bb8839cdd1ec91e063f696cba75304f9e97656f7ccdbddb1d1037f9e397180d3,569714c2f054d7e589e1a1a495e488b7d47d406c61e9837ff2edbc5d46855c34,12ca0f6e05f585cf9d39f2c06178e7b8c550bd464b65480c0a93492d05bf5be9,0.369507072162015,38.02083333333333,76,100.0,0.0,91.2005836798381,60.79999999999991,45.600000000000065,0.0,0.3040000000000002,86.39999999999954,554.3999999999996,838.7045836798372,completed,model_0.98
greenhouse,ET-MPC,N0_ideal,2037,persistence,0.035,0.98,hold,a98ffacd0048a0491986d921fec59d993bc37a3b3b672e8e4d1ce656b5b64851,569714c2f054d7e589e1a1a495e488b7d47d406c61e9837ff2edbc5d46855c34,12ca0f6e05f585cf9d39f2c06178e7b8c550bd464b65480c0a93492d05bf5be9,0.3695131842560678,37.84722222222222,77,100.0,0.0,92.4005913602662,61.59999999999991,46.20000000000007,0.0,0.3080000000000002,86.39999999999954,556.7999999999996,843.7085913602654,completed,model_0.98
greenhouse,ET-MPC,N0_ideal,2038,persistence,0.035,0.98,hold,e33608b143fa1a22683a8746bc1beb4c0f8ef13be52642e76c1d85176e603660,569714c2f054d7e589e1a1a495e488b7d47d406c61e9837ff2edbc5d46855c34,12ca0f6e05f585cf9d39f2c06178e7b8c550bd464b65480c0a93492d05bf5be9,0.36768714701843536,38.02083333333333,77,100.0,0.0,92.40059136002974,61.59999999999991,46.20000000000007,0.0,0.3080000000000002,86.39999999999954,559.1999999999996,846.1085913600289,completed,model_0.98
greenhouse,ET-MPC,N0_ideal,2039,persistence,0.035,0.98,hold,208333e53050291c6bb1667850435ff6b51648c179582754769d781c876837a2,569714c2f054d7e589e1a1a495e488b7d47d406c61e9837ff2edbc5d46855c34,12ca0f6e05f585cf9d39f2c06178e7b8c550bd464b65480c0a93492d05bf5be9,0.3721636074270564,38.19444444444444,75,100.0,0.0,90.00057600027402,59.999999999999915,45.000000000000064,0.0,0.3000000000000002,86.39999999999954,556.7999999999996,838.5005760002732,completed,model_0.98
greenhouse,ET-MPC,N0_ideal,2040,persistence,0.035,0.98,hold,62bf66db5acc0cb110c6d48808073129454e81bd44dd6768273f5e705b910d3b,569714c2f054d7e589e1a1a495e488b7d47d406c61e9837ff2edbc5d46855c34,12ca0f6e05f585cf9d39f2c06178e7b8c550bd464b65480c0a93492d05bf5be9,0.37066882373347004,38.36805555555556,75,100.0,0.0,90.00057600004665,59.999999999999915,45.000000000000064,0.0,0.3000000000000002,86.39999999999954,559.1999999999996,840.9005760000457,completed,model_0.98
greenhouse,ET-MPC,N0_ideal,2026,persistence,0.035,1.0,hold,2564ec262680c54cab5340f94cc6b063c0ce70a9bc3307497488c42d1093c14d,569714c2f054d7e589e1a1a495e488b7d47d406c61e9837ff2edbc5d46855c34,12ca0f6e05f585cf9d39f2c06178e7b8c550bd464b65480c0a93492d05bf5be9,0.3961033212190769,43.05555555555556,76,100.0,0.0,91.20058368017462,60.79999999999991,45.600000000000065,0.0,0.3040000000000002,86.39999999999954,647.9999999999998,932.3045836801739,completed,model_1.0
greenhouse,ET-MPC,N0_ideal,2027,persistence,0.035,1.0,hold,80d2e7d45ca3b1ca5cb60a994bc7018a037fde04e6c69e7cd6630c7f5def24e0,569714c2f054d7e589e1a1a495e488b7d47d406c61e9837ff2edbc5d46855c34,12ca0f6e05f585cf9d39f2c06178e7b8c550bd464b65480c0a93492d05bf5be9,0.39912530866342,43.40277777777778,76,100.0,0.0,91.20058368010186,60.79999999999991,45.600000000000065,0.0,0.3040000000000002,86.39999999999954,645.5999999999998,929.9045836801013,completed,model_1.0
greenhouse,ET-MPC,N0_ideal,2028,persistence,0.035,1.0,hold,fbd194eca91ed9cc750fbc0294843522e4927131db41b8b7cc7e3cf6d6c4f674,569714c2f054d7e589e1a1a495e488b7d47d406c61e9837ff2edbc5d46855c34,12ca0f6e05f585cf9d39f2c06178e7b8c550bd464b65480c0a93492d05bf5be9,0.3999166831471012,43.40277777777778,74,100.0,0.0,88.80056832011877,59.19999999999992,44.40000000000006,0.0,0.2960000000000002,86.39999999999954,645.5999999999998,924.6965683201181,completed,model_1.0
greenhouse,ET-MPC,N0_ideal,2029,persistence,0.035,1.0,hold,4f5ec0020197f485916c8975041348decd66e067ef9cecc012ce4642b378da30,569714c2f054d7e589e1a1a495e488b7d47d406c61e9837ff2edbc5d46855c34,12ca0f6e05f585cf9d39f2c06178e7b8c550bd464b65480c0a93492d05bf5be9,0.3983653495798909,43.40277777777778,75,100.0,0.0,90.00057600018307,59.999999999999915,45.000000000000064,0.0,0.3000000000000002,86.39999999999954,647.9999999999998,929.7005760001823,completed,model_1.0
greenhouse,ET-MPC,N0_ideal,2030,persistence,0.035,1.0,hold,defb79333b79935e93b95595071e865bff5aaccd62fd3b08c2222714e1ae4f47,569714c2f054d7e589e1a1a495e488b7d47d406c61e9837ff2edbc5d46855c34,12ca0f6e05f585cf9d39f2c06178e7b8c550bd464b65480c0a93492d05bf5be9,0.3998092050239386,43.22916666666667,76,100.0,0.0,91.20058368027466,60.79999999999991,45.600000000000065,0.0,0.3040000000000002,86.39999999999954,645.5999999999998,929.9045836802741,completed,model_1.0
greenhouse,ET-MPC,N0_ideal,2031,persistence,0.035,1.0,hold,bd137e2eb90544ea17aaa2e6cc72b03e78a051a63acdee1b1a04e4a9434895c2,569714c2f054d7e589e1a1a495e488b7d47d406c61e9837ff2edbc5d46855c34,12ca0f6e05f585cf9d39f2c06178e7b8c550bd464b65480c0a93492d05bf5be9,0.39631067688692234,43.22916666666667,75,100.0,0.0,90.00057600018307,59.999999999999915,45.000000000000064,0.0,0.3000000000000002,86.39999999999954,652.7999999999997,934.5005760001823,completed,model_1.0
greenhouse,ET-MPC,N0_ideal,2032,persistence,0.035,1.0,hold,e3d2b52ba24081c866cafe82cdd8f70ad37d97564597e35d3080623e3b65bf7c,569714c2f054d7e589e1a1a495e488b7d47d406c61e9837ff2edbc5d46855c34,12ca0f6e05f585cf9d39f2c06178e7b8c550bd464b65480c0a93492d05bf5be9,0.39653136628548646,43.22916666666667,75,100.0,0.0,90.00057600011031,59.999999999999915,45.000000000000064,0.0,0.3000000000000002,86.39999999999954,650.3999999999997,932.1005760001096,completed,model_1.0
greenhouse,ET-MPC,N0_ideal,2033,persistence,0.035,1.0,hold,4088609eeada74ff2c4c9a9b5abd65fae56c47b9e98f5e32b2c5545cbf2c1b3e,569714c2f054d7e589e1a1a495e488b7d47d406c61e9837ff2edbc5d46855c34,12ca0f6e05f585cf9d39f2c06178e7b8c550bd464b65480c0a93492d05bf5be9,0.39461806983826087,43.40277777777778,73,100.0,0.0,87.60056064019999,58.39999999999992,43.80000000000006,0.0,0.2920000000000002,86.39999999999954,652.7999999999997,929.2925606401993,completed,model_1.0
greenhouse,ET-MPC,N0_ideal,2034,persistence,0.035,1.0,hold,8e74299431c2b529d5c30240dcaaa4d62b0e11d1afd785e130ff9f101edef38a,569714c2f054d7e589e1a1a495e488b7d47d406c61e9837ff2edbc5d46855c34,12ca0f6e05f585cf9d39f2c06178e7b8c550bd464b65480c0a93492d05bf5be9,0.3968707052590425,43.40277777777778,75,100.0,0.0,90.00057600025583,59.999999999999915,45.000000000000064,0.0,0.3000000000000002,86.39999999999954,650.3999999999997,932.1005760002552,completed,model_1.0
greenhouse,ET-MPC,N0_ideal,2035,persistence,0.035,1.0,hold,be3a7ed2618c6b47d14916ed2570cf53e2993d3429b0fdd9c43e08afb239e55e,569714c2f054d7e589e1a1a495e488b7d47d406c61e9837ff2edbc5d46855c34,12ca0f6e05f585cf9d39f2c06178e7b8c550bd464b65480c0a93492d05bf5be9,0.39505829092772266,43.22916666666667,74,100.0,0.0,88.80056832026429,59.19999999999992,44.40000000000006,0.0,0.2960000000000002,86.39999999999954,655.1999999999997,934.2965683202635,completed,model_1.0
greenhouse,ET-MPC,N0_ideal,2036,persistence,0.035,1.0,hold,bb8839cdd1ec91e063f696cba75304f9e97656f7ccdbddb1d1037f9e397180d3,569714c2f054d7e589e1a1a495e488b7d47d406c61e9837ff2edbc5d46855c34,12ca0f6e05f585cf9d39f2c06178e7b8c550bd464b65480c0a93492d05bf5be9,0.39663359082604205,43.22916666666667,73,100.0,0.0,87.60056064019999,58.39999999999992,43.80000000000006,0.0,0.2920000000000002,86.39999999999954,650.3999999999997,926.8925606401992,completed,model_1.0
greenhouse,ET-MPC,N0_ideal,2037,persistence,0.035,1.0,hold,a98ffacd0048a0491986d921fec59d993bc37a3b3b672e8e4d1ce656b5b64851,569714c2f054d7e589e1a1a495e488b7d47d406c61e9837ff2edbc5d46855c34,12ca0f6e05f585cf9d39f2c06178e7b8c550bd464b65480c0a93492d05bf5be9,0.3969222324598898,43.22916666666667,74,100.0,0.0,88.80056832033705,59.19999999999992,44.40000000000006,0.0,0.2960000000000002,86.39999999999954,650.3999999999997,929.4965683203363,completed,model_1.0
greenhouse,ET-MPC,N0_ideal,2038,persistence,0.035,1.0,hold,e33608b143fa1a22683a8746bc1beb4c0f8ef13be52642e76c1d85176e603660,569714c2f054d7e589e1a1a495e488b7d47d406c61e9837ff2edbc5d46855c34,12ca0f6e05f585cf9d39f2c06178e7b8c550bd464b65480c0a93492d05bf5be9,0.39733090941267313,43.40277777777778,71,100.0,0.0,85.2005452802169,56.799999999999926,42.60000000000006,0.0,0.2840000000000002,86.39999999999954,645.5999999999998,916.8845452802162,completed,model_1.0
greenhouse,ET-MPC,N0_ideal,2039,persistence,0.035,1.0,hold,208333e53050291c6bb1667850435ff6b51648c179582754769d781c876837a2,569714c2f054d7e589e1a1a495e488b7d47d406c61e9837ff2edbc5d46855c34,12ca0f6e05f585cf9d39f2c06178e7b8c550bd464b65480c0a93492d05bf5be9,0.3975610429525601,43.40277777777778,75,100.0,0.0,90.00057600020126,59.999999999999915,45.000000000000064,0.0,0.3000000000000002,86.39999999999954,652.7999999999997,934.5005760002005,completed,model_1.0
greenhouse,ET-MPC,N0_ideal,2040,persistence,0.035,1.0,hold,62bf66db5acc0cb110c6d48808073129454e81bd44dd6768273f5e705b910d3b,569714c2f054d7e589e1a1a495e488b7d47d406c61e9837ff2edbc5d46855c34,12ca0f6e05f585cf9d39f2c06178e7b8c550bd464b65480c0a93492d05bf5be9,0.3979689350958009,43.40277777777778,80,100.0,0.0,96.00061440023174,63.9999999999999,48.00000000000007,0.0,0.32000000000000023,86.39999999999954,647.9999999999998,942.7206144002309,completed,model_1.0
greenhouse,ET-MPC,N0_ideal,2026,persistence,0.035,1.02,hold,2564ec262680c54cab5340f94cc6b063c0ce70a9bc3307497488c42d1093c14d,569714c2f054d7e589e1a1a495e488b7d47d406c61e9837ff2edbc5d46855c34,12ca0f6e05f585cf9d39f2c06178e7b8c550bd464b65480c0a93492d05bf5be9,0.45742163535879926,47.91666666666667,78,100.0,0.0,93.60059904009404,62.399999999999906,46.80000000000007,0.0,0.3120000000000002,86.39999999999954,722.3999999999991,1011.9125990400926,completed,model_1.02
greenhouse,ET-MPC,N0_ideal,2027,persistence,0.035,1.02,hold,80d2e7d45ca3b1ca5cb60a994bc7018a037fde04e6c69e7cd6630c7f5def24e0,569714c2f054d7e589e1a1a495e488b7d47d406c61e9837ff2edbc5d46855c34,12ca0f6e05f585cf9d39f2c06178e7b8c550bd464b65480c0a93492d05bf5be9,0.45686139179832724,46.00694444444444,78,100.0,0.0,93.60059904045784,62.399999999999906,46.80000000000007,0.0,0.3120000000000002,86.39999999999954,727.199999999999,1016.7125990404563,completed,model_1.02
greenhouse,ET-MPC,N0_ideal,2028,persistence,0.035,1.02,hold,fbd194eca91ed9cc750fbc0294843522e4927131db41b8b7cc7e3cf6d6c4f674,569714c2f054d7e589e1a1a495e488b7d47d406c61e9837ff2edbc5d46855c34,12ca0f6e05f585cf9d39f2c06178e7b8c550bd464b65480c0a93492d05bf5be9,0.45660867512175646,45.83333333333333,79,100.0,0.0,94.80060672037662,63.1999999999999,47.40000000000007,0.0,0.3160000000000002,86.39999999999954,729.599999999999,1021.7166067203751,completed,model_1.02
greenhouse,ET-MPC,N0_ideal,2029,persistence,0.035,1.02,hold,4f5ec0020197f485916c8975041348decd66e067ef9cecc012ce4642b378da30,569714c2f054d7e589e1a1a495e488b7d47d406c61e9837ff2edbc5d46855c34,12ca0f6e05f585cf9d39f2c06178e7b8c550bd464b65480c0a93492d05bf5be9,0.45870456003695087,46.00694444444444,77,100.0,0.0,92.40059136017526,61.59999999999991,46.20000000000007,0.0,0.3080000000000002,86.39999999999954,722.3999999999991,1009.3085913601739,completed,model_1.02
greenhouse,ET-MPC,N0_ideal,2030,persistence,0.035,1.02,hold,defb79333b79935e93b95595071e865bff5aaccd62fd3b08c2222714e1ae4f47,569714c2f054d7e589e1a1a495e488b7d47d406c61e9837ff2edbc5d46855c34,12ca0f6e05f585cf9d39f2c06178e7b8c550bd464b65480c0a93492d05bf5be9,0.4601563956222552,47.22222222222222,81,100.0,0.0,97.20062208028695,64.7999999999999,48.60000000000007,0.0,0.32400000000000023,86.39999999999954,719.9999999999991,1017.3246220802855,completed,model_1.02
greenhouse,ET-MPC,N0_ideal,2031,persistence,0.035,1.02,hold,bd137e2eb90544ea17aaa2e6cc72b03e78a051a63acdee1b1a04e4a9434895c2,569714c2f054d7e589e1a1a495e488b7d47d406c61e9837ff2edbc5d46855c34,12ca0f6e05f585cf9d39f2c06178e7b8c550bd464b65480c0a93492d05bf5be9,0.46116095917266314,48.09027777777778,79,100.0,0.0,94.8006067202311,63.1999999999999,47.40000000000007,0.0,0.3160000000000002,86.39999999999954,717.5999999999991,1009.7166067202297,completed,model_1.02
greenhouse,ET-MPC,N0_ideal,2032,persistence,0.035,1.02,hold,e3d2b52ba24081c866cafe82cdd8f70ad37d97564597e35d3080623e3b65bf7c,569714c2f054d7e589e1a1a495e488b7d47d406c61e9837ff2edbc5d46855c34,12ca0f6e05f585cf9d39f2c06178e7b8c550bd464b65480c0a93492d05bf5be9,0.45681388861277644,46.875,80,100.0,0.0,96.00061440028631,63.9999999999999,48.00000000000007,0.0,0.32000000000000023,86.39999999999954,722.3999999999991,1017.1206144002849,completed,model_1.02
greenhouse,ET-MPC,N0_ideal,2033,persistence,0.035,1.02,hold,4088609eeada74ff2c4c9a9b5abd65fae56c47b9e98f5e32b2c5545cbf2c1b3e,569714c2f054d7e589e1a1a495e488b7d47d406c61e9837ff2edbc5d46855c34,12ca0f6e05f585cf9d39f2c06178e7b8c550bd464b65480c0a93492d05bf5be9,0.4560977404046655,46.875,80,100.0,0.0,96.00061440022264,63.9999999999999,48.00000000000007,0.0,0.32000000000000023,86.39999999999954,722.3999999999991,1017.1206144002213,completed,model_1.02
greenhouse,ET-MPC,N0_ideal,2034,persistence,0.035,1.02,hold,8e74299431c2b529d5c30240dcaaa4d62b0e11d1afd785e130ff9f101edef38a,569714c2f054d7e589e1a1a495e488b7d47d406c61e9837ff2edbc5d46855c34,12ca0f6e05f585cf9d39f2c06178e7b8c550bd464b65480c0a93492d05bf5be9,0.45717966068004884,45.48611111111111,78,100.0,0.0,93.60059904023046,62.399999999999906,46.80000000000007,0.0,0.3120000000000002,86.39999999999954,719.9999999999991,1009.5125990402291,completed,model_1.02
greenhouse,ET-MPC,N0_ideal,2035,persistence,0.035,1.02,hold,be3a7ed2618c6b47d14916ed2570cf53e2993d3429b0fdd9c43e08afb239e55e,569714c2f054d7e589e1a1a495e488b7d47d406c61e9837ff2edbc5d46855c34,12ca0f6e05f585cf9d39f2c06178e7b8c550bd464b65480c0a93492d05bf5be9,0.45772383119553484,47.56944444444444,79,100.0,0.0,94.80060672029477,63.1999999999999,47.40000000000007,0.0,0.3160000000000002,86.39999999999954,719.9999999999991,1012.1166067202934,completed,model_1.02
greenhouse,ET-MPC,N0_ideal,2036,persistence,0.035,1.02,hold,bb8839cdd1ec91e063f696cba75304f9e97656f7ccdbddb1d1037f9e397180d3,569714c2f054d7e589e1a1a495e488b7d47d406c61e9837ff2edbc5d46855c34,12ca0f6e05f585cf9d39f2c06178e7b8c550bd464b65480c0a93492d05bf5be9,0.4612558102854948,48.26388888888889,79,100.0,0.0,94.800606720222,63.1999999999999,47.40000000000007,0.0,0.3160000000000002,86.39999999999954,715.1999999999991,1007.3166067202206,completed,model_1.02
greenhouse,ET-MPC,N0_ideal,2037,persistence,0.035,1.02,hold,a98ffacd0048a0491986d921fec59d993bc37a3b3b672e8e4d1ce656b5b64851,569714c2f054d7e589e1a1a495e488b7d47d406c61e9837ff2edbc5d46855c34,12ca0f6e05f585cf9d39f2c06178e7b8c550bd464b65480c0a93492d05bf5be9,0.45851396654601007,47.39583333333333,81,100.0,0.0,97.20062208028695,64.7999999999999,48.60000000000007,0.0,0.32400000000000023,86.39999999999954,722.3999999999991,1019.7246220802856,completed,model_1.02
greenhouse,ET-MPC,N0_ideal,2038,persistence,0.035,1.02,hold,e33608b143fa1a22683a8746bc1beb4c0f8ef13be52642e76c1d85176e603660,569714c2f054d7e589e1a1a495e488b7d47d406c61e9837ff2edbc5d46855c34,12ca0f6e05f585cf9d39f2c06178e7b8c550bd464b65480c0a93492d05bf5be9,0.45563870538442697,46.35416666666667,78,100.0,0.0,93.60059904023956,62.399999999999906,46.80000000000007,0.0,0.3120000000000002,86.39999999999954,722.3999999999991,1011.9125990402381,completed,model_1.02
greenhouse,ET-MPC,N0_ideal,2039,persistence,0.035,1.02,hold,208333e53050291c6bb1667850435ff6b51648c179582754769d781c876837a2,569714c2f054d7e589e1a1a495e488b7d47d406c61e9837ff2edbc5d46855c34,12ca0f6e05f585cf9d39f2c06178e7b8c550bd464b65480c0a93492d05bf5be9,0.4600779853291486,46.35416666666667,80,100.0,0.0,96.00061440000437,63.9999999999999,48.00000000000007,0.0,0.32000000000000023,86.39999999999954,722.3999999999991,1017.120614400003,completed,model_1.02
greenhouse,ET-MPC,N0_ideal,2040,persistence,0.035,1.02,hold,62bf66db5acc0cb110c6d48808073129454e81bd44dd6768273f5e705b910d3b,569714c2f054d7e589e1a1a495e488b7d47d406c61e9837ff2edbc5d46855c34,12ca0f6e05f585cf9d39f2c06178e7b8c550bd464b65480c0a93492d05bf5be9,0.45929688612245884,47.39583333333333,78,100.0,0.0,93.60059904009404,62.399999999999906,46.80000000000007,0.0,0.3120000000000002,86.39999999999954,722.3999999999991,1011.9125990400926,completed,model_1.02
greenhouse,ET-MPC,N0_ideal,2026,persistence,0.035,1.0,zero,2564ec262680c54cab5340f94cc6b063c0ce70a9bc3307497488c42d1093c14d,569714c2f054d7e589e1a1a495e488b7d47d406c61e9837ff2edbc5d46855c34,12ca0f6e05f585cf9d39f2c06178e7b8c550bd464b65480c0a93492d05bf5be9,0.3961033212190769,43.05555555555556,76,100.0,0.0,91.20058368017462,60.79999999999991,45.600000000000065,0.0,0.3040000000000002,86.39999999999954,647.9999999999998,932.3045836801739,completed,buffer_no_buffer
greenhouse,ET-MPC,N0_ideal,2027,persistence,0.035,1.0,zero,80d2e7d45ca3b1ca5cb60a994bc7018a037fde04e6c69e7cd6630c7f5def24e0,569714c2f054d7e589e1a1a495e488b7d47d406c61e9837ff2edbc5d46855c34,12ca0f6e05f585cf9d39f2c06178e7b8c550bd464b65480c0a93492d05bf5be9,0.39912530866342,43.40277777777778,76,100.0,0.0,91.20058368010186,60.79999999999991,45.600000000000065,0.0,0.3040000000000002,86.39999999999954,645.5999999999998,929.9045836801013,completed,buffer_no_buffer
greenhouse,ET-MPC,N0_ideal,2028,persistence,0.035,1.0,zero,fbd194eca91ed9cc750fbc0294843522e4927131db41b8b7cc7e3cf6d6c4f674,569714c2f054d7e589e1a1a495e488b7d47d406c61e9837ff2edbc5d46855c34,12ca0f6e05f585cf9d39f2c06178e7b8c550bd464b65480c0a93492d05bf5be9,0.3999166831471012,43.40277777777778,74,100.0,0.0,88.80056832011877,59.19999999999992,44.40000000000006,0.0,0.2960000000000002,86.39999999999954,645.5999999999998,924.6965683201181,completed,buffer_no_buffer
greenhouse,ET-MPC,N0_ideal,2029,persistence,0.035,1.0,zero,4f5ec0020197f485916c8975041348decd66e067ef9cecc012ce4642b378da30,569714c2f054d7e589e1a1a495e488b7d47d406c61e9837ff2edbc5d46855c34,12ca0f6e05f585cf9d39f2c06178e7b8c550bd464b65480c0a93492d05bf5be9,0.3983653495798909,43.40277777777778,75,100.0,0.0,90.00057600018307,59.999999999999915,45.000000000000064,0.0,0.3000000000000002,86.39999999999954,647.9999999999998,929.7005760001823,completed,buffer_no_buffer
greenhouse,ET-MPC,N0_ideal,2030,persistence,0.035,1.0,zero,defb79333b79935e93b95595071e865bff5aaccd62fd3b08c2222714e1ae4f47,569714c2f054d7e589e1a1a495e488b7d47d406c61e9837ff2edbc5d46855c34,12ca0f6e05f585cf9d39f2c06178e7b8c550bd464b65480c0a93492d05bf5be9,0.3998092050239386,43.22916666666667,76,100.0,0.0,91.20058368027466,60.79999999999991,45.600000000000065,0.0,0.3040000000000002,86.39999999999954,645.5999999999998,929.9045836802741,completed,buffer_no_buffer
greenhouse,ET-MPC,N0_ideal,2031,persistence,0.035,1.0,zero,bd137e2eb90544ea17aaa2e6cc72b03e78a051a63acdee1b1a04e4a9434895c2,569714c2f054d7e589e1a1a495e488b7d47d406c61e9837ff2edbc5d46855c34,12ca0f6e05f585cf9d39f2c06178e7b8c550bd464b65480c0a93492d05bf5be9,0.39631067688692234,43.22916666666667,75,100.0,0.0,90.00057600018307,59.999999999999915,45.000000000000064,0.0,0.3000000000000002,86.39999999999954,652.7999999999997,934.5005760001823,completed,buffer_no_buffer
greenhouse,ET-MPC,N0_ideal,2032,persistence,0.035,1.0,zero,e3d2b52ba24081c866cafe82cdd8f70ad37d97564597e35d3080623e3b65bf7c,569714c2f054d7e589e1a1a495e488b7d47d406c61e9837ff2edbc5d46855c34,12ca0f6e05f585cf9d39f2c06178e7b8c550bd464b65480c0a93492d05bf5be9,0.39653136628548646,43.22916666666667,75,100.0,0.0,90.00057600011031,59.999999999999915,45.000000000000064,0.0,0.3000000000000002,86.39999999999954,650.3999999999997,932.1005760001096,completed,buffer_no_buffer
greenhouse,ET-MPC,N0_ideal,2033,persistence,0.035,1.0,zero,4088609eeada74ff2c4c9a9b5abd65fae56c47b9e98f5e32b2c5545cbf2c1b3e,569714c2f054d7e589e1a1a495e488b7d47d406c61e9837ff2edbc5d46855c34,12ca0f6e05f585cf9d39f2c06178e7b8c550bd464b65480c0a93492d05bf5be9,0.39461806983826087,43.40277777777778,73,100.0,0.0,87.60056064019999,58.39999999999992,43.80000000000006,0.0,0.2920000000000002,86.39999999999954,652.7999999999997,929.2925606401993,completed,buffer_no_buffer
greenhouse,ET-MPC,N0_ideal,2034,persistence,0.035,1.0,zero,8e74299431c2b529d5c30240dcaaa4d62b0e11d1afd785e130ff9f101edef38a,569714c2f054d7e589e1a1a495e488b7d47d406c61e9837ff2edbc5d46855c34,12ca0f6e05f585cf9d39f2c06178e7b8c550bd464b65480c0a93492d05bf5be9,0.3968707052590425,43.40277777777778,75,100.0,0.0,90.00057600025583,59.999999999999915,45.000000000000064,0.0,0.3000000000000002,86.39999999999954,650.3999999999997,932.1005760002552,completed,buffer_no_buffer
greenhouse,ET-MPC,N0_ideal,2035,persistence,0.035,1.0,zero,be3a7ed2618c6b47d14916ed2570cf53e2993d3429b0fdd9c43e08afb239e55e,569714c2f054d7e589e1a1a495e488b7d47d406c61e9837ff2edbc5d46855c34,12ca0f6e05f585cf9d39f2c06178e7b8c550bd464b65480c0a93492d05bf5be9,0.39505829092772266,43.22916666666667,74,100.0,0.0,88.80056832026429,59.19999999999992,44.40000000000006,0.0,0.2960000000000002,86.39999999999954,655.1999999999997,934.2965683202635,completed,buffer_no_buffer
greenhouse,ET-MPC,N0_ideal,2036,persistence,0.035,1.0,zero,bb8839cdd1ec91e063f696cba75304f9e97656f7ccdbddb1d1037f9e397180d3,569714c2f054d7e589e1a1a495e488b7d47d406c61e9837ff2edbc5d46855c34,12ca0f6e05f585cf9d39f2c06178e7b8c550bd464b65480c0a93492d05bf5be9,0.39663359082604205,43.22916666666667,73,100.0,0.0,87.60056064019999,58.39999999999992,43.80000000000006,0.0,0.2920000000000002,86.39999999999954,650.3999999999997,926.8925606401992,completed,buffer_no_buffer
greenhouse,ET-MPC,N0_ideal,2037,persistence,0.035,1.0,zero,a98ffacd0048a0491986d921fec59d993bc37a3b3b672e8e4d1ce656b5b64851,569714c2f054d7e589e1a1a495e488b7d47d406c61e9837ff2edbc5d46855c34,12ca0f6e05f585cf9d39f2c06178e7b8c550bd464b65480c0a93492d05bf5be9,0.3969222324598898,43.22916666666667,74,100.0,0.0,88.80056832033705,59.19999999999992,44.40000000000006,0.0,0.2960000000000002,86.39999999999954,650.3999999999997,929.4965683203363,completed,buffer_no_buffer
greenhouse,ET-MPC,N0_ideal,2038,persistence,0.035,1.0,zero,e33608b143fa1a22683a8746bc1beb4c0f8ef13be52642e76c1d85176e603660,569714c2f054d7e589e1a1a495e488b7d47d406c61e9837ff2edbc5d46855c34,12ca0f6e05f585cf9d39f2c06178e7b8c550bd464b65480c0a93492d05bf5be9,0.39733090941267313,43.40277777777778,71,100.0,0.0,85.2005452802169,56.799999999999926,42.60000000000006,0.0,0.2840000000000002,86.39999999999954,645.5999999999998,916.8845452802162,completed,buffer_no_buffer
greenhouse,ET-MPC,N0_ideal,2039,persistence,0.035,1.0,zero,208333e53050291c6bb1667850435ff6b51648c179582754769d781c876837a2,569714c2f054d7e589e1a1a495e488b7d47d406c61e9837ff2edbc5d46855c34,12ca0f6e05f585cf9d39f2c06178e7b8c550bd464b65480c0a93492d05bf5be9,0.3975610429525601,43.40277777777778,75,100.0,0.0,90.00057600020126,59.999999999999915,45.000000000000064,0.0,0.3000000000000002,86.39999999999954,652.7999999999997,934.5005760002005,completed,buffer_no_buffer
greenhouse,ET-MPC,N0_ideal,2040,persistence,0.035,1.0,zero,62bf66db5acc0cb110c6d48808073129454e81bd44dd6768273f5e705b910d3b,569714c2f054d7e589e1a1a495e488b7d47d406c61e9837ff2edbc5d46855c34,12ca0f6e05f585cf9d39f2c06178e7b8c550bd464b65480c0a93492d05bf5be9,0.3979689350958009,43.40277777777778,80,100.0,0.0,96.00061440023174,63.9999999999999,48.00000000000007,0.0,0.32000000000000023,86.39999999999954,647.9999999999998,942.7206144002309,completed,buffer_no_buffer
greenhouse,ET-MPC,N1_nominal,2026,persistence,0.02,1.0,hold,7dc81ab8de327eb9e6b05c1745d57aba75650804f61f24d3197d2a2c498387e1,569714c2f054d7e589e1a1a495e488b7d47d406c61e9837ff2edbc5d46855c34,12ca0f6e05f585cf9d39f2c06178e7b8c550bd464b65480c0a93492d05bf5be9,0.39780517387975106,43.40277777777778,124,97.58064516129032,0.0,175.96799999877436,99.19999999999978,76.5,8.4,0.4960000000000004,86.39999999999954,645.5999999999998,1092.5639999987734,completed,trigger_0.02
greenhouse,ET-MPC,N1_nominal,2027,persistence,0.02,1.0,hold,6a5d6bd438e04ba0ae53626d3612109556e5567ded93d0e630275219d0e5e3e7,569714c2f054d7e589e1a1a495e488b7d47d406c61e9837ff2edbc5d46855c34,12ca0f6e05f585cf9d39f2c06178e7b8c550bd464b65480c0a93492d05bf5be9,0.39712859840496734,43.40277777777778,125,96.8,0.0,175.96799999891073,99.99999999999977,76.74999999999999,7.2,0.5000000000000003,86.39999999999954,650.3999999999997,1097.2179999989098,completed,trigger_0.02
greenhouse,ET-MPC,N1_nominal,2028,persistence,0.02,1.0,hold,49991fa7323248fd03e193a9f248d614cf57dfd146a375dcaf46f4b0b3f5553e,569714c2f054d7e589e1a1a495e488b7d47d406c61e9837ff2edbc5d46855c34,12ca0f6e05f585cf9d39f2c06178e7b8c550bd464b65480c0a93492d05bf5be9,0.3989678039401008,43.40277777777778,124,96.7741935483871,0.0,171.90719999895094,99.19999999999978,75.44999999999999,7.2,0.4960000000000004,86.39999999999954,647.9999999999998,1088.65319999895,completed,trigger_0.02
greenhouse,ET-MPC,N1_nominal,2029,persistence,0.02,1.0,hold,8708aeb7de5734eedf22c4c9672f669d93add4afec722af26639b7a19392d1a3,569714c2f054d7e589e1a1a495e488b7d47d406c61e9837ff2edbc5d46855c34,12ca0f6e05f585cf9d39f2c06178e7b8c550bd464b65480c0a93492d05bf5be9,0.39761906746908615,43.40277777777778,121,96.69421487603306,0.0,171.907199998619,95.99999999999979,74.45,8.4,0.4840000000000004,86.39999999999954,645.5999999999998,1083.241199998618,completed,trigger_0.02
greenhouse,ET-MPC,N1_nominal,2030,persistence,0.02,1.0,hold,d4305838ef48102972e82e277d8b79ee0cf44bdcbd1e189711cce29fbf36ad64,569714c2f054d7e589e1a1a495e488b7d47d406c61e9837ff2edbc5d46855c34,12ca0f6e05f585cf9d39f2c06178e7b8c550bd464b65480c0a93492d05bf5be9,0.3968771853512135,43.22916666666667,123,96.7479674796748,0.0,178.67519999866724,98.39999999999978,76.95000000000002,13.2,0.4920000000000004,86.39999999999954,650.3999999999997,1104.5171999986665,completed,trigger_0.02
greenhouse,ET-MPC,N1_nominal,2031,persistence,0.02,1.0,hold,90123bb60c0dc82ac08ae019c530eb3c56fbf061ad308750dfec669616719eee,569714c2f054d7e589e1a1a495e488b7d47d406c61e9837ff2edbc5d46855c34,12ca0f6e05f585cf9d39f2c06178e7b8c550bd464b65480c0a93492d05bf5be9,0.3985520153353379,43.22916666666667,124,98.38709677419355,0.0,174.61439999923036,98.39999999999978,75.89999999999999,6.0,0.4960000000000004,86.39999999999954,643.1999999999998,1085.0103999992293,completed,trigger_0.02
greenhouse,ET-MPC,N1_nominal,2032,persistence,0.02,1.0,hold,192e0dd3ad732c5d823fc1ac58e07f2a85163c8956eb0a17d0f555bf8c5fe181,569714c2f054d7e589e1a1a495e488b7d47d406c61e9837ff2edbc5d46855c34,12ca0f6e05f585cf9d39f2c06178e7b8c550bd464b65480c0a93492d05bf5be9,0.3983890232576778,43.22916666666667,126,99.2063492063492,0.0,182.73599999907495,100.79999999999977,78.74999999999997,10.799999999999999,0.5040000000000003,86.39999999999954,645.5999999999998,1105.589999999074,completed,trigger_0.02
greenhouse,ET-MPC,N1_nominal,2033,persistence,0.02,1.0,hold,12626a03707fd0fbf55c7d75d999fdae49917919039e81b0d5b8932a393c3f18,569714c2f054d7e589e1a1a495e488b7d47d406c61e9837ff2edbc5d46855c34,12ca0f6e05f585cf9d39f2c06178e7b8c550bd464b65480c0a93492d05bf5be9,0.39732138543388085,43.22916666666667,121,98.34710743801652,0.0,170.55359999853846,95.99999999999979,74.10000000000004,6.0,0.4840000000000004,86.39999999999954,650.3999999999997,1083.9375999985375,completed,trigger_0.02
greenhouse,ET-MPC,N1_nominal,2034,persistence,0.02,1.0,hold,af25b5d0259141067a17b562068d94dcf7eef08f16fcb2d4349d945011ff574a,569714c2f054d7e589e1a1a495e488b7d47d406c61e9837ff2edbc5d46855c34,12ca0f6e05f585cf9d39f2c06178e7b8c550bd464b65480c0a93492d05bf5be9,0.39644255714741644,43.05555555555556,126,95.23809523809524,0.0,181.38239999896132,100.79999999999977,78.39999999999996,9.6,0.5040000000000003,86.39999999999954,647.9999999999998,1105.0863999989604,completed,trigger_0.02
greenhouse,ET-MPC,N1_nominal,2035,persistence,0.02,1.0,hold,97e9357e7014883f6d065d196de852d36b4c10ad37d25fdb0367a2d5b22080af,569714c2f054d7e589e1a1a495e488b7d47d406c61e9837ff2edbc5d46855c34,12ca0f6e05f585cf9d39f2c06178e7b8c550bd464b65480c0a93492d05bf5be9,0.3955129090138263,43.05555555555556,123,100.0,0.0,180.0287999986523,98.39999999999978,77.29999999999998,15.599999999999996,0.4920000000000004,86.39999999999954,647.9999999999998,1106.2207999986513,completed,trigger_0.02
greenhouse,ET-MPC,N1_nominal,2036,persistence,0.02,1.0,hold,1a8c47eebfbf855429746335e64080156dcf970f3e75f166fd7b608f31cbdd54,569714c2f054d7e589e1a1a495e488b7d47d406c61e9837ff2edbc5d46855c34,12ca0f6e05f585cf9d39f2c06178e7b8c550bd464b65480c0a93492d05bf5be9,0.3973784268144651,43.05555555555556,123,98.3739837398374,0.0,171.9071999989805,98.39999999999978,75.19999999999999,6.0,0.4920000000000004,86.39999999999954,650.3999999999997,1088.7991999989795,completed,trigger_0.02
greenhouse,ET-MPC,N1_nominal,2037,persistence,0.02,1.0,hold,cd2e187ef74ecaf2958f3e94ca0f1e2bb8a55ad4adffd71b53a2cb963674f2c9,569714c2f054d7e589e1a1a495e488b7d47d406c61e9837ff2edbc5d46855c34,12ca0f6e05f585cf9d39f2c06178e7b8c550bd464b65480c0a93492d05bf5be9,0.3977108934105569,43.22916666666667,118,96.61016949152543,0.0,166.49279999868324,94.39999999999979,72.55000000000003,8.4,0.47200000000000036,86.39999999999954,647.9999999999998,1076.7147999986823,completed,trigger_0.02
greenhouse,ET-MPC,N1_nominal,2038,persistence,0.02,1.0,hold,8c4d3cbb8fb05e4325ff3a69fb8531b45ddfcd10e251fa961da1932ba0044087,569714c2f054d7e589e1a1a495e488b7d47d406c61e9837ff2edbc5d46855c34,12ca0f6e05f585cf9d39f2c06178e7b8c550bd464b65480c0a93492d05bf5be9,0.3980146738138717,43.40277777777778,122,100.0,0.0,169.19999999890575,97.59999999999978,74.25,4.8,0.4880000000000004,86.39999999999954,640.7999999999998,1073.537999998905,completed,trigger_0.02
greenhouse,ET-MPC,N1_nominal,2039,persistence,0.02,1.0,hold,a630a7892e09c5551fdf8f22d69668e7b8b9dcc7a1e485189915dc4fb0f09a5d,569714c2f054d7e589e1a1a495e488b7d47d406c61e9837ff2edbc5d46855c34,12ca0f6e05f585cf9d39f2c06178e7b8c550bd464b65480c0a93492d05bf5be9,0.3973838197689189,43.22916666666667,123,97.5609756097561,0.0,171.907199999051,96.79999999999978,74.7,4.8,0.4920000000000004,86.39999999999954,647.9999999999998,1083.0991999990501,completed,trigger_0.02
greenhouse,ET-MPC,N1_nominal,2040,persistence,0.02,1.0,hold,17d6033930d0208b8c316642f2110ee0a9f6d0249b206990d5b0a8f1a6c8849c,569714c2f054d7e589e1a1a495e488b7d47d406c61e9837ff2edbc5d46855c34,12ca0f6e05f585cf9d39f2c06178e7b8c550bd464b65480c0a93492d05bf5be9,0.39783074033899407,43.22916666666667,121,98.34710743801652,0.0,171.9071999987782,96.79999999999978,74.70000000000002,7.2,0.4840000000000004,86.39999999999954,645.5999999999998,1083.0911999987773,completed,trigger_0.02
greenhouse,ET-MPC,N1_nominal,2026,persistence,0.035,1.0,hold,7dc81ab8de327eb9e6b05c1745d57aba75650804f61f24d3197d2a2c498387e1,569714c2f054d7e589e1a1a495e488b7d47d406c61e9837ff2edbc5d46855c34,12ca0f6e05f585cf9d39f2c06178e7b8c550bd464b65480c0a93492d05bf5be9,0.3970248993849643,43.40277777777778,79,96.20253164556962,0.0,112.34879999945498,63.1999999999999,48.80000000000007,6.0,0.3160000000000002,86.39999999999954,650.3999999999997,967.4647999994543,completed,trigger_0.035
greenhouse,ET-MPC,N1_nominal,2027,persistence,0.035,1.0,hold,6a5d6bd438e04ba0ae53626d3612109556e5567ded93d0e630275219d0e5e3e7,569714c2f054d7e589e1a1a495e488b7d47d406c61e9837ff2edbc5d46855c34,12ca0f6e05f585cf9d39f2c06178e7b8c550bd464b65480c0a93492d05bf5be9,0.3973066584864876,43.40277777777778,76,97.36842105263158,0.0,108.28799999924503,60.79999999999991,47.00000000000006,6.0,0.3040000000000002,86.39999999999954,650.3999999999997,959.1919999992442,completed,trigger_0.035
greenhouse,ET-MPC,N1_nominal,2028,persistence,0.035,1.0,hold,49991fa7323248fd03e193a9f248d614cf57dfd146a375dcaf46f4b0b3f5553e,569714c2f054d7e589e1a1a495e488b7d47d406c61e9837ff2edbc5d46855c34,12ca0f6e05f585cf9d39f2c06178e7b8c550bd464b65480c0a93492d05bf5be9,0.39982311015552097,43.40277777777778,77,97.40259740259741,0.0,106.93439999936908,61.59999999999991,46.90000000000006,7.2,0.3080000000000002,86.39999999999954,647.9999999999998,957.3423999993684,completed,trigger_0.035
greenhouse,ET-MPC,N1_nominal,2029,persistence,0.035,1.0,hold,8708aeb7de5734eedf22c4c9672f669d93add4afec722af26639b7a19392d1a3,569714c2f054d7e589e1a1a495e488b7d47d406c61e9837ff2edbc5d46855c34,12ca0f6e05f585cf9d39f2c06178e7b8c550bd464b65480c0a93492d05bf5be9,0.39545885445499124,43.22916666666667,76,97.36842105263158,0.0,102.87359999928648,60.79999999999991,45.600000000000065,1.2,0.3040000000000002,86.39999999999954,647.9999999999998,945.1775999992858,completed,trigger_0.035
greenhouse,ET-MPC,N1_nominal,2030,persistence,0.035,1.0,hold,d4305838ef48102972e82e277d8b79ee0cf44bdcbd1e189711cce29fbf36ad64,569714c2f054d7e589e1a1a495e488b7d47d406c61e9837ff2edbc5d46855c34,12ca0f6e05f585cf9d39f2c06178e7b8c550bd464b65480c0a93492d05bf5be9,0.3990628189564073,43.22916666666667,77,97.40259740259741,0.0,108.2879999995088,61.59999999999991,47.250000000000064,3.5999999999999996,0.3080000000000002,86.39999999999954,647.9999999999998,955.4459999995081,completed,trigger_0.035
greenhouse,ET-MPC,N1_nominal,2031,persistence,0.035,1.0,hold,90123bb60c0dc82ac08ae019c530eb3c56fbf061ad308750dfec669616719eee,569714c2f054d7e589e1a1a495e488b7d47d406c61e9837ff2edbc5d46855c34,12ca0f6e05f585cf9d39f2c06178e7b8c550bd464b65480c0a93492d05bf5be9,0.3990154730846338,43.22916666666667,74,100.0,0.0,101.51999999958333,59.19999999999992,44.75000000000006,1.2,0.2960000000000002,86.39999999999954,640.7999999999998,934.1659999995827,completed,trigger_0.035
greenhouse,ET-MPC,N1_nominal,2032,persistence,0.035,1.0,hold,192e0dd3ad732c5d823fc1ac58e07f2a85163c8956eb0a17d0f555bf8c5fe181,569714c2f054d7e589e1a1a495e488b7d47d406c61e9837ff2edbc5d46855c34,12ca0f6e05f585cf9d39f2c06178e7b8c550bd464b65480c0a93492d05bf5be9,0.3977084505899635,43.05555555555556,76,100.0,0.0,109.64159999955073,60.79999999999991,47.350000000000065,6.0,0.3040000000000002,86.39999999999954,647.9999999999998,958.49559999955,completed,trigger_0.035
greenhouse,ET-MPC,N1_nominal,2033,persistence,0.035,1.0,hold,12626a03707fd0fbf55c7d75d999fdae49917919039e81b0d5b8932a393c3f18,569714c2f054d7e589e1a1a495e488b7d47d406c61e9837ff2edbc5d46855c34,12ca0f6e05f585cf9d39f2c06178e7b8c550bd464b65480c0a93492d05bf5be9,0.3973936181206043,43.22916666666667,76,97.36842105263158,0.0,105.58079999924757,60.79999999999991,46.30000000000006,2.4,0.3040000000000002,86.39999999999954,650.3999999999997,952.1847999992468,completed,trigger_0.035
greenhouse,ET-MPC,N1_nominal,2034,persistence,0.035,1.0,hold,af25b5d0259141067a17b562068d94dcf7eef08f16fcb2d4349d945011ff574a,569714c2f054d7e589e1a1a495e488b7d47d406c61e9837ff2edbc5d46855c34,12ca0f6e05f585cf9d39f2c06178e7b8c550bd464b65480c0a93492d05bf5be9,0.39739122700142915,43.05555555555556,75,96.0,0.0,108.28799999958042,59.999999999999915,46.75000000000006,6.0,0.3000000000000002,86.39999999999954,647.9999999999998,955.7379999995796,completed,trigger_0.035
greenhouse,ET-MPC,N1_nominal,2035,persistence,0.035,1.0,hold,97e9357e7014883f6d065d196de852d36b4c10ad37d25fdb0367a2d5b22080af,569714c2f054d7e589e1a1a495e488b7d47d406c61e9837ff2edbc5d46855c34,12ca0f6e05f585cf9d39f2c06178e7b8c550bd464b65480c0a93492d05bf5be9,0.3973058958319026,43.05555555555556,74,100.0,0.0,108.2879999989631,59.19999999999992,46.500000000000064,9.6,0.2960000000000002,86.39999999999954,643.1999999999998,953.4839999989624,completed,trigger_0.035
greenhouse,ET-MPC,N1_nominal,2036,persistence,0.035,1.0,hold,1a8c47eebfbf855429746335e64080156dcf970f3e75f166fd7b608f31cbdd54,569714c2f054d7e589e1a1a495e488b7d47d406c61e9837ff2edbc5d46855c34,12ca0f6e05f585cf9d39f2c06178e7b8c550bd464b65480c0a93492d05bf5be9,0.39701046975551235,43.05555555555556,79,94.9367088607595,0.0,110.99519999941076,63.1999999999999,48.45000000000007,3.5999999999999996,0.3160000000000002,86.39999999999954,652.7999999999997,965.76119999941,completed,trigger_0.035
greenhouse,ET-MPC,N1_nominal,2037,persistence,0.035,1.0,hold,cd2e187ef74ecaf2958f3e94ca0f1e2bb8a55ad4adffd71b53a2cb963674f2c9,569714c2f054d7e589e1a1a495e488b7d47d406c61e9837ff2edbc5d46855c34,12ca0f6e05f585cf9d39f2c06178e7b8c550bd464b65480c0a93492d05bf5be9,0.3978510236190994,43.22916666666667,76,100.0,0.0,110.99519999938802,60.79999999999991,47.70000000000006,7.2,0.3040000000000002,86.39999999999954,647.9999999999998,961.3991999993873,completed,trigger_0.035
greenhouse,ET-MPC,N1_nominal,2038,persistence,0.035,1.0,hold,8c4d3cbb8fb05e4325ff3a69fb8531b45ddfcd10e251fa961da1932ba0044087,569714c2f054d7e589e1a1a495e488b7d47d406c61e9837ff2edbc5d46855c34,12ca0f6e05f585cf9d39f2c06178e7b8c550bd464b65480c0a93492d05bf5be9,0.3976279128239067,43.22916666666667,74,100.0,0.0,101.51999999914678,59.19999999999992,44.750000000000064,1.2,0.2960000000000002,86.39999999999954,643.1999999999998,936.565999999146,completed,trigger_0.035
greenhouse,ET-MPC,N1_nominal,2039,persistence,0.035,1.0,hold,a630a7892e09c5551fdf8f22d69668e7b8b9dcc7a1e485189915dc4fb0f09a5d,569714c2f054d7e589e1a1a495e488b7d47d406c61e9837ff2edbc5d46855c34,12ca0f6e05f585cf9d39f2c06178e7b8c550bd464b65480c0a93492d05bf5be9,0.3994413893451706,43.22916666666667,76,96.05263157894737,0.0,110.99519999926069,59.19999999999992,47.20000000000006,7.2,0.3040000000000002,86.39999999999954,643.1999999999998,954.4991999992601,completed,trigger_0.035
greenhouse,ET-MPC,N1_nominal,2040,persistence,0.035,1.0,hold,17d6033930d0208b8c316642f2110ee0a9f6d0249b206990d5b0a8f1a6c8849c,569714c2f054d7e589e1a1a495e488b7d47d406c61e9837ff2edbc5d46855c34,12ca0f6e05f585cf9d39f2c06178e7b8c550bd464b65480c0a93492d05bf5be9,0.39788765697951944,43.22916666666667,76,98.6842105263158,0.0,110.99519999953581,60.79999999999991,47.70000000000006,8.4,0.3040000000000002,86.39999999999954,645.5999999999998,960.199199999535,completed,trigger_0.035
greenhouse,ET-MPC,N1_nominal,2026,persistence,0.07,1.0,hold,7dc81ab8de327eb9e6b05c1745d57aba75650804f61f24d3197d2a2c498387e1,569714c2f054d7e589e1a1a495e488b7d47d406c61e9837ff2edbc5d46855c34,12ca0f6e05f585cf9d39f2c06178e7b8c550bd464b65480c0a93492d05bf5be9,0.39780703518608274,43.05555555555556,41,95.1219512195122,0.0,59.55839999929625,32.000000000000014,25.40000000000001,6.0,0.16400000000000012,86.39999999999954,645.5999999999998,855.1223999992956,completed,trigger_0.07
greenhouse,ET-MPC,N1_nominal,2027,persistence,0.07,1.0,hold,6a5d6bd438e04ba0ae53626d3612109556e5567ded93d0e630275219d0e5e3e7,569714c2f054d7e589e1a1a495e488b7d47d406c61e9837ff2edbc5d46855c34,12ca0f6e05f585cf9d39f2c06178e7b8c550bd464b65480c0a93492d05bf5be9,0.40036580278789086,43.40277777777778,40,97.5,0.0,55.497599999895776,32.000000000000014,24.350000000000012,1.2,0.16000000000000011,86.39999999999954,643.1999999999998,842.8075999998952,completed,trigger_0.07
greenhouse,ET-MPC,N1_nominal,2028,persistence,0.07,1.0,hold,49991fa7323248fd03e193a9f248d614cf57dfd146a375dcaf46f4b0b3f5553e,569714c2f054d7e589e1a1a495e488b7d47d406c61e9837ff2edbc5d46855c34,12ca0f6e05f585cf9d39f2c06178e7b8c550bd464b65480c0a93492d05bf5be9,0.3970608138196977,43.40277777777778,39,97.43589743589743,0.0,55.497599999859396,31.200000000000017,24.100000000000012,2.4,0.1560000000000001,86.39999999999954,652.7999999999997,852.5535999998588,completed,trigger_0.07
greenhouse,ET-MPC,N1_nominal,2029,persistence,0.07,1.0,hold,8708aeb7de5734eedf22c4c9672f669d93add4afec722af26639b7a19392d1a3,569714c2f054d7e589e1a1a495e488b7d47d406c61e9837ff2edbc5d46855c34,12ca0f6e05f585cf9d39f2c06178e7b8c550bd464b65480c0a93492d05bf5be9,0.39622070862328307,43.22916666666667,41,97.5609756097561,0.0,59.55839999964186,32.000000000000014,25.400000000000013,3.5999999999999996,0.16400000000000012,86.39999999999954,652.7999999999997,859.9223999996411,completed,trigger_0.07
greenhouse,ET-MPC,N1_nominal,2030,persistence,0.07,1.0,hold,d4305838ef48102972e82e277d8b79ee0cf44bdcbd1e189711cce29fbf36ad64,569714c2f054d7e589e1a1a495e488b7d47d406c61e9837ff2edbc5d46855c34,12ca0f6e05f585cf9d39f2c06178e7b8c550bd464b65480c0a93492d05bf5be9,0.398051178535528,43.22916666666667,39,100.0,0.0,59.55839999958728,31.200000000000017,25.15000000000001,8.399999999999999,0.1560000000000001,86.39999999999954,647.9999999999998,858.8643999995866,completed,trigger_0.07
greenhouse,ET-MPC,N1_nominal,2031,persistence,0.07,1.0,hold,90123bb60c0dc82ac08ae019c530eb3c56fbf061ad308750dfec669616719eee,569714c2f054d7e589e1a1a495e488b7d47d406c61e9837ff2edbc5d46855c34,12ca0f6e05f585cf9d39f2c06178e7b8c550bd464b65480c0a93492d05bf5be9,0.3967970833653654,43.22916666666667,38,100.0,0.0,54.14399999979245,30.400000000000016,23.50000000000001,2.4,0.1520000000000001,86.39999999999954,647.9999999999998,844.9959999997918,completed,trigger_0.07
greenhouse,ET-MPC,N1_nominal,2032,persistence,0.07,1.0,hold,192e0dd3ad732c5d823fc1ac58e07f2a85163c8956eb0a17d0f555bf8c5fe181,569714c2f054d7e589e1a1a495e488b7d47d406c61e9837ff2edbc5d46855c34,12ca0f6e05f585cf9d39f2c06178e7b8c550bd464b65480c0a93492d05bf5be9,0.4014203189263547,43.22916666666667,41,100.0,0.0,63.61919999990409,32.80000000000001,26.700000000000017,8.4,0.16400000000000012,86.39999999999954,638.3999999999999,856.4831999999035,completed,trigger_0.07
greenhouse,ET-MPC,N1_nominal,2033,persistence,0.07,1.0,hold,12626a03707fd0fbf55c7d75d999fdae49917919039e81b0d5b8932a393c3f18,569714c2f054d7e589e1a1a495e488b7d47d406c61e9837ff2edbc5d46855c34,12ca0f6e05f585cf9d39f2c06178e7b8c550bd464b65480c0a93492d05bf5be9,0.39691545467358047,43.22916666666667,39,97.43589743589743,0.0,54.14399999955597,30.400000000000016,23.50000000000001,1.2,0.1560000000000001,86.39999999999954,647.9999999999998,843.7999999995553,completed,trigger_0.07
greenhouse,ET-MPC,N1_nominal,2034,persistence,0.07,1.0,hold,af25b5d0259141067a17b562068d94dcf7eef08f16fcb2d4349d945011ff574a,569714c2f054d7e589e1a1a495e488b7d47d406c61e9837ff2edbc5d46855c34,12ca0f6e05f585cf9d39f2c06178e7b8c550bd464b65480c0a93492d05bf5be9,0.3981186538980185,43.05555555555556,41,95.1219512195122,0.0,60.911999999781564,32.80000000000001,26.000000000000014,4.8,0.16400000000000012,86.39999999999954,647.9999999999998,859.0759999997808,completed,trigger_0.07
greenhouse,ET-MPC,N1_nominal,2035,persistence,0.07,1.0,hold,97e9357e7014883f6d065d196de852d36b4c10ad37d25fdb0367a2d5b22080af,569714c2f054d7e589e1a1a495e488b7d47d406c61e9837ff2edbc5d46855c34,12ca0f6e05f585cf9d39f2c06178e7b8c550bd464b65480c0a93492d05bf5be9,0.3940613977026667,43.05555555555556,40,100.0,0.0,58.20479999959311,32.000000000000014,25.05000000000001,3.5999999999999996,0.16000000000000011,86.39999999999954,650.3999999999997,855.8147999995924,completed,trigger_0.07
greenhouse,ET-MPC,N1_nominal,2036,persistence,0.07,1.0,hold,1a8c47eebfbf855429746335e64080156dcf970f3e75f166fd7b608f31cbdd54,569714c2f054d7e589e1a1a495e488b7d47d406c61e9837ff2edbc5d46855c34,12ca0f6e05f585cf9d39f2c06178e7b8c550bd464b65480c0a93492d05bf5be9,0.393660220342876,43.05555555555556,40,97.5,0.0,54.14399999981064,32.000000000000014,24.000000000000014,1.2,0.16000000000000011,86.39999999999954,655.1999999999997,853.10399999981,completed,trigger_0.07
greenhouse,ET-MPC,N1_nominal,2037,persistence,0.07,1.0,hold,cd2e187ef74ecaf2958f3e94ca0f1e2bb8a55ad4adffd71b53a2cb963674f2c9,569714c2f054d7e589e1a1a495e488b7d47d406c61e9837ff2edbc5d46855c34,12ca0f6e05f585cf9d39f2c06178e7b8c550bd464b65480c0a93492d05bf5be9,0.3959545383118695,43.05555555555556,41,95.1219512195122,0.0,59.5583999995691,32.80000000000001,25.65000000000001,4.8,0.16400000000000012,86.39999999999954,652.7999999999997,862.1723999995684,completed,trigger_0.07
greenhouse,ET-MPC,N1_nominal,2038,persistence,0.07,1.0,hold,8c4d3cbb8fb05e4325ff3a69fb8531b45ddfcd10e251fa961da1932ba0044087,569714c2f054d7e589e1a1a495e488b7d47d406c61e9837ff2edbc5d46855c34,12ca0f6e05f585cf9d39f2c06178e7b8c550bd464b65480c0a93492d05bf5be9,0.39838931371684566,43.22916666666667,39,97.43589743589743,0.0,54.143999999845875,31.200000000000017,23.75000000000001,2.4,0.1560000000000001,86.39999999999954,645.5999999999998,843.6499999998452,completed,trigger_0.07
greenhouse,ET-MPC,N1_nominal,2039,persistence,0.07,1.0,hold,a630a7892e09c5551fdf8f22d69668e7b8b9dcc7a1e485189915dc4fb0f09a5d,569714c2f054d7e589e1a1a495e488b7d47d406c61e9837ff2edbc5d46855c34,12ca0f6e05f585cf9d39f2c06178e7b8c550bd464b65480c0a93492d05bf5be9,0.3993936036981974,43.22916666666667,40,97.5,0.0,59.55839999964186,31.200000000000017,25.150000000000013,4.8,0.16000000000000011,86.39999999999954,643.1999999999998,850.4683999996412,completed,trigger_0.07
greenhouse,ET-MPC,N1_nominal,2040,persistence,0.07,1.0,hold,17d6033930d0208b8c316642f2110ee0a9f6d0249b206990d5b0a8f1a6c8849c,569714c2f054d7e589e1a1a495e488b7d47d406c61e9837ff2edbc5d46855c34,12ca0f6e05f585cf9d39f2c06178e7b8c550bd464b65480c0a93492d05bf5be9,0.39737257135771314,43.05555555555556,41,95.1219512195122,0.0,63.61919999966079,32.000000000000014,26.450000000000014,7.2,0.16400000000000012,86.39999999999954,647.9999999999998,863.8331999996601,completed,trigger_0.07
greenhouse,ET-MPC,N1_nominal,2026,persistence,0.035,1.0,hold,7dc81ab8de327eb9e6b05c1745d57aba75650804f61f24d3197d2a2c498387e1,569714c2f054d7e589e1a1a495e488b7d47d406c61e9837ff2edbc5d46855c34,12ca0f6e05f585cf9d39f2c06178e7b8c550bd464b65480c0a93492d05bf5be9,0.3970248993849643,43.40277777777778,79,96.20253164556962,0.0,112.34879999945498,63.1999999999999,48.80000000000007,6.0,0.3160000000000002,86.39999999999954,650.3999999999997,967.4647999994543,completed,forecast_persistence
greenhouse,ET-MPC,N1_nominal,2027,persistence,0.035,1.0,hold,6a5d6bd438e04ba0ae53626d3612109556e5567ded93d0e630275219d0e5e3e7,569714c2f054d7e589e1a1a495e488b7d47d406c61e9837ff2edbc5d46855c34,12ca0f6e05f585cf9d39f2c06178e7b8c550bd464b65480c0a93492d05bf5be9,0.3973066584864876,43.40277777777778,76,97.36842105263158,0.0,108.28799999924503,60.79999999999991,47.00000000000006,6.0,0.3040000000000002,86.39999999999954,650.3999999999997,959.1919999992442,completed,forecast_persistence
greenhouse,ET-MPC,N1_nominal,2028,persistence,0.035,1.0,hold,49991fa7323248fd03e193a9f248d614cf57dfd146a375dcaf46f4b0b3f5553e,569714c2f054d7e589e1a1a495e488b7d47d406c61e9837ff2edbc5d46855c34,12ca0f6e05f585cf9d39f2c06178e7b8c550bd464b65480c0a93492d05bf5be9,0.39982311015552097,43.40277777777778,77,97.40259740259741,0.0,106.93439999936908,61.59999999999991,46.90000000000006,7.2,0.3080000000000002,86.39999999999954,647.9999999999998,957.3423999993684,completed,forecast_persistence
greenhouse,ET-MPC,N1_nominal,2029,persistence,0.035,1.0,hold,8708aeb7de5734eedf22c4c9672f669d93add4afec722af26639b7a19392d1a3,569714c2f054d7e589e1a1a495e488b7d47d406c61e9837ff2edbc5d46855c34,12ca0f6e05f585cf9d39f2c06178e7b8c550bd464b65480c0a93492d05bf5be9,0.39545885445499124,43.22916666666667,76,97.36842105263158,0.0,102.87359999928648,60.79999999999991,45.600000000000065,1.2,0.3040000000000002,86.39999999999954,647.9999999999998,945.1775999992858,completed,forecast_persistence
greenhouse,ET-MPC,N1_nominal,2030,persistence,0.035,1.0,hold,d4305838ef48102972e82e277d8b79ee0cf44bdcbd1e189711cce29fbf36ad64,569714c2f054d7e589e1a1a495e488b7d47d406c61e9837ff2edbc5d46855c34,12ca0f6e05f585cf9d39f2c06178e7b8c550bd464b65480c0a93492d05bf5be9,0.3990628189564073,43.22916666666667,77,97.40259740259741,0.0,108.2879999995088,61.59999999999991,47.250000000000064,3.5999999999999996,0.3080000000000002,86.39999999999954,647.9999999999998,955.4459999995081,completed,forecast_persistence
greenhouse,ET-MPC,N1_nominal,2031,persistence,0.035,1.0,hold,90123bb60c0dc82ac08ae019c530eb3c56fbf061ad308750dfec669616719eee,569714c2f054d7e589e1a1a495e488b7d47d406c61e9837ff2edbc5d46855c34,12ca0f6e05f585cf9d39f2c06178e7b8c550bd464b65480c0a93492d05bf5be9,0.3990154730846338,43.22916666666667,74,100.0,0.0,101.51999999958333,59.19999999999992,44.75000000000006,1.2,0.2960000000000002,86.39999999999954,640.7999999999998,934.1659999995827,completed,forecast_persistence
greenhouse,ET-MPC,N1_nominal,2032,persistence,0.035,1.0,hold,192e0dd3ad732c5d823fc1ac58e07f2a85163c8956eb0a17d0f555bf8c5fe181,569714c2f054d7e589e1a1a495e488b7d47d406c61e9837ff2edbc5d46855c34,12ca0f6e05f585cf9d39f2c06178e7b8c550bd464b65480c0a93492d05bf5be9,0.3977084505899635,43.05555555555556,76,100.0,0.0,109.64159999955073,60.79999999999991,47.350000000000065,6.0,0.3040000000000002,86.39999999999954,647.9999999999998,958.49559999955,completed,forecast_persistence
greenhouse,ET-MPC,N1_nominal,2033,persistence,0.035,1.0,hold,12626a03707fd0fbf55c7d75d999fdae49917919039e81b0d5b8932a393c3f18,569714c2f054d7e589e1a1a495e488b7d47d406c61e9837ff2edbc5d46855c34,12ca0f6e05f585cf9d39f2c06178e7b8c550bd464b65480c0a93492d05bf5be9,0.3973936181206043,43.22916666666667,76,97.36842105263158,0.0,105.58079999924757,60.79999999999991,46.30000000000006,2.4,0.3040000000000002,86.39999999999954,650.3999999999997,952.1847999992468,completed,forecast_persistence
greenhouse,ET-MPC,N1_nominal,2034,persistence,0.035,1.0,hold,af25b5d0259141067a17b562068d94dcf7eef08f16fcb2d4349d945011ff574a,569714c2f054d7e589e1a1a495e488b7d47d406c61e9837ff2edbc5d46855c34,12ca0f6e05f585cf9d39f2c06178e7b8c550bd464b65480c0a93492d05bf5be9,0.39739122700142915,43.05555555555556,75,96.0,0.0,108.28799999958042,59.999999999999915,46.75000000000006,6.0,0.3000000000000002,86.39999999999954,647.9999999999998,955.7379999995796,completed,forecast_persistence
greenhouse,ET-MPC,N1_nominal,2035,persistence,0.035,1.0,hold,97e9357e7014883f6d065d196de852d36b4c10ad37d25fdb0367a2d5b22080af,569714c2f054d7e589e1a1a495e488b7d47d406c61e9837ff2edbc5d46855c34,12ca0f6e05f585cf9d39f2c06178e7b8c550bd464b65480c0a93492d05bf5be9,0.3973058958319026,43.05555555555556,74,100.0,0.0,108.2879999989631,59.19999999999992,46.500000000000064,9.6,0.2960000000000002,86.39999999999954,643.1999999999998,953.4839999989624,completed,forecast_persistence
greenhouse,ET-MPC,N1_nominal,2036,persistence,0.035,1.0,hold,1a8c47eebfbf855429746335e64080156dcf970f3e75f166fd7b608f31cbdd54,569714c2f054d7e589e1a1a495e488b7d47d406c61e9837ff2edbc5d46855c34,12ca0f6e05f585cf9d39f2c06178e7b8c550bd464b65480c0a93492d05bf5be9,0.39701046975551235,43.05555555555556,79,94.9367088607595,0.0,110.99519999941076,63.1999999999999,48.45000000000007,3.5999999999999996,0.3160000000000002,86.39999999999954,652.7999999999997,965.76119999941,completed,forecast_persistence
greenhouse,ET-MPC,N1_nominal,2037,persistence,0.035,1.0,hold,cd2e187ef74ecaf2958f3e94ca0f1e2bb8a55ad4adffd71b53a2cb963674f2c9,569714c2f054d7e589e1a1a495e488b7d47d406c61e9837ff2edbc5d46855c34,12ca0f6e05f585cf9d39f2c06178e7b8c550bd464b65480c0a93492d05bf5be9,0.3978510236190994,43.22916666666667,76,100.0,0.0,110.99519999938802,60.79999999999991,47.70000000000006,7.2,0.3040000000000002,86.39999999999954,647.9999999999998,961.3991999993873,completed,forecast_persistence
greenhouse,ET-MPC,N1_nominal,2038,persistence,0.035,1.0,hold,8c4d3cbb8fb05e4325ff3a69fb8531b45ddfcd10e251fa961da1932ba0044087,569714c2f054d7e589e1a1a495e488b7d47d406c61e9837ff2edbc5d46855c34,12ca0f6e05f585cf9d39f2c06178e7b8c550bd464b65480c0a93492d05bf5be9,0.3976279128239067,43.22916666666667,74,100.0,0.0,101.51999999914678,59.19999999999992,44.750000000000064,1.2,0.2960000000000002,86.39999999999954,643.1999999999998,936.565999999146,completed,forecast_persistence
greenhouse,ET-MPC,N1_nominal,2039,persistence,0.035,1.0,hold,a630a7892e09c5551fdf8f22d69668e7b8b9dcc7a1e485189915dc4fb0f09a5d,569714c2f054d7e589e1a1a495e488b7d47d406c61e9837ff2edbc5d46855c34,12ca0f6e05f585cf9d39f2c06178e7b8c550bd464b65480c0a93492d05bf5be9,0.3994413893451706,43.22916666666667,76,96.05263157894737,0.0,110.99519999926069,59.19999999999992,47.20000000000006,7.2,0.3040000000000002,86.39999999999954,643.1999999999998,954.4991999992601,completed,forecast_persistence
greenhouse,ET-MPC,N1_nominal,2040,persistence,0.035,1.0,hold,17d6033930d0208b8c316642f2110ee0a9f6d0249b206990d5b0a8f1a6c8849c,569714c2f054d7e589e1a1a495e488b7d47d406c61e9837ff2edbc5d46855c34,12ca0f6e05f585cf9d39f2c06178e7b8c550bd464b65480c0a93492d05bf5be9,0.39788765697951944,43.22916666666667,76,98.6842105263158,0.0,110.99519999953581,60.79999999999991,47.70000000000006,8.4,0.3040000000000002,86.39999999999954,645.5999999999998,960.199199999535,completed,forecast_persistence
greenhouse,ET-MPC,N1_nominal,2026,noisy_persistence,0.035,1.0,hold,7dc81ab8de327eb9e6b05c1745d57aba75650804f61f24d3197d2a2c498387e1,569714c2f054d7e589e1a1a495e488b7d47d406c61e9837ff2edbc5d46855c34,12ca0f6e05f585cf9d39f2c06178e7b8c550bd464b65480c0a93492d05bf5be9,0.3964582485546801,43.22916666666667,79,96.20253164556962,0.0,112.34879999945498,63.1999999999999,48.80000000000007,6.0,0.3160000000000002,86.39999999999954,647.9999999999998,965.0647999994543,completed,forecast_noisy_persistence
greenhouse,ET-MPC,N1_nominal,2027,noisy_persistence,0.035,1.0,hold,6a5d6bd438e04ba0ae53626d3612109556e5567ded93d0e630275219d0e5e3e7,569714c2f054d7e589e1a1a495e488b7d47d406c61e9837ff2edbc5d46855c34,12ca0f6e05f585cf9d39f2c06178e7b8c550bd464b65480c0a93492d05bf5be9,0.3939336425185465,43.40277777777778,79,97.46835443037975,0.0,113.70239999914902,63.1999999999999,49.15000000000006,7.2,0.3160000000000002,86.39999999999954,657.5999999999997,977.5683999991481,completed,forecast_noisy_persistence
greenhouse,ET-MPC,N1_nominal,2028,noisy_persistence,0.035,1.0,hold,49991fa7323248fd03e193a9f248d614cf57dfd146a375dcaf46f4b0b3f5553e,569714c2f054d7e589e1a1a495e488b7d47d406c61e9837ff2edbc5d46855c34,12ca0f6e05f585cf9d39f2c06178e7b8c550bd464b65480c0a93492d05bf5be9,0.40273189357186,43.40277777777778,77,97.40259740259741,0.0,104.22719999927158,61.59999999999991,46.20000000000007,4.8,0.3080000000000002,86.39999999999954,638.3999999999999,941.9351999992709,completed,forecast_noisy_persistence
greenhouse,ET-MPC,N1_nominal,2029,noisy_persistence,0.035,1.0,hold,8708aeb7de5734eedf22c4c9672f669d93add4afec722af26639b7a19392d1a3,569714c2f054d7e589e1a1a495e488b7d47d406c61e9837ff2edbc5d46855c34,12ca0f6e05f585cf9d39f2c06178e7b8c550bd464b65480c0a93492d05bf5be9,0.39938733555143907,43.22916666666667,80,95.0,0.0,112.34879999928218,63.1999999999999,48.80000000000007,3.5999999999999996,0.32000000000000023,86.39999999999954,645.5999999999998,960.2687999992816,completed,forecast_noisy_persistence
greenhouse,ET-MPC,N1_nominal,2030,noisy_persistence,0.035,1.0,hold,d4305838ef48102972e82e277d8b79ee0cf44bdcbd1e189711cce29fbf36ad64,569714c2f054d7e589e1a1a495e488b7d47d406c61e9837ff2edbc5d46855c34,12ca0f6e05f585cf9d39f2c06178e7b8c550bd464b65480c0a93492d05bf5be9,0.3972302910063471,43.22916666666667,77,98.7012987012987,0.0,109.64159999928016,61.59999999999991,47.600000000000065,4.8,0.3080000000000002,86.39999999999954,652.7999999999997,963.1495999992794,completed,forecast_noisy_persistence
greenhouse,ET-MPC,N1_nominal,2031,noisy_persistence,0.035,1.0,hold,90123bb60c0dc82ac08ae019c530eb3c56fbf061ad308750dfec669616719eee,569714c2f054d7e589e1a1a495e488b7d47d406c61e9837ff2edbc5d46855c34,12ca0f6e05f585cf9d39f2c06178e7b8c550bd464b65480c0a93492d05bf5be9,0.3966826617140874,43.22916666666667,76,97.36842105263158,0.0,102.87359999939562,60.79999999999991,45.600000000000065,1.2,0.3040000000000002,86.39999999999954,652.7999999999997,949.9775999993949,completed,forecast_noisy_persistence
greenhouse,ET-MPC,N1_nominal,2032,noisy_persistence,0.035,1.0,hold,192e0dd3ad732c5d823fc1ac58e07f2a85163c8956eb0a17d0f555bf8c5fe181,569714c2f054d7e589e1a1a495e488b7d47d406c61e9837ff2edbc5d46855c34,12ca0f6e05f585cf9d39f2c06178e7b8c550bd464b65480c0a93492d05bf5be9,0.39728962379959226,43.05555555555556,76,100.0,0.0,109.64159999949617,60.79999999999991,47.350000000000065,6.0,0.3040000000000002,86.39999999999954,650.3999999999997,960.8955999994955,completed,forecast_noisy_persistence
greenhouse,ET-MPC,N1_nominal,2033,noisy_persistence,0.035,1.0,hold,12626a03707fd0fbf55c7d75d999fdae49917919039e81b0d5b8932a393c3f18,569714c2f054d7e589e1a1a495e488b7d47d406c61e9837ff2edbc5d46855c34,12ca0f6e05f585cf9d39f2c06178e7b8c550bd464b65480c0a93492d05bf5be9,0.3949574607704675,43.22916666666667,78,98.71794871794872,0.0,106.93439999924176,62.399999999999906,47.15000000000006,1.2,0.3120000000000002,86.39999999999954,657.5999999999997,961.996399999241,completed,forecast_noisy_persistence
greenhouse,ET-MPC,N1_nominal,2034,noisy_persistence,0.035,1.0,hold,af25b5d0259141067a17b562068d94dcf7eef08f16fcb2d4349d945011ff574a,569714c2f054d7e589e1a1a495e488b7d47d406c61e9837ff2edbc5d46855c34,12ca0f6e05f585cf9d39f2c06178e7b8c550bd464b65480c0a93492d05bf5be9,0.39512409125390074,43.05555555555556,75,98.66666666666667,0.0,110.99519999947785,59.999999999999915,47.45000000000006,8.4,0.3000000000000002,86.39999999999954,650.3999999999997,963.9451999994772,completed,forecast_noisy_persistence
greenhouse,ET-MPC,N1_nominal,2035,noisy_persistence,0.035,1.0,hold,97e9357e7014883f6d065d196de852d36b4c10ad37d25fdb0367a2d5b22080af,569714c2f054d7e589e1a1a495e488b7d47d406c61e9837ff2edbc5d46855c34,12ca0f6e05f585cf9d39f2c06178e7b8c550bd464b65480c0a93492d05bf5be9,0.39891465675292337,43.05555555555556,76,100.0,0.0,112.34879999894567,60.79999999999991,48.05000000000007,10.799999999999999,0.3040000000000002,86.39999999999954,643.1999999999998,961.902799998945,completed,forecast_noisy_persistence
greenhouse,ET-MPC,N1_nominal,2036,noisy_persistence,0.035,1.0,hold,1a8c47eebfbf855429746335e64080156dcf970f3e75f166fd7b608f31cbdd54,569714c2f054d7e589e1a1a495e488b7d47d406c61e9837ff2edbc5d46855c34,12ca0f6e05f585cf9d39f2c06178e7b8c550bd464b65480c0a93492d05bf5be9,0.39827632611748226,43.05555555555556,78,97.43589743589743,0.0,110.99519999910154,62.399999999999906,48.20000000000007,6.0,0.3120000000000002,86.39999999999954,650.3999999999997,964.7071999991008,completed,forecast_noisy_persistence
greenhouse,ET-MPC,N1_nominal,2037,noisy_persistence,0.035,1.0,hold,cd2e187ef74ecaf2958f3e94ca0f1e2bb8a55ad4adffd71b53a2cb963674f2c9,569714c2f054d7e589e1a1a495e488b7d47d406c61e9837ff2edbc5d46855c34,12ca0f6e05f585cf9d39f2c06178e7b8c550bd464b65480c0a93492d05bf5be9,0.3968399902925081,43.05555555555556,75,98.66666666666667,0.0,108.2879999992905,59.999999999999915,46.75000000000006,6.0,0.3000000000000002,86.39999999999954,647.9999999999998,955.7379999992897,completed,forecast_noisy_persistence
greenhouse,ET-MPC,N1_nominal,2038,noisy_persistence,0.035,1.0,hold,8c4d3cbb8fb05e4325ff3a69fb8531b45ddfcd10e251fa961da1932ba0044087,569714c2f054d7e589e1a1a495e488b7d47d406c61e9837ff2edbc5d46855c34,12ca0f6e05f585cf9d39f2c06178e7b8c550bd464b65480c0a93492d05bf5be9,0.3975188870181877,43.22916666666667,76,100.0,0.0,108.28799999926323,60.79999999999991,47.000000000000064,6.0,0.3040000000000002,86.39999999999954,643.1999999999998,951.9919999992626,completed,forecast_noisy_persistence
greenhouse,ET-MPC,N1_nominal,2039,noisy_persistence,0.035,1.0,hold,a630a7892e09c5551fdf8f22d69668e7b8b9dcc7a1e485189915dc4fb0f09a5d,569714c2f054d7e589e1a1a495e488b7d47d406c61e9837ff2edbc5d46855c34,12ca0f6e05f585cf9d39f2c06178e7b8c550bd464b65480c0a93492d05bf5be9,0.40160338811629165,43.22916666666667,75,98.66666666666667,0.0,105.58079999944766,59.19999999999992,45.80000000000006,3.5999999999999996,0.3000000000000002,86.39999999999954,640.7999999999998,941.6807999994471,completed,forecast_noisy_persistence
greenhouse,ET-MPC,N1_nominal,2040,noisy_persistence,0.035,1.0,hold,17d6033930d0208b8c316642f2110ee0a9f6d0249b206990d5b0a8f1a6c8849c,569714c2f054d7e589e1a1a495e488b7d47d406c61e9837ff2edbc5d46855c34,12ca0f6e05f585cf9d39f2c06178e7b8c550bd464b65480c0a93492d05bf5be9,0.39944637400024796,43.22916666666667,78,98.71794871794872,0.0,116.40959999923973,62.399999999999906,49.600000000000065,9.6,0.3120000000000002,86.39999999999954,638.3999999999999,963.1215999992392,completed,forecast_noisy_persistence
greenhouse,ET-MPC,N1_nominal,2026,oracle,0.035,1.0,hold,7dc81ab8de327eb9e6b05c1745d57aba75650804f61f24d3197d2a2c498387e1,569714c2f054d7e589e1a1a495e488b7d47d406c61e9837ff2edbc5d46855c34,12ca0f6e05f585cf9d39f2c06178e7b8c550bd464b65480c0a93492d05bf5be9,0.4017683036950532,39.40972222222222,82,98.78048780487805,0.0,117.76319999921346,65.5999999999999,50.950000000000074,7.2,0.32800000000000024,86.39999999999954,638.3999999999999,966.6411999992129,completed,forecast_oracle
greenhouse,ET-MPC,N1_nominal,2027,oracle,0.035,1.0,hold,6a5d6bd438e04ba0ae53626d3612109556e5567ded93d0e630275219d0e5e3e7,569714c2f054d7e589e1a1a495e488b7d47d406c61e9837ff2edbc5d46855c34,12ca0f6e05f585cf9d39f2c06178e7b8c550bd464b65480c0a93492d05bf5be9,0.4037482645227089,40.45138888888889,80,96.25,0.0,113.70239999914449,63.9999999999999,49.40000000000007,6.0,0.32000000000000023,86.39999999999954,638.3999999999999,958.2223999991438,completed,forecast_oracle
greenhouse,ET-MPC,N1_nominal,2028,oracle,0.035,1.0,hold,49991fa7323248fd03e193a9f248d614cf57dfd146a375dcaf46f4b0b3f5553e,569714c2f054d7e589e1a1a495e488b7d47d406c61e9837ff2edbc5d46855c34,12ca0f6e05f585cf9d39f2c06178e7b8c550bd464b65480c0a93492d05bf5be9,0.40642254631145114,40.625,82,96.34146341463415,0.0,112.34879999933675,65.5999999999999,49.55000000000007,6.0,0.32800000000000024,86.39999999999954,635.9999999999999,956.2267999993362,completed,forecast_oracle
greenhouse,ET-MPC,N1_nominal,2029,oracle,0.035,1.0,hold,8708aeb7de5734eedf22c4c9672f669d93add4afec722af26639b7a19392d1a3,569714c2f054d7e589e1a1a495e488b7d47d406c61e9837ff2edbc5d46855c34,12ca0f6e05f585cf9d39f2c06178e7b8c550bd464b65480c0a93492d05bf5be9,0.4038261198121047,39.93055555555556,82,95.1219512195122,0.0,117.76319999904975,64.7999999999999,50.700000000000074,6.0,0.32800000000000024,86.39999999999954,635.9999999999999,961.9911999990491,completed,forecast_oracle
greenhouse,ET-MPC,N1_nominal,2030,oracle,0.035,1.0,hold,d4305838ef48102972e82e277d8b79ee0cf44bdcbd1e189711cce29fbf36ad64,569714c2f054d7e589e1a1a495e488b7d47d406c61e9837ff2edbc5d46855c34,12ca0f6e05f585cf9d39f2c06178e7b8c550bd464b65480c0a93492d05bf5be9,0.40423803049339113,40.625,81,98.76543209876543,0.0,110.99519999941532,64.7999999999999,48.95000000000007,1.2,0.32400000000000023,86.39999999999954,638.3999999999999,951.0691999994146,completed,forecast_oracle
greenhouse,ET-MPC,N1_nominal,2031,oracle,0.035,1.0,hold,90123bb60c0dc82ac08ae019c530eb3c56fbf061ad308750dfec669616719eee,569714c2f054d7e589e1a1a495e488b7d47d406c61e9837ff2edbc5d46855c34,12ca0f6e05f585cf9d39f2c06178e7b8c550bd464b65480c0a93492d05bf5be9,0.4012163883914364,39.93055555555556,79,100.0,0.0,109.6415999993984,63.1999999999999,48.100000000000065,3.5999999999999996,0.3160000000000002,86.39999999999954,640.7999999999998,952.0575999993978,completed,forecast_oracle
greenhouse,ET-MPC,N1_nominal,2032,oracle,0.035,1.0,hold,192e0dd3ad732c5d823fc1ac58e07f2a85163c8956eb0a17d0f555bf8c5fe181,569714c2f054d7e589e1a1a495e488b7d47d406c61e9837ff2edbc5d46855c34,12ca0f6e05f585cf9d39f2c06178e7b8c550bd464b65480c0a93492d05bf5be9,0.4026855944116049,39.23611111111111,79,100.0,0.0,119.11679999920992,63.1999999999999,50.550000000000075,10.799999999999999,0.3160000000000002,86.39999999999954,638.3999999999999,968.7827999992094,completed,forecast_oracle
greenhouse,ET-MPC,N1_nominal,2033,oracle,0.035,1.0,hold,12626a03707fd0fbf55c7d75d999fdae49917919039e81b0d5b8932a393c3f18,569714c2f054d7e589e1a1a495e488b7d47d406c61e9837ff2edbc5d46855c34,12ca0f6e05f585cf9d39f2c06178e7b8c550bd464b65480c0a93492d05bf5be9,0.40467333200841304,39.58333333333333,80,98.75,0.0,113.7023999992036,63.1999999999999,49.15000000000006,6.0,0.32000000000000023,86.39999999999954,635.9999999999999,954.772399999203,completed,forecast_oracle
greenhouse,ET-MPC,N1_nominal,2034,oracle,0.035,1.0,hold,af25b5d0259141067a17b562068d94dcf7eef08f16fcb2d4349d945011ff574a,569714c2f054d7e589e1a1a495e488b7d47d406c61e9837ff2edbc5d46855c34,12ca0f6e05f585cf9d39f2c06178e7b8c550bd464b65480c0a93492d05bf5be9,0.3995219136370434,39.75694444444444,79,97.46835443037975,0.0,113.70239999915927,63.1999999999999,49.15000000000007,6.0,0.3160000000000002,86.39999999999954,647.9999999999998,966.7683999991585,completed,forecast_oracle
greenhouse,ET-MPC,N1_nominal,2035,oracle,0.035,1.0,hold,97e9357e7014883f6d065d196de852d36b4c10ad37d25fdb0367a2d5b22080af,569714c2f054d7e589e1a1a495e488b7d47d406c61e9837ff2edbc5d46855c34,12ca0f6e05f585cf9d39f2c06178e7b8c550bd464b65480c0a93492d05bf5be9,0.4022346422096778,39.40972222222222,78,100.0,0.0,112.34879999922761,62.399999999999906,48.55000000000007,7.2,0.3120000000000002,86.39999999999954,635.9999999999999,953.210799999227,completed,forecast_oracle
greenhouse,ET-MPC,N1_nominal,2036,oracle,0.035,1.0,hold,1a8c47eebfbf855429746335e64080156dcf970f3e75f166fd7b608f31cbdd54,569714c2f054d7e589e1a1a495e488b7d47d406c61e9837ff2edbc5d46855c34,12ca0f6e05f585cf9d39f2c06178e7b8c550bd464b65480c0a93492d05bf5be9,0.4030692454485064,39.40972222222222,86,94.18604651162791,0.0,120.47039999901538,68.79999999999988,52.65000000000008,3.5999999999999996,0.34400000000000025,86.39999999999954,640.7999999999998,973.0643999990148,completed,forecast_oracle
greenhouse,ET-MPC,N1_nominal,2037,oracle,0.035,1.0,hold,cd2e187ef74ecaf2958f3e94ca0f1e2bb8a55ad4adffd71b53a2cb963674f2c9,569714c2f054d7e589e1a1a495e488b7d47d406c61e9837ff2edbc5d46855c34,12ca0f6e05f585cf9d39f2c06178e7b8c550bd464b65480c0a93492d05bf5be9,0.4063647248922717,40.10416666666667,78,98.71794871794872,0.0,110.99519999917884,62.399999999999906,48.20000000000006,6.0,0.3120000000000002,86.39999999999954,631.1999999999999,945.5071999991783,completed,forecast_oracle
greenhouse,ET-MPC,N1_nominal,2038,oracle,0.035,1.0,hold,8c4d3cbb8fb05e4325ff3a69fb8531b45ddfcd10e251fa961da1932ba0044087,569714c2f054d7e589e1a1a495e488b7d47d406c61e9837ff2edbc5d46855c34,12ca0f6e05f585cf9d39f2c06178e7b8c550bd464b65480c0a93492d05bf5be9,0.4032181894428045,40.27777777777778,82,100.0,0.0,115.05599999945245,65.5999999999999,50.25000000000007,3.5999999999999996,0.32800000000000024,86.39999999999954,633.5999999999999,954.8339999994519,completed,forecast_oracle
greenhouse,ET-MPC,N1_nominal,2039,oracle,0.035,1.0,hold,a630a7892e09c5551fdf8f22d69668e7b8b9dcc7a1e485189915dc4fb0f09a5d,569714c2f054d7e589e1a1a495e488b7d47d406c61e9837ff2edbc5d46855c34,12ca0f6e05f585cf9d39f2c06178e7b8c550bd464b65480c0a93492d05bf5be9,0.40225601340466216,39.40972222222222,78,100.0,0.0,106.93439999923267,62.399999999999906,47.15000000000007,1.2,0.3120000000000002,86.39999999999954,638.3999999999999,942.7963999992321,completed,forecast_oracle
greenhouse,ET-MPC,N1_nominal,2040,oracle,0.035,1.0,hold,17d6033930d0208b8c316642f2110ee0a9f6d0249b206990d5b0a8f1a6c8849c,569714c2f054d7e589e1a1a495e488b7d47d406c61e9837ff2edbc5d46855c34,12ca0f6e05f585cf9d39f2c06178e7b8c550bd464b65480c0a93492d05bf5be9,0.4030775526347779,39.58333333333333,77,100.0,0.0,113.70239999932637,61.59999999999991,48.65000000000006,9.6,0.3080000000000002,86.39999999999954,638.3999999999999,958.6603999993257,completed,forecast_oracle
greenhouse,ET-MPC,N1_nominal,2026,persistence,0.035,0.98,hold,7dc81ab8de327eb9e6b05c1745d57aba75650804f61f24d3197d2a2c498387e1,569714c2f054d7e589e1a1a495e488b7d47d406c61e9837ff2edbc5d46855c34,12ca0f6e05f585cf9d39f2c06178e7b8c550bd464b65480c0a93492d05bf5be9,0.36960384022461645,38.02083333333333,76,97.36842105263158,0.0,106.93439999909624,60.79999999999991,46.65000000000006,4.8,0.3040000000000002,86.39999999999954,561.5999999999996,867.4883999990953,completed,model_0.98
greenhouse,ET-MPC,N1_nominal,2027,persistence,0.035,0.98,hold,6a5d6bd438e04ba0ae53626d3612109556e5567ded93d0e630275219d0e5e3e7,569714c2f054d7e589e1a1a495e488b7d47d406c61e9837ff2edbc5d46855c34,12ca0f6e05f585cf9d39f2c06178e7b8c550bd464b65480c0a93492d05bf5be9,0.3725852171233638,38.02083333333333,77,100.0,0.0,108.28799999909953,61.59999999999991,47.250000000000064,4.8,0.3080000000000002,86.39999999999954,554.3999999999995,863.0459999990985,completed,model_0.98
greenhouse,ET-MPC,N1_nominal,2028,persistence,0.035,0.98,hold,49991fa7323248fd03e193a9f248d614cf57dfd146a375dcaf46f4b0b3f5553e,569714c2f054d7e589e1a1a495e488b7d47d406c61e9837ff2edbc5d46855c34,12ca0f6e05f585cf9d39f2c06178e7b8c550bd464b65480c0a93492d05bf5be9,0.3692548965954167,38.19444444444444,77,96.1038961038961,0.0,106.9343999991508,61.59999999999991,46.90000000000006,4.8,0.3080000000000002,86.39999999999954,566.3999999999996,873.34239999915,completed,model_0.98
greenhouse,ET-MPC,N1_nominal,2029,persistence,0.035,0.98,hold,8708aeb7de5734eedf22c4c9672f669d93add4afec722af26639b7a19392d1a3,569714c2f054d7e589e1a1a495e488b7d47d406c61e9837ff2edbc5d46855c34,12ca0f6e05f585cf9d39f2c06178e7b8c550bd464b65480c0a93492d05bf5be9,0.3693345640465586,38.02083333333333,76,98.6842105263158,0.0,104.22719999903511,60.79999999999991,45.95000000000006,2.4,0.3040000000000002,86.39999999999954,551.9999999999995,852.0811999990342,completed,model_0.98
greenhouse,ET-MPC,N1_nominal,2030,persistence,0.035,0.98,hold,d4305838ef48102972e82e277d8b79ee0cf44bdcbd1e189711cce29fbf36ad64,569714c2f054d7e589e1a1a495e488b7d47d406c61e9837ff2edbc5d46855c34,12ca0f6e05f585cf9d39f2c06178e7b8c550bd464b65480c0a93492d05bf5be9,0.36930280219531514,38.02083333333333,78,98.71794871794872,0.0,110.99519999890599,62.399999999999906,48.20000000000007,6.0,0.3120000000000002,86.39999999999954,556.7999999999996,871.1071999989051,completed,model_0.98
greenhouse,ET-MPC,N1_nominal,2031,persistence,0.035,0.98,hold,90123bb60c0dc82ac08ae019c530eb3c56fbf061ad308750dfec669616719eee,569714c2f054d7e589e1a1a495e488b7d47d406c61e9837ff2edbc5d46855c34,12ca0f6e05f585cf9d39f2c06178e7b8c550bd464b65480c0a93492d05bf5be9,0.3713468121300599,38.02083333333333,78,98.71794871794872,0.0,109.64159999951208,62.399999999999906,47.850000000000065,4.8,0.3120000000000002,86.39999999999954,551.9999999999995,863.4035999995111,completed,model_0.98
greenhouse,ET-MPC,N1_nominal,2032,persistence,0.035,0.98,hold,192e0dd3ad732c5d823fc1ac58e07f2a85163c8956eb0a17d0f555bf8c5fe181,569714c2f054d7e589e1a1a495e488b7d47d406c61e9837ff2edbc5d46855c34,12ca0f6e05f585cf9d39f2c06178e7b8c550bd464b65480c0a93492d05bf5be9,0.3695959814180921,38.02083333333333,78,100.0,0.0,113.70239999882389,62.399999999999906,48.90000000000007,7.2,0.3120000000000002,86.39999999999954,559.1999999999996,878.114399998823,completed,model_0.98
greenhouse,ET-MPC,N1_nominal,2033,persistence,0.035,0.98,hold,12626a03707fd0fbf55c7d75d999fdae49917919039e81b0d5b8932a393c3f18,569714c2f054d7e589e1a1a495e488b7d47d406c61e9837ff2edbc5d46855c34,12ca0f6e05f585cf9d39f2c06178e7b8c550bd464b65480c0a93492d05bf5be9,0.37116179316888603,38.02083333333333,79,96.20253164556962,0.0,113.70239999905809,62.399999999999906,48.90000000000006,6.0,0.3160000000000002,86.39999999999954,554.3999999999996,872.1183999990571,completed,model_0.98
greenhouse,ET-MPC,N1_nominal,2034,persistence,0.035,0.98,hold,af25b5d0259141067a17b562068d94dcf7eef08f16fcb2d4349d945011ff574a,569714c2f054d7e589e1a1a495e488b7d47d406c61e9837ff2edbc5d46855c34,12ca0f6e05f585cf9d39f2c06178e7b8c550bd464b65480c0a93492d05bf5be9,0.3676556981232498,37.84722222222222,76,97.36842105263158,0.0,109.64159999937225,60.79999999999991,47.35000000000006,7.2,0.3040000000000002,86.39999999999954,561.5999999999997,873.2955999993715,completed,model_0.98
greenhouse,ET-MPC,N1_nominal,2035,persistence,0.035,0.98,hold,97e9357e7014883f6d065d196de852d36b4c10ad37d25fdb0367a2d5b22080af,569714c2f054d7e589e1a1a495e488b7d47d406c61e9837ff2edbc5d46855c34,12ca0f6e05f585cf9d39f2c06178e7b8c550bd464b65480c0a93492d05bf5be9,0.3680613074411538,37.67361111111111,76,98.6842105263158,0.0,109.64159999884815,60.79999999999991,47.350000000000065,9.6,0.3040000000000002,86.39999999999954,559.1999999999996,873.2955999988473,completed,model_0.98
greenhouse,ET-MPC,N1_nominal,2036,persistence,0.035,0.98,hold,1a8c47eebfbf855429746335e64080156dcf970f3e75f166fd7b608f31cbdd54,569714c2f054d7e589e1a1a495e488b7d47d406c61e9837ff2edbc5d46855c34,12ca0f6e05f585cf9d39f2c06178e7b8c550bd464b65480c0a93492d05bf5be9,0.37080738613469444,38.02083333333333,80,95.0,0.0,112.34879999917304,63.1999999999999,48.80000000000007,6.0,0.32000000000000023,86.39999999999954,551.9999999999995,869.0687999991721,completed,model_0.98
greenhouse,ET-MPC,N1_nominal,2037,persistence,0.035,0.98,hold,cd2e187ef74ecaf2958f3e94ca0f1e2bb8a55ad4adffd71b53a2cb963674f2c9,569714c2f054d7e589e1a1a495e488b7d47d406c61e9837ff2edbc5d46855c34,12ca0f6e05f585cf9d39f2c06178e7b8c550bd464b65480c0a93492d05bf5be9,0.3699029805643902,38.02083333333333,77,98.7012987012987,0.0,108.2879999993178,61.59999999999991,47.250000000000064,4.8,0.3080000000000002,86.39999999999954,556.7999999999996,865.4459999993169,completed,model_0.98
greenhouse,ET-MPC,N1_nominal,2038,persistence,0.035,0.98,hold,8c4d3cbb8fb05e4325ff3a69fb8531b45ddfcd10e251fa961da1932ba0044087,569714c2f054d7e589e1a1a495e488b7d47d406c61e9837ff2edbc5d46855c34,12ca0f6e05f585cf9d39f2c06178e7b8c550bd464b65480c0a93492d05bf5be9,0.36975560806522845,37.67361111111111,74,98.64864864864865,0.0,102.87359999916825,59.19999999999992,45.10000000000006,2.4,0.2960000000000002,86.39999999999954,551.9999999999995,848.2695999991672,completed,model_0.98
greenhouse,ET-MPC,N1_nominal,2039,persistence,0.035,0.98,hold,a630a7892e09c5551fdf8f22d69668e7b8b9dcc7a1e485189915dc4fb0f09a5d,569714c2f054d7e589e1a1a495e488b7d47d406c61e9837ff2edbc5d46855c34,12ca0f6e05f585cf9d39f2c06178e7b8c550bd464b65480c0a93492d05bf5be9,0.37068038861841973,38.19444444444444,76,94.73684210526316,0.0,108.28799999939511,60.79999999999991,47.000000000000064,4.8,0.3040000000000002,86.39999999999954,549.5999999999996,857.1919999993943,completed,model_0.98
greenhouse,ET-MPC,N1_nominal,2040,persistence,0.035,0.98,hold,17d6033930d0208b8c316642f2110ee0a9f6d0249b206990d5b0a8f1a6c8849c,569714c2f054d7e589e1a1a495e488b7d47d406c61e9837ff2edbc5d46855c34,12ca0f6e05f585cf9d39f2c06178e7b8c550bd464b65480c0a93492d05bf5be9,0.3706992311722815,38.19444444444444,77,98.7012987012987,0.0,109.64159999907778,61.59999999999991,47.600000000000065,6.0,0.3080000000000002,86.39999999999954,554.3999999999996,865.9495999990769,completed,model_0.98
greenhouse,ET-MPC,N1_nominal,2026,persistence,0.035,1.0,hold,7dc81ab8de327eb9e6b05c1745d57aba75650804f61f24d3197d2a2c498387e1,569714c2f054d7e589e1a1a495e488b7d47d406c61e9837ff2edbc5d46855c34,12ca0f6e05f585cf9d39f2c06178e7b8c550bd464b65480c0a93492d05bf5be9,0.3970248993849643,43.40277777777778,79,96.20253164556962,0.0,112.34879999945498,63.1999999999999,48.80000000000007,6.0,0.3160000000000002,86.39999999999954,650.3999999999997,967.4647999994543,completed,model_1.0
greenhouse,ET-MPC,N1_nominal,2027,persistence,0.035,1.0,hold,6a5d6bd438e04ba0ae53626d3612109556e5567ded93d0e630275219d0e5e3e7,569714c2f054d7e589e1a1a495e488b7d47d406c61e9837ff2edbc5d46855c34,12ca0f6e05f585cf9d39f2c06178e7b8c550bd464b65480c0a93492d05bf5be9,0.3973066584864876,43.40277777777778,76,97.36842105263158,0.0,108.28799999924503,60.79999999999991,47.00000000000006,6.0,0.3040000000000002,86.39999999999954,650.3999999999997,959.1919999992442,completed,model_1.0
greenhouse,ET-MPC,N1_nominal,2028,persistence,0.035,1.0,hold,49991fa7323248fd03e193a9f248d614cf57dfd146a375dcaf46f4b0b3f5553e,569714c2f054d7e589e1a1a495e488b7d47d406c61e9837ff2edbc5d46855c34,12ca0f6e05f585cf9d39f2c06178e7b8c550bd464b65480c0a93492d05bf5be9,0.39982311015552097,43.40277777777778,77,97.40259740259741,0.0,106.93439999936908,61.59999999999991,46.90000000000006,7.2,0.3080000000000002,86.39999999999954,647.9999999999998,957.3423999993684,completed,model_1.0
greenhouse,ET-MPC,N1_nominal,2029,persistence,0.035,1.0,hold,8708aeb7de5734eedf22c4c9672f669d93add4afec722af26639b7a19392d1a3,569714c2f054d7e589e1a1a495e488b7d47d406c61e9837ff2edbc5d46855c34,12ca0f6e05f585cf9d39f2c06178e7b8c550bd464b65480c0a93492d05bf5be9,0.39545885445499124,43.22916666666667,76,97.36842105263158,0.0,102.87359999928648,60.79999999999991,45.600000000000065,1.2,0.3040000000000002,86.39999999999954,647.9999999999998,945.1775999992858,completed,model_1.0
greenhouse,ET-MPC,N1_nominal,2030,persistence,0.035,1.0,hold,d4305838ef48102972e82e277d8b79ee0cf44bdcbd1e189711cce29fbf36ad64,569714c2f054d7e589e1a1a495e488b7d47d406c61e9837ff2edbc5d46855c34,12ca0f6e05f585cf9d39f2c06178e7b8c550bd464b65480c0a93492d05bf5be9,0.3990628189564073,43.22916666666667,77,97.40259740259741,0.0,108.2879999995088,61.59999999999991,47.250000000000064,3.5999999999999996,0.3080000000000002,86.39999999999954,647.9999999999998,955.4459999995081,completed,model_1.0
greenhouse,ET-MPC,N1_nominal,2031,persistence,0.035,1.0,hold,90123bb60c0dc82ac08ae019c530eb3c56fbf061ad308750dfec669616719eee,569714c2f054d7e589e1a1a495e488b7d47d406c61e9837ff2edbc5d46855c34,12ca0f6e05f585cf9d39f2c06178e7b8c550bd464b65480c0a93492d05bf5be9,0.3990154730846338,43.22916666666667,74,100.0,0.0,101.51999999958333,59.19999999999992,44.75000000000006,1.2,0.2960000000000002,86.39999999999954,640.7999999999998,934.1659999995827,completed,model_1.0
greenhouse,ET-MPC,N1_nominal,2032,persistence,0.035,1.0,hold,192e0dd3ad732c5d823fc1ac58e07f2a85163c8956eb0a17d0f555bf8c5fe181,569714c2f054d7e589e1a1a495e488b7d47d406c61e9837ff2edbc5d46855c34,12ca0f6e05f585cf9d39f2c06178e7b8c550bd464b65480c0a93492d05bf5be9,0.3977084505899635,43.05555555555556,76,100.0,0.0,109.64159999955073,60.79999999999991,47.350000000000065,6.0,0.3040000000000002,86.39999999999954,647.9999999999998,958.49559999955,completed,model_1.0
greenhouse,ET-MPC,N1_nominal,2033,persistence,0.035,1.0,hold,12626a03707fd0fbf55c7d75d999fdae49917919039e81b0d5b8932a393c3f18,569714c2f054d7e589e1a1a495e488b7d47d406c61e9837ff2edbc5d46855c34,12ca0f6e05f585cf9d39f2c06178e7b8c550bd464b65480c0a93492d05bf5be9,0.3973936181206043,43.22916666666667,76,97.36842105263158,0.0,105.58079999924757,60.79999999999991,46.30000000000006,2.4,0.3040000000000002,86.39999999999954,650.3999999999997,952.1847999992468,completed,model_1.0
greenhouse,ET-MPC,N1_nominal,2034,persistence,0.035,1.0,hold,af25b5d0259141067a17b562068d94dcf7eef08f16fcb2d4349d945011ff574a,569714c2f054d7e589e1a1a495e488b7d47d406c61e9837ff2edbc5d46855c34,12ca0f6e05f585cf9d39f2c06178e7b8c550bd464b65480c0a93492d05bf5be9,0.39739122700142915,43.05555555555556,75,96.0,0.0,108.28799999958042,59.999999999999915,46.75000000000006,6.0,0.3000000000000002,86.39999999999954,647.9999999999998,955.7379999995796,completed,model_1.0
greenhouse,ET-MPC,N1_nominal,2035,persistence,0.035,1.0,hold,97e9357e7014883f6d065d196de852d36b4c10ad37d25fdb0367a2d5b22080af,569714c2f054d7e589e1a1a495e488b7d47d406c61e9837ff2edbc5d46855c34,12ca0f6e05f585cf9d39f2c06178e7b8c550bd464b65480c0a93492d05bf5be9,0.3973058958319026,43.05555555555556,74,100.0,0.0,108.2879999989631,59.19999999999992,46.500000000000064,9.6,0.2960000000000002,86.39999999999954,643.1999999999998,953.4839999989624,completed,model_1.0
greenhouse,ET-MPC,N1_nominal,2036,persistence,0.035,1.0,hold,1a8c47eebfbf855429746335e64080156dcf970f3e75f166fd7b608f31cbdd54,569714c2f054d7e589e1a1a495e488b7d47d406c61e9837ff2edbc5d46855c34,12ca0f6e05f585cf9d39f2c06178e7b8c550bd464b65480c0a93492d05bf5be9,0.39701046975551235,43.05555555555556,79,94.9367088607595,0.0,110.99519999941076,63.1999999999999,48.45000000000007,3.5999999999999996,0.3160000000000002,86.39999999999954,652.7999999999997,965.76119999941,completed,model_1.0
greenhouse,ET-MPC,N1_nominal,2037,persistence,0.035,1.0,hold,cd2e187ef74ecaf2958f3e94ca0f1e2bb8a55ad4adffd71b53a2cb963674f2c9,569714c2f054d7e589e1a1a495e488b7d47d406c61e9837ff2edbc5d46855c34,12ca0f6e05f585cf9d39f2c06178e7b8c550bd464b65480c0a93492d05bf5be9,0.3978510236190994,43.22916666666667,76,100.0,0.0,110.99519999938802,60.79999999999991,47.70000000000006,7.2,0.3040000000000002,86.39999999999954,647.9999999999998,961.3991999993873,completed,model_1.0
greenhouse,ET-MPC,N1_nominal,2038,persistence,0.035,1.0,hold,8c4d3cbb8fb05e4325ff3a69fb8531b45ddfcd10e251fa961da1932ba0044087,569714c2f054d7e589e1a1a495e488b7d47d406c61e9837ff2edbc5d46855c34,12ca0f6e05f585cf9d39f2c06178e7b8c550bd464b65480c0a93492d05bf5be9,0.3976279128239067,43.22916666666667,74,100.0,0.0,101.51999999914678,59.19999999999992,44.750000000000064,1.2,0.2960000000000002,86.39999999999954,643.1999999999998,936.565999999146,completed,model_1.0
greenhouse,ET-MPC,N1_nominal,2039,persistence,0.035,1.0,hold,a630a7892e09c5551fdf8f22d69668e7b8b9dcc7a1e485189915dc4fb0f09a5d,569714c2f054d7e589e1a1a495e488b7d47d406c61e9837ff2edbc5d46855c34,12ca0f6e05f585cf9d39f2c06178e7b8c550bd464b65480c0a93492d05bf5be9,0.3994413893451706,43.22916666666667,76,96.05263157894737,0.0,110.99519999926069,59.19999999999992,47.20000000000006,7.2,0.3040000000000002,86.39999999999954,643.1999999999998,954.4991999992601,completed,model_1.0
greenhouse,ET-MPC,N1_nominal,2040,persistence,0.035,1.0,hold,17d6033930d0208b8c316642f2110ee0a9f6d0249b206990d5b0a8f1a6c8849c,569714c2f054d7e589e1a1a495e488b7d47d406c61e9837ff2edbc5d46855c34,12ca0f6e05f585cf9d39f2c06178e7b8c550bd464b65480c0a93492d05bf5be9,0.39788765697951944,43.22916666666667,76,98.6842105263158,0.0,110.99519999953581,60.79999999999991,47.70000000000006,8.4,0.3040000000000002,86.39999999999954,645.5999999999998,960.199199999535,completed,model_1.0
greenhouse,ET-MPC,N1_nominal,2026,persistence,0.035,1.02,hold,7dc81ab8de327eb9e6b05c1745d57aba75650804f61f24d3197d2a2c498387e1,569714c2f054d7e589e1a1a495e488b7d47d406c61e9837ff2edbc5d46855c34,12ca0f6e05f585cf9d39f2c06178e7b8c550bd464b65480c0a93492d05bf5be9,0.4554784170746504,45.3125,83,98.79518072289157,0.0,112.34879999913666,66.39999999999989,49.800000000000075,0.0,0.33200000000000024,86.39999999999954,727.199999999999,1042.4807999991351,completed,model_1.02
greenhouse,ET-MPC,N1_nominal,2027,persistence,0.035,1.02,hold,6a5d6bd438e04ba0ae53626d3612109556e5567ded93d0e630275219d0e5e3e7,569714c2f054d7e589e1a1a495e488b7d47d406c61e9837ff2edbc5d46855c34,12ca0f6e05f585cf9d39f2c06178e7b8c550bd464b65480c0a93492d05bf5be9,0.45860707746074675,48.4375,81,96.29629629629629,0.0,110.99519999917203,64.7999999999999,48.95000000000007,2.4,0.32400000000000023,86.39999999999954,722.3999999999991,1036.2691999991707,completed,model_1.02
greenhouse,ET-MPC,N1_nominal,2028,persistence,0.035,1.02,hold,49991fa7323248fd03e193a9f248d614cf57dfd146a375dcaf46f4b0b3f5553e,569714c2f054d7e589e1a1a495e488b7d47d406c61e9837ff2edbc5d46855c34,12ca0f6e05f585cf9d39f2c06178e7b8c550bd464b65480c0a93492d05bf5be9,0.4579519889857144,46.00694444444444,84,96.42857142857143,0.0,121.82399999955071,67.19999999999989,52.50000000000008,8.4,0.33600000000000024,86.39999999999954,724.799999999999,1061.4599999995494,completed,model_1.02
greenhouse,ET-MPC,N1_nominal,2029,persistence,0.035,1.02,hold,8708aeb7de5734eedf22c4c9672f669d93add4afec722af26639b7a19392d1a3,569714c2f054d7e589e1a1a495e488b7d47d406c61e9837ff2edbc5d46855c34,12ca0f6e05f585cf9d39f2c06178e7b8c550bd464b65480c0a93492d05bf5be9,0.4572354024974158,46.70138888888889,80,97.5,0.0,115.05599999959797,63.1999999999999,49.500000000000064,6.0,0.32000000000000023,86.39999999999954,722.3999999999991,1042.8759999995964,completed,model_1.02
greenhouse,ET-MPC,N1_nominal,2030,persistence,0.035,1.02,hold,d4305838ef48102972e82e277d8b79ee0cf44bdcbd1e189711cce29fbf36ad64,569714c2f054d7e589e1a1a495e488b7d47d406c61e9837ff2edbc5d46855c34,12ca0f6e05f585cf9d39f2c06178e7b8c550bd464b65480c0a93492d05bf5be9,0.4582696814803623,46.00694444444444,79,100.0,0.0,119.1167999994623,63.1999999999999,50.55000000000007,10.799999999999999,0.3160000000000002,86.39999999999954,724.799999999999,1055.182799999461,completed,model_1.02
greenhouse,ET-MPC,N1_nominal,2031,persistence,0.035,1.02,hold,90123bb60c0dc82ac08ae019c530eb3c56fbf061ad308750dfec669616719eee,569714c2f054d7e589e1a1a495e488b7d47d406c61e9837ff2edbc5d46855c34,12ca0f6e05f585cf9d39f2c06178e7b8c550bd464b65480c0a93492d05bf5be9,0.45746163609793045,46.35416666666667,80,98.75,0.0,116.40959999950803,63.1999999999999,49.85000000000007,8.4,0.32000000000000023,86.39999999999954,719.9999999999991,1044.5795999995066,completed,model_1.02
greenhouse,ET-MPC,N1_nominal,2032,persistence,0.035,1.02,hold,192e0dd3ad732c5d823fc1ac58e07f2a85163c8956eb0a17d0f555bf8c5fe181,569714c2f054d7e589e1a1a495e488b7d47d406c61e9837ff2edbc5d46855c34,12ca0f6e05f585cf9d39f2c06178e7b8c550bd464b65480c0a93492d05bf5be9,0.4587267944001228,46.18055555555556,83,98.79518072289157,0.0,117.76319999931577,66.39999999999989,51.200000000000074,6.0,0.33200000000000024,86.39999999999954,719.9999999999991,1048.0951999993144,completed,model_1.02
greenhouse,ET-MPC,N1_nominal,2033,persistence,0.035,1.02,hold,12626a03707fd0fbf55c7d75d999fdae49917919039e81b0d5b8932a393c3f18,569714c2f054d7e589e1a1a495e488b7d47d406c61e9837ff2edbc5d46855c34,12ca0f6e05f585cf9d39f2c06178e7b8c550bd464b65480c0a93492d05bf5be9,0.45886034417486,48.26388888888889,81,97.53086419753086,0.0,112.34879999951865,64.7999999999999,49.30000000000007,2.4,0.32400000000000023,86.39999999999954,724.799999999999,1040.3727999995172,completed,model_1.02
greenhouse,ET-MPC,N1_nominal,2034,persistence,0.035,1.02,hold,af25b5d0259141067a17b562068d94dcf7eef08f16fcb2d4349d945011ff574a,569714c2f054d7e589e1a1a495e488b7d47d406c61e9837ff2edbc5d46855c34,12ca0f6e05f585cf9d39f2c06178e7b8c550bd464b65480c0a93492d05bf5be9,0.4590765335548944,48.26388888888889,83,96.3855421686747,0.0,120.47039999935986,66.39999999999989,51.90000000000008,7.2,0.33200000000000024,86.39999999999954,719.9999999999991,1052.7023999993585,completed,model_1.02
greenhouse,ET-MPC,N1_nominal,2035,persistence,0.035,1.02,hold,97e9357e7014883f6d065d196de852d36b4c10ad37d25fdb0367a2d5b22080af,569714c2f054d7e589e1a1a495e488b7d47d406c61e9837ff2edbc5d46855c34,12ca0f6e05f585cf9d39f2c06178e7b8c550bd464b65480c0a93492d05bf5be9,0.45555582200621925,46.00694444444444,78,98.71794871794872,0.0,115.05599999938879,62.399999999999906,49.25000000000007,8.4,0.3120000000000002,86.39999999999954,722.3999999999991,1044.2179999993873,completed,model_1.02
greenhouse,ET-MPC,N1_nominal,2036,persistence,0.035,1.02,hold,1a8c47eebfbf855429746335e64080156dcf970f3e75f166fd7b608f31cbdd54,569714c2f054d7e589e1a1a495e488b7d47d406c61e9837ff2edbc5d46855c34,12ca0f6e05f585cf9d39f2c06178e7b8c550bd464b65480c0a93492d05bf5be9,0.46029472107069924,46.875,81,98.76543209876543,0.0,112.34879999911847,63.9999999999999,49.05000000000007,4.8,0.32400000000000023,86.39999999999954,719.9999999999991,1036.9227999991172,completed,model_1.02
greenhouse,ET-MPC,N1_nominal,2037,persistence,0.035,1.02,hold,cd2e187ef74ecaf2958f3e94ca0f1e2bb8a55ad4adffd71b53a2cb963674f2c9,569714c2f054d7e589e1a1a495e488b7d47d406c61e9837ff2edbc5d46855c34,12ca0f6e05f585cf9d39f2c06178e7b8c550bd464b65480c0a93492d05bf5be9,0.4590401600601228,47.22222222222222,80,98.75,0.0,112.34879999955501,63.9999999999999,49.05000000000006,3.5999999999999996,0.32000000000000023,86.39999999999954,719.9999999999991,1035.7187999995535,completed,model_1.02
greenhouse,ET-MPC,N1_nominal,2038,persistence,0.035,1.02,hold,8c4d3cbb8fb05e4325ff3a69fb8531b45ddfcd10e251fa961da1932ba0044087,569714c2f054d7e589e1a1a495e488b7d47d406c61e9837ff2edbc5d46855c34,12ca0f6e05f585cf9d39f2c06178e7b8c550bd464b65480c0a93492d05bf5be9,0.4570903612740685,45.83333333333333,77,100.0,0.0,110.99519999965177,61.59999999999991,47.95000000000007,7.2,0.3080000000000002,86.39999999999954,719.9999999999991,1034.4531999996505,completed,model_1.02
greenhouse,ET-MPC,N1_nominal,2039,persistence,0.035,1.02,hold,a630a7892e09c5551fdf8f22d69668e7b8b9dcc7a1e485189915dc4fb0f09a5d,569714c2f054d7e589e1a1a495e488b7d47d406c61e9837ff2edbc5d46855c34,12ca0f6e05f585cf9d39f2c06178e7b8c550bd464b65480c0a93492d05bf5be9,0.4586863135771359,46.18055555555556,79,97.46835443037975,0.0,109.64159999940294,62.399999999999906,47.850000000000065,2.4,0.3160000000000002,86.39999999999954,722.3999999999991,1031.4075999994016,completed,model_1.02
greenhouse,ET-MPC,N1_nominal,2040,persistence,0.035,1.02,hold,17d6033930d0208b8c316642f2110ee0a9f6d0249b206990d5b0a8f1a6c8849c,569714c2f054d7e589e1a1a495e488b7d47d406c61e9837ff2edbc5d46855c34,12ca0f6e05f585cf9d39f2c06178e7b8c550bd464b65480c0a93492d05bf5be9,0.4581668815591479,45.48611111111111,82,97.5609756097561,0.0,124.53119999928668,64.7999999999999,52.45000000000006,13.199999999999998,0.32800000000000024,86.39999999999954,719.9999999999991,1061.7091999992854,completed,model_1.02
greenhouse,ET-MPC,N1_nominal,2026,persistence,0.035,1.0,zero,7dc81ab8de327eb9e6b05c1745d57aba75650804f61f24d3197d2a2c498387e1,569714c2f054d7e589e1a1a495e488b7d47d406c61e9837ff2edbc5d46855c34,12ca0f6e05f585cf9d39f2c06178e7b8c550bd464b65480c0a93492d05bf5be9,0.400360661798163,43.75,81,95.06172839506173,0.0,115.05599999911594,64.7999999999999,50.00000000000007,6.0,0.32400000000000023,86.39999999999954,635.9999999999999,958.5799999991153,completed,buffer_no_buffer
greenhouse,ET-MPC,N1_nominal,2027,persistence,0.035,1.0,zero,6a5d6bd438e04ba0ae53626d3612109556e5567ded93d0e630275219d0e5e3e7,569714c2f054d7e589e1a1a495e488b7d47d406c61e9837ff2edbc5d46855c34,12ca0f6e05f585cf9d39f2c06178e7b8c550bd464b65480c0a93492d05bf5be9,0.40489158389950947,44.44444444444444,78,96.15384615384616,0.0,109.64159999900275,62.399999999999906,47.850000000000065,4.8,0.3120000000000002,86.39999999999954,626.4,937.8035999990022,completed,buffer_no_buffer
greenhouse,ET-MPC,N1_nominal,2028,persistence,0.035,1.0,zero,49991fa7323248fd03e193a9f248d614cf57dfd146a375dcaf46f4b0b3f5553e,569714c2f054d7e589e1a1a495e488b7d47d406c61e9837ff2edbc5d46855c34,12ca0f6e05f585cf9d39f2c06178e7b8c550bd464b65480c0a93492d05bf5be9,0.40079484651833863,43.40277777777778,76,97.36842105263158,0.0,105.58079999946584,60.79999999999991,46.30000000000006,8.4,0.3040000000000002,86.39999999999954,643.1999999999998,950.9847999994652,completed,buffer_no_buffer
greenhouse,ET-MPC,N1_nominal,2029,persistence,0.035,1.0,zero,8708aeb7de5734eedf22c4c9672f669d93add4afec722af26639b7a19392d1a3,569714c2f054d7e589e1a1a495e488b7d47d406c61e9837ff2edbc5d46855c34,12ca0f6e05f585cf9d39f2c06178e7b8c550bd464b65480c0a93492d05bf5be9,0.3991030993787909,44.44444444444444,75,97.33333333333333,0.0,101.51999999938324,59.999999999999915,45.000000000000064,1.2,0.3000000000000002,86.39999999999954,635.9999999999999,930.4199999993826,completed,buffer_no_buffer
greenhouse,ET-MPC,N1_nominal,2030,persistence,0.035,1.0,zero,d4305838ef48102972e82e277d8b79ee0cf44bdcbd1e189711cce29fbf36ad64,569714c2f054d7e589e1a1a495e488b7d47d406c61e9837ff2edbc5d46855c34,12ca0f6e05f585cf9d39f2c06178e7b8c550bd464b65480c0a93492d05bf5be9,0.4048003066571416,43.22916666666667,77,98.7012987012987,0.0,108.2879999995088,61.59999999999991,47.250000000000064,3.5999999999999996,0.3080000000000002,86.39999999999954,638.3999999999999,945.8459999995082,completed,buffer_no_buffer
greenhouse,ET-MPC,N1_nominal,2031,persistence,0.035,1.0,zero,90123bb60c0dc82ac08ae019c530eb3c56fbf061ad308750dfec669616719eee,569714c2f054d7e589e1a1a495e488b7d47d406c61e9837ff2edbc5d46855c34,12ca0f6e05f585cf9d39f2c06178e7b8c550bd464b65480c0a93492d05bf5be9,0.3990154730846338,43.22916666666667,74,100.0,0.0,101.51999999958333,59.19999999999992,44.75000000000006,1.2,0.2960000000000002,86.39999999999954,640.7999999999998,934.1659999995827,completed,buffer_no_buffer
greenhouse,ET-MPC,N1_nominal,2032,persistence,0.035,1.0,zero,192e0dd3ad732c5d823fc1ac58e07f2a85163c8956eb0a17d0f555bf8c5fe181,569714c2f054d7e589e1a1a495e488b7d47d406c61e9837ff2edbc5d46855c34,12ca0f6e05f585cf9d39f2c06178e7b8c550bd464b65480c0a93492d05bf5be9,0.3977084505899635,43.05555555555556,76,100.0,0.0,109.64159999955073,60.79999999999991,47.350000000000065,6.0,0.3040000000000002,86.39999999999954,647.9999999999998,958.49559999955,completed,buffer_no_buffer
greenhouse,ET-MPC,N1_nominal,2033,persistence,0.035,1.0,zero,12626a03707fd0fbf55c7d75d999fdae49917919039e81b0d5b8932a393c3f18,569714c2f054d7e589e1a1a495e488b7d47d406c61e9837ff2edbc5d46855c34,12ca0f6e05f585cf9d39f2c06178e7b8c550bd464b65480c0a93492d05bf5be9,0.39883974372940356,43.22916666666667,76,98.6842105263158,0.0,104.22719999934434,60.79999999999991,45.95000000000006,1.2,0.3040000000000002,86.39999999999954,645.5999999999998,944.4811999993436,completed,buffer_no_buffer
greenhouse,ET-MPC,N1_nominal,2034,persistence,0.035,1.0,zero,af25b5d0259141067a17b562068d94dcf7eef08f16fcb2d4349d945011ff574a,569714c2f054d7e589e1a1a495e488b7d47d406c61e9837ff2edbc5d46855c34,12ca0f6e05f585cf9d39f2c06178e7b8c550bd464b65480c0a93492d05bf5be9,0.3987461216140008,43.05555555555556,76,96.05263157894737,0.0,108.2879999994349,60.79999999999991,47.00000000000006,4.8,0.3040000000000002,86.39999999999954,645.5999999999998,953.1919999994343,completed,buffer_no_buffer
greenhouse,ET-MPC,N1_nominal,2035,persistence,0.035,1.0,zero,97e9357e7014883f6d065d196de852d36b4c10ad37d25fdb0367a2d5b22080af,569714c2f054d7e589e1a1a495e488b7d47d406c61e9837ff2edbc5d46855c34,12ca0f6e05f585cf9d39f2c06178e7b8c550bd464b65480c0a93492d05bf5be9,0.3973058958319026,43.05555555555556,74,100.0,0.0,108.2879999989631,59.19999999999992,46.500000000000064,9.6,0.2960000000000002,86.39999999999954,643.1999999999998,953.4839999989624,completed,buffer_no_buffer
greenhouse,ET-MPC,N1_nominal,2036,persistence,0.035,1.0,zero,1a8c47eebfbf855429746335e64080156dcf970f3e75f166fd7b608f31cbdd54,569714c2f054d7e589e1a1a495e488b7d47d406c61e9837ff2edbc5d46855c34,12ca0f6e05f585cf9d39f2c06178e7b8c550bd464b65480c0a93492d05bf5be9,0.3990064919321648,43.22916666666667,78,94.87179487179488,0.0,109.641599999362,62.399999999999906,47.850000000000065,4.8,0.3120000000000002,86.39999999999954,645.5999999999998,957.0035999993613,completed,buffer_no_buffer
greenhouse,ET-MPC,N1_nominal,2037,persistence,0.035,1.0,zero,cd2e187ef74ecaf2958f3e94ca0f1e2bb8a55ad4adffd71b53a2cb963674f2c9,569714c2f054d7e589e1a1a495e488b7d47d406c61e9837ff2edbc5d46855c34,12ca0f6e05f585cf9d39f2c06178e7b8c550bd464b65480c0a93492d05bf5be9,0.3978510236190994,43.22916666666667,76,100.0,0.0,110.99519999938802,60.79999999999991,47.70000000000006,7.2,0.3040000000000002,86.39999999999954,647.9999999999998,961.3991999993873,completed,buffer_no_buffer
greenhouse,ET-MPC,N1_nominal,2038,persistence,0.035,1.0,zero,8c4d3cbb8fb05e4325ff3a69fb8531b45ddfcd10e251fa961da1932ba0044087,569714c2f054d7e589e1a1a495e488b7d47d406c61e9837ff2edbc5d46855c34,12ca0f6e05f585cf9d39f2c06178e7b8c550bd464b65480c0a93492d05bf5be9,0.3976279128239067,43.22916666666667,74,100.0,0.0,101.51999999914678,59.19999999999992,44.750000000000064,1.2,0.2960000000000002,86.39999999999954,643.1999999999998,936.565999999146,completed,buffer_no_buffer
greenhouse,ET-MPC,N1_nominal,2039,persistence,0.035,1.0,zero,a630a7892e09c5551fdf8f22d69668e7b8b9dcc7a1e485189915dc4fb0f09a5d,569714c2f054d7e589e1a1a495e488b7d47d406c61e9837ff2edbc5d46855c34,12ca0f6e05f585cf9d39f2c06178e7b8c550bd464b65480c0a93492d05bf5be9,0.3994413893451706,43.22916666666667,76,96.05263157894737,0.0,110.99519999926069,59.19999999999992,47.20000000000006,7.2,0.3040000000000002,86.39999999999954,643.1999999999998,954.4991999992601,completed,buffer_no_buffer
greenhouse,ET-MPC,N1_nominal,2040,persistence,0.035,1.0,zero,17d6033930d0208b8c316642f2110ee0a9f6d0249b206990d5b0a8f1a6c8849c,569714c2f054d7e589e1a1a495e488b7d47d406c61e9837ff2edbc5d46855c34,12ca0f6e05f585cf9d39f2c06178e7b8c550bd464b65480c0a93492d05bf5be9,0.4007572628052634,43.40277777777778,78,98.71794871794872,0.0,116.40959999914877,62.399999999999906,49.600000000000065,10.799999999999999,0.3120000000000002,86.39999999999954,638.3999999999999,964.3215999991481,completed,buffer_no_buffer
greenhouse,ET-MPC,N2_iid_loss,2026,persistence,0.02,1.0,hold,9036c18c7d80d888e8c92617d900616c92814c133e509d242712a16d765e0bdf,569714c2f054d7e589e1a1a495e488b7d47d406c61e9837ff2edbc5d46855c34,12ca0f6e05f585cf9d39f2c06178e7b8c550bd464b65480c0a93492d05bf5be9,0.39637836926502484,43.22916666666667,125,90.4,0.0,194.91839999869742,99.19999999999978,81.39999999999995,27.59999999999999,0.5000000000000003,86.39999999999954,647.9999999999998,1138.0183999986964,completed,trigger_0.02
greenhouse,ET-MPC,N2_iid_loss,2027,persistence,0.02,1.0,hold,30e9b6b070d98207734cf5d31afce33806510830dd62748750b6b3aac6abf810,569714c2f054d7e589e1a1a495e488b7d47d406c61e9837ff2edbc5d46855c34,12ca0f6e05f585cf9d39f2c06178e7b8c550bd464b65480c0a93492d05bf5be9,0.39777919543611273,43.57638888888889,134,85.07462686567165,0.0,216.57599999895905,103.19999999999976,88.24999999999994,36.0,0.5360000000000004,86.39999999999954,643.1999999999998,1174.161999998958,completed,trigger_0.02
greenhouse,ET-MPC,N2_iid_loss,2028,persistence,0.02,1.0,hold,9ff10e4a9c0d34b5d55001df3d8c466c18b39dd3c61099030f6a73b9b8873ed6,569714c2f054d7e589e1a1a495e488b7d47d406c61e9837ff2edbc5d46855c34,12ca0f6e05f585cf9d39f2c06178e7b8c550bd464b65480c0a93492d05bf5be9,0.395581620982783,43.22916666666667,132,87.87878787878788,0.0,215.2223999988649,102.39999999999976,87.64999999999995,32.39999999999999,0.5280000000000004,86.39999999999954,650.3999999999997,1175.000399998864,completed,trigger_0.02
greenhouse,ET-MPC,N2_iid_loss,2029,persistence,0.02,1.0,hold,b076498aa8b8eba839f2de26c40a6bee423a523993e45385f88bad52ec57285b,569714c2f054d7e589e1a1a495e488b7d47d406c61e9837ff2edbc5d46855c34,12ca0f6e05f585cf9d39f2c06178e7b8c550bd464b65480c0a93492d05bf5be9,0.40095655951877296,43.40277777777778,136,85.29411764705883,0.0,217.92959999888618,103.99999999999976,88.84999999999997,34.8,0.5440000000000004,86.39999999999954,643.1999999999998,1175.7235999988852,completed,trigger_0.02
greenhouse,ET-MPC,N2_iid_loss,2030,persistence,0.02,1.0,hold,69c0e5c210006d420f71e2385a06fb8cb5bf9718a7f8a828f7ab6ecc0fa62c65,569714c2f054d7e589e1a1a495e488b7d47d406c61e9837ff2edbc5d46855c34,12ca0f6e05f585cf9d39f2c06178e7b8c550bd464b65480c0a93492d05bf5be9,0.39869045029053507,43.40277777777778,128,87.5,0.0,211.16159999961894,98.39999999999978,85.34999999999995,40.80000000000001,0.5120000000000003,86.39999999999954,643.1999999999998,1165.8235999996182,completed,trigger_0.02
greenhouse,ET-MPC,N2_iid_loss,2031,persistence,0.02,1.0,hold,53b708dc611d3a58922c48a61aa7ed8de4d368847b3651ae2f70d690bce96a12,569714c2f054d7e589e1a1a495e488b7d47d406c61e9837ff2edbc5d46855c34,12ca0f6e05f585cf9d39f2c06178e7b8c550bd464b65480c0a93492d05bf5be9,0.3977153729290961,42.88194444444444,129,84.49612403100775,0.0,201.68639999870476,99.99999999999977,83.39999999999998,31.19999999999999,0.5160000000000003,86.39999999999954,645.5999999999998,1148.8023999987038,completed,trigger_0.02
greenhouse,ET-MPC,N2_iid_loss,2032,persistence,0.02,1.0,hold,f70525e89b70885660df30484978b4ffe640baf2d1bbc93edcb4bffb302f543b,569714c2f054d7e589e1a1a495e488b7d47d406c61e9837ff2edbc5d46855c34,12ca0f6e05f585cf9d39f2c06178e7b8c550bd464b65480c0a93492d05bf5be9,0.39787989362937787,43.22916666666667,129,93.7984496124031,0.0,198.97919999875384,100.79999999999977,82.94999999999995,22.799999999999994,0.5160000000000003,86.39999999999954,645.5999999999998,1138.0451999987529,completed,trigger_0.02
greenhouse,ET-MPC,N2_iid_loss,2033,persistence,0.02,1.0,hold,9fa081b620dd75d70f1ab7495713e7009b74e2a6daee204b5d522ab8c62d5bb0,569714c2f054d7e589e1a1a495e488b7d47d406c61e9837ff2edbc5d46855c34,12ca0f6e05f585cf9d39f2c06178e7b8c550bd464b65480c0a93492d05bf5be9,0.39627673304305083,43.40277777777778,129,83.72093023255815,0.0,204.39359999875904,99.99999999999977,84.1,27.59999999999999,0.5160000000000003,86.39999999999954,650.3999999999997,1153.409599998758,completed,trigger_0.02
greenhouse,ET-MPC,N2_iid_loss,2034,persistence,0.02,1.0,hold,8b9c544fed571b762e2790fbda87c508eae2bd846bf7d10d802b197bf95b978e,569714c2f054d7e589e1a1a495e488b7d47d406c61e9837ff2edbc5d46855c34,12ca0f6e05f585cf9d39f2c06178e7b8c550bd464b65480c0a93492d05bf5be9,0.3980367606004048,43.22916666666667,134,86.56716417910448,0.0,204.3935999987567,105.59999999999975,85.84999999999997,23.999999999999993,0.5360000000000004,86.39999999999954,647.9999999999998,1154.7795999987557,completed,trigger_0.02
greenhouse,ET-MPC,N2_iid_loss,2035,persistence,0.02,1.0,hold,c5a37a4db109d04d845afd6ac33be39b1f1ef6d39c91013e79e90bdfb6393916,569714c2f054d7e589e1a1a495e488b7d47d406c61e9837ff2edbc5d46855c34,12ca0f6e05f585cf9d39f2c06178e7b8c550bd464b65480c0a93492d05bf5be9,0.3959060093117673,43.22916666666667,125,91.2,0.0,200.33279999948368,97.59999999999978,82.29999999999995,29.99999999999999,0.5000000000000003,86.39999999999954,650.3999999999997,1147.5327999994827,completed,trigger_0.02
greenhouse,ET-MPC,N2_iid_loss,2036,persistence,0.02,1.0,hold,63bed8e4dacfa76859eb38c9ee7250a8eceaa9241f5a6d83fe3fd4319c9c37a4,569714c2f054d7e589e1a1a495e488b7d47d406c61e9837ff2edbc5d46855c34,12ca0f6e05f585cf9d39f2c06178e7b8c550bd464b65480c0a93492d05bf5be9,0.3971129882669156,43.05555555555556,127,88.18897637795276,0.0,204.39359999845203,98.39999999999978,83.59999999999997,32.39999999999999,0.5080000000000003,86.39999999999954,645.5999999999998,1151.301599998451,completed,trigger_0.02
greenhouse,ET-MPC,N2_iid_loss,2037,persistence,0.02,1.0,hold,2bf00689ec41a2e775233abb9b7c2479bfbed00f84b1f21710f3590318d785d8,569714c2f054d7e589e1a1a495e488b7d47d406c61e9837ff2edbc5d46855c34,12ca0f6e05f585cf9d39f2c06178e7b8c550bd464b65480c0a93492d05bf5be9,0.39938858375727704,43.05555555555556,126,89.68253968253968,0.0,197.62559999892002,98.39999999999978,81.84999999999997,26.39999999999999,0.5040000000000003,86.39999999999954,645.5999999999998,1136.7795999989191,completed,trigger_0.02
greenhouse,ET-MPC,N2_iid_loss,2038,persistence,0.02,1.0,hold,7f9649c56e3e041b5fb9bf00f8f193622eecd36d2804c435bbf822b68ec8809e,569714c2f054d7e589e1a1a495e488b7d47d406c61e9837ff2edbc5d46855c34,12ca0f6e05f585cf9d39f2c06178e7b8c550bd464b65480c0a93492d05bf5be9,0.3960341431468497,43.40277777777778,128,89.84375,0.0,211.1615999987413,99.19999999999978,85.59999999999998,34.8,0.5120000000000003,86.39999999999954,652.7999999999997,1170.4735999987404,completed,trigger_0.02
greenhouse,ET-MPC,N2_iid_loss,2039,persistence,0.02,1.0,hold,00b82e497293b7ae99b30cf8da530d60d13ed50ecb3edd04ca1a7400d948ae29,569714c2f054d7e589e1a1a495e488b7d47d406c61e9837ff2edbc5d46855c34,12ca0f6e05f585cf9d39f2c06178e7b8c550bd464b65480c0a93492d05bf5be9,0.3969125653854135,43.22916666666667,128,89.0625,0.0,196.2719999989576,101.59999999999977,82.49999999999996,23.999999999999993,0.5120000000000003,86.39999999999954,643.1999999999998,1134.4839999989567,completed,trigger_0.02
greenhouse,ET-MPC,N2_iid_loss,2040,persistence,0.02,1.0,hold,a8882383073714b9a616b06693e4c9964e2bb2dc396d345e4be664acb328930e,569714c2f054d7e589e1a1a495e488b7d47d406c61e9837ff2edbc5d46855c34,12ca0f6e05f585cf9d39f2c06178e7b8c550bd464b65480c0a93492d05bf5be9,0.39498700685236116,43.40277777777778,133,82.70676691729324,0.0,220.63679999890178,101.59999999999977,88.79999999999994,39.60000000000001,0.5320000000000004,86.39999999999954,647.9999999999998,1185.5687999989009,completed,trigger_0.02
greenhouse,ET-MPC,N2_iid_loss,2026,persistence,0.035,1.0,hold,9036c18c7d80d888e8c92617d900616c92814c133e509d242712a16d765e0bdf,569714c2f054d7e589e1a1a495e488b7d47d406c61e9837ff2edbc5d46855c34,12ca0f6e05f585cf9d39f2c06178e7b8c550bd464b65480c0a93492d05bf5be9,0.3950154994514987,43.22916666666667,79,89.87341772151899,0.0,116.40959999924881,60.79999999999991,49.100000000000065,9.6,0.3160000000000002,86.39999999999954,650.3999999999997,973.025599999248,completed,trigger_0.035
greenhouse,ET-MPC,N2_iid_loss,2027,persistence,0.035,1.0,hold,30e9b6b070d98207734cf5d31afce33806510830dd62748750b6b3aac6abf810,569714c2f054d7e589e1a1a495e488b7d47d406c61e9837ff2edbc5d46855c34,12ca0f6e05f585cf9d39f2c06178e7b8c550bd464b65480c0a93492d05bf5be9,0.39914095627751145,43.57638888888889,82,86.58536585365853,0.0,128.5919999995944,61.59999999999991,52.50000000000007,20.399999999999995,0.32800000000000024,86.39999999999954,640.7999999999998,990.6199999995937,completed,trigger_0.035
greenhouse,ET-MPC,N2_iid_loss,2028,persistence,0.035,1.0,hold,9ff10e4a9c0d34b5d55001df3d8c466c18b39dd3c61099030f6a73b9b8873ed6,569714c2f054d7e589e1a1a495e488b7d47d406c61e9837ff2edbc5d46855c34,12ca0f6e05f585cf9d39f2c06178e7b8c550bd464b65480c0a93492d05bf5be9,0.3964638438193011,43.22916666666667,80,92.5,0.0,124.53119999910253,62.399999999999906,51.700000000000074,14.399999999999997,0.32000000000000023,86.39999999999954,645.5999999999998,985.3511999991018,completed,trigger_0.035
greenhouse,ET-MPC,N2_iid_loss,2029,persistence,0.035,1.0,hold,b076498aa8b8eba839f2de26c40a6bee423a523993e45385f88bad52ec57285b,569714c2f054d7e589e1a1a495e488b7d47d406c61e9837ff2edbc5d46855c34,12ca0f6e05f585cf9d39f2c06178e7b8c550bd464b65480c0a93492d05bf5be9,0.39820252596678685,43.40277777777778,80,92.5,0.0,125.88479999889091,62.399999999999906,52.05000000000007,17.999999999999996,0.32000000000000023,86.39999999999954,647.9999999999998,993.0547999988902,completed,trigger_0.035
greenhouse,ET-MPC,N2_iid_loss,2030,persistence,0.035,1.0,hold,69c0e5c210006d420f71e2385a06fb8cb5bf9718a7f8a828f7ab6ecc0fa62c65,569714c2f054d7e589e1a1a495e488b7d47d406c61e9837ff2edbc5d46855c34,12ca0f6e05f585cf9d39f2c06178e7b8c550bd464b65480c0a93492d05bf5be9,0.39826178761801617,43.40277777777778,83,85.5421686746988,0.0,136.71359999915933,63.1999999999999,55.10000000000007,26.39999999999999,0.33200000000000024,86.39999999999954,645.5999999999998,1013.7455999991587,completed,trigger_0.035
greenhouse,ET-MPC,N2_iid_loss,2031,persistence,0.035,1.0,hold,53b708dc611d3a58922c48a61aa7ed8de4d368847b3651ae2f70d690bce96a12,569714c2f054d7e589e1a1a495e488b7d47d406c61e9837ff2edbc5d46855c34,12ca0f6e05f585cf9d39f2c06178e7b8c550bd464b65480c0a93492d05bf5be9,0.39265856710658853,42.70833333333333,82,85.36585365853658,0.0,128.59199999888952,63.1999999999999,53.00000000000007,20.399999999999995,0.32800000000000024,86.39999999999954,657.5999999999997,1009.5199999988886,completed,trigger_0.035
greenhouse,ET-MPC,N2_iid_loss,2032,persistence,0.035,1.0,hold,f70525e89b70885660df30484978b4ffe640baf2d1bbc93edcb4bffb302f543b,569714c2f054d7e589e1a1a495e488b7d47d406c61e9837ff2edbc5d46855c34,12ca0f6e05f585cf9d39f2c06178e7b8c550bd464b65480c0a93492d05bf5be9,0.3984229827792805,43.40277777777778,86,86.04651162790698,0.0,138.06719999923195,64.7999999999999,55.95000000000008,20.399999999999995,0.34400000000000025,86.39999999999954,647.9999999999998,1013.9611999992312,completed,trigger_0.035
greenhouse,ET-MPC,N2_iid_loss,2033,persistence,0.035,1.0,hold,9fa081b620dd75d70f1ab7495713e7009b74e2a6daee204b5d522ab8c62d5bb0,569714c2f054d7e589e1a1a495e488b7d47d406c61e9837ff2edbc5d46855c34,12ca0f6e05f585cf9d39f2c06178e7b8c550bd464b65480c0a93492d05bf5be9,0.39589080299879703,43.40277777777778,83,83.13253012048193,0.0,138.0671999994354,62.399999999999906,55.200000000000074,23.999999999999993,0.33200000000000024,86.39999999999954,652.7999999999997,1019.1991999994345,completed,trigger_0.035
greenhouse,ET-MPC,N2_iid_loss,2034,persistence,0.035,1.0,hold,8b9c544fed571b762e2790fbda87c508eae2bd846bf7d10d802b197bf95b978e,569714c2f054d7e589e1a1a495e488b7d47d406c61e9837ff2edbc5d46855c34,12ca0f6e05f585cf9d39f2c06178e7b8c550bd464b65480c0a93492d05bf5be9,0.3980367606004048,43.22916666666667,90,83.33333333333333,0.0,143.4815999995235,70.39999999999988,59.10000000000009,20.399999999999995,0.36000000000000026,86.39999999999954,647.9999999999998,1028.1415999995227,completed,trigger_0.035
greenhouse,ET-MPC,N2_iid_loss,2035,persistence,0.035,1.0,hold,c5a37a4db109d04d845afd6ac33be39b1f1ef6d39c91013e79e90bdfb6393916,569714c2f054d7e589e1a1a495e488b7d47d406c61e9837ff2edbc5d46855c34,12ca0f6e05f585cf9d39f2c06178e7b8c550bd464b65480c0a93492d05bf5be9,0.3948519344682417,43.22916666666667,79,91.13924050632912,0.0,127.2383999996275,60.79999999999991,51.90000000000006,19.199999999999996,0.3160000000000002,86.39999999999954,650.3999999999997,996.2543999996267,completed,trigger_0.035
greenhouse,ET-MPC,N2_iid_loss,2036,persistence,0.035,1.0,hold,63bed8e4dacfa76859eb38c9ee7250a8eceaa9241f5a6d83fe3fd4319c9c37a4,569714c2f054d7e589e1a1a495e488b7d47d406c61e9837ff2edbc5d46855c34,12ca0f6e05f585cf9d39f2c06178e7b8c550bd464b65480c0a93492d05bf5be9,0.39940884031331714,43.05555555555556,81,91.35802469135803,0.0,131.2991999990598,64.7999999999999,54.200000000000074,20.399999999999995,0.32400000000000023,86.39999999999954,643.1999999999998,1000.6231999990591,completed,trigger_0.035
greenhouse,ET-MPC,N2_iid_loss,2037,persistence,0.035,1.0,hold,2bf00689ec41a2e775233abb9b7c2479bfbed00f84b1f21710f3590318d785d8,569714c2f054d7e589e1a1a495e488b7d47d406c61e9837ff2edbc5d46855c34,12ca0f6e05f585cf9d39f2c06178e7b8c550bd464b65480c0a93492d05bf5be9,0.3993780294229083,43.05555555555556,81,95.06172839506173,0.0,129.94559999878823,64.7999999999999,53.85000000000007,22.799999999999994,0.32400000000000023,86.39999999999954,645.5999999999998,1003.7195999987875,completed,trigger_0.035
greenhouse,ET-MPC,N2_iid_loss,2038,persistence,0.035,1.0,hold,7f9649c56e3e041b5fb9bf00f8f193622eecd36d2804c435bbf822b68ec8809e,569714c2f054d7e589e1a1a495e488b7d47d406c61e9837ff2edbc5d46855c34,12ca0f6e05f585cf9d39f2c06178e7b8c550bd464b65480c0a93492d05bf5be9,0.397955532506524,43.22916666666667,78,92.3076923076923,0.0,123.17759999919929,61.59999999999991,51.100000000000065,16.799999999999997,0.3120000000000002,86.39999999999954,647.9999999999998,987.3895999991986,completed,trigger_0.035
greenhouse,ET-MPC,N2_iid_loss,2039,persistence,0.035,1.0,hold,00b82e497293b7ae99b30cf8da530d60d13ed50ecb3edd04ca1a7400d948ae29,569714c2f054d7e589e1a1a495e488b7d47d406c61e9837ff2edbc5d46855c34,12ca0f6e05f585cf9d39f2c06178e7b8c550bd464b65480c0a93492d05bf5be9,0.3970963656908933,43.22916666666667,80,90.0,0.0,119.11679999936224,62.399999999999906,50.300000000000075,10.799999999999999,0.32000000000000023,86.39999999999954,643.1999999999998,972.5367999993616,completed,trigger_0.035
greenhouse,ET-MPC,N2_iid_loss,2040,persistence,0.035,1.0,hold,a8882383073714b9a616b06693e4c9964e2bb2dc396d345e4be664acb328930e,569714c2f054d7e589e1a1a495e488b7d47d406c61e9837ff2edbc5d46855c34,12ca0f6e05f585cf9d39f2c06178e7b8c550bd464b65480c0a93492d05bf5be9,0.39538849775094603,43.40277777777778,88,78.4090909090909,0.0,147.5423999996186,67.19999999999989,59.150000000000084,27.59999999999999,0.35200000000000026,86.39999999999954,645.5999999999998,1033.844399999618,completed,trigger_0.035
greenhouse,ET-MPC,N2_iid_loss,2026,persistence,0.07,1.0,hold,9036c18c7d80d888e8c92617d900616c92814c133e509d242712a16d765e0bdf,569714c2f054d7e589e1a1a495e488b7d47d406c61e9837ff2edbc5d46855c34,12ca0f6e05f585cf9d39f2c06178e7b8c550bd464b65480c0a93492d05bf5be9,0.39512897867726976,43.05555555555556,43,86.04651162790698,0.0,69.0335999993647,34.400000000000006,28.600000000000016,9.6,0.17200000000000013,86.39999999999954,650.3999999999997,878.605599999364,completed,trigger_0.07
greenhouse,ET-MPC,N2_iid_loss,2027,persistence,0.07,1.0,hold,30e9b6b070d98207734cf5d31afce33806510830dd62748750b6b3aac6abf810,569714c2f054d7e589e1a1a495e488b7d47d406c61e9837ff2edbc5d46855c34,12ca0f6e05f585cf9d39f2c06178e7b8c550bd464b65480c0a93492d05bf5be9,0.3963020853560632,43.40277777777778,42,85.71428571428571,0.0,64.97279999929118,32.000000000000014,26.800000000000015,9.6,0.16800000000000012,86.39999999999954,650.3999999999997,870.3407999992905,completed,trigger_0.07
greenhouse,ET-MPC,N2_iid_loss,2028,persistence,0.07,1.0,hold,9ff10e4a9c0d34b5d55001df3d8c466c18b39dd3c61099030f6a73b9b8873ed6,569714c2f054d7e589e1a1a495e488b7d47d406c61e9837ff2edbc5d46855c34,12ca0f6e05f585cf9d39f2c06178e7b8c550bd464b65480c0a93492d05bf5be9,0.3952234078577362,43.22916666666667,42,90.47619047619048,0.0,67.67999999997076,32.000000000000014,27.500000000000007,10.799999999999999,0.16800000000000012,86.39999999999954,652.7999999999997,877.34799999997,completed,trigger_0.07
greenhouse,ET-MPC,N2_iid_loss,2029,persistence,0.07,1.0,hold,b076498aa8b8eba839f2de26c40a6bee423a523993e45385f88bad52ec57285b,569714c2f054d7e589e1a1a495e488b7d47d406c61e9837ff2edbc5d46855c34,12ca0f6e05f585cf9d39f2c06178e7b8c550bd464b65480c0a93492d05bf5be9,0.4013343863799287,43.40277777777778,43,90.69767441860465,0.0,71.74079999968046,33.60000000000001,29.050000000000004,13.199999999999998,0.17200000000000013,86.39999999999954,640.7999999999998,874.9627999996799,completed,trigger_0.07
greenhouse,ET-MPC,N2_iid_loss,2030,persistence,0.07,1.0,hold,69c0e5c210006d420f71e2385a06fb8cb5bf9718a7f8a828f7ab6ecc0fa62c65,569714c2f054d7e589e1a1a495e488b7d47d406c61e9837ff2edbc5d46855c34,12ca0f6e05f585cf9d39f2c06178e7b8c550bd464b65480c0a93492d05bf5be9,0.3970796920498769,43.40277777777778,50,76.0,0.0,85.27679999936997,37.599999999999994,33.800000000000026,19.199999999999996,0.20000000000000015,86.39999999999954,645.5999999999998,908.0767999993693,completed,trigger_0.07
greenhouse,ET-MPC,N2_iid_loss,2031,persistence,0.07,1.0,hold,53b708dc611d3a58922c48a61aa7ed8de4d368847b3651ae2f70d690bce96a12,569714c2f054d7e589e1a1a495e488b7d47d406c61e9837ff2edbc5d46855c34,12ca0f6e05f585cf9d39f2c06178e7b8c550bd464b65480c0a93492d05bf5be9,0.3938832425766221,42.70833333333333,41,95.1219512195122,0.0,64.9727999994617,31.200000000000017,26.550000000000008,9.6,0.16400000000000012,86.39999999999954,655.1999999999997,874.0867999994609,completed,trigger_0.07
greenhouse,ET-MPC,N2_iid_loss,2032,persistence,0.07,1.0,hold,f70525e89b70885660df30484978b4ffe640baf2d1bbc93edcb4bffb302f543b,569714c2f054d7e589e1a1a495e488b7d47d406c61e9837ff2edbc5d46855c34,12ca0f6e05f585cf9d39f2c06178e7b8c550bd464b65480c0a93492d05bf5be9,0.39850133815375927,43.22916666666667,43,86.04651162790698,0.0,62.26559999986671,33.60000000000001,26.60000000000002,6.0,0.17200000000000013,86.39999999999954,643.1999999999998,858.2375999998661,completed,trigger_0.07
greenhouse,ET-MPC,N2_iid_loss,2033,persistence,0.07,1.0,hold,9fa081b620dd75d70f1ab7495713e7009b74e2a6daee204b5d522ab8c62d5bb0,569714c2f054d7e589e1a1a495e488b7d47d406c61e9837ff2edbc5d46855c34,12ca0f6e05f585cf9d39f2c06178e7b8c550bd464b65480c0a93492d05bf5be9,0.39601396455500254,43.40277777777778,46,82.6086956521739,0.0,73.09439999981565,35.2,29.900000000000023,10.799999999999999,0.18400000000000014,86.39999999999954,650.3999999999997,885.978399999815,completed,trigger_0.07
greenhouse,ET-MPC,N2_iid_loss,2034,persistence,0.07,1.0,hold,8b9c544fed571b762e2790fbda87c508eae2bd846bf7d10d802b197bf95b978e,569714c2f054d7e589e1a1a495e488b7d47d406c61e9837ff2edbc5d46855c34,12ca0f6e05f585cf9d39f2c06178e7b8c550bd464b65480c0a93492d05bf5be9,0.3986573947198475,43.22916666666667,44,86.36363636363636,0.0,67.67999999984343,35.2,28.500000000000014,7.2,0.17600000000000013,86.39999999999954,650.3999999999997,875.5559999998427,completed,trigger_0.07
greenhouse,ET-MPC,N2_iid_loss,2035,persistence,0.07,1.0,hold,c5a37a4db109d04d845afd6ac33be39b1f1ef6d39c91013e79e90bdfb6393916,569714c2f054d7e589e1a1a495e488b7d47d406c61e9837ff2edbc5d46855c34,12ca0f6e05f585cf9d39f2c06178e7b8c550bd464b65480c0a93492d05bf5be9,0.3949345620444556,43.22916666666667,42,92.85714285714286,0.0,66.32639999937632,33.60000000000001,27.650000000000013,8.4,0.16800000000000012,86.39999999999954,650.3999999999997,872.9443999993757,completed,trigger_0.07
greenhouse,ET-MPC,N2_iid_loss,2036,persistence,0.07,1.0,hold,63bed8e4dacfa76859eb38c9ee7250a8eceaa9241f5a6d83fe3fd4319c9c37a4,569714c2f054d7e589e1a1a495e488b7d47d406c61e9837ff2edbc5d46855c34,12ca0f6e05f585cf9d39f2c06178e7b8c550bd464b65480c0a93492d05bf5be9,0.4005691240507783,43.05555555555556,45,88.88888888888889,0.0,77.15519999987437,34.400000000000006,30.700000000000017,15.599999999999996,0.18000000000000013,86.39999999999954,643.1999999999998,887.6351999998737,completed,trigger_0.07
greenhouse,ET-MPC,N2_iid_loss,2037,persistence,0.07,1.0,hold,2bf00689ec41a2e775233abb9b7c2479bfbed00f84b1f21710f3590318d785d8,569714c2f054d7e589e1a1a495e488b7d47d406c61e9837ff2edbc5d46855c34,12ca0f6e05f585cf9d39f2c06178e7b8c550bd464b65480c0a93492d05bf5be9,0.39252593484838055,43.05555555555556,44,86.36363636363636,0.0,70.38720000012172,34.400000000000006,28.95000000000002,10.799999999999999,0.17600000000000013,86.39999999999954,669.5999999999996,900.7132000001209,completed,trigger_0.07
greenhouse,ET-MPC,N2_iid_loss,2038,persistence,0.07,1.0,hold,7f9649c56e3e041b5fb9bf00f8f193622eecd36d2804c435bbf822b68ec8809e,569714c2f054d7e589e1a1a495e488b7d47d406c61e9837ff2edbc5d46855c34,12ca0f6e05f585cf9d39f2c06178e7b8c550bd464b65480c0a93492d05bf5be9,0.39705585773031055,43.22916666666667,41,92.6829268292683,0.0,63.61919999975174,32.80000000000001,26.700000000000017,7.2,0.16400000000000012,86.39999999999954,647.9999999999998,864.883199999751,completed,trigger_0.07
greenhouse,ET-MPC,N2_iid_loss,2039,persistence,0.07,1.0,hold,00b82e497293b7ae99b30cf8da530d60d13ed50ecb3edd04ca1a7400d948ae29,569714c2f054d7e589e1a1a495e488b7d47d406c61e9837ff2edbc5d46855c34,12ca0f6e05f585cf9d39f2c06178e7b8c550bd464b65480c0a93492d05bf5be9,0.39630297266281966,43.05555555555556,43,88.37209302325581,0.0,64.9727999991809,34.400000000000006,27.550000000000015,6.0,0.17200000000000013,86.39999999999954,647.9999999999998,867.4947999991803,completed,trigger_0.07
greenhouse,ET-MPC,N2_iid_loss,2040,persistence,0.07,1.0,hold,a8882383073714b9a616b06693e4c9964e2bb2dc396d345e4be664acb328930e,569714c2f054d7e589e1a1a495e488b7d47d406c61e9837ff2edbc5d46855c34,12ca0f6e05f585cf9d39f2c06178e7b8c550bd464b65480c0a93492d05bf5be9,0.39536488203470466,43.40277777777778,44,86.36363636363636,0.0,75.80159999980856,32.80000000000001,29.850000000000012,16.799999999999997,0.17600000000000013,86.39999999999954,650.3999999999997,892.2275999998078,completed,trigger_0.07
greenhouse,ET-MPC,N2_iid_loss,2026,persistence,0.035,1.0,hold,9036c18c7d80d888e8c92617d900616c92814c133e509d242712a16d765e0bdf,569714c2f054d7e589e1a1a495e488b7d47d406c61e9837ff2edbc5d46855c34,12ca0f6e05f585cf9d39f2c06178e7b8c550bd464b65480c0a93492d05bf5be9,0.3950154994514987,43.22916666666667,79,89.87341772151899,0.0,116.40959999924881,60.79999999999991,49.100000000000065,9.6,0.3160000000000002,86.39999999999954,650.3999999999997,973.025599999248,completed,forecast_persistence
greenhouse,ET-MPC,N2_iid_loss,2027,persistence,0.035,1.0,hold,30e9b6b070d98207734cf5d31afce33806510830dd62748750b6b3aac6abf810,569714c2f054d7e589e1a1a495e488b7d47d406c61e9837ff2edbc5d46855c34,12ca0f6e05f585cf9d39f2c06178e7b8c550bd464b65480c0a93492d05bf5be9,0.39914095627751145,43.57638888888889,82,86.58536585365853,0.0,128.5919999995944,61.59999999999991,52.50000000000007,20.399999999999995,0.32800000000000024,86.39999999999954,640.7999999999998,990.6199999995937,completed,forecast_persistence
greenhouse,ET-MPC,N2_iid_loss,2028,persistence,0.035,1.0,hold,9ff10e4a9c0d34b5d55001df3d8c466c18b39dd3c61099030f6a73b9b8873ed6,569714c2f054d7e589e1a1a495e488b7d47d406c61e9837ff2edbc5d46855c34,12ca0f6e05f585cf9d39f2c06178e7b8c550bd464b65480c0a93492d05bf5be9,0.3964638438193011,43.22916666666667,80,92.5,0.0,124.53119999910253,62.399999999999906,51.700000000000074,14.399999999999997,0.32000000000000023,86.39999999999954,645.5999999999998,985.3511999991018,completed,forecast_persistence
greenhouse,ET-MPC,N2_iid_loss,2029,persistence,0.035,1.0,hold,b076498aa8b8eba839f2de26c40a6bee423a523993e45385f88bad52ec57285b,569714c2f054d7e589e1a1a495e488b7d47d406c61e9837ff2edbc5d46855c34,12ca0f6e05f585cf9d39f2c06178e7b8c550bd464b65480c0a93492d05bf5be9,0.39820252596678685,43.40277777777778,80,92.5,0.0,125.88479999889091,62.399999999999906,52.05000000000007,17.999999999999996,0.32000000000000023,86.39999999999954,647.9999999999998,993.0547999988902,completed,forecast_persistence
greenhouse,ET-MPC,N2_iid_loss,2030,persistence,0.035,1.0,hold,69c0e5c210006d420f71e2385a06fb8cb5bf9718a7f8a828f7ab6ecc0fa62c65,569714c2f054d7e589e1a1a495e488b7d47d406c61e9837ff2edbc5d46855c34,12ca0f6e05f585cf9d39f2c06178e7b8c550bd464b65480c0a93492d05bf5be9,0.39826178761801617,43.40277777777778,83,85.5421686746988,0.0,136.71359999915933,63.1999999999999,55.10000000000007,26.39999999999999,0.33200000000000024,86.39999999999954,645.5999999999998,1013.7455999991587,completed,forecast_persistence
greenhouse,ET-MPC,N2_iid_loss,2031,persistence,0.035,1.0,hold,53b708dc611d3a58922c48a61aa7ed8de4d368847b3651ae2f70d690bce96a12,569714c2f054d7e589e1a1a495e488b7d47d406c61e9837ff2edbc5d46855c34,12ca0f6e05f585cf9d39f2c06178e7b8c550bd464b65480c0a93492d05bf5be9,0.39265856710658853,42.70833333333333,82,85.36585365853658,0.0,128.59199999888952,63.1999999999999,53.00000000000007,20.399999999999995,0.32800000000000024,86.39999999999954,657.5999999999997,1009.5199999988886,completed,forecast_persistence
greenhouse,ET-MPC,N2_iid_loss,2032,persistence,0.035,1.0,hold,f70525e89b70885660df30484978b4ffe640baf2d1bbc93edcb4bffb302f543b,569714c2f054d7e589e1a1a495e488b7d47d406c61e9837ff2edbc5d46855c34,12ca0f6e05f585cf9d39f2c06178e7b8c550bd464b65480c0a93492d05bf5be9,0.3984229827792805,43.40277777777778,86,86.04651162790698,0.0,138.06719999923195,64.7999999999999,55.95000000000008,20.399999999999995,0.34400000000000025,86.39999999999954,647.9999999999998,1013.9611999992312,completed,forecast_persistence
greenhouse,ET-MPC,N2_iid_loss,2033,persistence,0.035,1.0,hold,9fa081b620dd75d70f1ab7495713e7009b74e2a6daee204b5d522ab8c62d5bb0,569714c2f054d7e589e1a1a495e488b7d47d406c61e9837ff2edbc5d46855c34,12ca0f6e05f585cf9d39f2c06178e7b8c550bd464b65480c0a93492d05bf5be9,0.39589080299879703,43.40277777777778,83,83.13253012048193,0.0,138.0671999994354,62.399999999999906,55.200000000000074,23.999999999999993,0.33200000000000024,86.39999999999954,652.7999999999997,1019.1991999994345,completed,forecast_persistence
greenhouse,ET-MPC,N2_iid_loss,2034,persistence,0.035,1.0,hold,8b9c544fed571b762e2790fbda87c508eae2bd846bf7d10d802b197bf95b978e,569714c2f054d7e589e1a1a495e488b7d47d406c61e9837ff2edbc5d46855c34,12ca0f6e05f585cf9d39f2c06178e7b8c550bd464b65480c0a93492d05bf5be9,0.3980367606004048,43.22916666666667,90,83.33333333333333,0.0,143.4815999995235,70.39999999999988,59.10000000000009,20.399999999999995,0.36000000000000026,86.39999999999954,647.9999999999998,1028.1415999995227,completed,forecast_persistence
greenhouse,ET-MPC,N2_iid_loss,2035,persistence,0.035,1.0,hold,c5a37a4db109d04d845afd6ac33be39b1f1ef6d39c91013e79e90bdfb6393916,569714c2f054d7e589e1a1a495e488b7d47d406c61e9837ff2edbc5d46855c34,12ca0f6e05f585cf9d39f2c06178e7b8c550bd464b65480c0a93492d05bf5be9,0.3948519344682417,43.22916666666667,79,91.13924050632912,0.0,127.2383999996275,60.79999999999991,51.90000000000006,19.199999999999996,0.3160000000000002,86.39999999999954,650.3999999999997,996.2543999996267,completed,forecast_persistence
greenhouse,ET-MPC,N2_iid_loss,2036,persistence,0.035,1.0,hold,63bed8e4dacfa76859eb38c9ee7250a8eceaa9241f5a6d83fe3fd4319c9c37a4,569714c2f054d7e589e1a1a495e488b7d47d406c61e9837ff2edbc5d46855c34,12ca0f6e05f585cf9d39f2c06178e7b8c550bd464b65480c0a93492d05bf5be9,0.39940884031331714,43.05555555555556,81,91.35802469135803,0.0,131.2991999990598,64.7999999999999,54.200000000000074,20.399999999999995,0.32400000000000023,86.39999999999954,643.1999999999998,1000.6231999990591,completed,forecast_persistence
greenhouse,ET-MPC,N2_iid_loss,2037,persistence,0.035,1.0,hold,2bf00689ec41a2e775233abb9b7c2479bfbed00f84b1f21710f3590318d785d8,569714c2f054d7e589e1a1a495e488b7d47d406c61e9837ff2edbc5d46855c34,12ca0f6e05f585cf9d39f2c06178e7b8c550bd464b65480c0a93492d05bf5be9,0.3993780294229083,43.05555555555556,81,95.06172839506173,0.0,129.94559999878823,64.7999999999999,53.85000000000007,22.799999999999994,0.32400000000000023,86.39999999999954,645.5999999999998,1003.7195999987875,completed,forecast_persistence
greenhouse,ET-MPC,N2_iid_loss,2038,persistence,0.035,1.0,hold,7f9649c56e3e041b5fb9bf00f8f193622eecd36d2804c435bbf822b68ec8809e,569714c2f054d7e589e1a1a495e488b7d47d406c61e9837ff2edbc5d46855c34,12ca0f6e05f585cf9d39f2c06178e7b8c550bd464b65480c0a93492d05bf5be9,0.397955532506524,43.22916666666667,78,92.3076923076923,0.0,123.17759999919929,61.59999999999991,51.100000000000065,16.799999999999997,0.3120000000000002,86.39999999999954,647.9999999999998,987.3895999991986,completed,forecast_persistence
greenhouse,ET-MPC,N2_iid_loss,2039,persistence,0.035,1.0,hold,00b82e497293b7ae99b30cf8da530d60d13ed50ecb3edd04ca1a7400d948ae29,569714c2f054d7e589e1a1a495e488b7d47d406c61e9837ff2edbc5d46855c34,12ca0f6e05f585cf9d39f2c06178e7b8c550bd464b65480c0a93492d05bf5be9,0.3970963656908933,43.22916666666667,80,90.0,0.0,119.11679999936224,62.399999999999906,50.300000000000075,10.799999999999999,0.32000000000000023,86.39999999999954,643.1999999999998,972.5367999993616,completed,forecast_persistence
greenhouse,ET-MPC,N2_iid_loss,2040,persistence,0.035,1.0,hold,a8882383073714b9a616b06693e4c9964e2bb2dc396d345e4be664acb328930e,569714c2f054d7e589e1a1a495e488b7d47d406c61e9837ff2edbc5d46855c34,12ca0f6e05f585cf9d39f2c06178e7b8c550bd464b65480c0a93492d05bf5be9,0.39538849775094603,43.40277777777778,88,78.4090909090909,0.0,147.5423999996186,67.19999999999989,59.150000000000084,27.59999999999999,0.35200000000000026,86.39999999999954,645.5999999999998,1033.844399999618,completed,forecast_persistence
greenhouse,ET-MPC,N2_iid_loss,2026,noisy_persistence,0.035,1.0,hold,9036c18c7d80d888e8c92617d900616c92814c133e509d242712a16d765e0bdf,569714c2f054d7e589e1a1a495e488b7d47d406c61e9837ff2edbc5d46855c34,12ca0f6e05f585cf9d39f2c06178e7b8c550bd464b65480c0a93492d05bf5be9,0.39666883247863477,43.22916666666667,80,90.0,0.0,120.4703999993769,61.59999999999991,50.40000000000007,11.999999999999998,0.32000000000000023,86.39999999999954,650.3999999999997,981.5903999993761,completed,forecast_noisy_persistence
greenhouse,ET-MPC,N2_iid_loss,2027,noisy_persistence,0.035,1.0,hold,30e9b6b070d98207734cf5d31afce33806510830dd62748750b6b3aac6abf810,569714c2f054d7e589e1a1a495e488b7d47d406c61e9837ff2edbc5d46855c34,12ca0f6e05f585cf9d39f2c06178e7b8c550bd464b65480c0a93492d05bf5be9,0.39731817186995066,43.40277777777778,79,89.87341772151899,0.0,121.82399999936881,59.999999999999915,50.250000000000064,17.999999999999996,0.3160000000000002,86.39999999999954,645.5999999999998,982.3899999993681,completed,forecast_noisy_persistence
greenhouse,ET-MPC,N2_iid_loss,2028,noisy_persistence,0.035,1.0,hold,9ff10e4a9c0d34b5d55001df3d8c466c18b39dd3c61099030f6a73b9b8873ed6,569714c2f054d7e589e1a1a495e488b7d47d406c61e9837ff2edbc5d46855c34,12ca0f6e05f585cf9d39f2c06178e7b8c550bd464b65480c0a93492d05bf5be9,0.3980840835065949,43.22916666666667,81,92.5925925925926,0.0,128.59199999913963,63.1999999999999,53.00000000000007,16.799999999999997,0.32400000000000023,86.39999999999954,645.5999999999998,993.9159999991389,completed,forecast_noisy_persistence
greenhouse,ET-MPC,N2_iid_loss,2029,noisy_persistence,0.035,1.0,hold,b076498aa8b8eba839f2de26c40a6bee423a523993e45385f88bad52ec57285b,569714c2f054d7e589e1a1a495e488b7d47d406c61e9837ff2edbc5d46855c34,12ca0f6e05f585cf9d39f2c06178e7b8c550bd464b65480c0a93492d05bf5be9,0.39609005760615684,43.40277777777778,82,91.46341463414635,0.0,128.59199999891567,64.7999999999999,53.50000000000007,16.799999999999997,0.32800000000000024,86.39999999999954,650.3999999999997,1000.8199999989149,completed,forecast_noisy_persistence
greenhouse,ET-MPC,N2_iid_loss,2030,noisy_persistence,0.035,1.0,hold,69c0e5c210006d420f71e2385a06fb8cb5bf9718a7f8a828f7ab6ecc0fa62c65,569714c2f054d7e589e1a1a495e488b7d47d406c61e9837ff2edbc5d46855c34,12ca0f6e05f585cf9d39f2c06178e7b8c550bd464b65480c0a93492d05bf5be9,0.3911118133666225,41.31944444444444,83,81.92771084337349,0.0,140.77439999930556,60.79999999999991,55.40000000000008,28.79999999999999,0.33200000000000024,86.39999999999954,664.7999999999996,1037.3063999993046,completed,forecast_noisy_persistence
greenhouse,ET-MPC,N2_iid_loss,2031,noisy_persistence,0.035,1.0,hold,53b708dc611d3a58922c48a61aa7ed8de4d368847b3651ae2f70d690bce96a12,569714c2f054d7e589e1a1a495e488b7d47d406c61e9837ff2edbc5d46855c34,12ca0f6e05f585cf9d39f2c06178e7b8c550bd464b65480c0a93492d05bf5be9,0.398310633309902,42.88194444444444,88,82.95454545454545,0.0,136.71359999884552,67.99999999999989,56.60000000000009,20.399999999999995,0.35200000000000026,86.39999999999954,645.5999999999998,1014.0655999988448,completed,forecast_noisy_persistence
greenhouse,ET-MPC,N2_iid_loss,2032,noisy_persistence,0.035,1.0,hold,f70525e89b70885660df30484978b4ffe640baf2d1bbc93edcb4bffb302f543b,569714c2f054d7e589e1a1a495e488b7d47d406c61e9837ff2edbc5d46855c34,12ca0f6e05f585cf9d39f2c06178e7b8c550bd464b65480c0a93492d05bf5be9,0.3969514488112184,43.22916666666667,87,88.50574712643679,0.0,138.06719999937744,66.39999999999989,56.45000000000008,19.199999999999996,0.34800000000000025,86.39999999999954,650.3999999999997,1017.2651999993767,completed,forecast_noisy_persistence
greenhouse,ET-MPC,N2_iid_loss,2033,noisy_persistence,0.035,1.0,hold,9fa081b620dd75d70f1ab7495713e7009b74e2a6daee204b5d522ab8c62d5bb0,569714c2f054d7e589e1a1a495e488b7d47d406c61e9837ff2edbc5d46855c34,12ca0f6e05f585cf9d39f2c06178e7b8c550bd464b65480c0a93492d05bf5be9,0.3953856060699643,43.57638888888889,85,85.88235294117646,0.0,140.77439999953287,64.7999999999999,56.65000000000008,23.999999999999993,0.34000000000000025,86.39999999999954,652.7999999999997,1025.764399999532,completed,forecast_noisy_persistence
greenhouse,ET-MPC,N2_iid_loss,2034,noisy_persistence,0.035,1.0,hold,8b9c544fed571b762e2790fbda87c508eae2bd846bf7d10d802b197bf95b978e,569714c2f054d7e589e1a1a495e488b7d47d406c61e9837ff2edbc5d46855c34,12ca0f6e05f585cf9d39f2c06178e7b8c550bd464b65480c0a93492d05bf5be9,0.3983447285216745,43.05555555555556,87,86.20689655172414,0.0,140.7743999993715,67.99999999999989,57.650000000000084,21.599999999999994,0.34800000000000025,86.39999999999954,645.5999999999998,1020.3723999993708,completed,forecast_noisy_persistence
greenhouse,ET-MPC,N2_iid_loss,2035,noisy_persistence,0.035,1.0,hold,c5a37a4db109d04d845afd6ac33be39b1f1ef6d39c91013e79e90bdfb6393916,569714c2f054d7e589e1a1a495e488b7d47d406c61e9837ff2edbc5d46855c34,12ca0f6e05f585cf9d39f2c06178e7b8c550bd464b65480c0a93492d05bf5be9,0.3967018056740237,43.22916666666667,80,92.5,0.0,128.59199999907597,63.1999999999999,53.000000000000064,17.999999999999996,0.32000000000000023,86.39999999999954,655.1999999999997,1004.7119999990751,completed,forecast_noisy_persistence
greenhouse,ET-MPC,N2_iid_loss,2036,noisy_persistence,0.035,1.0,hold,63bed8e4dacfa76859eb38c9ee7250a8eceaa9241f5a6d83fe3fd4319c9c37a4,569714c2f054d7e589e1a1a495e488b7d47d406c61e9837ff2edbc5d46855c34,12ca0f6e05f585cf9d39f2c06178e7b8c550bd464b65480c0a93492d05bf5be9,0.3954876756838867,43.05555555555556,81,92.5925925925926,0.0,129.94559999886553,64.7999999999999,53.85000000000007,19.199999999999996,0.32400000000000023,86.39999999999954,650.3999999999997,1004.9195999988648,completed,forecast_noisy_persistence
greenhouse,ET-MPC,N2_iid_loss,2037,noisy_persistence,0.035,1.0,hold,2bf00689ec41a2e775233abb9b7c2479bfbed00f84b1f21710f3590318d785d8,569714c2f054d7e589e1a1a495e488b7d47d406c61e9837ff2edbc5d46855c34,12ca0f6e05f585cf9d39f2c06178e7b8c550bd464b65480c0a93492d05bf5be9,0.39739216479747747,43.05555555555556,81,95.06172839506173,0.0,128.59199999895776,64.7999999999999,53.50000000000007,20.399999999999995,0.32400000000000023,86.39999999999954,650.3999999999997,1004.415999998957,completed,forecast_noisy_persistence
greenhouse,ET-MPC,N2_iid_loss,2038,noisy_persistence,0.035,1.0,hold,7f9649c56e3e041b5fb9bf00f8f193622eecd36d2804c435bbf822b68ec8809e,569714c2f054d7e589e1a1a495e488b7d47d406c61e9837ff2edbc5d46855c34,12ca0f6e05f585cf9d39f2c06178e7b8c550bd464b65480c0a93492d05bf5be9,0.3940142370427377,43.05555555555556,80,90.0,0.0,131.29919999918258,62.399999999999906,53.45000000000007,20.399999999999995,0.32000000000000023,86.39999999999954,659.9999999999997,1014.2691999991818,completed,forecast_noisy_persistence
greenhouse,ET-MPC,N2_iid_loss,2039,noisy_persistence,0.035,1.0,hold,00b82e497293b7ae99b30cf8da530d60d13ed50ecb3edd04ca1a7400d948ae29,569714c2f054d7e589e1a1a495e488b7d47d406c61e9837ff2edbc5d46855c34,12ca0f6e05f585cf9d39f2c06178e7b8c550bd464b65480c0a93492d05bf5be9,0.3919160741473742,43.05555555555556,82,89.02439024390245,0.0,121.82399999918691,63.9999999999999,51.50000000000007,10.799999999999999,0.32800000000000024,86.39999999999954,655.1999999999997,990.0519999991861,completed,forecast_noisy_persistence
greenhouse,ET-MPC,N2_iid_loss,2040,noisy_persistence,0.035,1.0,hold,a8882383073714b9a616b06693e4c9964e2bb2dc396d345e4be664acb328930e,569714c2f054d7e589e1a1a495e488b7d47d406c61e9837ff2edbc5d46855c34,12ca0f6e05f585cf9d39f2c06178e7b8c550bd464b65480c0a93492d05bf5be9,0.3969860374153824,43.40277777777778,92,76.08695652173913,0.0,158.37119999991762,70.39999999999988,62.950000000000095,32.39999999999999,0.36800000000000027,86.39999999999954,645.5999999999998,1056.4891999999168,completed,forecast_noisy_persistence
greenhouse,ET-MPC,N2_iid_loss,2026,oracle,0.035,1.0,hold,9036c18c7d80d888e8c92617d900616c92814c133e509d242712a16d765e0bdf,569714c2f054d7e589e1a1a495e488b7d47d406c61e9837ff2edbc5d46855c34,12ca0f6e05f585cf9d39f2c06178e7b8c550bd464b65480c0a93492d05bf5be9,0.4009711838838804,40.27777777777778,85,84.70588235294117,0.0,134.0063999989845,65.5999999999999,55.15000000000008,20.399999999999995,0.34000000000000025,86.39999999999954,640.7999999999998,1002.6963999989838,completed,forecast_oracle
greenhouse,ET-MPC,N2_iid_loss,2027,oracle,0.035,1.0,hold,30e9b6b070d98207734cf5d31afce33806510830dd62748750b6b3aac6abf810,569714c2f054d7e589e1a1a495e488b7d47d406c61e9837ff2edbc5d46855c34,12ca0f6e05f585cf9d39f2c06178e7b8c550bd464b65480c0a93492d05bf5be9,0.40426918244483895,39.93055555555556,84,89.28571428571429,0.0,129.9455999991975,66.39999999999989,54.35000000000008,17.999999999999996,0.33600000000000024,86.39999999999954,633.5999999999999,989.0315999991969,completed,forecast_oracle
greenhouse,ET-MPC,N2_iid_loss,2028,oracle,0.035,1.0,hold,9ff10e4a9c0d34b5d55001df3d8c466c18b39dd3c61099030f6a73b9b8873ed6,569714c2f054d7e589e1a1a495e488b7d47d406c61e9837ff2edbc5d46855c34,12ca0f6e05f585cf9d39f2c06178e7b8c550bd464b65480c0a93492d05bf5be9,0.40234222857337754,39.93055555555556,85,91.76470588235294,0.0,135.35999999865575,65.5999999999999,55.500000000000085,17.999999999999996,0.34000000000000025,86.39999999999954,631.1999999999999,992.3999999986552,completed,forecast_oracle
greenhouse,ET-MPC,N2_iid_loss,2029,oracle,0.035,1.0,hold,b076498aa8b8eba839f2de26c40a6bee423a523993e45385f88bad52ec57285b,569714c2f054d7e589e1a1a495e488b7d47d406c61e9837ff2edbc5d46855c34,12ca0f6e05f585cf9d39f2c06178e7b8c550bd464b65480c0a93492d05bf5be9,0.40409107247572645,40.27777777777778,90,85.55555555555556,0.0,144.83519999894358,68.79999999999988,58.95000000000009,21.599999999999994,0.36000000000000026,86.39999999999954,638.3999999999999,1019.3451999989429,completed,forecast_oracle
greenhouse,ET-MPC,N2_iid_loss,2030,oracle,0.035,1.0,hold,69c0e5c210006d420f71e2385a06fb8cb5bf9718a7f8a828f7ab6ecc0fa62c65,569714c2f054d7e589e1a1a495e488b7d47d406c61e9837ff2edbc5d46855c34,12ca0f6e05f585cf9d39f2c06178e7b8c550bd464b65480c0a93492d05bf5be9,0.4048447410631495,39.58333333333333,87,86.20689655172414,0.0,138.06719999880335,66.39999999999989,56.45000000000008,19.199999999999996,0.34800000000000025,86.39999999999954,635.9999999999999,1002.8651999988027,completed,forecast_oracle
greenhouse,ET-MPC,N2_iid_loss,2031,oracle,0.035,1.0,hold,53b708dc611d3a58922c48a61aa7ed8de4d368847b3651ae2f70d690bce96a12,569714c2f054d7e589e1a1a495e488b7d47d406c61e9837ff2edbc5d46855c34,12ca0f6e05f585cf9d39f2c06178e7b8c550bd464b65480c0a93492d05bf5be9,0.4027351052169392,39.58333333333333,87,87.35632183908046,0.0,140.7743999985529,67.19999999999989,57.400000000000084,26.39999999999999,0.34800000000000025,86.39999999999954,638.3999999999999,1016.9223999985522,completed,forecast_oracle
greenhouse,ET-MPC,N2_iid_loss,2032,oracle,0.035,1.0,hold,f70525e89b70885660df30484978b4ffe640baf2d1bbc93edcb4bffb302f543b,569714c2f054d7e589e1a1a495e488b7d47d406c61e9837ff2edbc5d46855c34,12ca0f6e05f585cf9d39f2c06178e7b8c550bd464b65480c0a93492d05bf5be9,0.40119865028617985,39.93055555555556,87,89.65517241379311,0.0,135.35999999899343,67.19999999999989,56.000000000000085,16.799999999999997,0.34800000000000025,86.39999999999954,645.5999999999998,1007.7079999989927,completed,forecast_oracle
greenhouse,ET-MPC,N2_iid_loss,2033,oracle,0.035,1.0,hold,9fa081b620dd75d70f1ab7495713e7009b74e2a6daee204b5d522ab8c62d5bb0,569714c2f054d7e589e1a1a495e488b7d47d406c61e9837ff2edbc5d46855c34,12ca0f6e05f585cf9d39f2c06178e7b8c550bd464b65480c0a93492d05bf5be9,0.401749428897507,39.93055555555556,86,87.20930232558139,0.0,142.1279999989654,65.5999999999999,57.25000000000007,23.999999999999993,0.34400000000000025,86.39999999999954,640.7999999999998,1016.5219999989647,completed,forecast_oracle
greenhouse,ET-MPC,N2_iid_loss,2034,oracle,0.035,1.0,hold,8b9c544fed571b762e2790fbda87c508eae2bd846bf7d10d802b197bf95b978e,569714c2f054d7e589e1a1a495e488b7d47d406c61e9837ff2edbc5d46855c34,12ca0f6e05f585cf9d39f2c06178e7b8c550bd464b65480c0a93492d05bf5be9,0.4047852054330893,40.27777777777778,86,88.37209302325581,0.0,139.42079999924312,67.19999999999989,57.05000000000007,21.599999999999994,0.34400000000000025,86.39999999999954,635.9999999999999,1008.0147999992425,completed,forecast_oracle
greenhouse,ET-MPC,N2_iid_loss,2035,oracle,0.035,1.0,hold,c5a37a4db109d04d845afd6ac33be39b1f1ef6d39c91013e79e90bdfb6393916,569714c2f054d7e589e1a1a495e488b7d47d406c61e9837ff2edbc5d46855c34,12ca0f6e05f585cf9d39f2c06178e7b8c550bd464b65480c0a93492d05bf5be9,0.40327162823394785,39.75694444444444,89,87.64044943820225,0.0,144.83519999887884,67.99999999999989,58.700000000000095,22.799999999999994,0.35600000000000026,86.39999999999954,635.9999999999999,1017.0911999988782,completed,forecast_oracle
greenhouse,ET-MPC,N2_iid_loss,2036,oracle,0.035,1.0,hold,63bed8e4dacfa76859eb38c9ee7250a8eceaa9241f5a6d83fe3fd4319c9c37a4,569714c2f054d7e589e1a1a495e488b7d47d406c61e9837ff2edbc5d46855c34,12ca0f6e05f585cf9d39f2c06178e7b8c550bd464b65480c0a93492d05bf5be9,0.4024798811310429,39.0625,84,90.47619047619048,0.0,142.1279999990223,65.5999999999999,57.25000000000008,27.59999999999999,0.33600000000000024,86.39999999999954,638.3999999999999,1017.7139999990216,completed,forecast_oracle
greenhouse,ET-MPC,N2_iid_loss,2037,oracle,0.035,1.0,hold,2bf00689ec41a2e775233abb9b7c2479bfbed00f84b1f21710f3590318d785d8,569714c2f054d7e589e1a1a495e488b7d47d406c61e9837ff2edbc5d46855c34,12ca0f6e05f585cf9d39f2c06178e7b8c550bd464b65480c0a93492d05bf5be9,0.404531685413265,40.625,91,86.81318681318682,0.0,148.89599999883856,69.59999999999988,60.250000000000085,23.999999999999993,0.36400000000000027,86.39999999999954,631.1999999999999,1020.7099999988379,completed,forecast_oracle
greenhouse,ET-MPC,N2_iid_loss,2038,oracle,0.035,1.0,hold,7f9649c56e3e041b5fb9bf00f8f193622eecd36d2804c435bbf822b68ec8809e,569714c2f054d7e589e1a1a495e488b7d47d406c61e9837ff2edbc5d46855c34,12ca0f6e05f585cf9d39f2c06178e7b8c550bd464b65480c0a93492d05bf5be9,0.4027851828737416,40.27777777777778,85,91.76470588235294,0.0,135.359999998965,67.19999999999989,56.00000000000008,19.199999999999996,0.34000000000000025,86.39999999999954,638.3999999999999,1002.8999999989643,completed,forecast_oracle
greenhouse,ET-MPC,N2_iid_loss,2039,oracle,0.035,1.0,hold,00b82e497293b7ae99b30cf8da530d60d13ed50ecb3edd04ca1a7400d948ae29,569714c2f054d7e589e1a1a495e488b7d47d406c61e9837ff2edbc5d46855c34,12ca0f6e05f585cf9d39f2c06178e7b8c550bd464b65480c0a93492d05bf5be9,0.4015448334961434,39.75694444444444,85,92.94117647058823,0.0,135.35999999907412,67.19999999999989,56.00000000000007,19.199999999999996,0.34000000000000025,86.39999999999954,633.5999999999998,998.0999999990734,completed,forecast_oracle
greenhouse,ET-MPC,N2_iid_loss,2040,oracle,0.035,1.0,hold,a8882383073714b9a616b06693e4c9964e2bb2dc396d345e4be664acb328930e,569714c2f054d7e589e1a1a495e488b7d47d406c61e9837ff2edbc5d46855c34,12ca0f6e05f585cf9d39f2c06178e7b8c550bd464b65480c0a93492d05bf5be9,0.39910092208145803,39.0625,91,79.12087912087912,0.0,150.24959999901128,69.59999999999988,60.6000000000001,25.199999999999992,0.36400000000000027,86.39999999999954,643.1999999999998,1035.6135999990106,completed,forecast_oracle
greenhouse,ET-MPC,N2_iid_loss,2026,persistence,0.035,0.98,hold,9036c18c7d80d888e8c92617d900616c92814c133e509d242712a16d765e0bdf,569714c2f054d7e589e1a1a495e488b7d47d406c61e9837ff2edbc5d46855c34,12ca0f6e05f585cf9d39f2c06178e7b8c550bd464b65480c0a93492d05bf5be9,0.36979714399688973,37.84722222222222,87,86.20689655172414,0.0,129.94559999904516,67.99999999999989,54.85000000000009,14.399999999999997,0.34800000000000025,86.39999999999954,549.5999999999996,903.5435999990442,completed,model_0.98
greenhouse,ET-MPC,N2_iid_loss,2027,persistence,0.035,0.98,hold,30e9b6b070d98207734cf5d31afce33806510830dd62748750b6b3aac6abf810,569714c2f054d7e589e1a1a495e488b7d47d406c61e9837ff2edbc5d46855c34,12ca0f6e05f585cf9d39f2c06178e7b8c550bd464b65480c0a93492d05bf5be9,0.3683172704521366,38.19444444444444,82,86.58536585365853,0.0,134.00639999897083,61.59999999999991,53.90000000000007,21.599999999999994,0.32800000000000024,86.39999999999954,561.5999999999996,919.4343999989699,completed,model_0.98
greenhouse,ET-MPC,N2_iid_loss,2028,persistence,0.035,0.98,hold,9ff10e4a9c0d34b5d55001df3d8c466c18b39dd3c61099030f6a73b9b8873ed6,569714c2f054d7e589e1a1a495e488b7d47d406c61e9837ff2edbc5d46855c34,12ca0f6e05f585cf9d39f2c06178e7b8c550bd464b65480c0a93492d05bf5be9,0.3690365972590399,37.84722222222222,83,91.56626506024097,0.0,135.35999999915146,64.7999999999999,55.25000000000008,20.399999999999995,0.33200000000000024,86.39999999999954,556.7999999999996,919.3419999991506,completed,model_0.98
greenhouse,ET-MPC,N2_iid_loss,2029,persistence,0.035,0.98,hold,b076498aa8b8eba839f2de26c40a6bee423a523993e45385f88bad52ec57285b,569714c2f054d7e589e1a1a495e488b7d47d406c61e9837ff2edbc5d46855c34,12ca0f6e05f585cf9d39f2c06178e7b8c550bd464b65480c0a93492d05bf5be9,0.37113482966921496,38.19444444444444,85,85.88235294117646,0.0,140.77439999938395,63.1999999999999,56.15000000000008,23.999999999999993,0.34000000000000025,86.39999999999954,556.7999999999996,927.664399999383,completed,model_0.98
greenhouse,ET-MPC,N2_iid_loss,2030,persistence,0.035,0.98,hold,69c0e5c210006d420f71e2385a06fb8cb5bf9718a7f8a828f7ab6ecc0fa62c65,569714c2f054d7e589e1a1a495e488b7d47d406c61e9837ff2edbc5d46855c34,12ca0f6e05f585cf9d39f2c06178e7b8c550bd464b65480c0a93492d05bf5be9,0.36985045382039283,38.36805555555556,82,87.8048780487805,0.0,134.00639999917095,63.1999999999999,54.40000000000007,25.199999999999992,0.32800000000000024,86.39999999999954,561.5999999999996,925.13439999917,completed,model_0.98
greenhouse,ET-MPC,N2_iid_loss,2031,persistence,0.035,0.98,hold,53b708dc611d3a58922c48a61aa7ed8de4d368847b3651ae2f70d690bce96a12,569714c2f054d7e589e1a1a495e488b7d47d406c61e9837ff2edbc5d46855c34,12ca0f6e05f585cf9d39f2c06178e7b8c550bd464b65480c0a93492d05bf5be9,0.37170182163309445,37.84722222222222,80,88.75,0.0,134.0063999991118,61.59999999999991,53.90000000000007,25.199999999999992,0.32000000000000023,86.39999999999954,554.3999999999995,915.8263999991109,completed,model_0.98
greenhouse,ET-MPC,N2_iid_loss,2032,persistence,0.035,0.98,hold,f70525e89b70885660df30484978b4ffe640baf2d1bbc93edcb4bffb302f543b,569714c2f054d7e589e1a1a495e488b7d47d406c61e9837ff2edbc5d46855c34,12ca0f6e05f585cf9d39f2c06178e7b8c550bd464b65480c0a93492d05bf5be9,0.37039846168483065,38.02083333333333,81,91.35802469135803,0.0,127.23839999906929,62.399999999999906,52.40000000000007,19.199999999999996,0.32400000000000023,86.39999999999954,561.5999999999996,909.5623999990684,completed,model_0.98
greenhouse,ET-MPC,N2_iid_loss,2033,persistence,0.035,0.98,hold,9fa081b620dd75d70f1ab7495713e7009b74e2a6daee204b5d522ab8c62d5bb0,569714c2f054d7e589e1a1a495e488b7d47d406c61e9837ff2edbc5d46855c34,12ca0f6e05f585cf9d39f2c06178e7b8c550bd464b65480c0a93492d05bf5be9,0.3730993566249857,38.19444444444444,87,82.75862068965517,0.0,143.48159999872541,65.5999999999999,57.60000000000008,26.39999999999999,0.34800000000000025,86.39999999999954,547.1999999999996,927.0295999987245,completed,model_0.98
greenhouse,ET-MPC,N2_iid_loss,2034,persistence,0.035,0.98,hold,8b9c544fed571b762e2790fbda87c508eae2bd846bf7d10d802b197bf95b978e,569714c2f054d7e589e1a1a495e488b7d47d406c61e9837ff2edbc5d46855c34,12ca0f6e05f585cf9d39f2c06178e7b8c550bd464b65480c0a93492d05bf5be9,0.3700738456265879,37.84722222222222,83,89.1566265060241,0.0,127.23839999892947,65.5999999999999,53.40000000000007,13.199999999999998,0.33200000000000024,86.39999999999954,551.9999999999997,898.1703999989286,completed,model_0.98
greenhouse,ET-MPC,N2_iid_loss,2035,persistence,0.035,0.98,hold,c5a37a4db109d04d845afd6ac33be39b1f1ef6d39c91013e79e90bdfb6393916,569714c2f054d7e589e1a1a495e488b7d47d406c61e9837ff2edbc5d46855c34,12ca0f6e05f585cf9d39f2c06178e7b8c550bd464b65480c0a93492d05bf5be9,0.3689480475360348,37.84722222222222,83,89.1566265060241,0.0,134.00639999892536,63.9999999999999,54.65000000000007,20.399999999999995,0.33200000000000024,86.39999999999954,559.1999999999996,918.9883999989245,completed,model_0.98
greenhouse,ET-MPC,N2_iid_loss,2036,persistence,0.035,0.98,hold,63bed8e4dacfa76859eb38c9ee7250a8eceaa9241f5a6d83fe3fd4319c9c37a4,569714c2f054d7e589e1a1a495e488b7d47d406c61e9837ff2edbc5d46855c34,12ca0f6e05f585cf9d39f2c06178e7b8c550bd464b65480c0a93492d05bf5be9,0.37204628319360356,38.02083333333333,84,86.9047619047619,0.0,142.12799999809465,64.7999999999999,57.000000000000085,28.79999999999999,0.33600000000000024,86.39999999999954,547.1999999999996,926.6639999980937,completed,model_0.98
greenhouse,ET-MPC,N2_iid_loss,2037,persistence,0.035,0.98,hold,2bf00689ec41a2e775233abb9b7c2479bfbed00f84b1f21710f3590318d785d8,569714c2f054d7e589e1a1a495e488b7d47d406c61e9837ff2edbc5d46855c34,12ca0f6e05f585cf9d39f2c06178e7b8c550bd464b65480c0a93492d05bf5be9,0.37155940536011034,38.02083333333333,91,83.51648351648352,0.0,147.54239999902174,68.79999999999988,59.650000000000084,26.39999999999999,0.36400000000000027,86.39999999999954,556.7999999999996,945.9563999990207,completed,model_0.98
greenhouse,ET-MPC,N2_iid_loss,2038,persistence,0.035,0.98,hold,7f9649c56e3e041b5fb9bf00f8f193622eecd36d2804c435bbf822b68ec8809e,569714c2f054d7e589e1a1a495e488b7d47d406c61e9837ff2edbc5d46855c34,12ca0f6e05f585cf9d39f2c06178e7b8c550bd464b65480c0a93492d05bf5be9,0.371072070455552,38.02083333333333,79,93.67088607594937,0.0,125.88479999915127,62.399999999999906,52.05000000000007,19.199999999999996,0.3160000000000002,86.39999999999954,556.7999999999996,903.0507999991503,completed,model_0.98
greenhouse,ET-MPC,N2_iid_loss,2039,persistence,0.035,0.98,hold,00b82e497293b7ae99b30cf8da530d60d13ed50ecb3edd04ca1a7400d948ae29,569714c2f054d7e589e1a1a495e488b7d47d406c61e9837ff2edbc5d46855c34,12ca0f6e05f585cf9d39f2c06178e7b8c550bd464b65480c0a93492d05bf5be9,0.3690326742199468,37.84722222222222,86,89.53488372093024,0.0,135.35999999961072,67.19999999999989,56.00000000000008,17.999999999999996,0.34400000000000025,86.39999999999954,547.1999999999996,910.5039999996097,completed,model_0.98
greenhouse,ET-MPC,N2_iid_loss,2040,persistence,0.035,0.98,hold,a8882383073714b9a616b06693e4c9964e2bb2dc396d345e4be664acb328930e,569714c2f054d7e589e1a1a495e488b7d47d406c61e9837ff2edbc5d46855c34,12ca0f6e05f585cf9d39f2c06178e7b8c550bd464b65480c0a93492d05bf5be9,0.3712514520644536,37.84722222222222,86,83.72093023255815,0.0,146.18879999934248,65.5999999999999,58.300000000000075,31.19999999999999,0.34400000000000025,86.39999999999954,549.5999999999996,937.6327999993415,completed,model_0.98
greenhouse,ET-MPC,N2_iid_loss,2026,persistence,0.035,1.0,hold,9036c18c7d80d888e8c92617d900616c92814c133e509d242712a16d765e0bdf,569714c2f054d7e589e1a1a495e488b7d47d406c61e9837ff2edbc5d46855c34,12ca0f6e05f585cf9d39f2c06178e7b8c550bd464b65480c0a93492d05bf5be9,0.3950154994514987,43.22916666666667,79,89.87341772151899,0.0,116.40959999924881,60.79999999999991,49.100000000000065,9.6,0.3160000000000002,86.39999999999954,650.3999999999997,973.025599999248,completed,model_1.0
greenhouse,ET-MPC,N2_iid_loss,2027,persistence,0.035,1.0,hold,30e9b6b070d98207734cf5d31afce33806510830dd62748750b6b3aac6abf810,569714c2f054d7e589e1a1a495e488b7d47d406c61e9837ff2edbc5d46855c34,12ca0f6e05f585cf9d39f2c06178e7b8c550bd464b65480c0a93492d05bf5be9,0.39914095627751145,43.57638888888889,82,86.58536585365853,0.0,128.5919999995944,61.59999999999991,52.50000000000007,20.399999999999995,0.32800000000000024,86.39999999999954,640.7999999999998,990.6199999995937,completed,model_1.0
greenhouse,ET-MPC,N2_iid_loss,2028,persistence,0.035,1.0,hold,9ff10e4a9c0d34b5d55001df3d8c466c18b39dd3c61099030f6a73b9b8873ed6,569714c2f054d7e589e1a1a495e488b7d47d406c61e9837ff2edbc5d46855c34,12ca0f6e05f585cf9d39f2c06178e7b8c550bd464b65480c0a93492d05bf5be9,0.3964638438193011,43.22916666666667,80,92.5,0.0,124.53119999910253,62.399999999999906,51.700000000000074,14.399999999999997,0.32000000000000023,86.39999999999954,645.5999999999998,985.3511999991018,completed,model_1.0
greenhouse,ET-MPC,N2_iid_loss,2029,persistence,0.035,1.0,hold,b076498aa8b8eba839f2de26c40a6bee423a523993e45385f88bad52ec57285b,569714c2f054d7e589e1a1a495e488b7d47d406c61e9837ff2edbc5d46855c34,12ca0f6e05f585cf9d39f2c06178e7b8c550bd464b65480c0a93492d05bf5be9,0.39820252596678685,43.40277777777778,80,92.5,0.0,125.88479999889091,62.399999999999906,52.05000000000007,17.999999999999996,0.32000000000000023,86.39999999999954,647.9999999999998,993.0547999988902,completed,model_1.0
greenhouse,ET-MPC,N2_iid_loss,2030,persistence,0.035,1.0,hold,69c0e5c210006d420f71e2385a06fb8cb5bf9718a7f8a828f7ab6ecc0fa62c65,569714c2f054d7e589e1a1a495e488b7d47d406c61e9837ff2edbc5d46855c34,12ca0f6e05f585cf9d39f2c06178e7b8c550bd464b65480c0a93492d05bf5be9,0.39826178761801617,43.40277777777778,83,85.5421686746988,0.0,136.71359999915933,63.1999999999999,55.10000000000007,26.39999999999999,0.33200000000000024,86.39999999999954,645.5999999999998,1013.7455999991587,completed,model_1.0
greenhouse,ET-MPC,N2_iid_loss,2031,persistence,0.035,1.0,hold,53b708dc611d3a58922c48a61aa7ed8de4d368847b3651ae2f70d690bce96a12,569714c2f054d7e589e1a1a495e488b7d47d406c61e9837ff2edbc5d46855c34,12ca0f6e05f585cf9d39f2c06178e7b8c550bd464b65480c0a93492d05bf5be9,0.39265856710658853,42.70833333333333,82,85.36585365853658,0.0,128.59199999888952,63.1999999999999,53.00000000000007,20.399999999999995,0.32800000000000024,86.39999999999954,657.5999999999997,1009.5199999988886,completed,model_1.0
greenhouse,ET-MPC,N2_iid_loss,2032,persistence,0.035,1.0,hold,f70525e89b70885660df30484978b4ffe640baf2d1bbc93edcb4bffb302f543b,569714c2f054d7e589e1a1a495e488b7d47d406c61e9837ff2edbc5d46855c34,12ca0f6e05f585cf9d39f2c06178e7b8c550bd464b65480c0a93492d05bf5be9,0.3984229827792805,43.40277777777778,86,86.04651162790698,0.0,138.06719999923195,64.7999999999999,55.95000000000008,20.399999999999995,0.34400000000000025,86.39999999999954,647.9999999999998,1013.9611999992312,completed,model_1.0
greenhouse,ET-MPC,N2_iid_loss,2033,persistence,0.035,1.0,hold,9fa081b620dd75d70f1ab7495713e7009b74e2a6daee204b5d522ab8c62d5bb0,569714c2f054d7e589e1a1a495e488b7d47d406c61e9837ff2edbc5d46855c34,12ca0f6e05f585cf9d39f2c06178e7b8c550bd464b65480c0a93492d05bf5be9,0.39589080299879703,43.40277777777778,83,83.13253012048193,0.0,138.0671999994354,62.399999999999906,55.200000000000074,23.999999999999993,0.33200000000000024,86.39999999999954,652.7999999999997,1019.1991999994345,completed,model_1.0
greenhouse,ET-MPC,N2_iid_loss,2034,persistence,0.035,1.0,hold,8b9c544fed571b762e2790fbda87c508eae2bd846bf7d10d802b197bf95b978e,569714c2f054d7e589e1a1a495e488b7d47d406c61e9837ff2edbc5d46855c34,12ca0f6e05f585cf9d39f2c06178e7b8c550bd464b65480c0a93492d05bf5be9,0.3980367606004048,43.22916666666667,90,83.33333333333333,0.0,143.4815999995235,70.39999999999988,59.10000000000009,20.399999999999995,0.36000000000000026,86.39999999999954,647.9999999999998,1028.1415999995227,completed,model_1.0
greenhouse,ET-MPC,N2_iid_loss,2035,persistence,0.035,1.0,hold,c5a37a4db109d04d845afd6ac33be39b1f1ef6d39c91013e79e90bdfb6393916,569714c2f054d7e589e1a1a495e488b7d47d406c61e9837ff2edbc5d46855c34,12ca0f6e05f585cf9d39f2c06178e7b8c550bd464b65480c0a93492d05bf5be9,0.3948519344682417,43.22916666666667,79,91.13924050632912,0.0,127.2383999996275,60.79999999999991,51.90000000000006,19.199999999999996,0.3160000000000002,86.39999999999954,650.3999999999997,996.2543999996267,completed,model_1.0
greenhouse,ET-MPC,N2_iid_loss,2036,persistence,0.035,1.0,hold,63bed8e4dacfa76859eb38c9ee7250a8eceaa9241f5a6d83fe3fd4319c9c37a4,569714c2f054d7e589e1a1a495e488b7d47d406c61e9837ff2edbc5d46855c34,12ca0f6e05f585cf9d39f2c06178e7b8c550bd464b65480c0a93492d05bf5be9,0.39940884031331714,43.05555555555556,81,91.35802469135803,0.0,131.2991999990598,64.7999999999999,54.200000000000074,20.399999999999995,0.32400000000000023,86.39999999999954,643.1999999999998,1000.6231999990591,completed,model_1.0
greenhouse,ET-MPC,N2_iid_loss,2037,persistence,0.035,1.0,hold,2bf00689ec41a2e775233abb9b7c2479bfbed00f84b1f21710f3590318d785d8,569714c2f054d7e589e1a1a495e488b7d47d406c61e9837ff2edbc5d46855c34,12ca0f6e05f585cf9d39f2c06178e7b8c550bd464b65480c0a93492d05bf5be9,0.3993780294229083,43.05555555555556,81,95.06172839506173,0.0,129.94559999878823,64.7999999999999,53.85000000000007,22.799999999999994,0.32400000000000023,86.39999999999954,645.5999999999998,1003.7195999987875,completed,model_1.0
greenhouse,ET-MPC,N2_iid_loss,2038,persistence,0.035,1.0,hold,7f9649c56e3e041b5fb9bf00f8f193622eecd36d2804c435bbf822b68ec8809e,569714c2f054d7e589e1a1a495e488b7d47d406c61e9837ff2edbc5d46855c34,12ca0f6e05f585cf9d39f2c06178e7b8c550bd464b65480c0a93492d05bf5be9,0.397955532506524,43.22916666666667,78,92.3076923076923,0.0,123.17759999919929,61.59999999999991,51.100000000000065,16.799999999999997,0.3120000000000002,86.39999999999954,647.9999999999998,987.3895999991986,completed,model_1.0
greenhouse,ET-MPC,N2_iid_loss,2039,persistence,0.035,1.0,hold,00b82e497293b7ae99b30cf8da530d60d13ed50ecb3edd04ca1a7400d948ae29,569714c2f054d7e589e1a1a495e488b7d47d406c61e9837ff2edbc5d46855c34,12ca0f6e05f585cf9d39f2c06178e7b8c550bd464b65480c0a93492d05bf5be9,0.3970963656908933,43.22916666666667,80,90.0,0.0,119.11679999936224,62.399999999999906,50.300000000000075,10.799999999999999,0.32000000000000023,86.39999999999954,643.1999999999998,972.5367999993616,completed,model_1.0
greenhouse,ET-MPC,N2_iid_loss,2040,persistence,0.035,1.0,hold,a8882383073714b9a616b06693e4c9964e2bb2dc396d345e4be664acb328930e,569714c2f054d7e589e1a1a495e488b7d47d406c61e9837ff2edbc5d46855c34,12ca0f6e05f585cf9d39f2c06178e7b8c550bd464b65480c0a93492d05bf5be9,0.39538849775094603,43.40277777777778,88,78.4090909090909,0.0,147.5423999996186,67.19999999999989,59.150000000000084,27.59999999999999,0.35200000000000026,86.39999999999954,645.5999999999998,1033.844399999618,completed,model_1.0
greenhouse,ET-MPC,N2_iid_loss,2026,persistence,0.035,1.02,hold,9036c18c7d80d888e8c92617d900616c92814c133e509d242712a16d765e0bdf,569714c2f054d7e589e1a1a495e488b7d47d406c61e9837ff2edbc5d46855c34,12ca0f6e05f585cf9d39f2c06178e7b8c550bd464b65480c0a93492d05bf5be9,0.4561052227077809,45.83333333333333,89,86.51685393258427,0.0,139.42079999949095,67.99999999999989,57.300000000000075,17.999999999999996,0.35600000000000026,86.39999999999954,722.3999999999991,1091.8767999994895,completed,model_1.02
greenhouse,ET-MPC,N2_iid_loss,2027,persistence,0.035,1.02,hold,30e9b6b070d98207734cf5d31afce33806510830dd62748750b6b3aac6abf810,569714c2f054d7e589e1a1a495e488b7d47d406c61e9837ff2edbc5d46855c34,12ca0f6e05f585cf9d39f2c06178e7b8c550bd464b65480c0a93492d05bf5be9,0.4607456894240003,46.52777777777778,88,85.22727272727273,0.0,143.48159999894827,68.79999999999988,58.600000000000094,25.199999999999992,0.35200000000000026,86.39999999999954,712.7999999999992,1095.633599998947,completed,model_1.02
greenhouse,ET-MPC,N2_iid_loss,2028,persistence,0.035,1.02,hold,9ff10e4a9c0d34b5d55001df3d8c466c18b39dd3c61099030f6a73b9b8873ed6,569714c2f054d7e589e1a1a495e488b7d47d406c61e9837ff2edbc5d46855c34,12ca0f6e05f585cf9d39f2c06178e7b8c550bd464b65480c0a93492d05bf5be9,0.4544826192862416,46.18055555555556,81,90.12345679012346,0.0,139.42079999961143,61.59999999999991,55.300000000000075,26.39999999999999,0.32400000000000023,86.39999999999954,727.199999999999,1096.6447999996099,completed,model_1.02
greenhouse,ET-MPC,N2_iid_loss,2029,persistence,0.035,1.02,hold,b076498aa8b8eba839f2de26c40a6bee423a523993e45385f88bad52ec57285b,569714c2f054d7e589e1a1a495e488b7d47d406c61e9837ff2edbc5d46855c34,12ca0f6e05f585cf9d39f2c06178e7b8c550bd464b65480c0a93492d05bf5be9,0.4597095825505629,48.26388888888889,87,91.95402298850574,0.0,142.12799999920307,66.39999999999989,57.500000000000085,23.999999999999993,0.34800000000000025,86.39999999999954,722.3999999999991,1099.1759999992016,completed,model_1.02
greenhouse,ET-MPC,N2_iid_loss,2030,persistence,0.035,1.02,hold,69c0e5c210006d420f71e2385a06fb8cb5bf9718a7f8a828f7ab6ecc0fa62c65,569714c2f054d7e589e1a1a495e488b7d47d406c61e9837ff2edbc5d46855c34,12ca0f6e05f585cf9d39f2c06178e7b8c550bd464b65480c0a93492d05bf5be9,0.4587760127861663,48.09027777777778,91,84.61538461538461,0.0,151.6031999992953,67.19999999999989,60.20000000000009,26.39999999999999,0.36400000000000027,86.39999999999954,722.3999999999991,1114.5671999992937,completed,model_1.02
greenhouse,ET-MPC,N2_iid_loss,2031,persistence,0.035,1.02,hold,53b708dc611d3a58922c48a61aa7ed8de4d368847b3651ae2f70d690bce96a12,569714c2f054d7e589e1a1a495e488b7d47d406c61e9837ff2edbc5d46855c34,12ca0f6e05f585cf9d39f2c06178e7b8c550bd464b65480c0a93492d05bf5be9,0.45789623244973615,46.18055555555556,87,83.9080459770115,0.0,139.42079999927725,66.39999999999989,56.80000000000008,22.799999999999994,0.34800000000000025,86.39999999999954,722.3999999999991,1094.5687999992758,completed,model_1.02
greenhouse,ET-MPC,N2_iid_loss,2032,persistence,0.035,1.02,hold,f70525e89b70885660df30484978b4ffe640baf2d1bbc93edcb4bffb302f543b,569714c2f054d7e589e1a1a495e488b7d47d406c61e9837ff2edbc5d46855c34,12ca0f6e05f585cf9d39f2c06178e7b8c550bd464b65480c0a93492d05bf5be9,0.4566926973722328,47.74305555555556,86,86.04651162790698,0.0,135.3599999991799,63.9999999999999,55.00000000000008,17.999999999999996,0.34400000000000025,86.39999999999954,727.199999999999,1086.3039999991784,completed,model_1.02
greenhouse,ET-MPC,N2_iid_loss,2033,persistence,0.035,1.02,hold,9fa081b620dd75d70f1ab7495713e7009b74e2a6daee204b5d522ab8c62d5bb0,569714c2f054d7e589e1a1a495e488b7d47d406c61e9837ff2edbc5d46855c34,12ca0f6e05f585cf9d39f2c06178e7b8c550bd464b65480c0a93492d05bf5be9,0.456800232393603,47.22222222222222,87,88.50574712643679,0.0,140.77439999973296,67.19999999999989,57.40000000000008,20.399999999999995,0.34800000000000025,86.39999999999954,722.3999999999991,1094.9223999997316,completed,model_1.02
greenhouse,ET-MPC,N2_iid_loss,2034,persistence,0.035,1.02,hold,8b9c544fed571b762e2790fbda87c508eae2bd846bf7d10d802b197bf95b978e,569714c2f054d7e589e1a1a495e488b7d47d406c61e9837ff2edbc5d46855c34,12ca0f6e05f585cf9d39f2c06178e7b8c550bd464b65480c0a93492d05bf5be9,0.4565341254542257,46.52777777777778,90,85.55555555555556,0.0,146.18879999966651,69.59999999999988,59.55000000000009,23.999999999999993,0.36000000000000026,86.39999999999954,727.199999999999,1113.298799999665,completed,model_1.02
greenhouse,ET-MPC,N2_iid_loss,2035,persistence,0.035,1.02,hold,c5a37a4db109d04d845afd6ac33be39b1f1ef6d39c91013e79e90bdfb6393916,569714c2f054d7e589e1a1a495e488b7d47d406c61e9837ff2edbc5d46855c34,12ca0f6e05f585cf9d39f2c06178e7b8c550bd464b65480c0a93492d05bf5be9,0.46105876744396124,48.26388888888889,82,92.6829268292683,0.0,138.06719999936266,63.1999999999999,55.450000000000074,23.999999999999993,0.32800000000000024,86.39999999999954,712.7999999999992,1080.2451999993614,completed,model_1.02
greenhouse,ET-MPC,N2_iid_loss,2036,persistence,0.035,1.02,hold,63bed8e4dacfa76859eb38c9ee7250a8eceaa9241f5a6d83fe3fd4319c9c37a4,569714c2f054d7e589e1a1a495e488b7d47d406c61e9837ff2edbc5d46855c34,12ca0f6e05f585cf9d39f2c06178e7b8c550bd464b65480c0a93492d05bf5be9,0.457414970161272,46.18055555555556,86,89.53488372093024,0.0,136.71359999922296,67.19999999999989,56.35000000000007,20.399999999999995,0.34400000000000025,86.39999999999954,719.9999999999991,1087.4075999992215,completed,model_1.02
greenhouse,ET-MPC,N2_iid_loss,2037,persistence,0.035,1.02,hold,2bf00689ec41a2e775233abb9b7c2479bfbed00f84b1f21710f3590318d785d8,569714c2f054d7e589e1a1a495e488b7d47d406c61e9837ff2edbc5d46855c34,12ca0f6e05f585cf9d39f2c06178e7b8c550bd464b65480c0a93492d05bf5be9,0.4578761984098103,47.56944444444444,88,86.36363636363636,0.0,144.83519999933804,68.79999999999988,58.95000000000008,27.59999999999999,0.35200000000000026,86.39999999999954,729.599999999999,1116.5371999993365,completed,model_1.02
greenhouse,ET-MPC,N2_iid_loss,2038,persistence,0.035,1.02,hold,7f9649c56e3e041b5fb9bf00f8f193622eecd36d2804c435bbf822b68ec8809e,569714c2f054d7e589e1a1a495e488b7d47d406c61e9837ff2edbc5d46855c34,12ca0f6e05f585cf9d39f2c06178e7b8c550bd464b65480c0a93492d05bf5be9,0.46093963232023605,48.09027777777778,91,85.71428571428571,0.0,148.89599999930698,68.79999999999988,60.00000000000008,22.799999999999994,0.36400000000000027,86.39999999999954,715.1999999999991,1102.4599999993056,completed,model_1.02
greenhouse,ET-MPC,N2_iid_loss,2039,persistence,0.035,1.02,hold,00b82e497293b7ae99b30cf8da530d60d13ed50ecb3edd04ca1a7400d948ae29,569714c2f054d7e589e1a1a495e488b7d47d406c61e9837ff2edbc5d46855c34,12ca0f6e05f585cf9d39f2c06178e7b8c550bd464b65480c0a93492d05bf5be9,0.4598713055674307,48.26388888888889,87,87.35632183908046,0.0,140.7743999991236,67.99999999999989,57.65000000000008,20.399999999999995,0.34800000000000025,86.39999999999954,712.7999999999992,1086.3723999991223,completed,model_1.02
greenhouse,ET-MPC,N2_iid_loss,2040,persistence,0.035,1.02,hold,a8882383073714b9a616b06693e4c9964e2bb2dc396d345e4be664acb328930e,569714c2f054d7e589e1a1a495e488b7d47d406c61e9837ff2edbc5d46855c34,12ca0f6e05f585cf9d39f2c06178e7b8c550bd464b65480c0a93492d05bf5be9,0.45613104685360517,48.26388888888889,88,87.5,0.0,146.18879999928788,66.39999999999989,58.55000000000009,27.59999999999999,0.35200000000000026,86.39999999999954,722.3999999999991,1107.8907999992864,completed,model_1.02
greenhouse,ET-MPC,N2_iid_loss,2026,persistence,0.035,1.0,zero,9036c18c7d80d888e8c92617d900616c92814c133e509d242712a16d765e0bdf,569714c2f054d7e589e1a1a495e488b7d47d406c61e9837ff2edbc5d46855c34,12ca0f6e05f585cf9d39f2c06178e7b8c550bd464b65480c0a93492d05bf5be9,0.4095983309279715,43.92361111111111,79,88.60759493670886,0.0,119.11679999963737,59.999999999999915,49.55000000000007,10.799999999999999,0.3160000000000002,86.39999999999954,614.4000000000001,940.582799999637,completed,buffer_no_buffer
greenhouse,ET-MPC,N2_iid_loss,2027,persistence,0.035,1.0,zero,30e9b6b070d98207734cf5d31afce33806510830dd62748750b6b3aac6abf810,569714c2f054d7e589e1a1a495e488b7d47d406c61e9837ff2edbc5d46855c34,12ca0f6e05f585cf9d39f2c06178e7b8c550bd464b65480c0a93492d05bf5be9,0.40739901743108925,43.57638888888889,80,87.5,0.0,128.59199999959438,59.999999999999915,52.000000000000064,22.799999999999994,0.32000000000000023,86.39999999999954,616.8000000000001,966.911999999594,completed,buffer_no_buffer
greenhouse,ET-MPC,N2_iid_loss,2028,persistence,0.035,1.0,zero,9ff10e4a9c0d34b5d55001df3d8c466c18b39dd3c61099030f6a73b9b8873ed6,569714c2f054d7e589e1a1a495e488b7d47d406c61e9837ff2edbc5d46855c34,12ca0f6e05f585cf9d39f2c06178e7b8c550bd464b65480c0a93492d05bf5be9,0.4217039819695989,43.40277777777778,84,92.85714285714286,0.0,134.00639999944377,64.7999999999999,54.900000000000084,19.199999999999996,0.33600000000000024,86.39999999999954,595.2000000000002,954.8423999994434,completed,buffer_no_buffer
greenhouse,ET-MPC,N2_iid_loss,2029,persistence,0.035,1.0,zero,b076498aa8b8eba839f2de26c40a6bee423a523993e45385f88bad52ec57285b,569714c2f054d7e589e1a1a495e488b7d47d406c61e9837ff2edbc5d46855c34,12ca0f6e05f585cf9d39f2c06178e7b8c550bd464b65480c0a93492d05bf5be9,0.40685660223482933,44.27083333333333,81,92.5925925925926,0.0,131.29919999904047,63.1999999999999,53.700000000000074,20.399999999999995,0.32400000000000023,86.39999999999954,616.8000000000001,972.12319999904,completed,buffer_no_buffer
greenhouse,ET-MPC,N2_iid_loss,2030,persistence,0.035,1.0,zero,69c0e5c210006d420f71e2385a06fb8cb5bf9718a7f8a828f7ab6ecc0fa62c65,569714c2f054d7e589e1a1a495e488b7d47d406c61e9837ff2edbc5d46855c34,12ca0f6e05f585cf9d39f2c06178e7b8c550bd464b65480c0a93492d05bf5be9,0.41778450537180284,45.3125,88,80.68181818181819,0.0,154.31039999940194,65.5999999999999,60.400000000000084,32.39999999999999,0.35200000000000026,86.39999999999954,592.8000000000002,992.2623999994016,completed,buffer_no_buffer
greenhouse,ET-MPC,N2_iid_loss,2031,persistence,0.035,1.0,zero,53b708dc611d3a58922c48a61aa7ed8de4d368847b3651ae2f70d690bce96a12,569714c2f054d7e589e1a1a495e488b7d47d406c61e9837ff2edbc5d46855c34,12ca0f6e05f585cf9d39f2c06178e7b8c550bd464b65480c0a93492d05bf5be9,0.43236364606301375,43.75,91,84.61538461538461,0.0,144.83519999941993,71.19999999999987,59.70000000000009,22.799999999999994,0.36400000000000027,86.39999999999954,571.2000000000002,956.4991999994195,completed,buffer_no_buffer
greenhouse,ET-MPC,N2_iid_loss,2032,persistence,0.035,1.0,zero,f70525e89b70885660df30484978b4ffe640baf2d1bbc93edcb4bffb302f543b,569714c2f054d7e589e1a1a495e488b7d47d406c61e9837ff2edbc5d46855c34,12ca0f6e05f585cf9d39f2c06178e7b8c550bd464b65480c0a93492d05bf5be9,0.4031163555148378,43.57638888888889,82,90.2439024390244,0.0,131.2991999991428,63.1999999999999,53.700000000000074,19.199999999999996,0.32800000000000024,86.39999999999954,631.1999999999999,985.3271999991422,completed,buffer_no_buffer
greenhouse,ET-MPC,N2_iid_loss,2033,persistence,0.035,1.0,zero,9fa081b620dd75d70f1ab7495713e7009b74e2a6daee204b5d522ab8c62d5bb0,569714c2f054d7e589e1a1a495e488b7d47d406c61e9837ff2edbc5d46855c34,12ca0f6e05f585cf9d39f2c06178e7b8c550bd464b65480c0a93492d05bf5be9,0.45309009064313,44.09722222222222,102,79.41176470588235,0.0,166.4927999990039,76.79999999999986,67.05000000000005,27.59999999999999,0.4080000000000003,86.39999999999954,540.0,964.7507999990033,completed,buffer_no_buffer
greenhouse,ET-MPC,N2_iid_loss,2034,persistence,0.035,1.0,zero,8b9c544fed571b762e2790fbda87c508eae2bd846bf7d10d802b197bf95b978e,569714c2f054d7e589e1a1a495e488b7d47d406c61e9837ff2edbc5d46855c34,12ca0f6e05f585cf9d39f2c06178e7b8c550bd464b65480c0a93492d05bf5be9,0.42186841533043923,43.75,92,84.78260869565217,0.0,143.481599999378,71.99999999999987,59.600000000000094,17.999999999999996,0.36800000000000027,86.39999999999954,592.8000000000002,972.6495999993776,completed,buffer_no_buffer
greenhouse,ET-MPC,N2_iid_loss,2035,persistence,0.035,1.0,zero,c5a37a4db109d04d845afd6ac33be39b1f1ef6d39c91013e79e90bdfb6393916,569714c2f054d7e589e1a1a495e488b7d47d406c61e9837ff2edbc5d46855c34,12ca0f6e05f585cf9d39f2c06178e7b8c550bd464b65480c0a93492d05bf5be9,0.401086997317995,44.44444444444444,78,91.02564102564102,0.0,119.11679999933496,61.59999999999991,50.05000000000006,13.199999999999998,0.3120000000000002,86.39999999999954,628.8,959.4787999993343,completed,buffer_no_buffer
greenhouse,ET-MPC,N2_iid_loss,2036,persistence,0.035,1.0,zero,63bed8e4dacfa76859eb38c9ee7250a8eceaa9241f5a6d83fe3fd4319c9c37a4,569714c2f054d7e589e1a1a495e488b7d47d406c61e9837ff2edbc5d46855c34,12ca0f6e05f585cf9d39f2c06178e7b8c550bd464b65480c0a93492d05bf5be9,0.414583220375725,44.44444444444444,79,91.13924050632912,0.0,127.23839999920459,63.1999999999999,52.65000000000007,20.399999999999995,0.3160000000000002,86.39999999999954,602.4000000000001,952.6043999992041,completed,buffer_no_buffer
greenhouse,ET-MPC,N2_iid_loss,2037,persistence,0.035,1.0,zero,2bf00689ec41a2e775233abb9b7c2479bfbed00f84b1f21710f3590318d785d8,569714c2f054d7e589e1a1a495e488b7d47d406c61e9837ff2edbc5d46855c34,12ca0f6e05f585cf9d39f2c06178e7b8c550bd464b65480c0a93492d05bf5be9,0.40575478415961147,43.40277777777778,83,93.97590361445783,0.0,128.591999998885,65.5999999999999,53.75000000000007,19.199999999999996,0.33200000000000024,86.39999999999954,631.1999999999999,985.0739999988843,completed,buffer_no_buffer
greenhouse,ET-MPC,N2_iid_loss,2038,persistence,0.035,1.0,zero,7f9649c56e3e041b5fb9bf00f8f193622eecd36d2804c435bbf822b68ec8809e,569714c2f054d7e589e1a1a495e488b7d47d406c61e9837ff2edbc5d46855c34,12ca0f6e05f585cf9d39f2c06178e7b8c550bd464b65480c0a93492d05bf5be9,0.4051355874227933,43.40277777777778,79,92.40506329113924,0.0,124.531199998957,61.59999999999991,51.45000000000007,16.799999999999997,0.3160000000000002,86.39999999999954,626.3999999999999,967.4971999989564,completed,buffer_no_buffer
greenhouse,ET-MPC,N2_iid_loss,2039,persistence,0.035,1.0,zero,00b82e497293b7ae99b30cf8da530d60d13ed50ecb3edd04ca1a7400d948ae29,569714c2f054d7e589e1a1a495e488b7d47d406c61e9837ff2edbc5d46855c34,12ca0f6e05f585cf9d39f2c06178e7b8c550bd464b65480c0a93492d05bf5be9,0.4001241394917715,44.09722222222222,77,93.50649350649351,0.0,121.82399999945974,59.999999999999915,50.250000000000064,16.799999999999997,0.3080000000000002,86.39999999999954,628.8,964.3819999994591,completed,buffer_no_buffer
greenhouse,ET-MPC,N2_iid_loss,2040,persistence,0.035,1.0,zero,a8882383073714b9a616b06693e4c9964e2bb2dc396d345e4be664acb328930e,569714c2f054d7e589e1a1a495e488b7d47d406c61e9837ff2edbc5d46855c34,12ca0f6e05f585cf9d39f2c06178e7b8c550bd464b65480c0a93492d05bf5be9,0.42012710030451783,43.57638888888889,84,83.33333333333333,0.0,144.83519999908452,62.399999999999906,56.950000000000074,28.79999999999999,0.33600000000000024,86.39999999999954,592.8000000000002,972.5211999990843,completed,buffer_no_buffer
greenhouse,ET-MPC,N3_burst_loss,2026,persistence,0.02,1.0,hold,88944b10feb25e13f8fab9510dc432801ada46642ac47224362a0ee4d20fb1ca,569714c2f054d7e589e1a1a495e488b7d47d406c61e9837ff2edbc5d46855c34,12ca0f6e05f585cf9d39f2c06178e7b8c550bd464b65480c0a93492d05bf5be9,0.39830836421413957,43.22916666666667,143,74.12587412587412,0.0,246.35519999854105,97.59999999999978,94.1999999999999,52.800000000000026,0.5720000000000004,86.39999999999954,647.9999999999998,1225.9271999985401,completed,trigger_0.02
greenhouse,ET-MPC,N3_burst_loss,2027,persistence,0.02,1.0,hold,a91ce684a6e8aaae22fd088e074795a2d59b8d5a32f393bda0763a5ea31ec3d5,569714c2f054d7e589e1a1a495e488b7d47d406c61e9837ff2edbc5d46855c34,12ca0f6e05f585cf9d39f2c06178e7b8c550bd464b65480c0a93492d05bf5be9,0.3961532931332687,43.05555555555556,147,69.38775510204081,0.0,262.598399998991,96.79999999999978,98.14999999999992,56.40000000000005,0.5880000000000004,86.39999999999954,652.7999999999997,1253.73639999899,completed,trigger_0.02
greenhouse,ET-MPC,N3_burst_loss,2028,persistence,0.02,1.0,hold,88eab80a014461cd90790cb607d2487b5d1c24edaed2469e54a93dd998ba0e0a,569714c2f054d7e589e1a1a495e488b7d47d406c61e9837ff2edbc5d46855c34,12ca0f6e05f585cf9d39f2c06178e7b8c550bd464b65480c0a93492d05bf5be9,0.3935729299021011,43.05555555555556,137,71.53284671532846,0.0,247.7087999985228,88.79999999999981,91.79999999999994,56.40000000000005,0.5480000000000004,86.39999999999954,650.3999999999997,1222.056799998522,completed,trigger_0.02
greenhouse,ET-MPC,N3_burst_loss,2029,persistence,0.02,1.0,hold,cc454fa64ffb9816524d54adfdd12a8af3d407c2649a9766dc24912580780377,569714c2f054d7e589e1a1a495e488b7d47d406c61e9837ff2edbc5d46855c34,12ca0f6e05f585cf9d39f2c06178e7b8c550bd464b65480c0a93492d05bf5be9,0.3978350565310065,43.40277777777778,139,76.2589928057554,0.0,243.64799999859946,96.79999999999978,93.24999999999996,52.80000000000004,0.5560000000000004,86.39999999999954,650.3999999999997,1223.8539999985985,completed,trigger_0.02
greenhouse,ET-MPC,N3_burst_loss,2030,persistence,0.02,1.0,hold,7e348beda0a6b1c7e0ef7be4c44d08d4a3241ffb52ded24d25ee4ea7ba4d9007,569714c2f054d7e589e1a1a495e488b7d47d406c61e9837ff2edbc5d46855c34,12ca0f6e05f585cf9d39f2c06178e7b8c550bd464b65480c0a93492d05bf5be9,0.3984017782635711,43.22916666666667,137,82.48175182481752,0.0,239.58719999861927,97.59999999999978,92.44999999999997,51.60000000000004,0.5480000000000004,86.39999999999954,640.7999999999998,1208.9851999986186,completed,trigger_0.02
greenhouse,ET-MPC,N3_burst_loss,2031,persistence,0.02,1.0,hold,10901f9f2d1dc9c838bce7a01666383ef073aea44f4edb34414e1f45d311663a,569714c2f054d7e589e1a1a495e488b7d47d406c61e9837ff2edbc5d46855c34,12ca0f6e05f585cf9d39f2c06178e7b8c550bd464b65480c0a93492d05bf5be9,0.3948892719439084,43.05555555555556,148,71.62162162162163,0.0,250.41599999985038,99.99999999999977,95.99999999999989,45.60000000000002,0.5920000000000004,86.39999999999954,650.3999999999997,1229.4079999998494,completed,trigger_0.02
greenhouse,ET-MPC,N3_burst_loss,2032,persistence,0.02,1.0,hold,9117a43ac635476a9ed3ab34ba9cf81ce70c641d93ebc125d6332f465cfcbc44,569714c2f054d7e589e1a1a495e488b7d47d406c61e9837ff2edbc5d46855c34,12ca0f6e05f585cf9d39f2c06178e7b8c550bd464b65480c0a93492d05bf5be9,0.4005360677834929,43.22916666666667,147,72.10884353741497,0.0,277.48799999735684,94.39999999999979,101.24999999999997,73.20000000000009,0.5880000000000004,86.39999999999954,640.7999999999998,1274.1259999973558,completed,trigger_0.02
greenhouse,ET-MPC,N3_burst_loss,2033,persistence,0.02,1.0,hold,1484ed5cfb7677ae4ab4e37b0f8664e31741e6e5a08d940ae42cab269061463e,569714c2f054d7e589e1a1a495e488b7d47d406c61e9837ff2edbc5d46855c34,12ca0f6e05f585cf9d39f2c06178e7b8c550bd464b65480c0a93492d05bf5be9,0.3961832337776438,43.22916666666667,143,73.42657342657343,0.0,255.8303999976684,94.39999999999979,95.64999999999999,62.40000000000006,0.5720000000000004,86.39999999999954,645.5999999999998,1240.8523999976676,completed,trigger_0.02
greenhouse,ET-MPC,N3_burst_loss,2034,persistence,0.02,1.0,hold,a5be3e3a58a47793d28376e7e893c19eac27b6039573a686a5625fd4cdb6148c,569714c2f054d7e589e1a1a495e488b7d47d406c61e9837ff2edbc5d46855c34,12ca0f6e05f585cf9d39f2c06178e7b8c550bd464b65480c0a93492d05bf5be9,0.3983797797767918,43.22916666666667,139,74.10071942446044,0.0,254.47679999912032,89.59999999999981,93.79999999999994,61.20000000000005,0.5560000000000004,86.39999999999954,645.5999999999998,1231.6327999991195,completed,trigger_0.02
greenhouse,ET-MPC,N3_burst_loss,2035,persistence,0.02,1.0,hold,f6c2076e83e8ee7e4e95b8f3c884d265bbad340ea56d395545c12fb6f876bcd4,569714c2f054d7e589e1a1a495e488b7d47d406c61e9837ff2edbc5d46855c34,12ca0f6e05f585cf9d39f2c06178e7b8c550bd464b65480c0a93492d05bf5be9,0.3959119056041528,43.22916666666667,137,80.2919708029197,0.0,230.11199999835534,96.79999999999978,89.74999999999997,40.80000000000001,0.5480000000000004,86.39999999999954,650.3999999999997,1194.8099999983544,completed,trigger_0.02
greenhouse,ET-MPC,N3_burst_loss,2036,persistence,0.02,1.0,hold,40dd7633b8ccd2275e829f60c4a33df64c9b9a52c01b56c5d5c87ad35f853b72,569714c2f054d7e589e1a1a495e488b7d47d406c61e9837ff2edbc5d46855c34,12ca0f6e05f585cf9d39f2c06178e7b8c550bd464b65480c0a93492d05bf5be9,0.39849081250507595,43.22916666666667,130,84.61538461538461,0.0,220.63679999836404,91.1999999999998,85.54999999999994,45.600000000000016,0.5200000000000004,86.39999999999954,645.5999999999998,1175.506799998363,completed,trigger_0.02
greenhouse,ET-MPC,N3_burst_loss,2037,persistence,0.02,1.0,hold,fda595c86496a3be152cbc2077a0f6bc34d8c7d1bb5e57f0d2e11cc9b808d4d2,569714c2f054d7e589e1a1a495e488b7d47d406c61e9837ff2edbc5d46855c34,12ca0f6e05f585cf9d39f2c06178e7b8c550bd464b65480c0a93492d05bf5be9,0.3987280130041938,43.22916666666667,141,70.92198581560284,0.0,265.30559999786766,91.9999999999998,97.35,68.40000000000008,0.5640000000000004,86.39999999999954,647.9999999999998,1258.0195999978669,completed,trigger_0.02
greenhouse,ET-MPC,N3_burst_loss,2038,persistence,0.02,1.0,hold,c2b7735fd3ccfa557a31d54e0b2b44751938e8a1edb53aef9ba875882395150f,569714c2f054d7e589e1a1a495e488b7d47d406c61e9837ff2edbc5d46855c34,12ca0f6e05f585cf9d39f2c06178e7b8c550bd464b65480c0a93492d05bf5be9,0.39558987441466487,43.05555555555556,142,73.94366197183099,0.0,249.0623999982693,95.99999999999979,94.39999999999995,54.000000000000036,0.5680000000000004,86.39999999999954,650.3999999999997,1230.8303999982684,completed,trigger_0.02
greenhouse,ET-MPC,N3_burst_loss,2039,persistence,0.02,1.0,hold,b7864cd3f652b026eeb161a2e9a3b988c788436c717e0475c37f0856866f8330,569714c2f054d7e589e1a1a495e488b7d47d406c61e9837ff2edbc5d46855c34,12ca0f6e05f585cf9d39f2c06178e7b8c550bd464b65480c0a93492d05bf5be9,0.39622768839454797,43.22916666666667,137,78.10218978102189,0.0,235.5263999985594,93.5999999999998,90.14999999999996,46.800000000000026,0.5480000000000004,86.39999999999954,645.5999999999998,1198.6243999985586,completed,trigger_0.02
greenhouse,ET-MPC,N3_burst_loss,2040,persistence,0.02,1.0,hold,75185368f172f4aff807823e76d0eb466b805439ea58e5dd70e8fd4d75d6451e,569714c2f054d7e589e1a1a495e488b7d47d406c61e9837ff2edbc5d46855c34,12ca0f6e05f585cf9d39f2c06178e7b8c550bd464b65480c0a93492d05bf5be9,0.39887410163865494,43.40277777777778,148,69.5945945945946,0.0,274.780799999316,95.99999999999979,101.04999999999991,69.60000000000007,0.5920000000000004,86.39999999999954,650.3999999999997,1278.822799999315,completed,trigger_0.02
greenhouse,ET-MPC,N3_burst_loss,2026,persistence,0.035,1.0,hold,88944b10feb25e13f8fab9510dc432801ada46642ac47224362a0ee4d20fb1ca,569714c2f054d7e589e1a1a495e488b7d47d406c61e9837ff2edbc5d46855c34,12ca0f6e05f585cf9d39f2c06178e7b8c550bd464b65480c0a93492d05bf5be9,0.3982882166918698,43.22916666666667,91,75.82417582417582,0.0,155.66399999935857,62.399999999999906,59.75000000000008,31.19999999999999,0.36400000000000027,86.39999999999954,647.9999999999998,1043.7779999993577,completed,trigger_0.035
greenhouse,ET-MPC,N3_burst_loss,2027,persistence,0.035,1.0,hold,a91ce684a6e8aaae22fd088e074795a2d59b8d5a32f393bda0763a5ea31ec3d5,569714c2f054d7e589e1a1a495e488b7d47d406c61e9837ff2edbc5d46855c34,12ca0f6e05f585cf9d39f2c06178e7b8c550bd464b65480c0a93492d05bf5be9,0.3993721128403616,43.22916666666667,96,70.83333333333333,0.0,174.61439999837785,63.9999999999999,65.15000000000009,42.000000000000014,0.3840000000000003,86.39999999999954,645.5999999999998,1078.148399998377,completed,trigger_0.035
greenhouse,ET-MPC,N3_burst_loss,2028,persistence,0.035,1.0,hold,88eab80a014461cd90790cb607d2487b5d1c24edaed2469e54a93dd998ba0e0a,569714c2f054d7e589e1a1a495e488b7d47d406c61e9837ff2edbc5d46855c34,12ca0f6e05f585cf9d39f2c06178e7b8c550bd464b65480c0a93492d05bf5be9,0.3922780719489213,43.05555555555556,97,69.0721649484536,0.0,171.90719999839862,63.1999999999999,64.20000000000009,39.6,0.3880000000000003,86.39999999999954,657.5999999999997,1083.295199998398,completed,trigger_0.035
greenhouse,ET-MPC,N3_burst_loss,2029,persistence,0.035,1.0,hold,cc454fa64ffb9816524d54adfdd12a8af3d407c2649a9766dc24912580780377,569714c2f054d7e589e1a1a495e488b7d47d406c61e9837ff2edbc5d46855c34,12ca0f6e05f585cf9d39f2c06178e7b8c550bd464b65480c0a93492d05bf5be9,0.3946601076720814,43.22916666666667,96,71.875,0.0,173.26079999913858,65.5999999999999,65.3000000000001,39.60000000000001,0.3840000000000003,86.39999999999954,657.5999999999997,1088.1447999991378,completed,trigger_0.035
greenhouse,ET-MPC,N3_burst_loss,2030,persistence,0.035,1.0,hold,7e348beda0a6b1c7e0ef7be4c44d08d4a3241ffb52ded24d25ee4ea7ba4d9007,569714c2f054d7e589e1a1a495e488b7d47d406c61e9837ff2edbc5d46855c34,12ca0f6e05f585cf9d39f2c06178e7b8c550bd464b65480c0a93492d05bf5be9,0.3987554093455071,43.40277777777778,90,78.88888888888889,0.0,161.07839999902725,59.999999999999915,60.40000000000009,38.400000000000006,0.36000000000000026,86.39999999999954,643.1999999999998,1049.8383999990265,completed,trigger_0.035
greenhouse,ET-MPC,N3_burst_loss,2031,persistence,0.035,1.0,hold,10901f9f2d1dc9c838bce7a01666383ef073aea44f4edb34414e1f45d311663a,569714c2f054d7e589e1a1a495e488b7d47d406c61e9837ff2edbc5d46855c34,12ca0f6e05f585cf9d39f2c06178e7b8c550bd464b65480c0a93492d05bf5be9,0.39808815642430734,43.22916666666667,92,73.91304347826087,0.0,165.13920000026488,59.19999999999992,61.200000000000095,38.400000000000006,0.36800000000000027,86.39999999999954,643.1999999999998,1053.9072000002643,completed,trigger_0.035
greenhouse,ET-MPC,N3_burst_loss,2032,persistence,0.035,1.0,hold,9117a43ac635476a9ed3ab34ba9cf81ce70c641d93ebc125d6332f465cfcbc44,569714c2f054d7e589e1a1a495e488b7d47d406c61e9837ff2edbc5d46855c34,12ca0f6e05f585cf9d39f2c06178e7b8c550bd464b65480c0a93492d05bf5be9,0.3992640385616132,43.22916666666667,88,77.27272727272727,0.0,158.37119999886266,59.19999999999992,59.45000000000009,37.2,0.35200000000000026,86.39999999999954,643.1999999999998,1044.173199998862,completed,trigger_0.035
greenhouse,ET-MPC,N3_burst_loss,2033,persistence,0.035,1.0,hold,1484ed5cfb7677ae4ab4e37b0f8664e31741e6e5a08d940ae42cab269061463e,569714c2f054d7e589e1a1a495e488b7d47d406c61e9837ff2edbc5d46855c34,12ca0f6e05f585cf9d39f2c06178e7b8c550bd464b65480c0a93492d05bf5be9,0.39801612002067954,43.22916666666667,95,74.73684210526316,0.0,167.84639999840132,64.7999999999999,63.6500000000001,38.400000000000006,0.3800000000000003,86.39999999999954,640.7999999999998,1062.2763999984008,completed,trigger_0.035
greenhouse,ET-MPC,N3_burst_loss,2034,persistence,0.035,1.0,hold,a5be3e3a58a47793d28376e7e893c19eac27b6039573a686a5625fd4cdb6148c,569714c2f054d7e589e1a1a495e488b7d47d406c61e9837ff2edbc5d46855c34,12ca0f6e05f585cf9d39f2c06178e7b8c550bd464b65480c0a93492d05bf5be9,0.39661363328879645,43.22916666666667,97,65.97938144329896,0.0,186.7967999996613,56.799999999999926,66.05000000000008,50.40000000000003,0.3880000000000003,86.39999999999954,650.3999999999997,1097.2347999996605,completed,trigger_0.035
greenhouse,ET-MPC,N3_burst_loss,2035,persistence,0.035,1.0,hold,f6c2076e83e8ee7e4e95b8f3c884d265bbad340ea56d395545c12fb6f876bcd4,569714c2f054d7e589e1a1a495e488b7d47d406c61e9837ff2edbc5d46855c34,12ca0f6e05f585cf9d39f2c06178e7b8c550bd464b65480c0a93492d05bf5be9,0.3986265946243692,43.22916666666667,87,79.3103448275862,0.0,148.89599999919326,61.59999999999991,57.75000000000009,27.59999999999999,0.34800000000000025,86.39999999999954,645.5999999999998,1028.1939999991926,completed,trigger_0.035
greenhouse,ET-MPC,N3_burst_loss,2036,persistence,0.035,1.0,hold,40dd7633b8ccd2275e829f60c4a33df64c9b9a52c01b56c5d5c87ad35f853b72,569714c2f054d7e589e1a1a495e488b7d47d406c61e9837ff2edbc5d46855c34,12ca0f6e05f585cf9d39f2c06178e7b8c550bd464b65480c0a93492d05bf5be9,0.398022503600797,43.22916666666667,90,80.0,0.0,157.01759999903103,61.59999999999991,59.850000000000094,36.0,0.36000000000000026,86.39999999999954,643.1999999999998,1044.4275999990305,completed,trigger_0.035
greenhouse,ET-MPC,N3_burst_loss,2037,persistence,0.035,1.0,hold,fda595c86496a3be152cbc2077a0f6bc34d8c7d1bb5e57f0d2e11cc9b808d4d2,569714c2f054d7e589e1a1a495e488b7d47d406c61e9837ff2edbc5d46855c34,12ca0f6e05f585cf9d39f2c06178e7b8c550bd464b65480c0a93492d05bf5be9,0.3988586951794182,43.22916666666667,97,69.0721649484536,0.0,177.3215999988301,63.1999999999999,65.6000000000001,42.000000000000014,0.3880000000000003,86.39999999999954,647.9999999999998,1082.9095999988294,completed,trigger_0.035
greenhouse,ET-MPC,N3_burst_loss,2038,persistence,0.035,1.0,hold,c2b7735fd3ccfa557a31d54e0b2b44751938e8a1edb53aef9ba875882395150f,569714c2f054d7e589e1a1a495e488b7d47d406c61e9837ff2edbc5d46855c34,12ca0f6e05f585cf9d39f2c06178e7b8c550bd464b65480c0a93492d05bf5be9,0.3956424779325826,43.05555555555556,92,76.08695652173913,0.0,161.0783999985043,63.1999999999999,61.400000000000084,36.0,0.36800000000000027,86.39999999999954,650.3999999999997,1058.8463999985036,completed,trigger_0.035
greenhouse,ET-MPC,N3_burst_loss,2039,persistence,0.035,1.0,hold,b7864cd3f652b026eeb161a2e9a3b988c788436c717e0475c37f0856866f8330,569714c2f054d7e589e1a1a495e488b7d47d406c61e9837ff2edbc5d46855c34,12ca0f6e05f585cf9d39f2c06178e7b8c550bd464b65480c0a93492d05bf5be9,0.3919468509653004,43.05555555555556,93,72.04301075268818,0.0,161.0783999981723,63.1999999999999,61.400000000000105,32.39999999999999,0.3720000000000003,86.39999999999954,655.1999999999997,1060.0503999981715,completed,trigger_0.035
greenhouse,ET-MPC,N3_burst_loss,2040,persistence,0.035,1.0,hold,75185368f172f4aff807823e76d0eb466b805439ea58e5dd70e8fd4d75d6451e,569714c2f054d7e589e1a1a495e488b7d47d406c61e9837ff2edbc5d46855c34,12ca0f6e05f585cf9d39f2c06178e7b8c550bd464b65480c0a93492d05bf5be9,0.4036452661330316,43.40277777777778,98,67.34693877551021,0.0,177.32159999983963,61.59999999999991,65.1000000000001,42.000000000000014,0.3920000000000003,86.39999999999954,640.7999999999998,1073.613599999839,completed,trigger_0.035
greenhouse,ET-MPC,N3_burst_loss,2026,persistence,0.07,1.0,hold,88944b10feb25e13f8fab9510dc432801ada46642ac47224362a0ee4d20fb1ca,569714c2f054d7e589e1a1a495e488b7d47d406c61e9837ff2edbc5d46855c34,12ca0f6e05f585cf9d39f2c06178e7b8c550bd464b65480c0a93492d05bf5be9,0.39838377410141734,43.22916666666667,47,80.85106382978724,0.0,79.86239999940913,33.60000000000001,31.150000000000016,14.399999999999997,0.18800000000000014,86.39999999999954,652.7999999999997,898.4003999994084,completed,trigger_0.07
greenhouse,ET-MPC,N3_burst_loss,2027,persistence,0.07,1.0,hold,a91ce684a6e8aaae22fd088e074795a2d59b8d5a32f393bda0763a5ea31ec3d5,569714c2f054d7e589e1a1a495e488b7d47d406c61e9837ff2edbc5d46855c34,12ca0f6e05f585cf9d39f2c06178e7b8c550bd464b65480c0a93492d05bf5be9,0.39603209181321947,43.05555555555556,50,74.0,0.0,89.33759999922177,37.599999999999994,34.850000000000016,22.799999999999994,0.20000000000000015,86.39999999999954,655.1999999999997,926.387599999221,completed,trigger_0.07
greenhouse,ET-MPC,N3_burst_loss,2028,persistence,0.07,1.0,hold,88eab80a014461cd90790cb607d2487b5d1c24edaed2469e54a93dd998ba0e0a,569714c2f054d7e589e1a1a495e488b7d47d406c61e9837ff2edbc5d46855c34,12ca0f6e05f585cf9d39f2c06178e7b8c550bd464b65480c0a93492d05bf5be9,0.39707223481261056,43.05555555555556,54,68.51851851851852,0.0,97.45919999921534,36.8,36.700000000000024,22.799999999999994,0.21600000000000016,86.39999999999954,640.7999999999998,921.1751999992148,completed,trigger_0.07
greenhouse,ET-MPC,N3_burst_loss,2029,persistence,0.07,1.0,hold,cc454fa64ffb9816524d54adfdd12a8af3d407c2649a9766dc24912580780377,569714c2f054d7e589e1a1a495e488b7d47d406c61e9837ff2edbc5d46855c34,12ca0f6e05f585cf9d39f2c06178e7b8c550bd464b65480c0a93492d05bf5be9,0.39428500929325694,42.70833333333333,49,79.59183673469387,0.0,79.86239999991845,36.8,32.15000000000002,14.399999999999997,0.19600000000000015,86.39999999999954,655.1999999999997,905.0083999999176,completed,trigger_0.07
greenhouse,ET-MPC,N3_burst_loss,2030,persistence,0.07,1.0,hold,7e348beda0a6b1c7e0ef7be4c44d08d4a3241ffb52ded24d25ee4ea7ba4d9007,569714c2f054d7e589e1a1a495e488b7d47d406c61e9837ff2edbc5d46855c34,12ca0f6e05f585cf9d39f2c06178e7b8c550bd464b65480c0a93492d05bf5be9,0.3952875085959952,43.22916666666667,47,78.72340425531915,0.0,83.92319999991919,32.000000000000014,31.70000000000001,19.199999999999996,0.18800000000000014,86.39999999999954,647.9999999999998,901.4111999999185,completed,trigger_0.07
greenhouse,ET-MPC,N3_burst_loss,2031,persistence,0.07,1.0,hold,10901f9f2d1dc9c838bce7a01666383ef073aea44f4edb34414e1f45d311663a,569714c2f054d7e589e1a1a495e488b7d47d406c61e9837ff2edbc5d46855c34,12ca0f6e05f585cf9d39f2c06178e7b8c550bd464b65480c0a93492d05bf5be9,0.3963501775849185,43.22916666666667,49,75.51020408163265,0.0,81.21600000031168,35.2,32.000000000000014,14.399999999999997,0.19600000000000015,86.39999999999954,652.7999999999997,902.212000000311,completed,trigger_0.07
greenhouse,ET-MPC,N3_burst_loss,2032,persistence,0.07,1.0,hold,9117a43ac635476a9ed3ab34ba9cf81ce70c641d93ebc125d6332f465cfcbc44,569714c2f054d7e589e1a1a495e488b7d47d406c61e9837ff2edbc5d46855c34,12ca0f6e05f585cf9d39f2c06178e7b8c550bd464b65480c0a93492d05bf5be9,0.39764816096521133,43.05555555555556,58,65.51724137931035,0.0,108.28799999832302,36.8,39.500000000000036,28.79999999999999,0.23200000000000018,86.39999999999954,645.5999999999998,945.6199999983223,completed,trigger_0.07
greenhouse,ET-MPC,N3_burst_loss,2033,persistence,0.07,1.0,hold,1484ed5cfb7677ae4ab4e37b0f8664e31741e6e5a08d940ae42cab269061463e,569714c2f054d7e589e1a1a495e488b7d47d406c61e9837ff2edbc5d46855c34,12ca0f6e05f585cf9d39f2c06178e7b8c550bd464b65480c0a93492d05bf5be9,0.399933359423656,43.22916666666667,51,72.54901960784314,0.0,87.98399999947885,34.400000000000006,33.500000000000014,17.999999999999996,0.20400000000000015,86.39999999999954,635.9999999999999,896.4879999994782,completed,trigger_0.07
greenhouse,ET-MPC,N3_burst_loss,2034,persistence,0.07,1.0,hold,a5be3e3a58a47793d28376e7e893c19eac27b6039573a686a5625fd4cdb6148c,569714c2f054d7e589e1a1a495e488b7d47d406c61e9837ff2edbc5d46855c34,12ca0f6e05f585cf9d39f2c06178e7b8c550bd464b65480c0a93492d05bf5be9,0.4026503791560682,43.40277777777778,55,63.63636363636363,0.0,110.99519999992344,29.600000000000016,37.95000000000002,32.39999999999999,0.22000000000000017,86.39999999999954,643.1999999999998,940.7651999999229,completed,trigger_0.07
greenhouse,ET-MPC,N3_burst_loss,2035,persistence,0.07,1.0,hold,f6c2076e83e8ee7e4e95b8f3c884d265bbad340ea56d395545c12fb6f876bcd4,569714c2f054d7e589e1a1a495e488b7d47d406c61e9837ff2edbc5d46855c34,12ca0f6e05f585cf9d39f2c06178e7b8c550bd464b65480c0a93492d05bf5be9,0.39558860335459467,43.40277777777778,49,81.63265306122449,0.0,82.56959999896094,36.8,32.850000000000016,15.599999999999996,0.19600000000000015,86.39999999999954,647.9999999999998,902.4155999989603,completed,trigger_0.07
greenhouse,ET-MPC,N3_burst_loss,2036,persistence,0.07,1.0,hold,40dd7633b8ccd2275e829f60c4a33df64c9b9a52c01b56c5d5c87ad35f853b72,569714c2f054d7e589e1a1a495e488b7d47d406c61e9837ff2edbc5d46855c34,12ca0f6e05f585cf9d39f2c06178e7b8c550bd464b65480c0a93492d05bf5be9,0.39690233161206645,43.40277777777778,44,88.63636363636364,0.0,71.74079999971572,31.200000000000017,28.300000000000015,10.799999999999999,0.17600000000000013,86.39999999999954,650.3999999999997,879.016799999715,completed,trigger_0.07
greenhouse,ET-MPC,N3_burst_loss,2037,persistence,0.07,1.0,hold,fda595c86496a3be152cbc2077a0f6bc34d8c7d1bb5e57f0d2e11cc9b808d4d2,569714c2f054d7e589e1a1a495e488b7d47d406c61e9837ff2edbc5d46855c34,12ca0f6e05f585cf9d39f2c06178e7b8c550bd464b65480c0a93492d05bf5be9,0.3983704960954869,43.22916666666667,51,68.62745098039215,0.0,100.16639999852158,32.000000000000014,35.90000000000001,27.59999999999999,0.20400000000000015,86.39999999999954,650.3999999999997,932.6703999985209,completed,trigger_0.07
greenhouse,ET-MPC,N3_burst_loss,2038,persistence,0.07,1.0,hold,c2b7735fd3ccfa557a31d54e0b2b44751938e8a1edb53aef9ba875882395150f,569714c2f054d7e589e1a1a495e488b7d47d406c61e9837ff2edbc5d46855c34,12ca0f6e05f585cf9d39f2c06178e7b8c550bd464b65480c0a93492d05bf5be9,0.39453042270236627,43.05555555555556,48,79.16666666666667,0.0,85.27679999966556,32.000000000000014,32.05000000000002,19.199999999999996,0.19200000000000014,86.39999999999954,650.3999999999997,905.5187999996649,completed,trigger_0.07
greenhouse,ET-MPC,N3_burst_loss,2039,persistence,0.07,1.0,hold,b7864cd3f652b026eeb161a2e9a3b988c788436c717e0475c37f0856866f8330,569714c2f054d7e589e1a1a495e488b7d47d406c61e9837ff2edbc5d46855c34,12ca0f6e05f585cf9d39f2c06178e7b8c550bd464b65480c0a93492d05bf5be9,0.3948102252579332,43.05555555555556,48,77.08333333333333,0.0,83.9231999993542,32.80000000000001,31.950000000000014,16.799999999999997,0.19200000000000014,86.39999999999954,650.3999999999997,902.4651999993534,completed,trigger_0.07
greenhouse,ET-MPC,N3_burst_loss,2040,persistence,0.07,1.0,hold,75185368f172f4aff807823e76d0eb466b805439ea58e5dd70e8fd4d75d6451e,569714c2f054d7e589e1a1a495e488b7d47d406c61e9837ff2edbc5d46855c34,12ca0f6e05f585cf9d39f2c06178e7b8c550bd464b65480c0a93492d05bf5be9,0.40262004620135633,43.40277777777778,50,74.0,0.0,89.33760000036774,36.0,34.350000000000016,22.799999999999994,0.20000000000000015,86.39999999999954,647.9999999999998,917.087600000367,completed,trigger_0.07
greenhouse,ET-MPC,N3_burst_loss,2026,persistence,0.035,1.0,hold,88944b10feb25e13f8fab9510dc432801ada46642ac47224362a0ee4d20fb1ca,569714c2f054d7e589e1a1a495e488b7d47d406c61e9837ff2edbc5d46855c34,12ca0f6e05f585cf9d39f2c06178e7b8c550bd464b65480c0a93492d05bf5be9,0.3982882166918698,43.22916666666667,91,75.82417582417582,0.0,155.66399999935857,62.399999999999906,59.75000000000008,31.19999999999999,0.36400000000000027,86.39999999999954,647.9999999999998,1043.7779999993577,completed,forecast_persistence
greenhouse,ET-MPC,N3_burst_loss,2027,persistence,0.035,1.0,hold,a91ce684a6e8aaae22fd088e074795a2d59b8d5a32f393bda0763a5ea31ec3d5,569714c2f054d7e589e1a1a495e488b7d47d406c61e9837ff2edbc5d46855c34,12ca0f6e05f585cf9d39f2c06178e7b8c550bd464b65480c0a93492d05bf5be9,0.3993721128403616,43.22916666666667,96,70.83333333333333,0.0,174.61439999837785,63.9999999999999,65.15000000000009,42.000000000000014,0.3840000000000003,86.39999999999954,645.5999999999998,1078.148399998377,completed,forecast_persistence
greenhouse,ET-MPC,N3_burst_loss,2028,persistence,0.035,1.0,hold,88eab80a014461cd90790cb607d2487b5d1c24edaed2469e54a93dd998ba0e0a,569714c2f054d7e589e1a1a495e488b7d47d406c61e9837ff2edbc5d46855c34,12ca0f6e05f585cf9d39f2c06178e7b8c550bd464b65480c0a93492d05bf5be9,0.3922780719489213,43.05555555555556,97,69.0721649484536,0.0,171.90719999839862,63.1999999999999,64.20000000000009,39.6,0.3880000000000003,86.39999999999954,657.5999999999997,1083.295199998398,completed,forecast_persistence
greenhouse,ET-MPC,N3_burst_loss,2029,persistence,0.035,1.0,hold,cc454fa64ffb9816524d54adfdd12a8af3d407c2649a9766dc24912580780377,569714c2f054d7e589e1a1a495e488b7d47d406c61e9837ff2edbc5d46855c34,12ca0f6e05f585cf9d39f2c06178e7b8c550bd464b65480c0a93492d05bf5be9,0.3946601076720814,43.22916666666667,96,71.875,0.0,173.26079999913858,65.5999999999999,65.3000000000001,39.60000000000001,0.3840000000000003,86.39999999999954,657.5999999999997,1088.1447999991378,completed,forecast_persistence
greenhouse,ET-MPC,N3_burst_loss,2030,persistence,0.035,1.0,hold,7e348beda0a6b1c7e0ef7be4c44d08d4a3241ffb52ded24d25ee4ea7ba4d9007,569714c2f054d7e589e1a1a495e488b7d47d406c61e9837ff2edbc5d46855c34,12ca0f6e05f585cf9d39f2c06178e7b8c550bd464b65480c0a93492d05bf5be9,0.3987554093455071,43.40277777777778,90,78.88888888888889,0.0,161.07839999902725,59.999999999999915,60.40000000000009,38.400000000000006,0.36000000000000026,86.39999999999954,643.1999999999998,1049.8383999990265,completed,forecast_persistence
greenhouse,ET-MPC,N3_burst_loss,2031,persistence,0.035,1.0,hold,10901f9f2d1dc9c838bce7a01666383ef073aea44f4edb34414e1f45d311663a,569714c2f054d7e589e1a1a495e488b7d47d406c61e9837ff2edbc5d46855c34,12ca0f6e05f585cf9d39f2c06178e7b8c550bd464b65480c0a93492d05bf5be9,0.39808815642430734,43.22916666666667,92,73.91304347826087,0.0,165.13920000026488,59.19999999999992,61.200000000000095,38.400000000000006,0.36800000000000027,86.39999999999954,643.1999999999998,1053.9072000002643,completed,forecast_persistence
greenhouse,ET-MPC,N3_burst_loss,2032,persistence,0.035,1.0,hold,9117a43ac635476a9ed3ab34ba9cf81ce70c641d93ebc125d6332f465cfcbc44,569714c2f054d7e589e1a1a495e488b7d47d406c61e9837ff2edbc5d46855c34,12ca0f6e05f585cf9d39f2c06178e7b8c550bd464b65480c0a93492d05bf5be9,0.3992640385616132,43.22916666666667,88,77.27272727272727,0.0,158.37119999886266,59.19999999999992,59.45000000000009,37.2,0.35200000000000026,86.39999999999954,643.1999999999998,1044.173199998862,completed,forecast_persistence
greenhouse,ET-MPC,N3_burst_loss,2033,persistence,0.035,1.0,hold,1484ed5cfb7677ae4ab4e37b0f8664e31741e6e5a08d940ae42cab269061463e,569714c2f054d7e589e1a1a495e488b7d47d406c61e9837ff2edbc5d46855c34,12ca0f6e05f585cf9d39f2c06178e7b8c550bd464b65480c0a93492d05bf5be9,0.39801612002067954,43.22916666666667,95,74.73684210526316,0.0,167.84639999840132,64.7999999999999,63.6500000000001,38.400000000000006,0.3800000000000003,86.39999999999954,640.7999999999998,1062.2763999984008,completed,forecast_persistence
greenhouse,ET-MPC,N3_burst_loss,2034,persistence,0.035,1.0,hold,a5be3e3a58a47793d28376e7e893c19eac27b6039573a686a5625fd4cdb6148c,569714c2f054d7e589e1a1a495e488b7d47d406c61e9837ff2edbc5d46855c34,12ca0f6e05f585cf9d39f2c06178e7b8c550bd464b65480c0a93492d05bf5be9,0.39661363328879645,43.22916666666667,97,65.97938144329896,0.0,186.7967999996613,56.799999999999926,66.05000000000008,50.40000000000003,0.3880000000000003,86.39999999999954,650.3999999999997,1097.2347999996605,completed,forecast_persistence
greenhouse,ET-MPC,N3_burst_loss,2035,persistence,0.035,1.0,hold,f6c2076e83e8ee7e4e95b8f3c884d265bbad340ea56d395545c12fb6f876bcd4,569714c2f054d7e589e1a1a495e488b7d47d406c61e9837ff2edbc5d46855c34,12ca0f6e05f585cf9d39f2c06178e7b8c550bd464b65480c0a93492d05bf5be9,0.3986265946243692,43.22916666666667,87,79.3103448275862,0.0,148.89599999919326,61.59999999999991,57.75000000000009,27.59999999999999,0.34800000000000025,86.39999999999954,645.5999999999998,1028.1939999991926,completed,forecast_persistence
greenhouse,ET-MPC,N3_burst_loss,2036,persistence,0.035,1.0,hold,40dd7633b8ccd2275e829f60c4a33df64c9b9a52c01b56c5d5c87ad35f853b72,569714c2f054d7e589e1a1a495e488b7d47d406c61e9837ff2edbc5d46855c34,12ca0f6e05f585cf9d39f2c06178e7b8c550bd464b65480c0a93492d05bf5be9,0.398022503600797,43.22916666666667,90,80.0,0.0,157.01759999903103,61.59999999999991,59.850000000000094,36.0,0.36000000000000026,86.39999999999954,643.1999999999998,1044.4275999990305,completed,forecast_persistence
greenhouse,ET-MPC,N3_burst_loss,2037,persistence,0.035,1.0,hold,fda595c86496a3be152cbc2077a0f6bc34d8c7d1bb5e57f0d2e11cc9b808d4d2,569714c2f054d7e589e1a1a495e488b7d47d406c61e9837ff2edbc5d46855c34,12ca0f6e05f585cf9d39f2c06178e7b8c550bd464b65480c0a93492d05bf5be9,0.3988586951794182,43.22916666666667,97,69.0721649484536,0.0,177.3215999988301,63.1999999999999,65.6000000000001,42.000000000000014,0.3880000000000003,86.39999999999954,647.9999999999998,1082.9095999988294,completed,forecast_persistence
greenhouse,ET-MPC,N3_burst_loss,2038,persistence,0.035,1.0,hold,c2b7735fd3ccfa557a31d54e0b2b44751938e8a1edb53aef9ba875882395150f,569714c2f054d7e589e1a1a495e488b7d47d406c61e9837ff2edbc5d46855c34,12ca0f6e05f585cf9d39f2c06178e7b8c550bd464b65480c0a93492d05bf5be9,0.3956424779325826,43.05555555555556,92,76.08695652173913,0.0,161.0783999985043,63.1999999999999,61.400000000000084,36.0,0.36800000000000027,86.39999999999954,650.3999999999997,1058.8463999985036,completed,forecast_persistence
greenhouse,ET-MPC,N3_burst_loss,2039,persistence,0.035,1.0,hold,b7864cd3f652b026eeb161a2e9a3b988c788436c717e0475c37f0856866f8330,569714c2f054d7e589e1a1a495e488b7d47d406c61e9837ff2edbc5d46855c34,12ca0f6e05f585cf9d39f2c06178e7b8c550bd464b65480c0a93492d05bf5be9,0.3919468509653004,43.05555555555556,93,72.04301075268818,0.0,161.0783999981723,63.1999999999999,61.400000000000105,32.39999999999999,0.3720000000000003,86.39999999999954,655.1999999999997,1060.0503999981715,completed,forecast_persistence
greenhouse,ET-MPC,N3_burst_loss,2040,persistence,0.035,1.0,hold,75185368f172f4aff807823e76d0eb466b805439ea58e5dd70e8fd4d75d6451e,569714c2f054d7e589e1a1a495e488b7d47d406c61e9837ff2edbc5d46855c34,12ca0f6e05f585cf9d39f2c06178e7b8c550bd464b65480c0a93492d05bf5be9,0.4036452661330316,43.40277777777778,98,67.34693877551021,0.0,177.32159999983963,61.59999999999991,65.1000000000001,42.000000000000014,0.3920000000000003,86.39999999999954,640.7999999999998,1073.613599999839,completed,forecast_persistence
greenhouse,ET-MPC,N3_burst_loss,2026,noisy_persistence,0.035,1.0,hold,88944b10feb25e13f8fab9510dc432801ada46642ac47224362a0ee4d20fb1ca,569714c2f054d7e589e1a1a495e488b7d47d406c61e9837ff2edbc5d46855c34,12ca0f6e05f585cf9d39f2c06178e7b8c550bd464b65480c0a93492d05bf5be9,0.40102632346206074,43.22916666666667,98,70.40816326530613,0.0,170.55359999936726,64.7999999999999,64.35000000000008,37.2,0.3920000000000003,86.39999999999954,643.1999999999998,1066.8955999993666,completed,forecast_noisy_persistence
greenhouse,ET-MPC,N3_burst_loss,2027,noisy_persistence,0.035,1.0,hold,a91ce684a6e8aaae22fd088e074795a2d59b8d5a32f393bda0763a5ea31ec3d5,569714c2f054d7e589e1a1a495e488b7d47d406c61e9837ff2edbc5d46855c34,12ca0f6e05f585cf9d39f2c06178e7b8c550bd464b65480c0a93492d05bf5be9,0.39552532712797495,43.22916666666667,97,72.16494845360825,0.0,177.32159999809335,63.9999999999999,65.8500000000001,44.40000000000002,0.3880000000000003,86.39999999999954,655.1999999999997,1093.5595999980926,completed,forecast_noisy_persistence
greenhouse,ET-MPC,N3_burst_loss,2028,noisy_persistence,0.035,1.0,hold,88eab80a014461cd90790cb607d2487b5d1c24edaed2469e54a93dd998ba0e0a,569714c2f054d7e589e1a1a495e488b7d47d406c61e9837ff2edbc5d46855c34,12ca0f6e05f585cf9d39f2c06178e7b8c550bd464b65480c0a93492d05bf5be9,0.396047272289824,43.05555555555556,94,70.2127659574468,0.0,166.4927999982036,61.59999999999991,62.3000000000001,37.199999999999996,0.3760000000000003,86.39999999999954,647.9999999999998,1062.3687999982028,completed,forecast_noisy_persistence
greenhouse,ET-MPC,N3_burst_loss,2029,noisy_persistence,0.035,1.0,hold,cc454fa64ffb9816524d54adfdd12a8af3d407c2649a9766dc24912580780377,569714c2f054d7e589e1a1a495e488b7d47d406c61e9837ff2edbc5d46855c34,12ca0f6e05f585cf9d39f2c06178e7b8c550bd464b65480c0a93492d05bf5be9,0.39739210197430874,43.22916666666667,94,74.46808510638297,0.0,167.84639999923462,64.7999999999999,63.65000000000009,37.2,0.3760000000000003,86.39999999999954,652.7999999999997,1073.0723999992338,completed,forecast_noisy_persistence
greenhouse,ET-MPC,N3_burst_loss,2030,noisy_persistence,0.035,1.0,hold,7e348beda0a6b1c7e0ef7be4c44d08d4a3241ffb52ded24d25ee4ea7ba4d9007,569714c2f054d7e589e1a1a495e488b7d47d406c61e9837ff2edbc5d46855c34,12ca0f6e05f585cf9d39f2c06178e7b8c550bd464b65480c0a93492d05bf5be9,0.39542596385031603,43.22916666666667,90,77.77777777777777,0.0,159.72479999888753,59.999999999999915,60.05000000000009,34.8,0.36000000000000026,86.39999999999954,650.3999999999997,1051.734799998887,completed,forecast_noisy_persistence
greenhouse,ET-MPC,N3_burst_loss,2031,noisy_persistence,0.035,1.0,hold,10901f9f2d1dc9c838bce7a01666383ef073aea44f4edb34414e1f45d311663a,569714c2f054d7e589e1a1a495e488b7d47d406c61e9837ff2edbc5d46855c34,12ca0f6e05f585cf9d39f2c06178e7b8c550bd464b65480c0a93492d05bf5be9,0.3994883584644064,43.22916666666667,92,72.82608695652173,0.0,166.49280000031362,58.39999999999992,61.3000000000001,39.60000000000001,0.36800000000000027,86.39999999999954,640.7999999999998,1053.360800000313,completed,forecast_noisy_persistence
greenhouse,ET-MPC,N3_burst_loss,2032,noisy_persistence,0.035,1.0,hold,9117a43ac635476a9ed3ab34ba9cf81ce70c641d93ebc125d6332f465cfcbc44,569714c2f054d7e589e1a1a495e488b7d47d406c61e9837ff2edbc5d46855c34,12ca0f6e05f585cf9d39f2c06178e7b8c550bd464b65480c0a93492d05bf5be9,0.39865853364525783,43.22916666666667,89,76.40449438202248,0.0,161.0783999992512,59.999999999999915,60.40000000000009,38.400000000000006,0.35600000000000026,86.39999999999954,645.5999999999998,1052.2343999992504,completed,forecast_noisy_persistence
greenhouse,ET-MPC,N3_burst_loss,2033,noisy_persistence,0.035,1.0,hold,1484ed5cfb7677ae4ab4e37b0f8664e31741e6e5a08d940ae42cab269061463e,569714c2f054d7e589e1a1a495e488b7d47d406c61e9837ff2edbc5d46855c34,12ca0f6e05f585cf9d39f2c06178e7b8c550bd464b65480c0a93492d05bf5be9,0.396095048693055,43.22916666666667,93,76.34408602150538,0.0,165.13919999844936,63.1999999999999,62.450000000000095,38.400000000000006,0.3720000000000003,86.39999999999954,650.3999999999997,1066.3611999984487,completed,forecast_noisy_persistence
greenhouse,ET-MPC,N3_burst_loss,2034,noisy_persistence,0.035,1.0,hold,a5be3e3a58a47793d28376e7e893c19eac27b6039573a686a5625fd4cdb6148c,569714c2f054d7e589e1a1a495e488b7d47d406c61e9837ff2edbc5d46855c34,12ca0f6e05f585cf9d39f2c06178e7b8c550bd464b65480c0a93492d05bf5be9,0.39579779540082655,43.22916666666667,97,65.97938144329896,0.0,184.0895999997093,56.799999999999926,65.35000000000008,48.00000000000002,0.3880000000000003,86.39999999999954,650.3999999999997,1091.4275999997085,completed,forecast_noisy_persistence
greenhouse,ET-MPC,N3_burst_loss,2035,noisy_persistence,0.035,1.0,hold,f6c2076e83e8ee7e4e95b8f3c884d265bbad340ea56d395545c12fb6f876bcd4,569714c2f054d7e589e1a1a495e488b7d47d406c61e9837ff2edbc5d46855c34,12ca0f6e05f585cf9d39f2c06178e7b8c550bd464b65480c0a93492d05bf5be9,0.3958380706564589,43.22916666666667,91,81.31868131868131,0.0,159.7247999994923,63.1999999999999,61.0500000000001,32.39999999999999,0.36400000000000027,86.39999999999954,655.1999999999997,1058.3387999994916,completed,forecast_noisy_persistence
greenhouse,ET-MPC,N3_burst_loss,2036,noisy_persistence,0.035,1.0,hold,40dd7633b8ccd2275e829f60c4a33df64c9b9a52c01b56c5d5c87ad35f853b72,569714c2f054d7e589e1a1a495e488b7d47d406c61e9837ff2edbc5d46855c34,12ca0f6e05f585cf9d39f2c06178e7b8c550bd464b65480c0a93492d05bf5be9,0.4034487039552077,43.22916666666667,91,79.12087912087912,0.0,162.4319999991351,61.59999999999991,61.2500000000001,38.400000000000006,0.36400000000000027,86.39999999999954,638.3999999999999,1048.8459999991344,completed,forecast_noisy_persistence
greenhouse,ET-MPC,N3_burst_loss,2037,noisy_persistence,0.035,1.0,hold,fda595c86496a3be152cbc2077a0f6bc34d8c7d1bb5e57f0d2e11cc9b808d4d2,569714c2f054d7e589e1a1a495e488b7d47d406c61e9837ff2edbc5d46855c34,12ca0f6e05f585cf9d39f2c06178e7b8c550bd464b65480c0a93492d05bf5be9,0.3980685771436162,43.05555555555556,93,72.04301075268818,0.0,170.55359999858638,60.79999999999991,63.1000000000001,40.80000000000001,0.3720000000000003,86.39999999999954,647.9999999999998,1070.0255999985857,completed,forecast_noisy_persistence
greenhouse,ET-MPC,N3_burst_loss,2038,noisy_persistence,0.035,1.0,hold,c2b7735fd3ccfa557a31d54e0b2b44751938e8a1edb53aef9ba875882395150f,569714c2f054d7e589e1a1a495e488b7d47d406c61e9837ff2edbc5d46855c34,12ca0f6e05f585cf9d39f2c06178e7b8c550bd464b65480c0a93492d05bf5be9,0.3970520828979973,43.22916666666667,90,78.88888888888889,0.0,154.31039999869705,63.1999999999999,59.650000000000084,31.19999999999999,0.36000000000000026,86.39999999999954,643.1999999999998,1038.3203999986963,completed,forecast_noisy_persistence
greenhouse,ET-MPC,N3_burst_loss,2039,noisy_persistence,0.035,1.0,hold,b7864cd3f652b026eeb161a2e9a3b988c788436c717e0475c37f0856866f8330,569714c2f054d7e589e1a1a495e488b7d47d406c61e9837ff2edbc5d46855c34,12ca0f6e05f585cf9d39f2c06178e7b8c550bd464b65480c0a93492d05bf5be9,0.39955329899093045,43.40277777777778,94,74.46808510638297,0.0,161.0783999988999,64.7999999999999,61.900000000000105,31.19999999999999,0.3760000000000003,86.39999999999954,638.3999999999999,1044.1543999988992,completed,forecast_noisy_persistence
greenhouse,ET-MPC,N3_burst_loss,2040,noisy_persistence,0.035,1.0,hold,75185368f172f4aff807823e76d0eb466b805439ea58e5dd70e8fd4d75d6451e,569714c2f054d7e589e1a1a495e488b7d47d406c61e9837ff2edbc5d46855c34,12ca0f6e05f585cf9d39f2c06178e7b8c550bd464b65480c0a93492d05bf5be9,0.4016302140514386,43.40277777777778,95,72.63157894736842,0.0,167.84639999966203,61.59999999999991,62.65000000000009,36.0,0.3800000000000003,86.39999999999954,645.5999999999998,1060.4763999996612,completed,forecast_noisy_persistence
greenhouse,ET-MPC,N3_burst_loss,2026,oracle,0.035,1.0,hold,88944b10feb25e13f8fab9510dc432801ada46642ac47224362a0ee4d20fb1ca,569714c2f054d7e589e1a1a495e488b7d47d406c61e9837ff2edbc5d46855c34,12ca0f6e05f585cf9d39f2c06178e7b8c550bd464b65480c0a93492d05bf5be9,0.40400757709856616,40.10416666666667,94,77.65957446808511,0.0,157.01759999878206,67.19999999999989,61.60000000000009,29.99999999999999,0.3760000000000003,86.39999999999954,640.7999999999998,1043.3935999987814,completed,forecast_oracle
greenhouse,ET-MPC,N3_burst_loss,2027,oracle,0.035,1.0,hold,a91ce684a6e8aaae22fd088e074795a2d59b8d5a32f393bda0763a5ea31ec3d5,569714c2f054d7e589e1a1a495e488b7d47d406c61e9837ff2edbc5d46855c34,12ca0f6e05f585cf9d39f2c06178e7b8c550bd464b65480c0a93492d05bf5be9,0.40521548891940673,40.625,106,67.9245283018868,0.0,193.56479999884436,68.79999999999988,71.55000000000007,45.60000000000002,0.4240000000000003,86.39999999999954,635.9999999999999,1102.3387999988438,completed,forecast_oracle
greenhouse,ET-MPC,N3_burst_loss,2028,oracle,0.035,1.0,hold,88eab80a014461cd90790cb607d2487b5d1c24edaed2469e54a93dd998ba0e0a,569714c2f054d7e589e1a1a495e488b7d47d406c61e9837ff2edbc5d46855c34,12ca0f6e05f585cf9d39f2c06178e7b8c550bd464b65480c0a93492d05bf5be9,0.4019266074407579,39.75694444444444,100,69.0,0.0,182.7359999980951,60.79999999999991,66.25000000000009,45.60000000000002,0.4000000000000003,86.39999999999954,640.7999999999998,1082.9859999980945,completed,forecast_oracle
greenhouse,ET-MPC,N3_burst_loss,2029,oracle,0.035,1.0,hold,cc454fa64ffb9816524d54adfdd12a8af3d407c2649a9766dc24912580780377,569714c2f054d7e589e1a1a495e488b7d47d406c61e9837ff2edbc5d46855c34,12ca0f6e05f585cf9d39f2c06178e7b8c550bd464b65480c0a93492d05bf5be9,0.4055480408363804,39.93055555555556,95,76.84210526315789,0.0,173.2607999982951,64.7999999999999,65.0500000000001,42.000000000000014,0.3800000000000003,86.39999999999954,631.1999999999999,1063.0907999982946,completed,forecast_oracle
greenhouse,ET-MPC,N3_burst_loss,2030,oracle,0.035,1.0,hold,7e348beda0a6b1c7e0ef7be4c44d08d4a3241ffb52ded24d25ee4ea7ba4d9007,569714c2f054d7e589e1a1a495e488b7d47d406c61e9837ff2edbc5d46855c34,12ca0f6e05f585cf9d39f2c06178e7b8c550bd464b65480c0a93492d05bf5be9,0.4010726441633914,39.58333333333333,95,76.84210526315789,0.0,178.67519999843782,63.9999999999999,66.20000000000009,46.800000000000026,0.3800000000000003,86.39999999999954,640.7999999999998,1083.255199998437,completed,forecast_oracle
greenhouse,ET-MPC,N3_burst_loss,2031,oracle,0.035,1.0,hold,10901f9f2d1dc9c838bce7a01666383ef073aea44f4edb34414e1f45d311663a,569714c2f054d7e589e1a1a495e488b7d47d406c61e9837ff2edbc5d46855c34,12ca0f6e05f585cf9d39f2c06178e7b8c550bd464b65480c0a93492d05bf5be9,0.40178476621841436,39.93055555555556,95,74.73684210526316,0.0,165.13919999987831,62.399999999999906,62.20000000000009,33.599999999999994,0.3800000000000003,86.39999999999954,638.3999999999999,1048.5191999998779,completed,forecast_oracle
greenhouse,ET-MPC,N3_burst_loss,2032,oracle,0.035,1.0,hold,9117a43ac635476a9ed3ab34ba9cf81ce70c641d93ebc125d6332f465cfcbc44,569714c2f054d7e589e1a1a495e488b7d47d406c61e9837ff2edbc5d46855c34,12ca0f6e05f585cf9d39f2c06178e7b8c550bd464b65480c0a93492d05bf5be9,0.4050925729998618,40.27777777777778,100,69.0,0.0,185.44319999745036,63.1999999999999,67.7000000000001,46.80000000000002,0.4000000000000003,86.39999999999954,633.5999999999999,1083.5431999974498,completed,forecast_oracle
greenhouse,ET-MPC,N3_burst_loss,2033,oracle,0.035,1.0,hold,1484ed5cfb7677ae4ab4e37b0f8664e31741e6e5a08d940ae42cab269061463e,569714c2f054d7e589e1a1a495e488b7d47d406c61e9837ff2edbc5d46855c34,12ca0f6e05f585cf9d39f2c06178e7b8c550bd464b65480c0a93492d05bf5be9,0.40309666871666466,39.93055555555556,100,72.0,0.0,189.5039999984629,63.9999999999999,69.00000000000009,51.60000000000004,0.4000000000000003,86.39999999999954,633.5999999999999,1094.5039999984624,completed,forecast_oracle
greenhouse,ET-MPC,N3_burst_loss,2034,oracle,0.035,1.0,hold,a5be3e3a58a47793d28376e7e893c19eac27b6039573a686a5625fd4cdb6148c,569714c2f054d7e589e1a1a495e488b7d47d406c61e9837ff2edbc5d46855c34,12ca0f6e05f585cf9d39f2c06178e7b8c550bd464b65480c0a93492d05bf5be9,0.403413631349673,39.75694444444444,99,67.67676767676768,0.0,178.67519999892536,61.59999999999991,65.45000000000009,40.80000000000001,0.3960000000000003,86.39999999999954,635.9999999999999,1069.3211999989248,completed,forecast_oracle
greenhouse,ET-MPC,N3_burst_loss,2035,oracle,0.035,1.0,hold,f6c2076e83e8ee7e4e95b8f3c884d265bbad340ea56d395545c12fb6f876bcd4,569714c2f054d7e589e1a1a495e488b7d47d406c61e9837ff2edbc5d46855c34,12ca0f6e05f585cf9d39f2c06178e7b8c550bd464b65480c0a93492d05bf5be9,0.40245016115039917,40.27777777777778,95,81.05263157894737,0.0,163.78559999902012,67.19999999999989,63.3500000000001,32.39999999999999,0.3800000000000003,86.39999999999954,635.9999999999999,1049.5155999990195,completed,forecast_oracle
greenhouse,ET-MPC,N3_burst_loss,2036,oracle,0.035,1.0,hold,40dd7633b8ccd2275e829f60c4a33df64c9b9a52c01b56c5d5c87ad35f853b72,569714c2f054d7e589e1a1a495e488b7d47d406c61e9837ff2edbc5d46855c34,12ca0f6e05f585cf9d39f2c06178e7b8c550bd464b65480c0a93492d05bf5be9,0.4022142952316931,39.40972222222222,97,77.31958762886597,0.0,173.26079999944548,64.7999999999999,65.0500000000001,39.60000000000001,0.3880000000000003,86.39999999999954,638.3999999999999,1067.898799999445,completed,forecast_oracle
greenhouse,ET-MPC,N3_burst_loss,2037,oracle,0.035,1.0,hold,fda595c86496a3be152cbc2077a0f6bc34d8c7d1bb5e57f0d2e11cc9b808d4d2,569714c2f054d7e589e1a1a495e488b7d47d406c61e9837ff2edbc5d46855c34,12ca0f6e05f585cf9d39f2c06178e7b8c550bd464b65480c0a93492d05bf5be9,0.3993372335011243,40.625,103,72.81553398058253,0.0,186.79679999825274,67.19999999999989,69.30000000000005,43.20000000000002,0.4120000000000003,86.39999999999954,643.1999999999998,1096.508799998252,completed,forecast_oracle
greenhouse,ET-MPC,N3_burst_loss,2038,oracle,0.035,1.0,hold,c2b7735fd3ccfa557a31d54e0b2b44751938e8a1edb53aef9ba875882395150f,569714c2f054d7e589e1a1a495e488b7d47d406c61e9837ff2edbc5d46855c34,12ca0f6e05f585cf9d39f2c06178e7b8c550bd464b65480c0a93492d05bf5be9,0.40028360928295104,39.75694444444444,95,75.78947368421052,0.0,163.78559999899284,64.7999999999999,62.60000000000009,33.599999999999994,0.3800000000000003,86.39999999999954,640.7999999999998,1052.3655999989921,completed,forecast_oracle
greenhouse,ET-MPC,N3_burst_loss,2039,oracle,0.035,1.0,hold,b7864cd3f652b026eeb161a2e9a3b988c788436c717e0475c37f0856866f8330,569714c2f054d7e589e1a1a495e488b7d47d406c61e9837ff2edbc5d46855c34,12ca0f6e05f585cf9d39f2c06178e7b8c550bd464b65480c0a93492d05bf5be9,0.400246563147387,39.23611111111111,98,72.44897959183673,0.0,165.13919999782743,67.99999999999989,63.9500000000001,28.79999999999999,0.3920000000000003,86.39999999999954,640.7999999999998,1053.481199997827,completed,forecast_oracle
greenhouse,ET-MPC,N3_burst_loss,2040,oracle,0.035,1.0,hold,75185368f172f4aff807823e76d0eb466b805439ea58e5dd70e8fd4d75d6451e,569714c2f054d7e589e1a1a495e488b7d47d406c61e9837ff2edbc5d46855c34,12ca0f6e05f585cf9d39f2c06178e7b8c550bd464b65480c0a93492d05bf5be9,0.40501381221130434,40.45138888888889,92,75.0,0.0,161.0783999988726,61.59999999999991,60.90000000000009,33.599999999999994,0.36800000000000027,86.39999999999954,638.3999999999999,1042.346399998872,completed,forecast_oracle
greenhouse,ET-MPC,N3_burst_loss,2026,persistence,0.035,0.98,hold,88944b10feb25e13f8fab9510dc432801ada46642ac47224362a0ee4d20fb1ca,569714c2f054d7e589e1a1a495e488b7d47d406c61e9837ff2edbc5d46855c34,12ca0f6e05f585cf9d39f2c06178e7b8c550bd464b65480c0a93492d05bf5be9,0.3708628427727681,37.84722222222222,96,72.91666666666667,0.0,159.72479999941388,65.5999999999999,61.80000000000009,31.19999999999999,0.3840000000000003,86.39999999999954,559.1999999999996,964.3087999994129,completed,model_0.98
greenhouse,ET-MPC,N3_burst_loss,2027,persistence,0.035,0.98,hold,a91ce684a6e8aaae22fd088e074795a2d59b8d5a32f393bda0763a5ea31ec3d5,569714c2f054d7e589e1a1a495e488b7d47d406c61e9837ff2edbc5d46855c34,12ca0f6e05f585cf9d39f2c06178e7b8c550bd464b65480c0a93492d05bf5be9,0.3719556027972576,38.02083333333333,94,75.53191489361703,0.0,159.72479999825998,66.39999999999989,62.05000000000008,29.99999999999999,0.3760000000000003,86.39999999999954,549.5999999999996,954.550799998259,completed,model_0.98
greenhouse,ET-MPC,N3_burst_loss,2028,persistence,0.035,0.98,hold,88eab80a014461cd90790cb607d2487b5d1c24edaed2469e54a93dd998ba0e0a,569714c2f054d7e589e1a1a495e488b7d47d406c61e9837ff2edbc5d46855c34,12ca0f6e05f585cf9d39f2c06178e7b8c550bd464b65480c0a93492d05bf5be9,0.3666363033718141,37.84722222222222,92,76.08695652173913,0.0,165.13919999833678,61.59999999999991,61.9500000000001,38.400000000000006,0.36800000000000027,86.39999999999954,556.7999999999996,970.657199998336,completed,model_0.98
greenhouse,ET-MPC,N3_burst_loss,2029,persistence,0.035,0.98,hold,cc454fa64ffb9816524d54adfdd12a8af3d407c2649a9766dc24912580780377,569714c2f054d7e589e1a1a495e488b7d47d406c61e9837ff2edbc5d46855c34,12ca0f6e05f585cf9d39f2c06178e7b8c550bd464b65480c0a93492d05bf5be9,0.3688455820737533,38.19444444444444,86,81.3953488372093,0.0,155.66399999825475,62.399999999999906,59.750000000000085,37.2,0.34400000000000025,86.39999999999954,554.3999999999996,956.1579999982539,completed,model_0.98
greenhouse,ET-MPC,N3_burst_loss,2030,persistence,0.035,0.98,hold,7e348beda0a6b1c7e0ef7be4c44d08d4a3241ffb52ded24d25ee4ea7ba4d9007,569714c2f054d7e589e1a1a495e488b7d47d406c61e9837ff2edbc5d46855c34,12ca0f6e05f585cf9d39f2c06178e7b8c550bd464b65480c0a93492d05bf5be9,0.3696602811069856,38.02083333333333,96,72.91666666666667,0.0,165.13919999860968,63.9999999999999,62.700000000000095,34.8,0.3840000000000003,86.39999999999954,556.7999999999996,970.2231999986088,completed,model_0.98
greenhouse,ET-MPC,N3_burst_loss,2031,persistence,0.035,0.98,hold,10901f9f2d1dc9c838bce7a01666383ef073aea44f4edb34414e1f45d311663a,569714c2f054d7e589e1a1a495e488b7d47d406c61e9837ff2edbc5d46855c34,12ca0f6e05f585cf9d39f2c06178e7b8c550bd464b65480c0a93492d05bf5be9,0.3688125963017967,37.84722222222222,91,78.02197802197803,0.0,157.01759999895825,62.399999999999906,60.100000000000094,32.39999999999999,0.36400000000000027,86.39999999999954,559.1999999999996,957.8815999989573,completed,model_0.98
greenhouse,ET-MPC,N3_burst_loss,2032,persistence,0.035,0.98,hold,9117a43ac635476a9ed3ab34ba9cf81ce70c641d93ebc125d6332f465cfcbc44,569714c2f054d7e589e1a1a495e488b7d47d406c61e9837ff2edbc5d46855c34,12ca0f6e05f585cf9d39f2c06178e7b8c550bd464b65480c0a93492d05bf5be9,0.3710977524803485,38.19444444444444,87,83.9080459770115,0.0,158.37119999823514,59.999999999999915,59.70000000000009,38.400000000000006,0.34800000000000025,86.39999999999954,547.1999999999996,950.4191999982343,completed,model_0.98
greenhouse,ET-MPC,N3_burst_loss,2033,persistence,0.035,0.98,hold,1484ed5cfb7677ae4ab4e37b0f8664e31741e6e5a08d940ae42cab269061463e,569714c2f054d7e589e1a1a495e488b7d47d406c61e9837ff2edbc5d46855c34,12ca0f6e05f585cf9d39f2c06178e7b8c550bd464b65480c0a93492d05bf5be9,0.3696814486302877,38.02083333333333,94,74.46808510638297,0.0,169.19999999857743,61.59999999999991,63.00000000000011,44.40000000000002,0.3760000000000003,86.39999999999954,547.1999999999996,972.1759999985766,completed,model_0.98
greenhouse,ET-MPC,N3_burst_loss,2034,persistence,0.035,0.98,hold,a5be3e3a58a47793d28376e7e893c19eac27b6039573a686a5625fd4cdb6148c,569714c2f054d7e589e1a1a495e488b7d47d406c61e9837ff2edbc5d46855c34,12ca0f6e05f585cf9d39f2c06178e7b8c550bd464b65480c0a93492d05bf5be9,0.37343767428509567,38.02083333333333,102,68.62745098039215,0.0,193.56480000021423,62.399999999999906,69.55000000000007,50.40000000000003,0.4080000000000003,86.39999999999954,547.1999999999996,1009.9228000002133,completed,model_0.98
greenhouse,ET-MPC,N3_burst_loss,2035,persistence,0.035,0.98,hold,f6c2076e83e8ee7e4e95b8f3c884d265bbad340ea56d395545c12fb6f876bcd4,569714c2f054d7e589e1a1a495e488b7d47d406c61e9837ff2edbc5d46855c34,12ca0f6e05f585cf9d39f2c06178e7b8c550bd464b65480c0a93492d05bf5be9,0.3727828383058354,38.02083333333333,95,76.84210526315789,0.0,162.4319999988122,66.39999999999989,62.7500000000001,31.19999999999999,0.3800000000000003,86.39999999999954,542.3999999999995,951.9619999988113,completed,model_0.98
greenhouse,ET-MPC,N3_burst_loss,2036,persistence,0.035,0.98,hold,40dd7633b8ccd2275e829f60c4a33df64c9b9a52c01b56c5d5c87ad35f853b72,569714c2f054d7e589e1a1a495e488b7d47d406c61e9837ff2edbc5d46855c34,12ca0f6e05f585cf9d39f2c06178e7b8c550bd464b65480c0a93492d05bf5be9,0.37072086321136855,38.02083333333333,88,81.81818181818181,0.0,152.95679999937593,62.399999999999906,59.05000000000009,33.599999999999994,0.35200000000000026,86.39999999999954,551.9999999999995,946.7587999993749,completed,model_0.98
greenhouse,ET-MPC,N3_burst_loss,2037,persistence,0.035,0.98,hold,fda595c86496a3be152cbc2077a0f6bc34d8c7d1bb5e57f0d2e11cc9b808d4d2,569714c2f054d7e589e1a1a495e488b7d47d406c61e9837ff2edbc5d46855c34,12ca0f6e05f585cf9d39f2c06178e7b8c550bd464b65480c0a93492d05bf5be9,0.37326477526695306,38.02083333333333,99,69.6969696969697,0.0,185.44319999878613,61.59999999999991,67.20000000000007,45.60000000000002,0.3960000000000003,86.39999999999954,551.9999999999995,998.6391999987852,completed,model_0.98
greenhouse,ET-MPC,N3_burst_loss,2038,persistence,0.035,0.98,hold,c2b7735fd3ccfa557a31d54e0b2b44751938e8a1edb53aef9ba875882395150f,569714c2f054d7e589e1a1a495e488b7d47d406c61e9837ff2edbc5d46855c34,12ca0f6e05f585cf9d39f2c06178e7b8c550bd464b65480c0a93492d05bf5be9,0.36871492646627074,38.02083333333333,100,70.0,0.0,174.61439999861886,63.9999999999999,65.15000000000009,37.2,0.4000000000000003,86.39999999999954,547.1999999999996,974.9643999986179,completed,model_0.98
greenhouse,ET-MPC,N3_burst_loss,2039,persistence,0.035,0.98,hold,b7864cd3f652b026eeb161a2e9a3b988c788436c717e0475c37f0856866f8330,569714c2f054d7e589e1a1a495e488b7d47d406c61e9837ff2edbc5d46855c34,12ca0f6e05f585cf9d39f2c06178e7b8c550bd464b65480c0a93492d05bf5be9,0.3685635162224296,38.02083333333333,96,72.91666666666667,0.0,165.13919999853684,63.1999999999999,62.45000000000011,32.39999999999999,0.3840000000000003,86.39999999999954,554.3999999999996,964.3731999985359,completed,model_0.98
greenhouse,ET-MPC,N3_burst_loss,2040,persistence,0.035,0.98,hold,75185368f172f4aff807823e76d0eb466b805439ea58e5dd70e8fd4d75d6451e,569714c2f054d7e589e1a1a495e488b7d47d406c61e9837ff2edbc5d46855c34,12ca0f6e05f585cf9d39f2c06178e7b8c550bd464b65480c0a93492d05bf5be9,0.3711492377387259,38.19444444444444,103,65.04854368932038,0.0,190.8575999992085,63.9999999999999,69.35000000000007,49.20000000000003,0.4120000000000003,86.39999999999954,556.7999999999996,1017.0195999992077,completed,model_0.98
greenhouse,ET-MPC,N3_burst_loss,2026,persistence,0.035,1.0,hold,88944b10feb25e13f8fab9510dc432801ada46642ac47224362a0ee4d20fb1ca,569714c2f054d7e589e1a1a495e488b7d47d406c61e9837ff2edbc5d46855c34,12ca0f6e05f585cf9d39f2c06178e7b8c550bd464b65480c0a93492d05bf5be9,0.3982882166918698,43.22916666666667,91,75.82417582417582,0.0,155.66399999935857,62.399999999999906,59.75000000000008,31.19999999999999,0.36400000000000027,86.39999999999954,647.9999999999998,1043.7779999993577,completed,model_1.0
greenhouse,ET-MPC,N3_burst_loss,2027,persistence,0.035,1.0,hold,a91ce684a6e8aaae22fd088e074795a2d59b8d5a32f393bda0763a5ea31ec3d5,569714c2f054d7e589e1a1a495e488b7d47d406c61e9837ff2edbc5d46855c34,12ca0f6e05f585cf9d39f2c06178e7b8c550bd464b65480c0a93492d05bf5be9,0.3993721128403616,43.22916666666667,96,70.83333333333333,0.0,174.61439999837785,63.9999999999999,65.15000000000009,42.000000000000014,0.3840000000000003,86.39999999999954,645.5999999999998,1078.148399998377,completed,model_1.0
greenhouse,ET-MPC,N3_burst_loss,2028,persistence,0.035,1.0,hold,88eab80a014461cd90790cb607d2487b5d1c24edaed2469e54a93dd998ba0e0a,569714c2f054d7e589e1a1a495e488b7d47d406c61e9837ff2edbc5d46855c34,12ca0f6e05f585cf9d39f2c06178e7b8c550bd464b65480c0a93492d05bf5be9,0.3922780719489213,43.05555555555556,97,69.0721649484536,0.0,171.90719999839862,63.1999999999999,64.20000000000009,39.6,0.3880000000000003,86.39999999999954,657.5999999999997,1083.295199998398,completed,model_1.0
greenhouse,ET-MPC,N3_burst_loss,2029,persistence,0.035,1.0,hold,cc454fa64ffb9816524d54adfdd12a8af3d407c2649a9766dc24912580780377,569714c2f054d7e589e1a1a495e488b7d47d406c61e9837ff2edbc5d46855c34,12ca0f6e05f585cf9d39f2c06178e7b8c550bd464b65480c0a93492d05bf5be9,0.3946601076720814,43.22916666666667,96,71.875,0.0,173.26079999913858,65.5999999999999,65.3000000000001,39.60000000000001,0.3840000000000003,86.39999999999954,657.5999999999997,1088.1447999991378,completed,model_1.0
greenhouse,ET-MPC,N3_burst_loss,2030,persistence,0.035,1.0,hold,7e348beda0a6b1c7e0ef7be4c44d08d4a3241ffb52ded24d25ee4ea7ba4d9007,569714c2f054d7e589e1a1a495e488b7d47d406c61e9837ff2edbc5d46855c34,12ca0f6e05f585cf9d39f2c06178e7b8c550bd464b65480c0a93492d05bf5be9,0.3987554093455071,43.40277777777778,90,78.88888888888889,0.0,161.07839999902725,59.999999999999915,60.40000000000009,38.400000000000006,0.36000000000000026,86.39999999999954,643.1999999999998,1049.8383999990265,completed,model_1.0
greenhouse,ET-MPC,N3_burst_loss,2031,persistence,0.035,1.0,hold,10901f9f2d1dc9c838bce7a01666383ef073aea44f4edb34414e1f45d311663a,569714c2f054d7e589e1a1a495e488b7d47d406c61e9837ff2edbc5d46855c34,12ca0f6e05f585cf9d39f2c06178e7b8c550bd464b65480c0a93492d05bf5be9,0.39808815642430734,43.22916666666667,92,73.91304347826087,0.0,165.13920000026488,59.19999999999992,61.200000000000095,38.400000000000006,0.36800000000000027,86.39999999999954,643.1999999999998,1053.9072000002643,completed,model_1.0
greenhouse,ET-MPC,N3_burst_loss,2032,persistence,0.035,1.0,hold,9117a43ac635476a9ed3ab34ba9cf81ce70c641d93ebc125d6332f465cfcbc44,569714c2f054d7e589e1a1a495e488b7d47d406c61e9837ff2edbc5d46855c34,12ca0f6e05f585cf9d39f2c06178e7b8c550bd464b65480c0a93492d05bf5be9,0.3992640385616132,43.22916666666667,88,77.27272727272727,0.0,158.37119999886266,59.19999999999992,59.45000000000009,37.2,0.35200000000000026,86.39999999999954,643.1999999999998,1044.173199998862,completed,model_1.0
greenhouse,ET-MPC,N3_burst_loss,2033,persistence,0.035,1.0,hold,1484ed5cfb7677ae4ab4e37b0f8664e31741e6e5a08d940ae42cab269061463e,569714c2f054d7e589e1a1a495e488b7d47d406c61e9837ff2edbc5d46855c34,12ca0f6e05f585cf9d39f2c06178e7b8c550bd464b65480c0a93492d05bf5be9,0.39801612002067954,43.22916666666667,95,74.73684210526316,0.0,167.84639999840132,64.7999999999999,63.6500000000001,38.400000000000006,0.3800000000000003,86.39999999999954,640.7999999999998,1062.2763999984008,completed,model_1.0
greenhouse,ET-MPC,N3_burst_loss,2034,persistence,0.035,1.0,hold,a5be3e3a58a47793d28376e7e893c19eac27b6039573a686a5625fd4cdb6148c,569714c2f054d7e589e1a1a495e488b7d47d406c61e9837ff2edbc5d46855c34,12ca0f6e05f585cf9d39f2c06178e7b8c550bd464b65480c0a93492d05bf5be9,0.39661363328879645,43.22916666666667,97,65.97938144329896,0.0,186.7967999996613,56.799999999999926,66.05000000000008,50.40000000000003,0.3880000000000003,86.39999999999954,650.3999999999997,1097.2347999996605,completed,model_1.0
greenhouse,ET-MPC,N3_burst_loss,2035,persistence,0.035,1.0,hold,f6c2076e83e8ee7e4e95b8f3c884d265bbad340ea56d395545c12fb6f876bcd4,569714c2f054d7e589e1a1a495e488b7d47d406c61e9837ff2edbc5d46855c34,12ca0f6e05f585cf9d39f2c06178e7b8c550bd464b65480c0a93492d05bf5be9,0.3986265946243692,43.22916666666667,87,79.3103448275862,0.0,148.89599999919326,61.59999999999991,57.75000000000009,27.59999999999999,0.34800000000000025,86.39999999999954,645.5999999999998,1028.1939999991926,completed,model_1.0
greenhouse,ET-MPC,N3_burst_loss,2036,persistence,0.035,1.0,hold,40dd7633b8ccd2275e829f60c4a33df64c9b9a52c01b56c5d5c87ad35f853b72,569714c2f054d7e589e1a1a495e488b7d47d406c61e9837ff2edbc5d46855c34,12ca0f6e05f585cf9d39f2c06178e7b8c550bd464b65480c0a93492d05bf5be9,0.398022503600797,43.22916666666667,90,80.0,0.0,157.01759999903103,61.59999999999991,59.850000000000094,36.0,0.36000000000000026,86.39999999999954,643.1999999999998,1044.4275999990305,completed,model_1.0
greenhouse,ET-MPC,N3_burst_loss,2037,persistence,0.035,1.0,hold,fda595c86496a3be152cbc2077a0f6bc34d8c7d1bb5e57f0d2e11cc9b808d4d2,569714c2f054d7e589e1a1a495e488b7d47d406c61e9837ff2edbc5d46855c34,12ca0f6e05f585cf9d39f2c06178e7b8c550bd464b65480c0a93492d05bf5be9,0.3988586951794182,43.22916666666667,97,69.0721649484536,0.0,177.3215999988301,63.1999999999999,65.6000000000001,42.000000000000014,0.3880000000000003,86.39999999999954,647.9999999999998,1082.9095999988294,completed,model_1.0
greenhouse,ET-MPC,N3_burst_loss,2038,persistence,0.035,1.0,hold,c2b7735fd3ccfa557a31d54e0b2b44751938e8a1edb53aef9ba875882395150f,569714c2f054d7e589e1a1a495e488b7d47d406c61e9837ff2edbc5d46855c34,12ca0f6e05f585cf9d39f2c06178e7b8c550bd464b65480c0a93492d05bf5be9,0.3956424779325826,43.05555555555556,92,76.08695652173913,0.0,161.0783999985043,63.1999999999999,61.400000000000084,36.0,0.36800000000000027,86.39999999999954,650.3999999999997,1058.8463999985036,completed,model_1.0
greenhouse,ET-MPC,N3_burst_loss,2039,persistence,0.035,1.0,hold,b7864cd3f652b026eeb161a2e9a3b988c788436c717e0475c37f0856866f8330,569714c2f054d7e589e1a1a495e488b7d47d406c61e9837ff2edbc5d46855c34,12ca0f6e05f585cf9d39f2c06178e7b8c550bd464b65480c0a93492d05bf5be9,0.3919468509653004,43.05555555555556,93,72.04301075268818,0.0,161.0783999981723,63.1999999999999,61.400000000000105,32.39999999999999,0.3720000000000003,86.39999999999954,655.1999999999997,1060.0503999981715,completed,model_1.0
greenhouse,ET-MPC,N3_burst_loss,2040,persistence,0.035,1.0,hold,75185368f172f4aff807823e76d0eb466b805439ea58e5dd70e8fd4d75d6451e,569714c2f054d7e589e1a1a495e488b7d47d406c61e9837ff2edbc5d46855c34,12ca0f6e05f585cf9d39f2c06178e7b8c550bd464b65480c0a93492d05bf5be9,0.4036452661330316,43.40277777777778,98,67.34693877551021,0.0,177.32159999983963,61.59999999999991,65.1000000000001,42.000000000000014,0.3920000000000003,86.39999999999954,640.7999999999998,1073.613599999839,completed,model_1.0
greenhouse,ET-MPC,N3_burst_loss,2026,persistence,0.035,1.02,hold,88944b10feb25e13f8fab9510dc432801ada46642ac47224362a0ee4d20fb1ca,569714c2f054d7e589e1a1a495e488b7d47d406c61e9837ff2edbc5d46855c34,12ca0f6e05f585cf9d39f2c06178e7b8c550bd464b65480c0a93492d05bf5be9,0.458698647904853,46.18055555555556,101,74.25742574257426,0.0,178.67519999833658,67.19999999999989,67.20000000000006,39.60000000000001,0.4040000000000003,86.39999999999954,724.799999999999,1164.2791999983351,completed,model_1.02
greenhouse,ET-MPC,N3_burst_loss,2027,persistence,0.035,1.02,hold,a91ce684a6e8aaae22fd088e074795a2d59b8d5a32f393bda0763a5ea31ec3d5,569714c2f054d7e589e1a1a495e488b7d47d406c61e9837ff2edbc5d46855c34,12ca0f6e05f585cf9d39f2c06178e7b8c550bd464b65480c0a93492d05bf5be9,0.4610783781348446,48.09027777777778,106,66.98113207547169,0.0,189.50399999877314,68.79999999999988,70.50000000000006,42.000000000000014,0.4240000000000003,86.39999999999954,722.3999999999991,1180.0279999987715,completed,model_1.02
greenhouse,ET-MPC,N3_burst_loss,2028,persistence,0.035,1.02,hold,88eab80a014461cd90790cb607d2487b5d1c24edaed2469e54a93dd998ba0e0a,569714c2f054d7e589e1a1a495e488b7d47d406c61e9837ff2edbc5d46855c34,12ca0f6e05f585cf9d39f2c06178e7b8c550bd464b65480c0a93492d05bf5be9,0.45731434867652604,48.26388888888889,93,75.26881720430107,0.0,163.7855999985336,61.59999999999991,61.60000000000009,38.4,0.3720000000000003,86.39999999999954,719.9999999999991,1132.157599998532,completed,model_1.02
greenhouse,ET-MPC,N3_burst_loss,2029,persistence,0.035,1.02,hold,cc454fa64ffb9816524d54adfdd12a8af3d407c2649a9766dc24912580780377,569714c2f054d7e589e1a1a495e488b7d47d406c61e9837ff2edbc5d46855c34,12ca0f6e05f585cf9d39f2c06178e7b8c550bd464b65480c0a93492d05bf5be9,0.4682246111650563,48.09027777777778,99,74.74747474747475,0.0,169.19999999912866,68.79999999999988,65.25000000000009,32.39999999999999,0.3960000000000003,86.39999999999954,705.5999999999992,1128.0459999991274,completed,model_1.02
greenhouse,ET-MPC,N3_burst_loss,2030,persistence,0.035,1.02,hold,7e348beda0a6b1c7e0ef7be4c44d08d4a3241ffb52ded24d25ee4ea7ba4d9007,569714c2f054d7e589e1a1a495e488b7d47d406c61e9837ff2edbc5d46855c34,12ca0f6e05f585cf9d39f2c06178e7b8c550bd464b65480c0a93492d05bf5be9,0.45702165165130415,46.18055555555556,99,70.70707070707071,0.0,177.32159999826624,63.9999999999999,65.8500000000001,39.60000000000001,0.3960000000000003,86.39999999999954,722.3999999999991,1155.9675999982649,completed,model_1.02
greenhouse,ET-MPC,N3_burst_loss,2031,persistence,0.035,1.02,hold,10901f9f2d1dc9c838bce7a01666383ef073aea44f4edb34414e1f45d311663a,569714c2f054d7e589e1a1a495e488b7d47d406c61e9837ff2edbc5d46855c34,12ca0f6e05f585cf9d39f2c06178e7b8c550bd464b65480c0a93492d05bf5be9,0.4571516583303578,45.83333333333333,98,74.48979591836735,0.0,174.6144000005606,63.1999999999999,64.90000000000009,37.2,0.3920000000000003,86.39999999999954,722.3999999999991,1149.1064000005592,completed,model_1.02
greenhouse,ET-MPC,N3_burst_loss,2032,persistence,0.035,1.02,hold,9117a43ac635476a9ed3ab34ba9cf81ce70c641d93ebc125d6332f465cfcbc44,569714c2f054d7e589e1a1a495e488b7d47d406c61e9837ff2edbc5d46855c34,12ca0f6e05f585cf9d39f2c06178e7b8c550bd464b65480c0a93492d05bf5be9,0.457237801175582,46.35416666666667,96,73.95833333333333,0.0,174.61439999780154,61.59999999999991,64.4000000000001,40.800000000000004,0.3840000000000003,86.39999999999954,722.3999999999991,1150.5983999978002,completed,model_1.02
greenhouse,ET-MPC,N3_burst_loss,2033,persistence,0.035,1.02,hold,1484ed5cfb7677ae4ab4e37b0f8664e31741e6e5a08d940ae42cab269061463e,569714c2f054d7e589e1a1a495e488b7d47d406c61e9837ff2edbc5d46855c34,12ca0f6e05f585cf9d39f2c06178e7b8c550bd464b65480c0a93492d05bf5be9,0.4567752333645474,47.56944444444444,106,67.9245283018868,0.0,197.62559999792776,63.9999999999999,71.1000000000001,52.80000000000004,0.4240000000000003,86.39999999999954,719.9999999999991,1192.3495999979264,completed,model_1.02
greenhouse,ET-MPC,N3_burst_loss,2034,persistence,0.035,1.02,hold,a5be3e3a58a47793d28376e7e893c19eac27b6039573a686a5625fd4cdb6148c,569714c2f054d7e589e1a1a495e488b7d47d406c61e9837ff2edbc5d46855c34,12ca0f6e05f585cf9d39f2c06178e7b8c550bd464b65480c0a93492d05bf5be9,0.46072986469693317,48.26388888888889,94,77.65957446808511,0.0,169.19999999899113,61.59999999999991,63.0000000000001,39.60000000000001,0.3760000000000003,86.39999999999954,717.5999999999991,1137.7759999989898,completed,model_1.02
greenhouse,ET-MPC,N3_burst_loss,2035,persistence,0.035,1.02,hold,f6c2076e83e8ee7e4e95b8f3c884d265bbad340ea56d395545c12fb6f876bcd4,569714c2f054d7e589e1a1a495e488b7d47d406c61e9837ff2edbc5d46855c34,12ca0f6e05f585cf9d39f2c06178e7b8c550bd464b65480c0a93492d05bf5be9,0.4575959393417469,48.26388888888889,95,80.0,0.0,166.4927999988266,64.7999999999999,63.300000000000104,34.8,0.3800000000000003,86.39999999999954,724.799999999999,1140.9727999988252,completed,model_1.02
greenhouse,ET-MPC,N3_burst_loss,2036,persistence,0.035,1.02,hold,40dd7633b8ccd2275e829f60c4a33df64c9b9a52c01b56c5d5c87ad35f853b72,569714c2f054d7e589e1a1a495e488b7d47d406c61e9837ff2edbc5d46855c34,12ca0f6e05f585cf9d39f2c06178e7b8c550bd464b65480c0a93492d05bf5be9,0.4574478440214291,46.00694444444444,87,85.05747126436782,0.0,146.18879999964824,59.19999999999992,56.30000000000008,27.59999999999999,0.34800000000000025,86.39999999999954,722.3999999999991,1098.4367999996468,completed,model_1.02
greenhouse,ET-MPC,N3_burst_loss,2037,persistence,0.035,1.02,hold,fda595c86496a3be152cbc2077a0f6bc34d8c7d1bb5e57f0d2e11cc9b808d4d2,569714c2f054d7e589e1a1a495e488b7d47d406c61e9837ff2edbc5d46855c34,12ca0f6e05f585cf9d39f2c06178e7b8c550bd464b65480c0a93492d05bf5be9,0.4614743290872535,48.26388888888889,104,69.23076923076923,0.0,196.2719999980484,65.5999999999999,71.25000000000006,49.20000000000003,0.4160000000000003,86.39999999999954,717.5999999999991,1186.7379999980471,completed,model_1.02
greenhouse,ET-MPC,N3_burst_loss,2038,persistence,0.035,1.02,hold,c2b7735fd3ccfa557a31d54e0b2b44751938e8a1edb53aef9ba875882395150f,569714c2f054d7e589e1a1a495e488b7d47d406c61e9837ff2edbc5d46855c34,12ca0f6e05f585cf9d39f2c06178e7b8c550bd464b65480c0a93492d05bf5be9,0.45392979464136957,45.65972222222222,99,72.72727272727273,0.0,177.32159999772966,61.59999999999991,65.1000000000001,40.80000000000001,0.3960000000000003,86.39999999999954,729.599999999999,1161.2175999977283,completed,model_1.02
greenhouse,ET-MPC,N3_burst_loss,2039,persistence,0.035,1.02,hold,b7864cd3f652b026eeb161a2e9a3b988c788436c717e0475c37f0856866f8330,569714c2f054d7e589e1a1a495e488b7d47d406c61e9837ff2edbc5d46855c34,12ca0f6e05f585cf9d39f2c06178e7b8c550bd464b65480c0a93492d05bf5be9,0.45638877390470833,46.70138888888889,98,74.48979591836735,0.0,166.4927999987584,64.7999999999999,63.30000000000011,31.19999999999999,0.3920000000000003,86.39999999999954,717.5999999999991,1130.184799998757,completed,model_1.02
greenhouse,ET-MPC,N3_burst_loss,2040,persistence,0.035,1.02,hold,75185368f172f4aff807823e76d0eb466b805439ea58e5dd70e8fd4d75d6451e,569714c2f054d7e589e1a1a495e488b7d47d406c61e9837ff2edbc5d46855c34,12ca0f6e05f585cf9d39f2c06178e7b8c550bd464b65480c0a93492d05bf5be9,0.46005210276496245,46.35416666666667,93,76.34408602150538,0.0,167.84639999886167,63.9999999999999,63.40000000000009,38.400000000000006,0.3720000000000003,86.39999999999954,727.199999999999,1147.6183999988602,completed,model_1.02
greenhouse,ET-MPC,N3_burst_loss,2026,persistence,0.035,1.0,zero,88944b10feb25e13f8fab9510dc432801ada46642ac47224362a0ee4d20fb1ca,569714c2f054d7e589e1a1a495e488b7d47d406c61e9837ff2edbc5d46855c34,12ca0f6e05f585cf9d39f2c06178e7b8c550bd464b65480c0a93492d05bf5be9,0.41445357519229414,44.79166666666667,87,80.45977011494253,0.0,151.60319999906682,59.19999999999992,57.700000000000074,31.19999999999999,0.34800000000000025,86.39999999999954,604.8000000000002,991.2511999990666,completed,buffer_no_buffer
greenhouse,ET-MPC,N3_burst_loss,2027,persistence,0.035,1.0,zero,a91ce684a6e8aaae22fd088e074795a2d59b8d5a32f393bda0763a5ea31ec3d5,569714c2f054d7e589e1a1a495e488b7d47d406c61e9837ff2edbc5d46855c34,12ca0f6e05f585cf9d39f2c06178e7b8c550bd464b65480c0a93492d05bf5be9,0.4449514779284143,44.61805555555556,97,69.0721649484536,0.0,177.32159999832984,60.79999999999991,64.85000000000008,43.20000000000002,0.3880000000000003,86.39999999999954,532.8000000000003,965.7595999983296,completed,buffer_no_buffer
greenhouse,ET-MPC,N3_burst_loss,2028,persistence,0.035,1.0,zero,88eab80a014461cd90790cb607d2487b5d1c24edaed2469e54a93dd998ba0e0a,569714c2f054d7e589e1a1a495e488b7d47d406c61e9837ff2edbc5d46855c34,12ca0f6e05f585cf9d39f2c06178e7b8c550bd464b65480c0a93492d05bf5be9,0.41517225146515546,43.57638888888889,88,76.13636363636364,0.0,157.01759999757127,59.19999999999992,59.100000000000094,34.8,0.35200000000000026,86.39999999999954,611.9999999999999,1008.8695999975707,completed,buffer_no_buffer
greenhouse,ET-MPC,N3_burst_loss,2029,persistence,0.035,1.0,zero,cc454fa64ffb9816524d54adfdd12a8af3d407c2649a9766dc24912580780377,569714c2f054d7e589e1a1a495e488b7d47d406c61e9837ff2edbc5d46855c34,12ca0f6e05f585cf9d39f2c06178e7b8c550bd464b65480c0a93492d05bf5be9,0.43265464045083485,44.96527777777778,89,74.15730337078652,0.0,158.37119999854775,59.999999999999915,59.700000000000074,34.8,0.35600000000000026,86.39999999999954,568.8000000000003,968.4271999985476,completed,buffer_no_buffer
greenhouse,ET-MPC,N3_burst_loss,2030,persistence,0.035,1.0,zero,7e348beda0a6b1c7e0ef7be4c44d08d4a3241ffb52ded24d25ee4ea7ba4d9007,569714c2f054d7e589e1a1a495e488b7d47d406c61e9837ff2edbc5d46855c34,12ca0f6e05f585cf9d39f2c06178e7b8c550bd464b65480c0a93492d05bf5be9,0.4344538175828584,44.79166666666667,88,77.27272727272727,0.0,158.37119999812936,58.39999999999992,59.20000000000008,37.2,0.35200000000000026,86.39999999999954,561.6000000000003,961.523199998129,completed,buffer_no_buffer
greenhouse,ET-MPC,N3_burst_loss,2031,persistence,0.035,1.0,zero,10901f9f2d1dc9c838bce7a01666383ef073aea44f4edb34414e1f45d311663a,569714c2f054d7e589e1a1a495e488b7d47d406c61e9837ff2edbc5d46855c34,12ca0f6e05f585cf9d39f2c06178e7b8c550bd464b65480c0a93492d05bf5be9,0.4594477886052413,43.57638888888889,104,76.92307692307692,0.0,175.9679999991632,70.39999999999988,67.50000000000007,33.599999999999994,0.4160000000000003,86.39999999999954,523.1999999999998,957.4839999991625,completed,buffer_no_buffer
greenhouse,ET-MPC,N3_burst_loss,2032,persistence,0.035,1.0,zero,9117a43ac635476a9ed3ab34ba9cf81ce70c641d93ebc125d6332f465cfcbc44,569714c2f054d7e589e1a1a495e488b7d47d406c61e9837ff2edbc5d46855c34,12ca0f6e05f585cf9d39f2c06178e7b8c550bd464b65480c0a93492d05bf5be9,0.47847577647501666,44.27083333333333,103,70.87378640776699,0.0,192.2111999961525,64.7999999999999,69.9500000000001,50.40000000000003,0.4120000000000003,86.39999999999954,492.0000000000001,956.1731999961521,completed,buffer_no_buffer
greenhouse,ET-MPC,N3_burst_loss,2033,persistence,0.035,1.0,zero,1484ed5cfb7677ae4ab4e37b0f8664e31741e6e5a08d940ae42cab269061463e,569714c2f054d7e589e1a1a495e488b7d47d406c61e9837ff2edbc5d46855c34,12ca0f6e05f585cf9d39f2c06178e7b8c550bd464b65480c0a93492d05bf5be9,0.43242025305584497,44.27083333333333,101,71.2871287128713,0.0,186.79679999762865,66.39999999999989,69.05000000000007,49.20000000000003,0.4040000000000003,86.39999999999954,554.4000000000003,1012.6507999976285,completed,buffer_no_buffer
greenhouse,ET-MPC,N3_burst_loss,2034,persistence,0.035,1.0,zero,a5be3e3a58a47793d28376e7e893c19eac27b6039573a686a5625fd4cdb6148c,569714c2f054d7e589e1a1a495e488b7d47d406c61e9837ff2edbc5d46855c34,12ca0f6e05f585cf9d39f2c06178e7b8c550bd464b65480c0a93492d05bf5be9,0.4704864859041934,44.79166666666667,101,74.25742574257426,0.0,189.5039999987401,63.1999999999999,68.75000000000006,49.200000000000024,0.4040000000000003,86.39999999999954,518.4,975.8579999987396,completed,buffer_no_buffer
greenhouse,ET-MPC,N3_burst_loss,2035,persistence,0.035,1.0,zero,f6c2076e83e8ee7e4e95b8f3c884d265bbad340ea56d395545c12fb6f876bcd4,569714c2f054d7e589e1a1a495e488b7d47d406c61e9837ff2edbc5d46855c34,12ca0f6e05f585cf9d39f2c06178e7b8c550bd464b65480c0a93492d05bf5be9,0.44531714964207514,43.40277777777778,94,78.72340425531915,0.0,165.13919999801382,67.19999999999989,63.700000000000095,33.599999999999994,0.3760000000000003,86.39999999999954,549.5999999999999,966.0151999980133,completed,buffer_no_buffer
greenhouse,ET-MPC,N3_burst_loss,2036,persistence,0.035,1.0,zero,40dd7633b8ccd2275e829f60c4a33df64c9b9a52c01b56c5d5c87ad35f853b72,569714c2f054d7e589e1a1a495e488b7d47d406c61e9837ff2edbc5d46855c34,12ca0f6e05f585cf9d39f2c06178e7b8c550bd464b65480c0a93492d05bf5be9,0.4355476130824775,43.57638888888889,90,84.44444444444444,0.0,155.66399999898232,63.9999999999999,60.25000000000009,32.39999999999999,0.36000000000000026,86.39999999999954,566.4000000000001,965.473999998982,completed,buffer_no_buffer
greenhouse,ET-MPC,N3_burst_loss,2037,persistence,0.035,1.0,zero,fda595c86496a3be152cbc2077a0f6bc34d8c7d1bb5e57f0d2e11cc9b808d4d2,569714c2f054d7e589e1a1a495e488b7d47d406c61e9837ff2edbc5d46855c34,12ca0f6e05f585cf9d39f2c06178e7b8c550bd464b65480c0a93492d05bf5be9,0.4869304357577954,44.96527777777778,105,71.42857142857143,0.0,198.9791999978639,65.5999999999999,71.95000000000006,52.80000000000004,0.4200000000000003,86.39999999999954,472.8,948.9491999978634,completed,buffer_no_buffer
greenhouse,ET-MPC,N3_burst_loss,2038,persistence,0.035,1.0,zero,c2b7735fd3ccfa557a31d54e0b2b44751938e8a1edb53aef9ba875882395150f,569714c2f054d7e589e1a1a495e488b7d47d406c61e9837ff2edbc5d46855c34,12ca0f6e05f585cf9d39f2c06178e7b8c550bd464b65480c0a93492d05bf5be9,0.4464336871571353,44.44444444444444,97,74.22680412371135,0.0,170.55359999811796,64.7999999999999,64.3500000000001,38.400000000000006,0.3880000000000003,86.39999999999954,549.6000000000003,974.4915999981176,completed,buffer_no_buffer
greenhouse,ET-MPC,N3_burst_loss,2039,persistence,0.035,1.0,zero,b7864cd3f652b026eeb161a2e9a3b988c788436c717e0475c37f0856866f8330,569714c2f054d7e589e1a1a495e488b7d47d406c61e9837ff2edbc5d46855c34,12ca0f6e05f585cf9d39f2c06178e7b8c550bd464b65480c0a93492d05bf5be9,0.4561530760066956,44.27083333333333,105,73.33333333333333,0.0,182.73599999778818,71.19999999999987,69.50000000000009,37.2,0.4200000000000003,86.39999999999954,523.2,970.6559999977877,completed,buffer_no_buffer
greenhouse,ET-MPC,N3_burst_loss,2040,persistence,0.035,1.0,zero,75185368f172f4aff807823e76d0eb466b805439ea58e5dd70e8fd4d75d6451e,569714c2f054d7e589e1a1a495e488b7d47d406c61e9837ff2edbc5d46855c34,12ca0f6e05f585cf9d39f2c06178e7b8c550bd464b65480c0a93492d05bf5be9,0.4879715042210623,44.61805555555556,104,75.96153846153847,0.0,180.0287999989184,70.39999999999988,68.55000000000007,38.400000000000006,0.4160000000000003,86.39999999999954,482.3999999999997,926.5947999989176,completed,buffer_no_buffer
greenhouse,ET-MPC,N4_contention_duty,2026,persistence,0.02,1.0,hold,58cb042c5af0f37de5a244f162d5b2388a266758c1592bda7f1bf7b87ac8308e,569714c2f054d7e589e1a1a495e488b7d47d406c61e9837ff2edbc5d46855c34,12ca0f6e05f585cf9d39f2c06178e7b8c550bd464b65480c0a93492d05bf5be9,0.39813702982622184,43.05555555555556,144,67.36111111111111,0.0,403.4400000018105,112.79999999999973,106.99999999999982,78.00000000000006,0.5760000000000004,86.39999999999954,640.7999999999998,1429.0160000018095,completed,trigger_0.02
greenhouse,ET-MPC,N4_contention_duty,2027,persistence,0.02,1.0,hold,1434ba2e777fd9f15a8409ce89b40bb0a97693d3da8a8d03fc6e3c9b4e30f098,569714c2f054d7e589e1a1a495e488b7d47d406c61e9837ff2edbc5d46855c34,12ca0f6e05f585cf9d39f2c06178e7b8c550bd464b65480c0a93492d05bf5be9,0.39594887823371683,43.05555555555556,151,66.2251655629139,0.0,413.280000002097,118.39999999999971,110.49999999999986,75.60000000000005,0.6040000000000004,86.39999999999954,650.3999999999997,1455.184000002096,completed,trigger_0.02
greenhouse,ET-MPC,N4_contention_duty,2028,persistence,0.02,1.0,hold,b396206ca9758ba0892093d387c92c18fc6aa01478a3f6893f1b7e37e68c87a6,569714c2f054d7e589e1a1a495e488b7d47d406c61e9837ff2edbc5d46855c34,12ca0f6e05f585cf9d39f2c06178e7b8c550bd464b65480c0a93492d05bf5be9,0.39808556120610916,43.05555555555556,144,72.91666666666667,0.0,383.76000000104636,113.59999999999972,103.74999999999987,74.40000000000003,0.5760000000000004,86.39999999999954,645.5999999999998,1408.0860000010452,completed,trigger_0.02
greenhouse,ET-MPC,N4_contention_duty,2029,persistence,0.02,1.0,hold,2ed93a154f2a96dbefe3bdefd359d15ca38e1f2d8e920fdfa2eca92c1593f11e,569714c2f054d7e589e1a1a495e488b7d47d406c61e9837ff2edbc5d46855c34,12ca0f6e05f585cf9d39f2c06178e7b8c550bd464b65480c0a93492d05bf5be9,0.39989071225657224,43.05555555555556,154,66.23376623376623,0.0,403.44000000216516,119.9999999999997,109.24999999999984,79.20000000000003,0.6160000000000004,86.39999999999954,640.7999999999998,1439.7060000021643,completed,trigger_0.02
greenhouse,ET-MPC,N4_contention_duty,2030,persistence,0.02,1.0,hold,6ad887b52902bb243ab8a8585bc903967a9282b19992df45662316cd38b86fd6,569714c2f054d7e589e1a1a495e488b7d47d406c61e9837ff2edbc5d46855c34,12ca0f6e05f585cf9d39f2c06178e7b8c550bd464b65480c0a93492d05bf5be9,0.39541815715071094,43.05555555555556,141,75.177304964539,0.0,387.69600000305286,111.19999999999973,103.69999999999993,78.00000000000004,0.5640000000000004,86.39999999999954,652.7999999999997,1420.3600000030517,completed,trigger_0.02
greenhouse,ET-MPC,N4_contention_duty,2031,persistence,0.02,1.0,hold,2d734d8a0c5729b44b3b999923174897e4fd74c05c534de82b7343db52cfb095,569714c2f054d7e589e1a1a495e488b7d47d406c61e9837ff2edbc5d46855c34,12ca0f6e05f585cf9d39f2c06178e7b8c550bd464b65480c0a93492d05bf5be9,0.3971388758102699,43.05555555555556,147,67.34693877551021,0.0,369.98400000251854,115.99999999999972,102.04999999999987,61.20000000000003,0.5880000000000004,86.39999999999954,643.1999999999998,1379.4220000025175,completed,trigger_0.02
greenhouse,ET-MPC,N4_contention_duty,2032,persistence,0.02,1.0,hold,08ac78e1e47b7f5f839504439024575d816b237c936f299884e4f1d973edf840,569714c2f054d7e589e1a1a495e488b7d47d406c61e9837ff2edbc5d46855c34,12ca0f6e05f585cf9d39f2c06178e7b8c550bd464b65480c0a93492d05bf5be9,0.39453811728320054,43.05555555555556,139,74.82014388489209,0.0,375.88800000234727,106.39999999999975,100.09999999999991,73.20000000000005,0.5560000000000004,86.39999999999954,650.3999999999997,1392.9440000023462,completed,trigger_0.02
greenhouse,ET-MPC,N4_contention_duty,2033,persistence,0.02,1.0,hold,44bace5b49de74e2be026e96413b5ca66a3712d6bd483a5fbd10af9da28d9320,569714c2f054d7e589e1a1a495e488b7d47d406c61e9837ff2edbc5d46855c34,12ca0f6e05f585cf9d39f2c06178e7b8c550bd464b65480c0a93492d05bf5be9,0.39938162631291135,43.40277777777778,146,72.6027397260274,0.0,430.9920000019858,111.99999999999973,111.64999999999988,98.4000000000001,0.5840000000000004,86.39999999999954,643.1999999999998,1483.2260000019846,completed,trigger_0.02
greenhouse,ET-MPC,N4_contention_duty,2034,persistence,0.02,1.0,hold,81b93d69fc470c5dceb36c29d5feab77afe7a95f1e5f7d7b3ac9a51b9c29c5d3,569714c2f054d7e589e1a1a495e488b7d47d406c61e9837ff2edbc5d46855c34,12ca0f6e05f585cf9d39f2c06178e7b8c550bd464b65480c0a93492d05bf5be9,0.39628877660613565,43.22916666666667,143,74.12587412587412,0.0,371.9520000018734,111.99999999999973,101.14999999999986,64.80000000000001,0.5720000000000004,86.39999999999954,647.9999999999998,1384.8740000018722,completed,trigger_0.02
greenhouse,ET-MPC,N4_contention_duty,2035,persistence,0.02,1.0,hold,d05e441956e3eab7f4e6de4736a7cc79328881b028527a8d4bc2eacdca4c4417,569714c2f054d7e589e1a1a495e488b7d47d406c61e9837ff2edbc5d46855c34,12ca0f6e05f585cf9d39f2c06178e7b8c550bd464b65480c0a93492d05bf5be9,0.39622863282828524,43.22916666666667,147,70.74829931972789,0.0,391.63200000258524,114.39999999999972,105.39999999999988,66.00000000000001,0.5880000000000004,86.39999999999954,647.9999999999998,1412.420000002584,completed,trigger_0.02
greenhouse,ET-MPC,N4_contention_duty,2036,persistence,0.02,1.0,hold,a3cc64eb06c257558c88a814fbeb000bab001eb5341b303622e2ab70b4b66351,569714c2f054d7e589e1a1a495e488b7d47d406c61e9837ff2edbc5d46855c34,12ca0f6e05f585cf9d39f2c06178e7b8c550bd464b65480c0a93492d05bf5be9,0.3968663908684083,43.22916666666667,146,69.86301369863014,0.0,385.7280000020541,115.99999999999972,104.8499999999999,72.00000000000004,0.5840000000000004,86.39999999999954,645.5999999999998,1411.162000002053,completed,trigger_0.02
greenhouse,ET-MPC,N4_contention_duty,2037,persistence,0.02,1.0,hold,aed4fbbea49089859b091fd655a75c9473462649fce688dbe5fa871d5100df46,569714c2f054d7e589e1a1a495e488b7d47d406c61e9837ff2edbc5d46855c34,12ca0f6e05f585cf9d39f2c06178e7b8c550bd464b65480c0a93492d05bf5be9,0.394781695506471,43.22916666666667,143,69.93006993006993,0.0,373.9200000012051,112.79999999999973,101.7499999999999,75.60000000000005,0.5720000000000004,86.39999999999954,650.3999999999997,1401.4420000012042,completed,trigger_0.02
greenhouse,ET-MPC,N4_contention_duty,2038,persistence,0.02,1.0,hold,74de08de55de05da32d47e425142084eaf2ce1c332149edc3efbbdbf61f071b5,569714c2f054d7e589e1a1a495e488b7d47d406c61e9837ff2edbc5d46855c34,12ca0f6e05f585cf9d39f2c06178e7b8c550bd464b65480c0a93492d05bf5be9,0.3992771149414087,43.22916666666667,144,68.05555555555556,0.0,377.85600000175873,114.39999999999972,102.94999999999987,66.00000000000003,0.5760000000000004,86.39999999999954,643.1999999999998,1391.3820000017577,completed,trigger_0.02
greenhouse,ET-MPC,N4_contention_duty,2039,persistence,0.02,1.0,hold,8a7b6bb53017ccfc5cb3d3227cea50e3c1916323d5a6ef86b72f9808cb18bdf3,569714c2f054d7e589e1a1a495e488b7d47d406c61e9837ff2edbc5d46855c34,12ca0f6e05f585cf9d39f2c06178e7b8c550bd464b65480c0a93492d05bf5be9,0.3976010642324107,43.40277777777778,138,79.71014492753623,0.0,389.6640000011158,108.79999999999974,103.2999999999999,80.40000000000005,0.5520000000000004,86.39999999999954,647.9999999999998,1417.1160000011148,completed,trigger_0.02
greenhouse,ET-MPC,N4_contention_duty,2040,persistence,0.02,1.0,hold,ff690746aa09ce469e2ba992b11e0b5b37ca53e5e3ffa69c07ea184b79e30ffe,569714c2f054d7e589e1a1a495e488b7d47d406c61e9837ff2edbc5d46855c34,12ca0f6e05f585cf9d39f2c06178e7b8c550bd464b65480c0a93492d05bf5be9,0.3991080120384325,43.22916666666667,143,71.32867132867133,0.0,391.63200000045026,114.39999999999972,105.39999999999989,74.40000000000005,0.5720000000000004,86.39999999999954,645.5999999999998,1418.4040000004493,completed,trigger_0.02
greenhouse,ET-MPC,N4_contention_duty,2026,persistence,0.035,1.0,hold,58cb042c5af0f37de5a244f162d5b2388a266758c1592bda7f1bf7b87ac8308e,569714c2f054d7e589e1a1a495e488b7d47d406c61e9837ff2edbc5d46855c34,12ca0f6e05f585cf9d39f2c06178e7b8c550bd464b65480c0a93492d05bf5be9,0.39676001105856185,43.05555555555556,99,66.66666666666667,0.0,279.45600000092327,77.59999999999985,73.94999999999999,57.600000000000016,0.3960000000000003,86.39999999999954,643.1999999999998,1218.6020000009225,completed,trigger_0.035
greenhouse,ET-MPC,N4_contention_duty,2027,persistence,0.035,1.0,hold,1434ba2e777fd9f15a8409ce89b40bb0a97693d3da8a8d03fc6e3c9b4e30f098,569714c2f054d7e589e1a1a495e488b7d47d406c61e9837ff2edbc5d46855c34,12ca0f6e05f585cf9d39f2c06178e7b8c550bd464b65480c0a93492d05bf5be9,0.39684318700007093,43.05555555555556,97,69.0721649484536,0.0,251.90400000062556,75.99999999999986,68.55000000000007,40.80000000000001,0.3880000000000003,86.39999999999954,650.3999999999997,1174.4420000006248,completed,trigger_0.035
greenhouse,ET-MPC,N4_contention_duty,2028,persistence,0.035,1.0,hold,b396206ca9758ba0892093d387c92c18fc6aa01478a3f6893f1b7e37e68c87a6,569714c2f054d7e589e1a1a495e488b7d47d406c61e9837ff2edbc5d46855c34,12ca0f6e05f585cf9d39f2c06178e7b8c550bd464b65480c0a93492d05bf5be9,0.39846530989191836,43.05555555555556,85,80.0,0.0,216.480000000783,67.99999999999989,59.75000000000009,33.599999999999994,0.34000000000000025,86.39999999999954,647.9999999999998,1112.5700000007823,completed,trigger_0.035
greenhouse,ET-MPC,N4_contention_duty,2029,persistence,0.035,1.0,hold,2ed93a154f2a96dbefe3bdefd359d15ca38e1f2d8e920fdfa2eca92c1593f11e,569714c2f054d7e589e1a1a495e488b7d47d406c61e9837ff2edbc5d46855c34,12ca0f6e05f585cf9d39f2c06178e7b8c550bd464b65480c0a93492d05bf5be9,0.39500503637125084,43.05555555555556,97,71.1340206185567,0.0,234.19200000097132,75.99999999999986,65.40000000000008,43.2,0.3880000000000003,86.39999999999954,652.7999999999997,1158.3800000009705,completed,trigger_0.035
greenhouse,ET-MPC,N4_contention_duty,2030,persistence,0.035,1.0,hold,6ad887b52902bb243ab8a8585bc903967a9282b19992df45662316cd38b86fd6,569714c2f054d7e589e1a1a495e488b7d47d406c61e9837ff2edbc5d46855c34,12ca0f6e05f585cf9d39f2c06178e7b8c550bd464b65480c0a93492d05bf5be9,0.3981513808877756,43.05555555555556,96,71.875,0.0,265.68000000167257,76.79999999999986,71.25000000000004,52.800000000000026,0.3840000000000003,86.39999999999954,647.9999999999998,1201.314000001672,completed,trigger_0.035
greenhouse,ET-MPC,N4_contention_duty,2031,persistence,0.035,1.0,hold,2d734d8a0c5729b44b3b999923174897e4fd74c05c534de82b7343db52cfb095,569714c2f054d7e589e1a1a495e488b7d47d406c61e9837ff2edbc5d46855c34,12ca0f6e05f585cf9d39f2c06178e7b8c550bd464b65480c0a93492d05bf5be9,0.39664515742734485,43.22916666666667,94,73.40425531914893,0.0,242.0640000019464,75.19999999999986,66.55000000000004,41.99999999999999,0.3760000000000003,86.39999999999954,645.5999999999998,1158.1900000019455,completed,trigger_0.035
greenhouse,ET-MPC,N4_contention_duty,2032,persistence,0.035,1.0,hold,08ac78e1e47b7f5f839504439024575d816b237c936f299884e4f1d973edf840,569714c2f054d7e589e1a1a495e488b7d47d406c61e9837ff2edbc5d46855c34,12ca0f6e05f585cf9d39f2c06178e7b8c550bd464b65480c0a93492d05bf5be9,0.39548932399086784,43.22916666666667,91,76.92307692307692,0.0,236.160000001579,70.39999999999988,64.00000000000007,39.6,0.36400000000000027,86.39999999999954,650.3999999999997,1147.3240000015783,completed,trigger_0.035
greenhouse,ET-MPC,N4_contention_duty,2033,persistence,0.035,1.0,hold,44bace5b49de74e2be026e96413b5ca66a3712d6bd483a5fbd10af9da28d9320,569714c2f054d7e589e1a1a495e488b7d47d406c61e9837ff2edbc5d46855c34,12ca0f6e05f585cf9d39f2c06178e7b8c550bd464b65480c0a93492d05bf5be9,0.399259456906819,43.22916666666667,92,76.08695652173913,0.0,277.4880000015777,72.79999999999987,72.10000000000004,69.60000000000004,0.36800000000000027,86.39999999999954,640.7999999999998,1219.556000001577,completed,trigger_0.035
greenhouse,ET-MPC,N4_contention_duty,2034,persistence,0.035,1.0,hold,81b93d69fc470c5dceb36c29d5feab77afe7a95f1e5f7d7b3ac9a51b9c29c5d3,569714c2f054d7e589e1a1a495e488b7d47d406c61e9837ff2edbc5d46855c34,12ca0f6e05f585cf9d39f2c06178e7b8c550bd464b65480c0a93492d05bf5be9,0.3959615240833896,43.22916666666667,91,74.72527472527473,0.0,230.2560000009931,72.79999999999987,63.70000000000008,35.99999999999999,0.36400000000000027,86.39999999999954,650.3999999999997,1139.9200000009923,completed,trigger_0.035
greenhouse,ET-MPC,N4_contention_duty,2035,persistence,0.035,1.0,hold,d05e441956e3eab7f4e6de4736a7cc79328881b028527a8d4bc2eacdca4c4417,569714c2f054d7e589e1a1a495e488b7d47d406c61e9837ff2edbc5d46855c34,12ca0f6e05f585cf9d39f2c06178e7b8c550bd464b65480c0a93492d05bf5be9,0.39708874422089097,43.22916666666667,94,75.53191489361703,0.0,255.8400000019885,73.59999999999987,68.50000000000004,48.0,0.3760000000000003,86.39999999999954,647.9999999999998,1180.7160000019876,completed,trigger_0.035
greenhouse,ET-MPC,N4_contention_duty,2036,persistence,0.035,1.0,hold,a3cc64eb06c257558c88a814fbeb000bab001eb5341b303622e2ab70b4b66351,569714c2f054d7e589e1a1a495e488b7d47d406c61e9837ff2edbc5d46855c34,12ca0f6e05f585cf9d39f2c06178e7b8c550bd464b65480c0a93492d05bf5be9,0.397164421100449,43.22916666666667,94,71.27659574468085,0.0,249.93600000042048,73.59999999999987,67.45000000000006,48.000000000000014,0.3760000000000003,86.39999999999954,647.9999999999998,1173.7620000004197,completed,trigger_0.035
greenhouse,ET-MPC,N4_contention_duty,2037,persistence,0.035,1.0,hold,aed4fbbea49089859b091fd655a75c9473462649fce688dbe5fa871d5100df46,569714c2f054d7e589e1a1a495e488b7d47d406c61e9837ff2edbc5d46855c34,12ca0f6e05f585cf9d39f2c06178e7b8c550bd464b65480c0a93492d05bf5be9,0.39501215248270094,43.22916666666667,100,68.0,0.0,253.87200000089194,77.59999999999985,69.40000000000005,45.60000000000001,0.4000000000000003,86.39999999999954,645.5999999999998,1178.8720000008911,completed,trigger_0.035
greenhouse,ET-MPC,N4_contention_duty,2038,persistence,0.035,1.0,hold,74de08de55de05da32d47e425142084eaf2ce1c332149edc3efbbdbf61f071b5,569714c2f054d7e589e1a1a495e488b7d47d406c61e9837ff2edbc5d46855c34,12ca0f6e05f585cf9d39f2c06178e7b8c550bd464b65480c0a93492d05bf5be9,0.39785583514049444,43.22916666666667,96,70.83333333333333,0.0,257.80800000163197,75.19999999999986,69.35000000000007,46.800000000000004,0.3840000000000003,86.39999999999954,645.5999999999998,1181.5420000016313,completed,trigger_0.035
greenhouse,ET-MPC,N4_contention_duty,2039,persistence,0.035,1.0,hold,8a7b6bb53017ccfc5cb3d3227cea50e3c1916323d5a6ef86b72f9808cb18bdf3,569714c2f054d7e589e1a1a495e488b7d47d406c61e9837ff2edbc5d46855c34,12ca0f6e05f585cf9d39f2c06178e7b8c550bd464b65480c0a93492d05bf5be9,0.3975963251646282,43.40277777777778,96,70.83333333333333,0.0,267.6480000009818,74.39999999999986,70.85000000000005,57.60000000000003,0.3840000000000003,86.39999999999954,647.9999999999998,1205.282000000981,completed,trigger_0.035
greenhouse,ET-MPC,N4_contention_duty,2040,persistence,0.035,1.0,hold,ff690746aa09ce469e2ba992b11e0b5b37ca53e5e3ffa69c07ea184b79e30ffe,569714c2f054d7e589e1a1a495e488b7d47d406c61e9837ff2edbc5d46855c34,12ca0f6e05f585cf9d39f2c06178e7b8c550bd464b65480c0a93492d05bf5be9,0.3977622083601193,43.22916666666667,92,75.0,0.0,242.0640000001957,73.59999999999987,66.05000000000005,40.8,0.36800000000000027,86.39999999999954,647.9999999999998,1157.282000000195,completed,trigger_0.035
greenhouse,ET-MPC,N4_contention_duty,2026,persistence,0.07,1.0,hold,58cb042c5af0f37de5a244f162d5b2388a266758c1592bda7f1bf7b87ac8308e,569714c2f054d7e589e1a1a495e488b7d47d406c61e9837ff2edbc5d46855c34,12ca0f6e05f585cf9d39f2c06178e7b8c550bd464b65480c0a93492d05bf5be9,0.3996183638066612,43.05555555555556,56,66.07142857142857,0.0,155.47200000044066,43.199999999999974,41.15000000000003,31.199999999999985,0.22400000000000017,86.39999999999954,638.3999999999999,996.04600000044,completed,trigger_0.07
greenhouse,ET-MPC,N4_contention_duty,2027,persistence,0.07,1.0,hold,1434ba2e777fd9f15a8409ce89b40bb0a97693d3da8a8d03fc6e3c9b4e30f098,569714c2f054d7e589e1a1a495e488b7d47d406c61e9837ff2edbc5d46855c34,12ca0f6e05f585cf9d39f2c06178e7b8c550bd464b65480c0a93492d05bf5be9,0.3929026348912717,42.88194444444444,53,69.81132075471699,0.0,147.60000000060018,42.39999999999998,39.500000000000036,28.79999999999999,0.21200000000000016,86.39999999999954,657.5999999999997,1002.5120000005993,completed,trigger_0.07
greenhouse,ET-MPC,N4_contention_duty,2028,persistence,0.07,1.0,hold,b396206ca9758ba0892093d387c92c18fc6aa01478a3f6893f1b7e37e68c87a6,569714c2f054d7e589e1a1a495e488b7d47d406c61e9837ff2edbc5d46855c34,12ca0f6e05f585cf9d39f2c06178e7b8c550bd464b65480c0a93492d05bf5be9,0.3957163201779085,43.05555555555556,55,67.27272727272727,0.0,145.63200000038822,43.199999999999974,39.40000000000003,22.799999999999994,0.22000000000000017,86.39999999999954,652.7999999999997,990.4520000003874,completed,trigger_0.07
greenhouse,ET-MPC,N4_contention_duty,2029,persistence,0.07,1.0,hold,2ed93a154f2a96dbefe3bdefd359d15ca38e1f2d8e920fdfa2eca92c1593f11e,569714c2f054d7e589e1a1a495e488b7d47d406c61e9837ff2edbc5d46855c34,12ca0f6e05f585cf9d39f2c06178e7b8c550bd464b65480c0a93492d05bf5be9,0.39337595996626573,42.88194444444444,53,73.58490566037736,0.0,139.72800000027314,40.79999999999998,37.60000000000003,25.199999999999992,0.21200000000000016,86.39999999999954,650.3999999999997,980.3400000002724,completed,trigger_0.07
greenhouse,ET-MPC,N4_contention_duty,2030,persistence,0.07,1.0,hold,6ad887b52902bb243ab8a8585bc903967a9282b19992df45662316cd38b86fd6,569714c2f054d7e589e1a1a495e488b7d47d406c61e9837ff2edbc5d46855c34,12ca0f6e05f585cf9d39f2c06178e7b8c550bd464b65480c0a93492d05bf5be9,0.39748715734509815,43.05555555555556,52,73.07692307692308,0.0,145.63200000135234,41.59999999999998,38.90000000000002,29.999999999999993,0.20800000000000016,86.39999999999954,650.3999999999997,993.1400000013516,completed,trigger_0.07
greenhouse,ET-MPC,N4_contention_duty,2031,persistence,0.07,1.0,hold,2d734d8a0c5729b44b3b999923174897e4fd74c05c534de82b7343db52cfb095,569714c2f054d7e589e1a1a495e488b7d47d406c61e9837ff2edbc5d46855c34,12ca0f6e05f585cf9d39f2c06178e7b8c550bd464b65480c0a93492d05bf5be9,0.3972404605999812,43.22916666666667,52,71.15384615384616,0.0,135.79200000058142,41.59999999999998,37.15000000000003,27.599999999999994,0.20800000000000016,86.39999999999954,643.1999999999998,971.9500000005808,completed,trigger_0.07
greenhouse,ET-MPC,N4_contention_duty,2032,persistence,0.07,1.0,hold,08ac78e1e47b7f5f839504439024575d816b237c936f299884e4f1d973edf840,569714c2f054d7e589e1a1a495e488b7d47d406c61e9837ff2edbc5d46855c34,12ca0f6e05f585cf9d39f2c06178e7b8c550bd464b65480c0a93492d05bf5be9,0.392532053516634,43.22916666666667,52,71.15384615384616,0.0,147.60000000077756,39.999999999999986,38.75000000000002,31.19999999999999,0.20800000000000016,86.39999999999954,662.3999999999996,1006.5580000007767,completed,trigger_0.07
greenhouse,ET-MPC,N4_contention_duty,2033,persistence,0.07,1.0,hold,44bace5b49de74e2be026e96413b5ca66a3712d6bd483a5fbd10af9da28d9320,569714c2f054d7e589e1a1a495e488b7d47d406c61e9837ff2edbc5d46855c34,12ca0f6e05f585cf9d39f2c06178e7b8c550bd464b65480c0a93492d05bf5be9,0.39411020736713614,42.88194444444444,56,64.28571428571429,0.0,167.28000000058915,41.59999999999998,42.750000000000036,42.00000000000001,0.22400000000000017,86.39999999999954,652.7999999999997,1033.0540000005885,completed,trigger_0.07
greenhouse,ET-MPC,N4_contention_duty,2034,persistence,0.07,1.0,hold,81b93d69fc470c5dceb36c29d5feab77afe7a95f1e5f7d7b3ac9a51b9c29c5d3,569714c2f054d7e589e1a1a495e488b7d47d406c61e9837ff2edbc5d46855c34,12ca0f6e05f585cf9d39f2c06178e7b8c550bd464b65480c0a93492d05bf5be9,0.3958631197492566,43.22916666666667,45,80.0,0.0,133.82400000067184,34.400000000000006,34.55000000000002,31.19999999999999,0.18000000000000013,86.39999999999954,652.7999999999997,973.3540000006711,completed,trigger_0.07
greenhouse,ET-MPC,N4_contention_duty,2035,persistence,0.07,1.0,hold,d05e441956e3eab7f4e6de4736a7cc79328881b028527a8d4bc2eacdca4c4417,569714c2f054d7e589e1a1a495e488b7d47d406c61e9837ff2edbc5d46855c34,12ca0f6e05f585cf9d39f2c06178e7b8c550bd464b65480c0a93492d05bf5be9,0.39346060501193075,42.88194444444444,55,67.27272727272727,0.0,149.56800000137827,43.99999999999997,40.350000000000016,26.39999999999999,0.22000000000000017,86.39999999999954,647.9999999999998,994.9380000013775,completed,trigger_0.07
greenhouse,ET-MPC,N4_contention_duty,2036,persistence,0.07,1.0,hold,a3cc64eb06c257558c88a814fbeb000bab001eb5341b303622e2ab70b4b66351,569714c2f054d7e589e1a1a495e488b7d47d406c61e9837ff2edbc5d46855c34,12ca0f6e05f585cf9d39f2c06178e7b8c550bd464b65480c0a93492d05bf5be9,0.39303548820455314,43.05555555555556,61,60.65573770491803,0.0,167.2800000006072,48.799999999999955,45.00000000000004,35.99999999999999,0.2440000000000002,86.39999999999954,650.3999999999997,1034.1240000006064,completed,trigger_0.07
greenhouse,ET-MPC,N4_contention_duty,2037,persistence,0.07,1.0,hold,aed4fbbea49089859b091fd655a75c9473462649fce688dbe5fa871d5100df46,569714c2f054d7e589e1a1a495e488b7d47d406c61e9837ff2edbc5d46855c34,12ca0f6e05f585cf9d39f2c06178e7b8c550bd464b65480c0a93492d05bf5be9,0.3949271343278521,42.88194444444444,57,64.91228070175438,0.0,159.4079999999891,43.199999999999974,41.85000000000004,33.599999999999994,0.22800000000000017,86.39999999999954,640.7999999999998,1005.4859999999885,completed,trigger_0.07
greenhouse,ET-MPC,N4_contention_duty,2038,persistence,0.07,1.0,hold,74de08de55de05da32d47e425142084eaf2ce1c332149edc3efbbdbf61f071b5,569714c2f054d7e589e1a1a495e488b7d47d406c61e9837ff2edbc5d46855c34,12ca0f6e05f585cf9d39f2c06178e7b8c550bd464b65480c0a93492d05bf5be9,0.3997865844253361,43.05555555555556,56,71.42857142857143,0.0,135.79200000089293,44.79999999999997,38.15000000000003,19.199999999999996,0.22400000000000017,86.39999999999954,640.7999999999998,965.3660000008922,completed,trigger_0.07
greenhouse,ET-MPC,N4_contention_duty,2039,persistence,0.07,1.0,hold,8a7b6bb53017ccfc5cb3d3227cea50e3c1916323d5a6ef86b72f9808cb18bdf3,569714c2f054d7e589e1a1a495e488b7d47d406c61e9837ff2edbc5d46855c34,12ca0f6e05f585cf9d39f2c06178e7b8c550bd464b65480c0a93492d05bf5be9,0.398563114853984,43.40277777777778,52,73.07692307692308,0.0,131.85600000103298,40.79999999999998,36.20000000000003,23.999999999999993,0.20800000000000016,86.39999999999954,647.9999999999998,967.4640000010323,completed,trigger_0.07
greenhouse,ET-MPC,N4_contention_duty,2040,persistence,0.07,1.0,hold,ff690746aa09ce469e2ba992b11e0b5b37ca53e5e3ffa69c07ea184b79e30ffe,569714c2f054d7e589e1a1a495e488b7d47d406c61e9837ff2edbc5d46855c34,12ca0f6e05f585cf9d39f2c06178e7b8c550bd464b65480c0a93492d05bf5be9,0.3978244043406059,43.22916666666667,48,75.0,0.0,133.82400000041721,38.39999999999999,35.80000000000002,25.199999999999992,0.19200000000000014,86.39999999999954,652.7999999999997,972.6160000004165,completed,trigger_0.07
greenhouse,ET-MPC,N4_contention_duty,2026,persistence,0.035,1.0,hold,58cb042c5af0f37de5a244f162d5b2388a266758c1592bda7f1bf7b87ac8308e,569714c2f054d7e589e1a1a495e488b7d47d406c61e9837ff2edbc5d46855c34,12ca0f6e05f585cf9d39f2c06178e7b8c550bd464b65480c0a93492d05bf5be9,0.39676001105856185,43.05555555555556,99,66.66666666666667,0.0,279.45600000092327,77.59999999999985,73.94999999999999,57.600000000000016,0.3960000000000003,86.39999999999954,643.1999999999998,1218.6020000009225,completed,forecast_persistence
greenhouse,ET-MPC,N4_contention_duty,2027,persistence,0.035,1.0,hold,1434ba2e777fd9f15a8409ce89b40bb0a97693d3da8a8d03fc6e3c9b4e30f098,569714c2f054d7e589e1a1a495e488b7d47d406c61e9837ff2edbc5d46855c34,12ca0f6e05f585cf9d39f2c06178e7b8c550bd464b65480c0a93492d05bf5be9,0.39684318700007093,43.05555555555556,97,69.0721649484536,0.0,251.90400000062556,75.99999999999986,68.55000000000007,40.80000000000001,0.3880000000000003,86.39999999999954,650.3999999999997,1174.4420000006248,completed,forecast_persistence
greenhouse,ET-MPC,N4_contention_duty,2028,persistence,0.035,1.0,hold,b396206ca9758ba0892093d387c92c18fc6aa01478a3f6893f1b7e37e68c87a6,569714c2f054d7e589e1a1a495e488b7d47d406c61e9837ff2edbc5d46855c34,12ca0f6e05f585cf9d39f2c06178e7b8c550bd464b65480c0a93492d05bf5be9,0.39846530989191836,43.05555555555556,85,80.0,0.0,216.480000000783,67.99999999999989,59.75000000000009,33.599999999999994,0.34000000000000025,86.39999999999954,647.9999999999998,1112.5700000007823,completed,forecast_persistence
greenhouse,ET-MPC,N4_contention_duty,2029,persistence,0.035,1.0,hold,2ed93a154f2a96dbefe3bdefd359d15ca38e1f2d8e920fdfa2eca92c1593f11e,569714c2f054d7e589e1a1a495e488b7d47d406c61e9837ff2edbc5d46855c34,12ca0f6e05f585cf9d39f2c06178e7b8c550bd464b65480c0a93492d05bf5be9,0.39500503637125084,43.05555555555556,97,71.1340206185567,0.0,234.19200000097132,75.99999999999986,65.40000000000008,43.2,0.3880000000000003,86.39999999999954,652.7999999999997,1158.3800000009705,completed,forecast_persistence
greenhouse,ET-MPC,N4_contention_duty,2030,persistence,0.035,1.0,hold,6ad887b52902bb243ab8a8585bc903967a9282b19992df45662316cd38b86fd6,569714c2f054d7e589e1a1a495e488b7d47d406c61e9837ff2edbc5d46855c34,12ca0f6e05f585cf9d39f2c06178e7b8c550bd464b65480c0a93492d05bf5be9,0.3981513808877756,43.05555555555556,96,71.875,0.0,265.68000000167257,76.79999999999986,71.25000000000004,52.800000000000026,0.3840000000000003,86.39999999999954,647.9999999999998,1201.314000001672,completed,forecast_persistence
greenhouse,ET-MPC,N4_contention_duty,2031,persistence,0.035,1.0,hold,2d734d8a0c5729b44b3b999923174897e4fd74c05c534de82b7343db52cfb095,569714c2f054d7e589e1a1a495e488b7d47d406c61e9837ff2edbc5d46855c34,12ca0f6e05f585cf9d39f2c06178e7b8c550bd464b65480c0a93492d05bf5be9,0.39664515742734485,43.22916666666667,94,73.40425531914893,0.0,242.0640000019464,75.19999999999986,66.55000000000004,41.99999999999999,0.3760000000000003,86.39999999999954,645.5999999999998,1158.1900000019455,completed,forecast_persistence
greenhouse,ET-MPC,N4_contention_duty,2032,persistence,0.035,1.0,hold,08ac78e1e47b7f5f839504439024575d816b237c936f299884e4f1d973edf840,569714c2f054d7e589e1a1a495e488b7d47d406c61e9837ff2edbc5d46855c34,12ca0f6e05f585cf9d39f2c06178e7b8c550bd464b65480c0a93492d05bf5be9,0.39548932399086784,43.22916666666667,91,76.92307692307692,0.0,236.160000001579,70.39999999999988,64.00000000000007,39.6,0.36400000000000027,86.39999999999954,650.3999999999997,1147.3240000015783,completed,forecast_persistence
greenhouse,ET-MPC,N4_contention_duty,2033,persistence,0.035,1.0,hold,44bace5b49de74e2be026e96413b5ca66a3712d6bd483a5fbd10af9da28d9320,569714c2f054d7e589e1a1a495e488b7d47d406c61e9837ff2edbc5d46855c34,12ca0f6e05f585cf9d39f2c06178e7b8c550bd464b65480c0a93492d05bf5be9,0.399259456906819,43.22916666666667,92,76.08695652173913,0.0,277.4880000015777,72.79999999999987,72.10000000000004,69.60000000000004,0.36800000000000027,86.39999999999954,640.7999999999998,1219.556000001577,completed,forecast_persistence
greenhouse,ET-MPC,N4_contention_duty,2034,persistence,0.035,1.0,hold,81b93d69fc470c5dceb36c29d5feab77afe7a95f1e5f7d7b3ac9a51b9c29c5d3,569714c2f054d7e589e1a1a495e488b7d47d406c61e9837ff2edbc5d46855c34,12ca0f6e05f585cf9d39f2c06178e7b8c550bd464b65480c0a93492d05bf5be9,0.3959615240833896,43.22916666666667,91,74.72527472527473,0.0,230.2560000009931,72.79999999999987,63.70000000000008,35.99999999999999,0.36400000000000027,86.39999999999954,650.3999999999997,1139.9200000009923,completed,forecast_persistence
greenhouse,ET-MPC,N4_contention_duty,2035,persistence,0.035,1.0,hold,d05e441956e3eab7f4e6de4736a7cc79328881b028527a8d4bc2eacdca4c4417,569714c2f054d7e589e1a1a495e488b7d47d406c61e9837ff2edbc5d46855c34,12ca0f6e05f585cf9d39f2c06178e7b8c550bd464b65480c0a93492d05bf5be9,0.39708874422089097,43.22916666666667,94,75.53191489361703,0.0,255.8400000019885,73.59999999999987,68.50000000000004,48.0,0.3760000000000003,86.39999999999954,647.9999999999998,1180.7160000019876,completed,forecast_persistence
greenhouse,ET-MPC,N4_contention_duty,2036,persistence,0.035,1.0,hold,a3cc64eb06c257558c88a814fbeb000bab001eb5341b303622e2ab70b4b66351,569714c2f054d7e589e1a1a495e488b7d47d406c61e9837ff2edbc5d46855c34,12ca0f6e05f585cf9d39f2c06178e7b8c550bd464b65480c0a93492d05bf5be9,0.397164421100449,43.22916666666667,94,71.27659574468085,0.0,249.93600000042048,73.59999999999987,67.45000000000006,48.000000000000014,0.3760000000000003,86.39999999999954,647.9999999999998,1173.7620000004197,completed,forecast_persistence
greenhouse,ET-MPC,N4_contention_duty,2037,persistence,0.035,1.0,hold,aed4fbbea49089859b091fd655a75c9473462649fce688dbe5fa871d5100df46,569714c2f054d7e589e1a1a495e488b7d47d406c61e9837ff2edbc5d46855c34,12ca0f6e05f585cf9d39f2c06178e7b8c550bd464b65480c0a93492d05bf5be9,0.39501215248270094,43.22916666666667,100,68.0,0.0,253.87200000089194,77.59999999999985,69.40000000000005,45.60000000000001,0.4000000000000003,86.39999999999954,645.5999999999998,1178.8720000008911,completed,forecast_persistence
greenhouse,ET-MPC,N4_contention_duty,2038,persistence,0.035,1.0,hold,74de08de55de05da32d47e425142084eaf2ce1c332149edc3efbbdbf61f071b5,569714c2f054d7e589e1a1a495e488b7d47d406c61e9837ff2edbc5d46855c34,12ca0f6e05f585cf9d39f2c06178e7b8c550bd464b65480c0a93492d05bf5be9,0.39785583514049444,43.22916666666667,96,70.83333333333333,0.0,257.80800000163197,75.19999999999986,69.35000000000007,46.800000000000004,0.3840000000000003,86.39999999999954,645.5999999999998,1181.5420000016313,completed,forecast_persistence
greenhouse,ET-MPC,N4_contention_duty,2039,persistence,0.035,1.0,hold,8a7b6bb53017ccfc5cb3d3227cea50e3c1916323d5a6ef86b72f9808cb18bdf3,569714c2f054d7e589e1a1a495e488b7d47d406c61e9837ff2edbc5d46855c34,12ca0f6e05f585cf9d39f2c06178e7b8c550bd464b65480c0a93492d05bf5be9,0.3975963251646282,43.40277777777778,96,70.83333333333333,0.0,267.6480000009818,74.39999999999986,70.85000000000005,57.60000000000003,0.3840000000000003,86.39999999999954,647.9999999999998,1205.282000000981,completed,forecast_persistence
greenhouse,ET-MPC,N4_contention_duty,2040,persistence,0.035,1.0,hold,ff690746aa09ce469e2ba992b11e0b5b37ca53e5e3ffa69c07ea184b79e30ffe,569714c2f054d7e589e1a1a495e488b7d47d406c61e9837ff2edbc5d46855c34,12ca0f6e05f585cf9d39f2c06178e7b8c550bd464b65480c0a93492d05bf5be9,0.3977622083601193,43.22916666666667,92,75.0,0.0,242.0640000001957,73.59999999999987,66.05000000000005,40.8,0.36800000000000027,86.39999999999954,647.9999999999998,1157.282000000195,completed,forecast_persistence
greenhouse,ET-MPC,N4_contention_duty,2026,noisy_persistence,0.035,1.0,hold,58cb042c5af0f37de5a244f162d5b2388a266758c1592bda7f1bf7b87ac8308e,569714c2f054d7e589e1a1a495e488b7d47d406c61e9837ff2edbc5d46855c34,12ca0f6e05f585cf9d39f2c06178e7b8c550bd464b65480c0a93492d05bf5be9,0.3973259137548678,43.05555555555556,96,68.75,0.0,271.5840000011124,75.19999999999986,71.8,55.20000000000001,0.3840000000000003,86.39999999999954,640.7999999999998,1201.3680000011118,completed,forecast_noisy_persistence
greenhouse,ET-MPC,N4_contention_duty,2027,noisy_persistence,0.035,1.0,hold,1434ba2e777fd9f15a8409ce89b40bb0a97693d3da8a8d03fc6e3c9b4e30f098,569714c2f054d7e589e1a1a495e488b7d47d406c61e9837ff2edbc5d46855c34,12ca0f6e05f585cf9d39f2c06178e7b8c550bd464b65480c0a93492d05bf5be9,0.39459461085664327,43.05555555555556,98,69.38775510204081,0.0,263.7120000012151,75.99999999999986,70.65000000000006,48.00000000000001,0.3920000000000003,86.39999999999954,652.7999999999997,1197.9540000012144,completed,forecast_noisy_persistence
greenhouse,ET-MPC,N4_contention_duty,2028,noisy_persistence,0.035,1.0,hold,b396206ca9758ba0892093d387c92c18fc6aa01478a3f6893f1b7e37e68c87a6,569714c2f054d7e589e1a1a495e488b7d47d406c61e9837ff2edbc5d46855c34,12ca0f6e05f585cf9d39f2c06178e7b8c550bd464b65480c0a93492d05bf5be9,0.3983670356200628,43.05555555555556,85,81.17647058823529,0.0,216.48000000009176,67.99999999999989,59.75000000000009,36.0,0.34000000000000025,86.39999999999954,647.9999999999998,1114.970000000091,completed,forecast_noisy_persistence
greenhouse,ET-MPC,N4_contention_duty,2029,noisy_persistence,0.035,1.0,hold,2ed93a154f2a96dbefe3bdefd359d15ca38e1f2d8e920fdfa2eca92c1593f11e,569714c2f054d7e589e1a1a495e488b7d47d406c61e9837ff2edbc5d46855c34,12ca0f6e05f585cf9d39f2c06178e7b8c550bd464b65480c0a93492d05bf5be9,0.3964605989132894,43.05555555555556,97,72.16494845360825,0.0,234.19200000097132,75.99999999999986,65.40000000000008,43.2,0.3880000000000003,86.39999999999954,650.3999999999997,1155.9800000009704,completed,forecast_noisy_persistence
greenhouse,ET-MPC,N4_contention_duty,2030,noisy_persistence,0.035,1.0,hold,6ad887b52902bb243ab8a8585bc903967a9282b19992df45662316cd38b86fd6,569714c2f054d7e589e1a1a495e488b7d47d406c61e9837ff2edbc5d46855c34,12ca0f6e05f585cf9d39f2c06178e7b8c550bd464b65480c0a93492d05bf5be9,0.40148581515644693,43.05555555555556,93,74.19354838709677,0.0,259.7760000015234,74.39999999999986,69.45000000000006,49.20000000000003,0.3720000000000003,86.39999999999954,635.9999999999999,1175.598000001523,completed,forecast_noisy_persistence
greenhouse,ET-MPC,N4_contention_duty,2031,noisy_persistence,0.035,1.0,hold,2d734d8a0c5729b44b3b999923174897e4fd74c05c534de82b7343db52cfb095,569714c2f054d7e589e1a1a495e488b7d47d406c61e9837ff2edbc5d46855c34,12ca0f6e05f585cf9d39f2c06178e7b8c550bd464b65480c0a93492d05bf5be9,0.3996639992439547,43.22916666666667,93,73.11827956989248,0.0,242.0640000021648,74.39999999999986,66.30000000000005,42.0,0.3720000000000003,86.39999999999954,635.9999999999999,1147.5360000021642,completed,forecast_noisy_persistence
greenhouse,ET-MPC,N4_contention_duty,2032,noisy_persistence,0.035,1.0,hold,08ac78e1e47b7f5f839504439024575d816b237c936f299884e4f1d973edf840,569714c2f054d7e589e1a1a495e488b7d47d406c61e9837ff2edbc5d46855c34,12ca0f6e05f585cf9d39f2c06178e7b8c550bd464b65480c0a93492d05bf5be9,0.39593580467165945,43.22916666666667,91,78.02197802197803,0.0,234.19200000162627,70.39999999999988,63.650000000000084,37.2,0.36400000000000027,86.39999999999954,647.9999999999998,1140.2060000016254,completed,forecast_noisy_persistence
greenhouse,ET-MPC,N4_contention_duty,2033,noisy_persistence,0.035,1.0,hold,44bace5b49de74e2be026e96413b5ca66a3712d6bd483a5fbd10af9da28d9320,569714c2f054d7e589e1a1a495e488b7d47d406c61e9837ff2edbc5d46855c34,12ca0f6e05f585cf9d39f2c06178e7b8c550bd464b65480c0a93492d05bf5be9,0.39942671868899093,43.22916666666667,95,73.6842105263158,0.0,281.42400000148314,74.39999999999986,73.30000000000004,63.60000000000002,0.3800000000000003,86.39999999999954,643.1999999999998,1222.7040000014824,completed,forecast_noisy_persistence
greenhouse,ET-MPC,N4_contention_duty,2034,noisy_persistence,0.035,1.0,hold,81b93d69fc470c5dceb36c29d5feab77afe7a95f1e5f7d7b3ac9a51b9c29c5d3,569714c2f054d7e589e1a1a495e488b7d47d406c61e9837ff2edbc5d46855c34,12ca0f6e05f585cf9d39f2c06178e7b8c550bd464b65480c0a93492d05bf5be9,0.39713458019574566,43.22916666666667,94,73.40425531914893,0.0,232.22400000094578,75.19999999999986,64.80000000000007,34.8,0.3760000000000003,86.39999999999954,647.9999999999998,1141.800000000945,completed,forecast_noisy_persistence
greenhouse,ET-MPC,N4_contention_duty,2035,noisy_persistence,0.035,1.0,hold,d05e441956e3eab7f4e6de4736a7cc79328881b028527a8d4bc2eacdca4c4417,569714c2f054d7e589e1a1a495e488b7d47d406c61e9837ff2edbc5d46855c34,12ca0f6e05f585cf9d39f2c06178e7b8c550bd464b65480c0a93492d05bf5be9,0.3930833901267573,43.22916666666667,93,74.19354838709677,0.0,263.71200000227236,71.99999999999987,69.40000000000002,53.99999999999999,0.3720000000000003,86.39999999999954,659.9999999999997,1205.8840000022715,completed,forecast_noisy_persistence
greenhouse,ET-MPC,N4_contention_duty,2036,noisy_persistence,0.035,1.0,hold,a3cc64eb06c257558c88a814fbeb000bab001eb5341b303622e2ab70b4b66351,569714c2f054d7e589e1a1a495e488b7d47d406c61e9837ff2edbc5d46855c34,12ca0f6e05f585cf9d39f2c06178e7b8c550bd464b65480c0a93492d05bf5be9,0.39540723829272634,43.05555555555556,96,69.79166666666667,0.0,263.71200000110827,75.99999999999986,70.65000000000005,54.00000000000002,0.3840000000000003,86.39999999999954,647.9999999999998,1199.1460000011075,completed,forecast_noisy_persistence
greenhouse,ET-MPC,N4_contention_duty,2037,noisy_persistence,0.035,1.0,hold,aed4fbbea49089859b091fd655a75c9473462649fce688dbe5fa871d5100df46,569714c2f054d7e589e1a1a495e488b7d47d406c61e9837ff2edbc5d46855c34,12ca0f6e05f585cf9d39f2c06178e7b8c550bd464b65480c0a93492d05bf5be9,0.39786399879876516,43.05555555555556,97,72.16494845360825,0.0,247.9680000004517,75.99999999999986,67.85000000000005,48.000000000000014,0.3880000000000003,86.39999999999954,640.7999999999998,1167.406000000451,completed,forecast_noisy_persistence
greenhouse,ET-MPC,N4_contention_duty,2038,noisy_persistence,0.035,1.0,hold,74de08de55de05da32d47e425142084eaf2ce1c332149edc3efbbdbf61f071b5,569714c2f054d7e589e1a1a495e488b7d47d406c61e9837ff2edbc5d46855c34,12ca0f6e05f585cf9d39f2c06178e7b8c550bd464b65480c0a93492d05bf5be9,0.40076452379393696,43.05555555555556,98,69.38775510204081,0.0,267.6480000014502,75.99999999999986,71.35000000000005,50.400000000000006,0.3920000000000003,86.39999999999954,635.9999999999999,1188.1900000014496,completed,forecast_noisy_persistence
greenhouse,ET-MPC,N4_contention_duty,2039,noisy_persistence,0.035,1.0,hold,8a7b6bb53017ccfc5cb3d3227cea50e3c1916323d5a6ef86b72f9808cb18bdf3,569714c2f054d7e589e1a1a495e488b7d47d406c61e9837ff2edbc5d46855c34,12ca0f6e05f585cf9d39f2c06178e7b8c550bd464b65480c0a93492d05bf5be9,0.39976329727836735,43.40277777777778,93,75.26881720430107,0.0,246.00000000122893,73.59999999999987,66.75000000000009,49.20000000000002,0.3720000000000003,86.39999999999954,645.5999999999998,1167.9220000012283,completed,forecast_noisy_persistence
greenhouse,ET-MPC,N4_contention_duty,2040,noisy_persistence,0.035,1.0,hold,ff690746aa09ce469e2ba992b11e0b5b37ca53e5e3ffa69c07ea184b79e30ffe,569714c2f054d7e589e1a1a495e488b7d47d406c61e9837ff2edbc5d46855c34,12ca0f6e05f585cf9d39f2c06178e7b8c550bd464b65480c0a93492d05bf5be9,0.397014347948774,43.05555555555556,97,73.19587628865979,0.0,261.7440000004507,77.59999999999985,70.80000000000003,46.80000000000001,0.3880000000000003,86.39999999999954,655.1999999999997,1198.9320000004498,completed,forecast_noisy_persistence
greenhouse,ET-MPC,N4_contention_duty,2026,oracle,0.035,1.0,hold,58cb042c5af0f37de5a244f162d5b2388a266758c1592bda7f1bf7b87ac8308e,569714c2f054d7e589e1a1a495e488b7d47d406c61e9837ff2edbc5d46855c34,12ca0f6e05f585cf9d39f2c06178e7b8c550bd464b65480c0a93492d05bf5be9,0.39817588220123296,39.40972222222222,98,70.40816326530613,0.0,285.3600000011817,77.59999999999985,75.00000000000001,61.20000000000002,0.3920000000000003,86.39999999999954,647.9999999999998,1233.9520000011807,completed,forecast_oracle
greenhouse,ET-MPC,N4_contention_duty,2027,oracle,0.035,1.0,hold,1434ba2e777fd9f15a8409ce89b40bb0a97693d3da8a8d03fc6e3c9b4e30f098,569714c2f054d7e589e1a1a495e488b7d47d406c61e9837ff2edbc5d46855c34,12ca0f6e05f585cf9d39f2c06178e7b8c550bd464b65480c0a93492d05bf5be9,0.40472770482180775,39.93055555555556,102,67.6470588235294,0.0,273.5520000012561,79.19999999999985,73.40000000000002,46.80000000000001,0.4080000000000003,86.39999999999954,633.5999999999999,1193.3600000012555,completed,forecast_oracle
greenhouse,ET-MPC,N4_contention_duty,2028,oracle,0.035,1.0,hold,b396206ca9758ba0892093d387c92c18fc6aa01478a3f6893f1b7e37e68c87a6,569714c2f054d7e589e1a1a495e488b7d47d406c61e9837ff2edbc5d46855c34,12ca0f6e05f585cf9d39f2c06178e7b8c550bd464b65480c0a93492d05bf5be9,0.4008002595902771,39.93055555555556,96,75.0,0.0,246.00000000087644,75.19999999999986,67.25000000000007,39.6,0.3840000000000003,86.39999999999954,647.9999999999998,1162.8340000008757,completed,forecast_oracle
greenhouse,ET-MPC,N4_contention_duty,2029,oracle,0.035,1.0,hold,2ed93a154f2a96dbefe3bdefd359d15ca38e1f2d8e920fdfa2eca92c1593f11e,569714c2f054d7e589e1a1a495e488b7d47d406c61e9837ff2edbc5d46855c34,12ca0f6e05f585cf9d39f2c06178e7b8c550bd464b65480c0a93492d05bf5be9,0.4005564867979844,39.58333333333333,100,74.0,0.0,236.16000000145155,79.19999999999985,66.75000000000007,34.8,0.4000000000000003,86.39999999999954,640.7999999999998,1144.5100000014509,completed,forecast_oracle
greenhouse,ET-MPC,N4_contention_duty,2030,oracle,0.035,1.0,hold,6ad887b52902bb243ab8a8585bc903967a9282b19992df45662316cd38b86fd6,569714c2f054d7e589e1a1a495e488b7d47d406c61e9837ff2edbc5d46855c34,12ca0f6e05f585cf9d39f2c06178e7b8c550bd464b65480c0a93492d05bf5be9,0.4015850422194384,39.93055555555556,96,76.04166666666667,0.0,265.68000000198407,75.99999999999986,71.00000000000003,56.40000000000002,0.3840000000000003,86.39999999999954,640.7999999999998,1196.6640000019834,completed,forecast_oracle
greenhouse,ET-MPC,N4_contention_duty,2031,oracle,0.035,1.0,hold,2d734d8a0c5729b44b3b999923174897e4fd74c05c534de82b7343db52cfb095,569714c2f054d7e589e1a1a495e488b7d47d406c61e9837ff2edbc5d46855c34,12ca0f6e05f585cf9d39f2c06178e7b8c550bd464b65480c0a93492d05bf5be9,0.39965315981294264,39.40972222222222,97,77.31958762886597,0.0,247.96800000157043,76.79999999999986,68.10000000000005,43.199999999999996,0.3880000000000003,86.39999999999954,643.1999999999998,1166.0560000015696,completed,forecast_oracle
greenhouse,ET-MPC,N4_contention_duty,2032,oracle,0.035,1.0,hold,08ac78e1e47b7f5f839504439024575d816b237c936f299884e4f1d973edf840,569714c2f054d7e589e1a1a495e488b7d47d406c61e9837ff2edbc5d46855c34,12ca0f6e05f585cf9d39f2c06178e7b8c550bd464b65480c0a93492d05bf5be9,0.40192122803920804,39.75694444444444,102,74.50980392156863,0.0,267.64800000188444,79.19999999999985,72.35000000000004,45.60000000000001,0.4080000000000003,86.39999999999954,631.1999999999998,1182.8060000018836,completed,forecast_oracle
greenhouse,ET-MPC,N4_contention_duty,2033,oracle,0.035,1.0,hold,44bace5b49de74e2be026e96413b5ca66a3712d6bd483a5fbd10af9da28d9320,569714c2f054d7e589e1a1a495e488b7d47d406c61e9837ff2edbc5d46855c34,12ca0f6e05f585cf9d39f2c06178e7b8c550bd464b65480c0a93492d05bf5be9,0.40278544962166923,39.75694444444444,106,67.9245283018868,0.0,301.10400000217237,81.59999999999984,79.05000000000001,61.2,0.4240000000000003,86.39999999999954,638.3999999999999,1248.1780000021718,completed,forecast_oracle
greenhouse,ET-MPC,N4_contention_duty,2034,oracle,0.035,1.0,hold,81b93d69fc470c5dceb36c29d5feab77afe7a95f1e5f7d7b3ac9a51b9c29c5d3,569714c2f054d7e589e1a1a495e488b7d47d406c61e9837ff2edbc5d46855c34,12ca0f6e05f585cf9d39f2c06178e7b8c550bd464b65480c0a93492d05bf5be9,0.4029602872761343,39.93055555555556,93,79.56989247311827,0.0,234.19200000101227,74.39999999999986,64.90000000000009,38.400000000000006,0.3720000000000003,86.39999999999954,640.7999999999998,1139.4640000010115,completed,forecast_oracle
greenhouse,ET-MPC,N4_contention_duty,2035,oracle,0.035,1.0,hold,d05e441956e3eab7f4e6de4736a7cc79328881b028527a8d4bc2eacdca4c4417,569714c2f054d7e589e1a1a495e488b7d47d406c61e9837ff2edbc5d46855c34,12ca0f6e05f585cf9d39f2c06178e7b8c550bd464b65480c0a93492d05bf5be9,0.40189317668234414,41.14583333333333,100,72.0,0.0,271.5840000022334,78.39999999999985,72.80000000000003,48.00000000000001,0.4000000000000003,86.39999999999954,640.7999999999998,1198.3840000022326,completed,forecast_oracle
greenhouse,ET-MPC,N4_contention_duty,2036,oracle,0.035,1.0,hold,a3cc64eb06c257558c88a814fbeb000bab001eb5341b303622e2ab70b4b66351,569714c2f054d7e589e1a1a495e488b7d47d406c61e9837ff2edbc5d46855c34,12ca0f6e05f585cf9d39f2c06178e7b8c550bd464b65480c0a93492d05bf5be9,0.40198638989238,39.75694444444444,102,70.58823529411765,0.0,281.424000001133,80.79999999999984,75.30000000000003,60.00000000000003,0.4080000000000003,86.39999999999954,631.1999999999999,1215.5320000011325,completed,forecast_oracle
greenhouse,ET-MPC,N4_contention_duty,2037,oracle,0.035,1.0,hold,aed4fbbea49089859b091fd655a75c9473462649fce688dbe5fa871d5100df46,569714c2f054d7e589e1a1a495e488b7d47d406c61e9837ff2edbc5d46855c34,12ca0f6e05f585cf9d39f2c06178e7b8c550bd464b65480c0a93492d05bf5be9,0.40305682796037307,39.40972222222222,105,70.47619047619048,0.0,253.87200000182654,83.19999999999983,71.15000000000006,39.60000000000001,0.4200000000000003,86.39999999999954,633.5999999999999,1168.242000001826,completed,forecast_oracle
greenhouse,ET-MPC,N4_contention_duty,2038,oracle,0.035,1.0,hold,74de08de55de05da32d47e425142084eaf2ce1c332149edc3efbbdbf61f071b5,569714c2f054d7e589e1a1a495e488b7d47d406c61e9837ff2edbc5d46855c34,12ca0f6e05f585cf9d39f2c06178e7b8c550bd464b65480c0a93492d05bf5be9,0.40021604101012204,39.40972222222222,97,68.04123711340206,0.0,255.8400000014337,75.19999999999986,69.00000000000007,45.60000000000001,0.3880000000000003,86.39999999999954,640.7999999999998,1173.228000001433,completed,forecast_oracle
greenhouse,ET-MPC,N4_contention_duty,2039,oracle,0.035,1.0,hold,8a7b6bb53017ccfc5cb3d3227cea50e3c1916323d5a6ef86b72f9808cb18bdf3,569714c2f054d7e589e1a1a495e488b7d47d406c61e9837ff2edbc5d46855c34,12ca0f6e05f585cf9d39f2c06178e7b8c550bd464b65480c0a93492d05bf5be9,0.4037414929467239,40.10416666666667,94,75.53191489361703,0.0,253.87200000135135,74.39999999999986,68.40000000000006,52.800000000000026,0.3760000000000003,86.39999999999954,638.3999999999999,1174.6480000013507,completed,forecast_oracle
greenhouse,ET-MPC,N4_contention_duty,2040,oracle,0.035,1.0,hold,ff690746aa09ce469e2ba992b11e0b5b37ca53e5e3ffa69c07ea184b79e30ffe,569714c2f054d7e589e1a1a495e488b7d47d406c61e9837ff2edbc5d46855c34,12ca0f6e05f585cf9d39f2c06178e7b8c550bd464b65480c0a93492d05bf5be9,0.40241507728569703,39.0625,101,68.31683168316832,0.0,267.6480000007772,80.79999999999984,72.85,45.6,0.4040000000000003,86.39999999999954,643.1999999999998,1196.9020000007763,completed,forecast_oracle
greenhouse,ET-MPC,N4_contention_duty,2026,persistence,0.035,0.98,hold,58cb042c5af0f37de5a244f162d5b2388a266758c1592bda7f1bf7b87ac8308e,569714c2f054d7e589e1a1a495e488b7d47d406c61e9837ff2edbc5d46855c34,12ca0f6e05f585cf9d39f2c06178e7b8c550bd464b65480c0a93492d05bf5be9,0.36929689555794165,37.84722222222222,94,70.2127659574468,0.0,261.7440000020672,72.79999999999987,69.30000000000004,52.800000000000004,0.3760000000000003,86.39999999999954,549.5999999999996,1093.0200000020664,completed,model_0.98
greenhouse,ET-MPC,N4_contention_duty,2027,persistence,0.035,0.98,hold,1434ba2e777fd9f15a8409ce89b40bb0a97693d3da8a8d03fc6e3c9b4e30f098,569714c2f054d7e589e1a1a495e488b7d47d406c61e9837ff2edbc5d46855c34,12ca0f6e05f585cf9d39f2c06178e7b8c550bd464b65480c0a93492d05bf5be9,0.3690255885239438,37.84722222222222,100,66.0,0.0,271.5840000011624,78.39999999999985,72.80000000000003,48.000000000000014,0.4000000000000003,86.39999999999954,554.3999999999996,1111.9840000011613,completed,model_0.98
greenhouse,ET-MPC,N4_contention_duty,2028,persistence,0.035,0.98,hold,b396206ca9758ba0892093d387c92c18fc6aa01478a3f6893f1b7e37e68c87a6,569714c2f054d7e589e1a1a495e488b7d47d406c61e9837ff2edbc5d46855c34,12ca0f6e05f585cf9d39f2c06178e7b8c550bd464b65480c0a93492d05bf5be9,0.37069431662225477,38.19444444444444,92,71.73913043478261,0.0,222.38400000076382,73.59999999999987,62.55000000000009,31.199999999999992,0.36800000000000027,86.39999999999954,556.7999999999996,1033.3020000007627,completed,model_0.98
greenhouse,ET-MPC,N4_contention_duty,2029,persistence,0.035,0.98,hold,2ed93a154f2a96dbefe3bdefd359d15ca38e1f2d8e920fdfa2eca92c1593f11e,569714c2f054d7e589e1a1a495e488b7d47d406c61e9837ff2edbc5d46855c34,12ca0f6e05f585cf9d39f2c06178e7b8c550bd464b65480c0a93492d05bf5be9,0.3715847448577707,38.02083333333333,100,68.0,0.0,240.09600000112064,79.99999999999984,67.70000000000007,37.2,0.4000000000000003,86.39999999999954,542.3999999999995,1054.1960000011195,completed,model_0.98
greenhouse,ET-MPC,N4_contention_duty,2030,persistence,0.035,0.98,hold,6ad887b52902bb243ab8a8585bc903967a9282b19992df45662316cd38b86fd6,569714c2f054d7e589e1a1a495e488b7d47d406c61e9837ff2edbc5d46855c34,12ca0f6e05f585cf9d39f2c06178e7b8c550bd464b65480c0a93492d05bf5be9,0.3713180060466223,37.84722222222222,92,75.0,0.0,247.9680000013863,72.79999999999987,66.85000000000002,52.800000000000004,0.36800000000000027,86.39999999999954,554.3999999999996,1081.5860000013854,completed,model_0.98
greenhouse,ET-MPC,N4_contention_duty,2031,persistence,0.035,0.98,hold,2d734d8a0c5729b44b3b999923174897e4fd74c05c534de82b7343db52cfb095,569714c2f054d7e589e1a1a495e488b7d47d406c61e9837ff2edbc5d46855c34,12ca0f6e05f585cf9d39f2c06178e7b8c550bd464b65480c0a93492d05bf5be9,0.37080125993385554,37.84722222222222,99,72.72727272727273,0.0,257.8080000015046,77.59999999999985,70.10000000000004,48.000000000000014,0.3960000000000003,86.39999999999954,547.1999999999996,1087.5040000015038,completed,model_0.98
greenhouse,ET-MPC,N4_contention_duty,2032,persistence,0.035,0.98,hold,08ac78e1e47b7f5f839504439024575d816b237c936f299884e4f1d973edf840,569714c2f054d7e589e1a1a495e488b7d47d406c61e9837ff2edbc5d46855c34,12ca0f6e05f585cf9d39f2c06178e7b8c550bd464b65480c0a93492d05bf5be9,0.3693930721575258,37.84722222222222,96,73.95833333333333,0.0,255.84000000169755,75.19999999999986,69.00000000000006,51.600000000000016,0.3840000000000003,86.39999999999954,554.3999999999996,1092.8240000016967,completed,model_0.98
greenhouse,ET-MPC,N4_contention_duty,2033,persistence,0.035,0.98,hold,44bace5b49de74e2be026e96413b5ca66a3712d6bd483a5fbd10af9da28d9320,569714c2f054d7e589e1a1a495e488b7d47d406c61e9837ff2edbc5d46855c34,12ca0f6e05f585cf9d39f2c06178e7b8c550bd464b65480c0a93492d05bf5be9,0.36962895519404776,38.19444444444444,100,68.0,0.0,275.52000000140674,78.39999999999985,73.50000000000001,57.6,0.4000000000000003,86.39999999999954,556.7999999999996,1128.6200000014057,completed,model_0.98
greenhouse,ET-MPC,N4_contention_duty,2034,persistence,0.035,0.98,hold,81b93d69fc470c5dceb36c29d5feab77afe7a95f1e5f7d7b3ac9a51b9c29c5d3,569714c2f054d7e589e1a1a495e488b7d47d406c61e9837ff2edbc5d46855c34,12ca0f6e05f585cf9d39f2c06178e7b8c550bd464b65480c0a93492d05bf5be9,0.3701008421883273,37.84722222222222,96,71.875,0.0,257.80800000157745,75.19999999999986,69.35000000000001,50.39999999999999,0.3840000000000003,86.39999999999954,551.9999999999997,1091.5420000015765,completed,model_0.98
greenhouse,ET-MPC,N4_contention_duty,2035,persistence,0.035,0.98,hold,d05e441956e3eab7f4e6de4736a7cc79328881b028527a8d4bc2eacdca4c4417,569714c2f054d7e589e1a1a495e488b7d47d406c61e9837ff2edbc5d46855c34,12ca0f6e05f585cf9d39f2c06178e7b8c550bd464b65480c0a93492d05bf5be9,0.37000716966893105,38.02083333333333,100,70.0,0.0,269.6160000016576,77.59999999999985,72.20000000000003,50.4,0.4000000000000003,86.39999999999954,551.9999999999997,1108.6160000016566,completed,model_0.98
greenhouse,ET-MPC,N4_contention_duty,2036,persistence,0.035,0.98,hold,a3cc64eb06c257558c88a814fbeb000bab001eb5341b303622e2ab70b4b66351,569714c2f054d7e589e1a1a495e488b7d47d406c61e9837ff2edbc5d46855c34,12ca0f6e05f585cf9d39f2c06178e7b8c550bd464b65480c0a93492d05bf5be9,0.3677845740730256,37.84722222222222,99,70.70707070707071,0.0,257.8080000011864,79.19999999999985,70.60000000000005,43.20000000000001,0.3960000000000003,86.39999999999954,551.9999999999997,1089.6040000011853,completed,model_0.98
greenhouse,ET-MPC,N4_contention_duty,2037,persistence,0.035,0.98,hold,aed4fbbea49089859b091fd655a75c9473462649fce688dbe5fa871d5100df46,569714c2f054d7e589e1a1a495e488b7d47d406c61e9837ff2edbc5d46855c34,12ca0f6e05f585cf9d39f2c06178e7b8c550bd464b65480c0a93492d05bf5be9,0.37016438589326256,38.19444444444444,99,67.67676767676768,0.0,251.90400000085745,78.39999999999985,69.30000000000005,44.400000000000006,0.3960000000000003,86.39999999999954,554.3999999999995,1085.2000000008566,completed,model_0.98
greenhouse,ET-MPC,N4_contention_duty,2038,persistence,0.035,0.98,hold,74de08de55de05da32d47e425142084eaf2ce1c332149edc3efbbdbf61f071b5,569714c2f054d7e589e1a1a495e488b7d47d406c61e9837ff2edbc5d46855c34,12ca0f6e05f585cf9d39f2c06178e7b8c550bd464b65480c0a93492d05bf5be9,0.3698840593504669,38.19444444444444,99,69.6969696969697,0.0,257.8080000009953,79.19999999999985,70.60000000000005,39.599999999999994,0.3960000000000003,86.39999999999954,554.3999999999996,1088.4040000009945,completed,model_0.98
greenhouse,ET-MPC,N4_contention_duty,2039,persistence,0.035,0.98,hold,8a7b6bb53017ccfc5cb3d3227cea50e3c1916323d5a6ef86b72f9808cb18bdf3,569714c2f054d7e589e1a1a495e488b7d47d406c61e9837ff2edbc5d46855c34,12ca0f6e05f585cf9d39f2c06178e7b8c550bd464b65480c0a93492d05bf5be9,0.37159726042789354,38.02083333333333,88,78.4090909090909,0.0,253.87200000208585,68.79999999999988,66.65000000000008,63.60000000000004,0.35200000000000026,86.39999999999954,549.5999999999996,1089.274000002085,completed,model_0.98
greenhouse,ET-MPC,N4_contention_duty,2040,persistence,0.035,0.98,hold,ff690746aa09ce469e2ba992b11e0b5b37ca53e5e3ffa69c07ea184b79e30ffe,569714c2f054d7e589e1a1a495e488b7d47d406c61e9837ff2edbc5d46855c34,12ca0f6e05f585cf9d39f2c06178e7b8c550bd464b65480c0a93492d05bf5be9,0.37551242840175053,38.02083333333333,93,72.04301075268818,0.0,242.06400000029578,73.59999999999987,66.05000000000005,44.400000000000006,0.3720000000000003,86.39999999999954,542.3999999999995,1055.2860000002947,completed,model_0.98
greenhouse,ET-MPC,N4_contention_duty,2026,persistence,0.035,1.0,hold,58cb042c5af0f37de5a244f162d5b2388a266758c1592bda7f1bf7b87ac8308e,569714c2f054d7e589e1a1a495e488b7d47d406c61e9837ff2edbc5d46855c34,12ca0f6e05f585cf9d39f2c06178e7b8c550bd464b65480c0a93492d05bf5be9,0.39676001105856185,43.05555555555556,99,66.66666666666667,0.0,279.45600000092327,77.59999999999985,73.94999999999999,57.600000000000016,0.3960000000000003,86.39999999999954,643.1999999999998,1218.6020000009225,completed,model_1.0
greenhouse,ET-MPC,N4_contention_duty,2027,persistence,0.035,1.0,hold,1434ba2e777fd9f15a8409ce89b40bb0a97693d3da8a8d03fc6e3c9b4e30f098,569714c2f054d7e589e1a1a495e488b7d47d406c61e9837ff2edbc5d46855c34,12ca0f6e05f585cf9d39f2c06178e7b8c550bd464b65480c0a93492d05bf5be9,0.39684318700007093,43.05555555555556,97,69.0721649484536,0.0,251.90400000062556,75.99999999999986,68.55000000000007,40.80000000000001,0.3880000000000003,86.39999999999954,650.3999999999997,1174.4420000006248,completed,model_1.0
greenhouse,ET-MPC,N4_contention_duty,2028,persistence,0.035,1.0,hold,b396206ca9758ba0892093d387c92c18fc6aa01478a3f6893f1b7e37e68c87a6,569714c2f054d7e589e1a1a495e488b7d47d406c61e9837ff2edbc5d46855c34,12ca0f6e05f585cf9d39f2c06178e7b8c550bd464b65480c0a93492d05bf5be9,0.39846530989191836,43.05555555555556,85,80.0,0.0,216.480000000783,67.99999999999989,59.75000000000009,33.599999999999994,0.34000000000000025,86.39999999999954,647.9999999999998,1112.5700000007823,completed,model_1.0
greenhouse,ET-MPC,N4_contention_duty,2029,persistence,0.035,1.0,hold,2ed93a154f2a96dbefe3bdefd359d15ca38e1f2d8e920fdfa2eca92c1593f11e,569714c2f054d7e589e1a1a495e488b7d47d406c61e9837ff2edbc5d46855c34,12ca0f6e05f585cf9d39f2c06178e7b8c550bd464b65480c0a93492d05bf5be9,0.39500503637125084,43.05555555555556,97,71.1340206185567,0.0,234.19200000097132,75.99999999999986,65.40000000000008,43.2,0.3880000000000003,86.39999999999954,652.7999999999997,1158.3800000009705,completed,model_1.0
greenhouse,ET-MPC,N4_contention_duty,2030,persistence,0.035,1.0,hold,6ad887b52902bb243ab8a8585bc903967a9282b19992df45662316cd38b86fd6,569714c2f054d7e589e1a1a495e488b7d47d406c61e9837ff2edbc5d46855c34,12ca0f6e05f585cf9d39f2c06178e7b8c550bd464b65480c0a93492d05bf5be9,0.3981513808877756,43.05555555555556,96,71.875,0.0,265.68000000167257,76.79999999999986,71.25000000000004,52.800000000000026,0.3840000000000003,86.39999999999954,647.9999999999998,1201.314000001672,completed,model_1.0
greenhouse,ET-MPC,N4_contention_duty,2031,persistence,0.035,1.0,hold,2d734d8a0c5729b44b3b999923174897e4fd74c05c534de82b7343db52cfb095,569714c2f054d7e589e1a1a495e488b7d47d406c61e9837ff2edbc5d46855c34,12ca0f6e05f585cf9d39f2c06178e7b8c550bd464b65480c0a93492d05bf5be9,0.39664515742734485,43.22916666666667,94,73.40425531914893,0.0,242.0640000019464,75.19999999999986,66.55000000000004,41.99999999999999,0.3760000000000003,86.39999999999954,645.5999999999998,1158.1900000019455,completed,model_1.0
greenhouse,ET-MPC,N4_contention_duty,2032,persistence,0.035,1.0,hold,08ac78e1e47b7f5f839504439024575d816b237c936f299884e4f1d973edf840,569714c2f054d7e589e1a1a495e488b7d47d406c61e9837ff2edbc5d46855c34,12ca0f6e05f585cf9d39f2c06178e7b8c550bd464b65480c0a93492d05bf5be9,0.39548932399086784,43.22916666666667,91,76.92307692307692,0.0,236.160000001579,70.39999999999988,64.00000000000007,39.6,0.36400000000000027,86.39999999999954,650.3999999999997,1147.3240000015783,completed,model_1.0
greenhouse,ET-MPC,N4_contention_duty,2033,persistence,0.035,1.0,hold,44bace5b49de74e2be026e96413b5ca66a3712d6bd483a5fbd10af9da28d9320,569714c2f054d7e589e1a1a495e488b7d47d406c61e9837ff2edbc5d46855c34,12ca0f6e05f585cf9d39f2c06178e7b8c550bd464b65480c0a93492d05bf5be9,0.399259456906819,43.22916666666667,92,76.08695652173913,0.0,277.4880000015777,72.79999999999987,72.10000000000004,69.60000000000004,0.36800000000000027,86.39999999999954,640.7999999999998,1219.556000001577,completed,model_1.0
greenhouse,ET-MPC,N4_contention_duty,2034,persistence,0.035,1.0,hold,81b93d69fc470c5dceb36c29d5feab77afe7a95f1e5f7d7b3ac9a51b9c29c5d3,569714c2f054d7e589e1a1a495e488b7d47d406c61e9837ff2edbc5d46855c34,12ca0f6e05f585cf9d39f2c06178e7b8c550bd464b65480c0a93492d05bf5be9,0.3959615240833896,43.22916666666667,91,74.72527472527473,0.0,230.2560000009931,72.79999999999987,63.70000000000008,35.99999999999999,0.36400000000000027,86.39999999999954,650.3999999999997,1139.9200000009923,completed,model_1.0
greenhouse,ET-MPC,N4_contention_duty,2035,persistence,0.035,1.0,hold,d05e441956e3eab7f4e6de4736a7cc79328881b028527a8d4bc2eacdca4c4417,569714c2f054d7e589e1a1a495e488b7d47d406c61e9837ff2edbc5d46855c34,12ca0f6e05f585cf9d39f2c06178e7b8c550bd464b65480c0a93492d05bf5be9,0.39708874422089097,43.22916666666667,94,75.53191489361703,0.0,255.8400000019885,73.59999999999987,68.50000000000004,48.0,0.3760000000000003,86.39999999999954,647.9999999999998,1180.7160000019876,completed,model_1.0
greenhouse,ET-MPC,N4_contention_duty,2036,persistence,0.035,1.0,hold,a3cc64eb06c257558c88a814fbeb000bab001eb5341b303622e2ab70b4b66351,569714c2f054d7e589e1a1a495e488b7d47d406c61e9837ff2edbc5d46855c34,12ca0f6e05f585cf9d39f2c06178e7b8c550bd464b65480c0a93492d05bf5be9,0.397164421100449,43.22916666666667,94,71.27659574468085,0.0,249.93600000042048,73.59999999999987,67.45000000000006,48.000000000000014,0.3760000000000003,86.39999999999954,647.9999999999998,1173.7620000004197,completed,model_1.0
greenhouse,ET-MPC,N4_contention_duty,2037,persistence,0.035,1.0,hold,aed4fbbea49089859b091fd655a75c9473462649fce688dbe5fa871d5100df46,569714c2f054d7e589e1a1a495e488b7d47d406c61e9837ff2edbc5d46855c34,12ca0f6e05f585cf9d39f2c06178e7b8c550bd464b65480c0a93492d05bf5be9,0.39501215248270094,43.22916666666667,100,68.0,0.0,253.87200000089194,77.59999999999985,69.40000000000005,45.60000000000001,0.4000000000000003,86.39999999999954,645.5999999999998,1178.8720000008911,completed,model_1.0
greenhouse,ET-MPC,N4_contention_duty,2038,persistence,0.035,1.0,hold,74de08de55de05da32d47e425142084eaf2ce1c332149edc3efbbdbf61f071b5,569714c2f054d7e589e1a1a495e488b7d47d406c61e9837ff2edbc5d46855c34,12ca0f6e05f585cf9d39f2c06178e7b8c550bd464b65480c0a93492d05bf5be9,0.39785583514049444,43.22916666666667,96,70.83333333333333,0.0,257.80800000163197,75.19999999999986,69.35000000000007,46.800000000000004,0.3840000000000003,86.39999999999954,645.5999999999998,1181.5420000016313,completed,model_1.0
greenhouse,ET-MPC,N4_contention_duty,2039,persistence,0.035,1.0,hold,8a7b6bb53017ccfc5cb3d3227cea50e3c1916323d5a6ef86b72f9808cb18bdf3,569714c2f054d7e589e1a1a495e488b7d47d406c61e9837ff2edbc5d46855c34,12ca0f6e05f585cf9d39f2c06178e7b8c550bd464b65480c0a93492d05bf5be9,0.3975963251646282,43.40277777777778,96,70.83333333333333,0.0,267.6480000009818,74.39999999999986,70.85000000000005,57.60000000000003,0.3840000000000003,86.39999999999954,647.9999999999998,1205.282000000981,completed,model_1.0
greenhouse,ET-MPC,N4_contention_duty,2040,persistence,0.035,1.0,hold,ff690746aa09ce469e2ba992b11e0b5b37ca53e5e3ffa69c07ea184b79e30ffe,569714c2f054d7e589e1a1a495e488b7d47d406c61e9837ff2edbc5d46855c34,12ca0f6e05f585cf9d39f2c06178e7b8c550bd464b65480c0a93492d05bf5be9,0.3977622083601193,43.22916666666667,92,75.0,0.0,242.0640000001957,73.59999999999987,66.05000000000005,40.8,0.36800000000000027,86.39999999999954,647.9999999999998,1157.282000000195,completed,model_1.0
greenhouse,ET-MPC,N4_contention_duty,2026,persistence,0.035,1.02,hold,58cb042c5af0f37de5a244f162d5b2388a266758c1592bda7f1bf7b87ac8308e,569714c2f054d7e589e1a1a495e488b7d47d406c61e9837ff2edbc5d46855c34,12ca0f6e05f585cf9d39f2c06178e7b8c550bd464b65480c0a93492d05bf5be9,0.45837584918305263,46.875,100,70.0,0.0,291.26400000166734,77.59999999999985,76.05,63.60000000000003,0.4000000000000003,86.39999999999954,715.1999999999991,1310.5140000016659,completed,model_1.02
greenhouse,ET-MPC,N4_contention_duty,2027,persistence,0.035,1.02,hold,1434ba2e777fd9f15a8409ce89b40bb0a97693d3da8a8d03fc6e3c9b4e30f098,569714c2f054d7e589e1a1a495e488b7d47d406c61e9837ff2edbc5d46855c34,12ca0f6e05f585cf9d39f2c06178e7b8c550bd464b65480c0a93492d05bf5be9,0.45654231161303765,46.00694444444444,100,67.0,0.0,259.77600000087307,79.19999999999985,70.95000000000005,42.0,0.4000000000000003,86.39999999999954,724.799999999999,1263.5260000008716,completed,model_1.02
greenhouse,ET-MPC,N4_contention_duty,2028,persistence,0.035,1.02,hold,b396206ca9758ba0892093d387c92c18fc6aa01478a3f6893f1b7e37e68c87a6,569714c2f054d7e589e1a1a495e488b7d47d406c61e9837ff2edbc5d46855c34,12ca0f6e05f585cf9d39f2c06178e7b8c550bd464b65480c0a93492d05bf5be9,0.4633881885484361,48.26388888888889,103,66.99029126213593,0.0,269.6160000004979,79.99999999999984,72.95000000000003,50.40000000000001,0.4120000000000003,86.39999999999954,707.9999999999992,1267.7780000004964,completed,model_1.02
greenhouse,ET-MPC,N4_contention_duty,2029,persistence,0.035,1.02,hold,2ed93a154f2a96dbefe3bdefd359d15ca38e1f2d8e920fdfa2eca92c1593f11e,569714c2f054d7e589e1a1a495e488b7d47d406c61e9837ff2edbc5d46855c34,12ca0f6e05f585cf9d39f2c06178e7b8c550bd464b65480c0a93492d05bf5be9,0.457533862563883,47.04861111111111,107,64.48598130841121,0.0,267.6480000020595,83.99999999999983,73.85000000000005,45.60000000000001,0.4280000000000003,86.39999999999954,722.3999999999991,1280.326000002058,completed,model_1.02
greenhouse,ET-MPC,N4_contention_duty,2030,persistence,0.035,1.02,hold,6ad887b52902bb243ab8a8585bc903967a9282b19992df45662316cd38b86fd6,569714c2f054d7e589e1a1a495e488b7d47d406c61e9837ff2edbc5d46855c34,12ca0f6e05f585cf9d39f2c06178e7b8c550bd464b65480c0a93492d05bf5be9,0.4585466142175449,46.52777777777778,96,76.04166666666667,0.0,257.80800000150697,75.99999999999986,69.60000000000002,46.800000000000004,0.3840000000000003,86.39999999999954,722.3999999999991,1259.3920000015055,completed,model_1.02
greenhouse,ET-MPC,N4_contention_duty,2031,persistence,0.035,1.02,hold,2d734d8a0c5729b44b3b999923174897e4fd74c05c534de82b7343db52cfb095,569714c2f054d7e589e1a1a495e488b7d47d406c61e9837ff2edbc5d46855c34,12ca0f6e05f585cf9d39f2c06178e7b8c550bd464b65480c0a93492d05bf5be9,0.4582997319911905,48.26388888888889,95,74.73684210526316,0.0,232.22400000105495,75.99999999999986,65.05000000000008,38.400000000000006,0.3800000000000003,86.39999999999954,719.9999999999991,1218.4540000010534,completed,model_1.02
greenhouse,ET-MPC,N4_contention_duty,2032,persistence,0.035,1.02,hold,08ac78e1e47b7f5f839504439024575d816b237c936f299884e4f1d973edf840,569714c2f054d7e589e1a1a495e488b7d47d406c61e9837ff2edbc5d46855c34,12ca0f6e05f585cf9d39f2c06178e7b8c550bd464b65480c0a93492d05bf5be9,0.4550220061359681,46.875,99,71.71717171717172,0.0,273.55200000079003,74.39999999999986,71.90000000000006,49.200000000000024,0.3960000000000003,86.39999999999954,724.799999999999,1280.6480000007887,completed,model_1.02
greenhouse,ET-MPC,N4_contention_duty,2033,persistence,0.035,1.02,hold,44bace5b49de74e2be026e96413b5ca66a3712d6bd483a5fbd10af9da28d9320,569714c2f054d7e589e1a1a495e488b7d47d406c61e9837ff2edbc5d46855c34,12ca0f6e05f585cf9d39f2c06178e7b8c550bd464b65480c0a93492d05bf5be9,0.4567581409242862,48.09027777777778,107,63.55140186915888,0.0,305.04000000113416,83.19999999999983,80.25000000000001,63.60000000000003,0.4280000000000003,86.39999999999954,727.199999999999,1346.1180000011327,completed,model_1.02
greenhouse,ET-MPC,N4_contention_duty,2034,persistence,0.035,1.02,hold,81b93d69fc470c5dceb36c29d5feab77afe7a95f1e5f7d7b3ac9a51b9c29c5d3,569714c2f054d7e589e1a1a495e488b7d47d406c61e9837ff2edbc5d46855c34,12ca0f6e05f585cf9d39f2c06178e7b8c550bd464b65480c0a93492d05bf5be9,0.45808343760964154,47.04861111111111,90,80.0,0.0,224.35200000058921,71.99999999999987,62.40000000000008,31.19999999999999,0.36000000000000026,86.39999999999954,722.3999999999991,1199.1120000005878,completed,model_1.02
greenhouse,ET-MPC,N4_contention_duty,2035,persistence,0.035,1.02,hold,d05e441956e3eab7f4e6de4736a7cc79328881b028527a8d4bc2eacdca4c4417,569714c2f054d7e589e1a1a495e488b7d47d406c61e9837ff2edbc5d46855c34,12ca0f6e05f585cf9d39f2c06178e7b8c550bd464b65480c0a93492d05bf5be9,0.45546054123189195,46.52777777777778,96,71.875,0.0,267.6480000021597,72.79999999999987,70.35000000000002,55.20000000000001,0.3840000000000003,86.39999999999954,729.599999999999,1282.3820000021583,completed,model_1.02
greenhouse,ET-MPC,N4_contention_duty,2036,persistence,0.035,1.02,hold,a3cc64eb06c257558c88a814fbeb000bab001eb5341b303622e2ab70b4b66351,569714c2f054d7e589e1a1a495e488b7d47d406c61e9837ff2edbc5d46855c34,12ca0f6e05f585cf9d39f2c06178e7b8c550bd464b65480c0a93492d05bf5be9,0.45443043861620175,46.52777777777778,100,68.0,0.0,263.71200000119006,79.99999999999984,71.90000000000005,51.60000000000002,0.4000000000000003,86.39999999999954,724.799999999999,1278.8120000011886,completed,model_1.02
greenhouse,ET-MPC,N4_contention_duty,2037,persistence,0.035,1.02,hold,aed4fbbea49089859b091fd655a75c9473462649fce688dbe5fa871d5100df46,569714c2f054d7e589e1a1a495e488b7d47d406c61e9837ff2edbc5d46855c34,12ca0f6e05f585cf9d39f2c06178e7b8c550bd464b65480c0a93492d05bf5be9,0.45194588317132023,46.18055555555556,106,64.15094339622641,0.0,261.7440000008485,83.19999999999983,72.55000000000004,42.00000000000001,0.4240000000000003,86.39999999999954,727.199999999999,1273.5180000008468,completed,model_1.02
greenhouse,ET-MPC,N4_contention_duty,2038,persistence,0.035,1.02,hold,74de08de55de05da32d47e425142084eaf2ce1c332149edc3efbbdbf61f071b5,569714c2f054d7e589e1a1a495e488b7d47d406c61e9837ff2edbc5d46855c34,12ca0f6e05f585cf9d39f2c06178e7b8c550bd464b65480c0a93492d05bf5be9,0.4593431765936034,46.875,100,68.0,0.0,259.7760000018211,77.59999999999985,70.45000000000003,45.599999999999994,0.4000000000000003,86.39999999999954,715.1999999999991,1255.4260000018196,completed,model_1.02
greenhouse,ET-MPC,N4_contention_duty,2039,persistence,0.035,1.02,hold,8a7b6bb53017ccfc5cb3d3227cea50e3c1916323d5a6ef86b72f9808cb18bdf3,569714c2f054d7e589e1a1a495e488b7d47d406c61e9837ff2edbc5d46855c34,12ca0f6e05f585cf9d39f2c06178e7b8c550bd464b65480c0a93492d05bf5be9,0.4575229410812922,45.83333333333333,95,76.84210526315789,0.0,257.80800000086344,75.19999999999986,69.35000000000005,50.40000000000002,0.3800000000000003,86.39999999999954,724.799999999999,1264.338000000862,completed,model_1.02
greenhouse,ET-MPC,N4_contention_duty,2040,persistence,0.035,1.02,hold,ff690746aa09ce469e2ba992b11e0b5b37ca53e5e3ffa69c07ea184b79e30ffe,569714c2f054d7e589e1a1a495e488b7d47d406c61e9837ff2edbc5d46855c34,12ca0f6e05f585cf9d39f2c06178e7b8c550bd464b65480c0a93492d05bf5be9,0.4593353775367656,47.39583333333333,95,73.6842105263158,0.0,261.7440000001233,75.99999999999986,70.30000000000001,51.600000000000016,0.3800000000000003,86.39999999999954,722.3999999999991,1268.824000000122,completed,model_1.02
greenhouse,ET-MPC,N4_contention_duty,2026,persistence,0.035,1.0,zero,58cb042c5af0f37de5a244f162d5b2388a266758c1592bda7f1bf7b87ac8308e,569714c2f054d7e589e1a1a495e488b7d47d406c61e9837ff2edbc5d46855c34,12ca0f6e05f585cf9d39f2c06178e7b8c550bd464b65480c0a93492d05bf5be9,0.4832320684465571,43.40277777777778,108,69.44444444444444,0.0,297.1680000023078,85.59999999999982,79.60000000000001,56.400000000000034,0.43200000000000033,86.39999999999954,491.99999999999983,1097.600000002307,completed,buffer_no_buffer
greenhouse,ET-MPC,N4_contention_duty,2027,persistence,0.035,1.0,zero,1434ba2e777fd9f15a8409ce89b40bb0a97693d3da8a8d03fc6e3c9b4e30f098,569714c2f054d7e589e1a1a495e488b7d47d406c61e9837ff2edbc5d46855c34,12ca0f6e05f585cf9d39f2c06178e7b8c550bd464b65480c0a93492d05bf5be9,0.43912892643072393,44.96527777777778,97,74.22680412371135,0.0,255.84000000107673,75.19999999999986,69.00000000000006,44.40000000000001,0.3880000000000003,86.39999999999954,556.8000000000002,1088.0280000010764,completed,buffer_no_buffer
greenhouse,ET-MPC,N4_contention_duty,2028,persistence,0.035,1.0,zero,b396206ca9758ba0892093d387c92c18fc6aa01478a3f6893f1b7e37e68c87a6,569714c2f054d7e589e1a1a495e488b7d47d406c61e9837ff2edbc5d46855c34,12ca0f6e05f585cf9d39f2c06178e7b8c550bd464b65480c0a93492d05bf5be9,0.4469479125830021,43.22916666666667,95,77.89473684210526,0.0,228.28800000175434,75.99999999999986,64.3500000000001,33.599999999999994,0.3800000000000003,86.39999999999954,556.7999999999998,1045.8180000017537,completed,buffer_no_buffer
greenhouse,ET-MPC,N4_contention_duty,2029,persistence,0.035,1.0,zero,2ed93a154f2a96dbefe3bdefd359d15ca38e1f2d8e920fdfa2eca92c1593f11e,569714c2f054d7e589e1a1a495e488b7d47d406c61e9837ff2edbc5d46855c34,12ca0f6e05f585cf9d39f2c06178e7b8c550bd464b65480c0a93492d05bf5be9,0.4679019238882231,44.44444444444444,108,65.74074074074075,0.0,255.8400000027797,84.79999999999983,72.00000000000006,35.99999999999999,0.43200000000000033,86.39999999999954,499.2,1034.6720000027792,completed,buffer_no_buffer
greenhouse,ET-MPC,N4_contention_duty,2030,persistence,0.035,1.0,zero,6ad887b52902bb243ab8a8585bc903967a9282b19992df45662316cd38b86fd6,569714c2f054d7e589e1a1a495e488b7d47d406c61e9837ff2edbc5d46855c34,12ca0f6e05f585cf9d39f2c06178e7b8c550bd464b65480c0a93492d05bf5be9,0.4694858713417709,44.96527777777778,102,71.56862745098039,0.0,301.1040000017676,81.59999999999984,79.05000000000001,69.60000000000004,0.4080000000000003,86.39999999999954,511.19999999999976,1129.3620000017668,completed,buffer_no_buffer
greenhouse,ET-MPC,N4_contention_duty,2031,persistence,0.035,1.0,zero,2d734d8a0c5729b44b3b999923174897e4fd74c05c534de82b7343db52cfb095,569714c2f054d7e589e1a1a495e488b7d47d406c61e9837ff2edbc5d46855c34,12ca0f6e05f585cf9d39f2c06178e7b8c550bd464b65480c0a93492d05bf5be9,0.4309295939742447,44.44444444444444,96,77.08333333333333,0.0,251.90400000141912,76.79999999999986,68.80000000000005,48.00000000000001,0.3840000000000003,86.39999999999954,566.4000000000003,1098.688000001419,completed,buffer_no_buffer
greenhouse,ET-MPC,N4_contention_duty,2032,persistence,0.035,1.0,zero,08ac78e1e47b7f5f839504439024575d816b237c936f299884e4f1d973edf840,569714c2f054d7e589e1a1a495e488b7d47d406c61e9837ff2edbc5d46855c34,12ca0f6e05f585cf9d39f2c06178e7b8c550bd464b65480c0a93492d05bf5be9,0.4656082933663333,44.61805555555556,107,72.89719626168224,0.0,281.4240000014195,83.19999999999983,76.05000000000003,50.40000000000002,0.4280000000000003,86.39999999999954,504.0000000000002,1081.902000001419,completed,buffer_no_buffer
greenhouse,ET-MPC,N4_contention_duty,2033,persistence,0.035,1.0,zero,44bace5b49de74e2be026e96413b5ca66a3712d6bd483a5fbd10af9da28d9320,569714c2f054d7e589e1a1a495e488b7d47d406c61e9837ff2edbc5d46855c34,12ca0f6e05f585cf9d39f2c06178e7b8c550bd464b65480c0a93492d05bf5be9,0.5074927731065061,45.13888888888889,115,69.56521739130434,0.0,332.5920000025823,87.99999999999982,86.64999999999996,76.80000000000004,0.46000000000000035,86.39999999999954,443.9999999999999,1114.9020000025816,completed,buffer_no_buffer
greenhouse,ET-MPC,N4_contention_duty,2034,persistence,0.035,1.0,zero,81b93d69fc470c5dceb36c29d5feab77afe7a95f1e5f7d7b3ac9a51b9c29c5d3,569714c2f054d7e589e1a1a495e488b7d47d406c61e9837ff2edbc5d46855c34,12ca0f6e05f585cf9d39f2c06178e7b8c550bd464b65480c0a93492d05bf5be9,0.5328000644153797,45.13888888888889,108,70.37037037037037,0.0,291.26400000345683,84.79999999999983,78.29999999999998,58.8,0.43200000000000033,86.39999999999954,407.9999999999998,1007.996000003456,completed,buffer_no_buffer
greenhouse,ET-MPC,N4_contention_duty,2035,persistence,0.035,1.0,zero,d05e441956e3eab7f4e6de4736a7cc79328881b028527a8d4bc2eacdca4c4417,569714c2f054d7e589e1a1a495e488b7d47d406c61e9837ff2edbc5d46855c34,12ca0f6e05f585cf9d39f2c06178e7b8c550bd464b65480c0a93492d05bf5be9,0.5242350955931827,44.44444444444444,112,69.64285714285714,0.0,305.04000000298953,87.19999999999982,81.49999999999997,57.6,0.44800000000000034,86.39999999999954,429.5999999999996,1047.7880000029884,completed,buffer_no_buffer
greenhouse,ET-MPC,N4_contention_duty,2036,persistence,0.035,1.0,zero,a3cc64eb06c257558c88a814fbeb000bab001eb5341b303622e2ab70b4b66351,569714c2f054d7e589e1a1a495e488b7d47d406c61e9837ff2edbc5d46855c34,12ca0f6e05f585cf9d39f2c06178e7b8c550bd464b65480c0a93492d05bf5be9,0.5341041489730907,46.00694444444444,108,67.5925925925926,0.0,283.39200000281835,85.59999999999982,77.15000000000005,51.60000000000001,0.43200000000000033,86.39999999999954,391.1999999999998,975.7740000028176,completed,buffer_no_buffer
greenhouse,ET-MPC,N4_contention_duty,2037,persistence,0.035,1.0,zero,aed4fbbea49089859b091fd655a75c9473462649fce688dbe5fa871d5100df46,569714c2f054d7e589e1a1a495e488b7d47d406c61e9837ff2edbc5d46855c34,12ca0f6e05f585cf9d39f2c06178e7b8c550bd464b65480c0a93492d05bf5be9,0.47400453285185445,44.09722222222222,115,72.17391304347827,0.0,287.3280000014072,90.3999999999998,79.34999999999997,49.20000000000002,0.46000000000000035,86.39999999999954,503.99999999999983,1097.1380000014065,completed,buffer_no_buffer
greenhouse,ET-MPC,N4_contention_duty,2038,persistence,0.035,1.0,zero,74de08de55de05da32d47e425142084eaf2ce1c332149edc3efbbdbf61f071b5,569714c2f054d7e589e1a1a495e488b7d47d406c61e9837ff2edbc5d46855c34,12ca0f6e05f585cf9d39f2c06178e7b8c550bd464b65480c0a93492d05bf5be9,0.4083647678257333,44.61805555555556,90,75.55555555555556,0.0,244.03200000196293,70.39999999999988,65.40000000000008,45.6,0.36000000000000026,86.39999999999954,604.8000000000001,1116.9920000019624,completed,buffer_no_buffer
greenhouse,ET-MPC,N4_contention_duty,2039,persistence,0.035,1.0,zero,8a7b6bb53017ccfc5cb3d3227cea50e3c1916323d5a6ef86b72f9808cb18bdf3,569714c2f054d7e589e1a1a495e488b7d47d406c61e9837ff2edbc5d46855c34,12ca0f6e05f585cf9d39f2c06178e7b8c550bd464b65480c0a93492d05bf5be9,0.44834383375606424,44.44444444444444,95,71.57894736842105,0.0,271.58400000117837,73.59999999999987,71.30000000000005,58.800000000000026,0.3800000000000003,86.39999999999954,544.8000000000003,1106.8640000011783,completed,buffer_no_buffer
greenhouse,ET-MPC,N4_contention_duty,2040,persistence,0.035,1.0,zero,ff690746aa09ce469e2ba992b11e0b5b37ca53e5e3ffa69c07ea184b79e30ffe,569714c2f054d7e589e1a1a495e488b7d47d406c61e9837ff2edbc5d46855c34,12ca0f6e05f585cf9d39f2c06178e7b8c550bd464b65480c0a93492d05bf5be9,0.4832881893179874,44.79166666666667,103,76.69902912621359,0.0,283.3920000005128,81.59999999999984,75.89999999999999,50.400000000000006,0.4120000000000003,86.39999999999954,487.2000000000001,1065.3040000005124,completed,buffer_no_buffer
greenhouse,ET-MPC,N5_full_stress,2026,persistence,0.02,1.0,hold,0390260898ceae4a4958b99c9341557bdc659bdc96bef114e803ba923b1ef3d8,569714c2f054d7e589e1a1a495e488b7d47d406c61e9837ff2edbc5d46855c34,12ca0f6e05f585cf9d39f2c06178e7b8c550bd464b65480c0a93492d05bf5be9,0.39714704487390096,43.05555555555556,244,15.98360655737705,0.0,1141.4400000051112,105.59999999999975,236.00000000000017,411.5999999999988,0.9760000000000008,86.39999999999954,652.7999999999997,2634.8160000051093,completed,trigger_0.02
greenhouse,ET-MPC,N5_full_stress,2027,persistence,0.02,1.0,hold,32b9d3ce1a04fa909bee5e00fc5598835b37338e7c98ab6415215c89c6ae4896,569714c2f054d7e589e1a1a495e488b7d47d406c61e9837ff2edbc5d46855c34,12ca0f6e05f585cf9d39f2c06178e7b8c550bd464b65480c0a93492d05bf5be9,0.3962601956622387,41.84027777777778,234,16.23931623931624,0.0,1037.1360000072148,113.59999999999972,219.95000000000005,355.1999999999992,0.9360000000000007,86.39999999999954,652.7999999999997,2466.022000007213,completed,trigger_0.02
greenhouse,ET-MPC,N5_full_stress,2028,persistence,0.02,1.0,hold,d0a3a8f19fab0473378ca713fa6e2834e7660ca93d16d11a6f08a60c235f8e1f,569714c2f054d7e589e1a1a495e488b7d47d406c61e9837ff2edbc5d46855c34,12ca0f6e05f585cf9d39f2c06178e7b8c550bd464b65480c0a93492d05bf5be9,0.4022682364634659,43.57638888888889,222,20.27027027027027,0.0,993.840000005276,103.99999999999976,209.24999999999994,344.39999999999935,0.8880000000000007,86.39999999999954,621.6,2360.3780000052748,completed,trigger_0.02
greenhouse,ET-MPC,N5_full_stress,2029,persistence,0.02,1.0,hold,d5a6f5046818a2d5e3d12da03a342d26500eb21537323e2206c63eb7c5c69024,569714c2f054d7e589e1a1a495e488b7d47d406c61e9837ff2edbc5d46855c34,12ca0f6e05f585cf9d39f2c06178e7b8c550bd464b65480c0a93492d05bf5be9,0.4022756650525078,40.79861111111111,233,14.592274678111588,0.0,1094.208000007426,97.59999999999978,225.10000000000022,392.3999999999989,0.9320000000000007,86.39999999999954,652.7999999999997,2549.4400000074243,completed,trigger_0.02
greenhouse,ET-MPC,N5_full_stress,2030,persistence,0.02,1.0,hold,36781744ffafccaea2485fb19fe462703068feb32b30d27331fed21bd7b46eb1,569714c2f054d7e589e1a1a495e488b7d47d406c61e9837ff2edbc5d46855c34,12ca0f6e05f585cf9d39f2c06178e7b8c550bd464b65480c0a93492d05bf5be9,0.3903881984623547,41.31944444444444,238,14.285714285714286,0.0,1127.6640000051505,98.39999999999978,231.3000000000002,405.5999999999989,0.9520000000000007,86.39999999999954,662.3999999999996,2612.716000005149,completed,trigger_0.02
greenhouse,ET-MPC,N5_full_stress,2031,persistence,0.02,1.0,hold,da3d65eea170bb533fb958b6ff25656fe55ec76775934d093758ad2f9d944091,569714c2f054d7e589e1a1a495e488b7d47d406c61e9837ff2edbc5d46855c34,12ca0f6e05f585cf9d39f2c06178e7b8c550bd464b65480c0a93492d05bf5be9,0.39162943599184735,42.1875,221,18.552036199095024,0.0,976.1280000057516,100.79999999999977,205.0999999999999,335.99999999999955,0.8840000000000007,86.39999999999954,645.5999999999998,2350.91200000575,completed,trigger_0.02
greenhouse,ET-MPC,N5_full_stress,2032,persistence,0.02,1.0,hold,6b4b174bddbf30d274b6c7ec3691a4fcd5cf4f3a307b0fd0c13cad31cfbe35e3,569714c2f054d7e589e1a1a495e488b7d47d406c61e9837ff2edbc5d46855c34,12ca0f6e05f585cf9d39f2c06178e7b8c550bd464b65480c0a93492d05bf5be9,0.43172106148359296,43.57638888888889,234,18.376068376068375,0.0,1027.2960000038179,108.79999999999974,216.69999999999996,349.19999999999936,0.9360000000000007,86.39999999999954,578.4000000000001,2367.7320000038167,completed,trigger_0.02
greenhouse,ET-MPC,N5_full_stress,2033,persistence,0.02,1.0,hold,ac033712d9aba415dc74566084dfa5c93ce25f13b07431847686086a786671d2,569714c2f054d7e589e1a1a495e488b7d47d406c61e9837ff2edbc5d46855c34,12ca0f6e05f585cf9d39f2c06178e7b8c550bd464b65480c0a93492d05bf5be9,0.415444504398859,43.22916666666667,227,18.502202643171806,0.0,1023.3600000027351,99.99999999999977,213.24999999999997,355.1999999999993,0.9080000000000007,86.39999999999954,628.8,2407.9180000027336,completed,trigger_0.02
greenhouse,ET-MPC,N5_full_stress,2034,persistence,0.02,1.0,hold,6396877e93cb07c0d14fabf4e21b44c1f79094a78e474d3238f2e3bd353c7892,569714c2f054d7e589e1a1a495e488b7d47d406c61e9837ff2edbc5d46855c34,12ca0f6e05f585cf9d39f2c06178e7b8c550bd464b65480c0a93492d05bf5be9,0.40048928303078246,37.84722222222222,225,16.88888888888889,0.0,1029.264000004105,99.99999999999977,214.30000000000013,362.39999999999924,0.9000000000000007,86.39999999999954,652.7999999999997,2446.0640000041035,completed,trigger_0.02
greenhouse,ET-MPC,N5_full_stress,2035,persistence,0.02,1.0,hold,a904761446f5f31df1de33d4689015a3a37eeebf62d56f3806c1215c00a1b31c,569714c2f054d7e589e1a1a495e488b7d47d406c61e9837ff2edbc5d46855c34,12ca0f6e05f585cf9d39f2c06178e7b8c550bd464b65480c0a93492d05bf5be9,0.4014166302759761,43.22916666666667,225,17.333333333333332,0.0,1017.456000004805,97.59999999999978,211.45000000000005,353.9999999999994,0.9000000000000007,86.39999999999954,650.3999999999997,2418.2060000048036,completed,trigger_0.02
greenhouse,ET-MPC,N5_full_stress,2036,persistence,0.02,1.0,hold,865f428b597205dce5361d639dd38e2e8b479f2f60d4224927a84145248f739f,569714c2f054d7e589e1a1a495e488b7d47d406c61e9837ff2edbc5d46855c34,12ca0f6e05f585cf9d39f2c06178e7b8c550bd464b65480c0a93492d05bf5be9,0.4003769250275156,43.40277777777778,229,19.213973799126638,0.0,1033.2000000046248,104.79999999999976,216.5000000000001,359.9999999999992,0.9160000000000007,86.39999999999954,645.5999999999998,2447.416000004623,completed,trigger_0.02
greenhouse,ET-MPC,N5_full_stress,2037,persistence,0.02,1.0,hold,df26c961d5b95bb1fe970a328ac925be870dc2190e8ebdd272dbb19b44f45421,569714c2f054d7e589e1a1a495e488b7d47d406c61e9837ff2edbc5d46855c34,12ca0f6e05f585cf9d39f2c06178e7b8c550bd464b65480c0a93492d05bf5be9,0.3971649662410287,42.01388888888889,235,17.02127659574468,0.0,1100.1120000060405,103.99999999999976,228.1500000000002,391.1999999999989,0.9400000000000007,86.39999999999954,643.1999999999998,2554.002000006039,completed,trigger_0.02
greenhouse,ET-MPC,N5_full_stress,2038,persistence,0.02,1.0,hold,7d819a953261f29c4fb02a8afdc88c44b213bf4a0b61629491ebae5dbd798793,569714c2f054d7e589e1a1a495e488b7d47d406c61e9837ff2edbc5d46855c34,12ca0f6e05f585cf9d39f2c06178e7b8c550bd464b65480c0a93492d05bf5be9,0.4068219196636789,42.70833333333333,227,18.502202643171806,0.0,1021.3920000053581,103.99999999999976,214.15000000000012,352.7999999999994,0.9080000000000007,86.39999999999954,647.9999999999998,2427.6500000053566,completed,trigger_0.02
greenhouse,ET-MPC,N5_full_stress,2039,persistence,0.02,1.0,hold,9e17198179947640bc43599c85b2e1076b03a1edaf5fcffb38e20e272fe8d7d6,569714c2f054d7e589e1a1a495e488b7d47d406c61e9837ff2edbc5d46855c34,12ca0f6e05f585cf9d39f2c06178e7b8c550bd464b65480c0a93492d05bf5be9,0.4048640723764807,42.53472222222222,218,20.18348623853211,0.0,960.3840000050199,107.99999999999974,204.54999999999993,325.1999999999996,0.8720000000000007,86.39999999999954,628.8,2314.2060000050187,completed,trigger_0.02
greenhouse,ET-MPC,N5_full_stress,2040,persistence,0.02,1.0,hold,e4636148374ccf9cbc16803213ee9b80d6eda9772f903d888674fd723c3a9370,569714c2f054d7e589e1a1a495e488b7d47d406c61e9837ff2edbc5d46855c34,12ca0f6e05f585cf9d39f2c06178e7b8c550bd464b65480c0a93492d05bf5be9,0.380904803458805,40.625,228,17.105263157894736,0.0,1021.3920000052376,105.59999999999975,214.65000000000003,350.3999999999994,0.9120000000000007,86.39999999999954,691.1999999999994,2470.554000005236,completed,trigger_0.02
greenhouse,ET-MPC,N5_full_stress,2026,persistence,0.035,1.0,hold,0390260898ceae4a4958b99c9341557bdc659bdc96bef114e803ba923b1ef3d8,569714c2f054d7e589e1a1a495e488b7d47d406c61e9837ff2edbc5d46855c34,12ca0f6e05f585cf9d39f2c06178e7b8c550bd464b65480c0a93492d05bf5be9,0.39714704487390096,43.05555555555556,195,17.435897435897434,0.0,899.3760000053612,87.99999999999982,187.45000000000002,323.99999999999955,0.7800000000000006,86.39999999999954,652.7999999999997,2238.80600000536,completed,trigger_0.035
greenhouse,ET-MPC,N5_full_stress,2027,persistence,0.035,1.0,hold,32b9d3ce1a04fa909bee5e00fc5598835b37338e7c98ab6415215c89c6ae4896,569714c2f054d7e589e1a1a495e488b7d47d406c61e9837ff2edbc5d46855c34,12ca0f6e05f585cf9d39f2c06178e7b8c550bd464b65480c0a93492d05bf5be9,0.3967132763369448,41.84027777777778,197,15.228426395939087,0.0,885.6000000073066,93.5999999999998,186.74999999999997,305.9999999999998,0.7880000000000006,86.39999999999954,650.3999999999997,2209.5380000073055,completed,trigger_0.035
greenhouse,ET-MPC,N5_full_stress,2028,persistence,0.035,1.0,hold,d0a3a8f19fab0473378ca713fa6e2834e7660ca93d16d11a6f08a60c235f8e1f,569714c2f054d7e589e1a1a495e488b7d47d406c61e9837ff2edbc5d46855c34,12ca0f6e05f585cf9d39f2c06178e7b8c550bd464b65480c0a93492d05bf5be9,0.4022682364634659,43.57638888888889,180,21.11111111111111,0.0,783.2640000025198,87.19999999999982,166.54999999999984,265.20000000000016,0.7200000000000005,86.39999999999954,621.6,2010.9340000025195,completed,trigger_0.035
greenhouse,ET-MPC,N5_full_stress,2029,persistence,0.035,1.0,hold,d5a6f5046818a2d5e3d12da03a342d26500eb21537323e2206c63eb7c5c69024,569714c2f054d7e589e1a1a495e488b7d47d406c61e9837ff2edbc5d46855c34,12ca0f6e05f585cf9d39f2c06178e7b8c550bd464b65480c0a93492d05bf5be9,0.4022756650525078,40.79861111111111,194,15.463917525773196,0.0,899.3760000058389,81.59999999999984,185.45000000000013,321.5999999999996,0.7760000000000006,86.39999999999954,652.7999999999997,2228.002000005838,completed,trigger_0.035
greenhouse,ET-MPC,N5_full_stress,2030,persistence,0.035,1.0,hold,36781744ffafccaea2485fb19fe462703068feb32b30d27331fed21bd7b46eb1,569714c2f054d7e589e1a1a495e488b7d47d406c61e9837ff2edbc5d46855c34,12ca0f6e05f585cf9d39f2c06178e7b8c550bd464b65480c0a93492d05bf5be9,0.3903881984623547,41.31944444444444,198,14.141414141414142,0.0,936.7680000044688,83.19999999999983,192.60000000000005,335.99999999999955,0.7920000000000006,86.39999999999954,662.3999999999996,2298.1600000044673,completed,trigger_0.035
greenhouse,ET-MPC,N5_full_stress,2031,persistence,0.035,1.0,hold,da3d65eea170bb533fb958b6ff25656fe55ec76775934d093758ad2f9d944091,569714c2f054d7e589e1a1a495e488b7d47d406c61e9837ff2edbc5d46855c34,12ca0f6e05f585cf9d39f2c06178e7b8c550bd464b65480c0a93492d05bf5be9,0.39162943599184735,42.1875,183,18.579234972677597,0.0,810.8160000038819,80.79999999999984,169.4499999999999,279.59999999999997,0.7320000000000005,86.39999999999954,645.5999999999998,2073.398000003881,completed,trigger_0.035
greenhouse,ET-MPC,N5_full_stress,2032,persistence,0.035,1.0,hold,6b4b174bddbf30d274b6c7ec3691a4fcd5cf4f3a307b0fd0c13cad31cfbe35e3,569714c2f054d7e589e1a1a495e488b7d47d406c61e9837ff2edbc5d46855c34,12ca0f6e05f585cf9d39f2c06178e7b8c550bd464b65480c0a93492d05bf5be9,0.43172106148359296,43.57638888888889,197,17.766497461928935,0.0,877.7280000033077,87.99999999999982,183.59999999999988,302.3999999999998,0.7880000000000006,86.39999999999954,578.4000000000001,2117.3160000033067,completed,trigger_0.035
greenhouse,ET-MPC,N5_full_stress,2033,persistence,0.035,1.0,hold,ac033712d9aba415dc74566084dfa5c93ce25f13b07431847686086a786671d2,569714c2f054d7e589e1a1a495e488b7d47d406c61e9837ff2edbc5d46855c34,12ca0f6e05f585cf9d39f2c06178e7b8c550bd464b65480c0a93492d05bf5be9,0.415444504398859,43.22916666666667,185,17.83783783783784,0.0,824.5920000017143,82.39999999999984,172.3999999999999,285.59999999999997,0.7400000000000005,86.39999999999954,628.8,2080.9320000017133,completed,trigger_0.035
greenhouse,ET-MPC,N5_full_stress,2034,persistence,0.035,1.0,hold,6396877e93cb07c0d14fabf4e21b44c1f79094a78e474d3238f2e3bd353c7892,569714c2f054d7e589e1a1a495e488b7d47d406c61e9837ff2edbc5d46855c34,12ca0f6e05f585cf9d39f2c06178e7b8c550bd464b65480c0a93492d05bf5be9,0.40048928303078246,37.84722222222222,195,16.41025641025641,0.0,909.216000003777,84.79999999999983,188.20000000000007,325.1999999999996,0.7800000000000006,86.39999999999954,652.7999999999997,2247.396000003776,completed,trigger_0.035
greenhouse,ET-MPC,N5_full_stress,2035,persistence,0.035,1.0,hold,a904761446f5f31df1de33d4689015a3a37eeebf62d56f3806c1215c00a1b31c,569714c2f054d7e589e1a1a495e488b7d47d406c61e9837ff2edbc5d46855c34,12ca0f6e05f585cf9d39f2c06178e7b8c550bd464b65480c0a93492d05bf5be9,0.4014166302759761,43.22916666666667,186,16.129032258064516,0.0,856.0800000040235,79.99999999999984,177.24999999999991,302.39999999999986,0.7440000000000005,86.39999999999954,650.3999999999997,2153.2740000040226,completed,trigger_0.035
greenhouse,ET-MPC,N5_full_stress,2036,persistence,0.035,1.0,hold,865f428b597205dce5361d639dd38e2e8b479f2f60d4224927a84145248f739f,569714c2f054d7e589e1a1a495e488b7d47d406c61e9837ff2edbc5d46855c34,12ca0f6e05f585cf9d39f2c06178e7b8c550bd464b65480c0a93492d05bf5be9,0.4003769250275156,43.40277777777778,180,21.11111111111111,0.0,842.3040000046359,80.79999999999984,175.05,299.99999999999983,0.7200000000000005,86.39999999999954,645.5999999999998,2130.874000004635,completed,trigger_0.035
greenhouse,ET-MPC,N5_full_stress,2037,persistence,0.035,1.0,hold,df26c961d5b95bb1fe970a328ac925be870dc2190e8ebdd272dbb19b44f45421,569714c2f054d7e589e1a1a495e488b7d47d406c61e9837ff2edbc5d46855c34,12ca0f6e05f585cf9d39f2c06178e7b8c550bd464b65480c0a93492d05bf5be9,0.3971649662410287,42.01388888888889,192,18.75,0.0,893.4720000054465,81.59999999999984,184.39999999999998,316.79999999999956,0.7680000000000006,86.39999999999954,643.1999999999998,2206.6400000054455,completed,trigger_0.035
greenhouse,ET-MPC,N5_full_stress,2038,persistence,0.035,1.0,hold,7d819a953261f29c4fb02a8afdc88c44b213bf4a0b61629491ebae5dbd798793,569714c2f054d7e589e1a1a495e488b7d47d406c61e9837ff2edbc5d46855c34,12ca0f6e05f585cf9d39f2c06178e7b8c550bd464b65480c0a93492d05bf5be9,0.4068219196636789,42.70833333333333,183,19.12568306010929,0.0,824.5920000035034,83.19999999999983,172.64999999999998,285.6,0.7320000000000005,86.39999999999954,647.9999999999998,2101.1740000035024,completed,trigger_0.035
greenhouse,ET-MPC,N5_full_stress,2039,persistence,0.035,1.0,hold,9e17198179947640bc43599c85b2e1076b03a1edaf5fcffb38e20e272fe8d7d6,569714c2f054d7e589e1a1a495e488b7d47d406c61e9837ff2edbc5d46855c34,12ca0f6e05f585cf9d39f2c06178e7b8c550bd464b65480c0a93492d05bf5be9,0.4048640723764807,42.53472222222222,176,21.022727272727273,0.0,783.2640000046255,85.59999999999982,166.04999999999984,267.6000000000001,0.7040000000000005,86.39999999999954,628.8,2018.4180000046247,completed,trigger_0.035
greenhouse,ET-MPC,N5_full_stress,2040,persistence,0.035,1.0,hold,e4636148374ccf9cbc16803213ee9b80d6eda9772f903d888674fd723c3a9370,569714c2f054d7e589e1a1a495e488b7d47d406c61e9837ff2edbc5d46855c34,12ca0f6e05f585cf9d39f2c06178e7b8c550bd464b65480c0a93492d05bf5be9,0.380904803458805,40.625,192,16.666666666666668,0.0,867.8880000052584,86.39999999999982,181.34999999999997,299.99999999999983,0.7680000000000006,86.39999999999954,691.1999999999994,2214.006000005257,completed,trigger_0.035
greenhouse,ET-MPC,N5_full_stress,2026,persistence,0.07,1.0,hold,0390260898ceae4a4958b99c9341557bdc659bdc96bef114e803ba923b1ef3d8,569714c2f054d7e589e1a1a495e488b7d47d406c61e9837ff2edbc5d46855c34,12ca0f6e05f585cf9d39f2c06178e7b8c550bd464b65480c0a93492d05bf5be9,0.40710483303810424,43.05555555555556,127,21.25984251968504,0.0,586.4640000047717,52.79999999999994,120.79999999999984,211.2000000000002,0.5080000000000003,86.39999999999954,635.9999999999999,1694.1720000047712,completed,trigger_0.07
greenhouse,ET-MPC,N5_full_stress,2027,persistence,0.07,1.0,hold,32b9d3ce1a04fa909bee5e00fc5598835b37338e7c98ab6415215c89c6ae4896,569714c2f054d7e589e1a1a495e488b7d47d406c61e9837ff2edbc5d46855c34,12ca0f6e05f585cf9d39f2c06178e7b8c550bd464b65480c0a93492d05bf5be9,0.3962601956622387,41.84027777777778,143,16.083916083916083,0.0,629.7600000059309,73.59999999999987,134.9999999999999,216.00000000000009,0.5720000000000004,86.39999999999954,652.7999999999997,1794.13200000593,completed,trigger_0.07
greenhouse,ET-MPC,N5_full_stress,2028,persistence,0.07,1.0,hold,d0a3a8f19fab0473378ca713fa6e2834e7660ca93d16d11a6f08a60c235f8e1f,569714c2f054d7e589e1a1a495e488b7d47d406c61e9837ff2edbc5d46855c34,12ca0f6e05f585cf9d39f2c06178e7b8c550bd464b65480c0a93492d05bf5be9,0.40918599796614014,43.57638888888889,121,21.487603305785125,0.0,529.3920000020063,56.799999999999926,111.89999999999984,181.20000000000016,0.4840000000000004,86.39999999999954,609.6000000000001,1575.776000002006,completed,trigger_0.07
greenhouse,ET-MPC,N5_full_stress,2029,persistence,0.07,1.0,hold,d5a6f5046818a2d5e3d12da03a342d26500eb21537323e2206c63eb7c5c69024,569714c2f054d7e589e1a1a495e488b7d47d406c61e9837ff2edbc5d46855c34,12ca0f6e05f585cf9d39f2c06178e7b8c550bd464b65480c0a93492d05bf5be9,0.4194155389189743,43.57638888888889,140,17.857142857142858,0.0,682.8960000043891,53.59999999999994,138.19999999999987,253.20000000000024,0.5600000000000004,86.39999999999954,619.2,1834.0560000043888,completed,trigger_0.07
greenhouse,ET-MPC,N5_full_stress,2030,persistence,0.07,1.0,hold,36781744ffafccaea2485fb19fe462703068feb32b30d27331fed21bd7b46eb1,569714c2f054d7e589e1a1a495e488b7d47d406c61e9837ff2edbc5d46855c34,12ca0f6e05f585cf9d39f2c06178e7b8c550bd464b65480c0a93492d05bf5be9,0.40683717875131503,41.31944444444444,147,12.92517006802721,0.0,724.2240000070325,57.59999999999992,146.79999999999987,266.4000000000002,0.5880000000000004,86.39999999999954,635.9999999999999,1918.012000007032,completed,trigger_0.07
greenhouse,ET-MPC,N5_full_stress,2031,persistence,0.07,1.0,hold,da3d65eea170bb533fb958b6ff25656fe55ec76775934d093758ad2f9d944091,569714c2f054d7e589e1a1a495e488b7d47d406c61e9837ff2edbc5d46855c34,12ca0f6e05f585cf9d39f2c06178e7b8c550bd464b65480c0a93492d05bf5be9,0.39162943599184735,42.1875,118,21.1864406779661,0.0,515.616000001914,55.19999999999993,108.94999999999986,176.40000000000018,0.47200000000000036,86.39999999999954,645.5999999999998,1588.6380000019133,completed,trigger_0.07
greenhouse,ET-MPC,N5_full_stress,2032,persistence,0.07,1.0,hold,6b4b174bddbf30d274b6c7ec3691a4fcd5cf4f3a307b0fd0c13cad31cfbe35e3,569714c2f054d7e589e1a1a495e488b7d47d406c61e9837ff2edbc5d46855c34,12ca0f6e05f585cf9d39f2c06178e7b8c550bd464b65480c0a93492d05bf5be9,0.3997516813446038,42.70833333333333,141,17.02127659574468,0.0,614.0160000006565,70.39999999999988,131.1999999999998,208.80000000000018,0.5640000000000004,86.39999999999954,631.1999999999999,1742.5800000006561,completed,trigger_0.07
greenhouse,ET-MPC,N5_full_stress,2033,persistence,0.07,1.0,hold,ac033712d9aba415dc74566084dfa5c93ce25f13b07431847686086a786671d2,569714c2f054d7e589e1a1a495e488b7d47d406c61e9837ff2edbc5d46855c34,12ca0f6e05f585cf9d39f2c06178e7b8c550bd464b65480c0a93492d05bf5be9,0.415444504398859,43.22916666666667,125,19.2,0.0,566.7840000003081,51.199999999999946,116.79999999999983,200.4000000000002,0.5000000000000003,86.39999999999954,628.8,1650.8840000003074,completed,trigger_0.07
greenhouse,ET-MPC,N5_full_stress,2034,persistence,0.07,1.0,hold,6396877e93cb07c0d14fabf4e21b44c1f79094a78e474d3238f2e3bd353c7892,569714c2f054d7e589e1a1a495e488b7d47d406c61e9837ff2edbc5d46855c34,12ca0f6e05f585cf9d39f2c06178e7b8c550bd464b65480c0a93492d05bf5be9,0.4048552611029755,38.19444444444444,141,15.602836879432624,0.0,637.6320000025426,62.399999999999906,132.89999999999984,224.40000000000018,0.5640000000000004,86.39999999999954,659.9999999999997,1804.2960000025419,completed,trigger_0.07
greenhouse,ET-MPC,N5_full_stress,2035,persistence,0.07,1.0,hold,a904761446f5f31df1de33d4689015a3a37eeebf62d56f3806c1215c00a1b31c,569714c2f054d7e589e1a1a495e488b7d47d406c61e9837ff2edbc5d46855c34,12ca0f6e05f585cf9d39f2c06178e7b8c550bd464b65480c0a93492d05bf5be9,0.4014166302759761,43.22916666666667,134,16.417910447761194,0.0,610.0800000039568,57.59999999999992,126.49999999999974,211.2000000000002,0.5360000000000004,86.39999999999954,650.3999999999997,1742.7160000039557,completed,trigger_0.07
greenhouse,ET-MPC,N5_full_stress,2036,persistence,0.07,1.0,hold,865f428b597205dce5361d639dd38e2e8b479f2f60d4224927a84145248f739f,569714c2f054d7e589e1a1a495e488b7d47d406c61e9837ff2edbc5d46855c34,12ca0f6e05f585cf9d39f2c06178e7b8c550bd464b65480c0a93492d05bf5be9,0.40237763646875846,43.40277777777778,127,20.47244094488189,0.0,596.3040000033645,53.59999999999994,122.79999999999981,213.60000000000022,0.5080000000000003,86.39999999999954,638.3999999999999,1711.612000003364,completed,trigger_0.07
greenhouse,ET-MPC,N5_full_stress,2037,persistence,0.07,1.0,hold,df26c961d5b95bb1fe970a328ac925be870dc2190e8ebdd272dbb19b44f45421,569714c2f054d7e589e1a1a495e488b7d47d406c61e9837ff2edbc5d46855c34,12ca0f6e05f585cf9d39f2c06178e7b8c550bd464b65480c0a93492d05bf5be9,0.3971649662410287,42.01388888888889,115,24.347826086956523,0.0,519.5520000025701,50.39999999999995,108.14999999999986,181.20000000000016,0.46000000000000035,86.39999999999954,643.1999999999998,1589.3620000025694,completed,trigger_0.07
greenhouse,ET-MPC,N5_full_stress,2038,persistence,0.07,1.0,hold,7d819a953261f29c4fb02a8afdc88c44b213bf4a0b61629491ebae5dbd798793,569714c2f054d7e589e1a1a495e488b7d47d406c61e9837ff2edbc5d46855c34,12ca0f6e05f585cf9d39f2c06178e7b8c550bd464b65480c0a93492d05bf5be9,0.40961256876708413,42.70833333333333,132,18.181818181818183,0.0,598.2720000012984,59.19999999999992,124.8999999999998,207.60000000000022,0.5280000000000004,86.39999999999954,628.8,1705.700000001298,completed,trigger_0.07
greenhouse,ET-MPC,N5_full_stress,2039,persistence,0.07,1.0,hold,9e17198179947640bc43599c85b2e1076b03a1edaf5fcffb38e20e272fe8d7d6,569714c2f054d7e589e1a1a495e488b7d47d406c61e9837ff2edbc5d46855c34,12ca0f6e05f585cf9d39f2c06178e7b8c550bd464b65480c0a93492d05bf5be9,0.4048640723764807,42.53472222222222,128,21.09375,0.0,558.9120000027956,65.5999999999999,119.89999999999985,189.60000000000008,0.5120000000000003,86.39999999999954,628.8,1649.724000002795,completed,trigger_0.07
greenhouse,ET-MPC,N5_full_stress,2040,persistence,0.07,1.0,hold,e4636148374ccf9cbc16803213ee9b80d6eda9772f903d888674fd723c3a9370,569714c2f054d7e589e1a1a495e488b7d47d406c61e9837ff2edbc5d46855c34,12ca0f6e05f585cf9d39f2c06178e7b8c550bd464b65480c0a93492d05bf5be9,0.380904803458805,40.625,128,17.96875,0.0,586.4640000035599,57.59999999999992,122.29999999999984,205.20000000000024,0.5120000000000003,86.39999999999954,691.1999999999994,1749.6760000035588,completed,trigger_0.07
greenhouse,ET-MPC,N5_full_stress,2026,persistence,0.035,1.0,hold,0390260898ceae4a4958b99c9341557bdc659bdc96bef114e803ba923b1ef3d8,569714c2f054d7e589e1a1a495e488b7d47d406c61e9837ff2edbc5d46855c34,12ca0f6e05f585cf9d39f2c06178e7b8c550bd464b65480c0a93492d05bf5be9,0.39714704487390096,43.05555555555556,195,17.435897435897434,0.0,899.3760000053612,87.99999999999982,187.45000000000002,323.99999999999955,0.7800000000000006,86.39999999999954,652.7999999999997,2238.80600000536,completed,forecast_persistence
greenhouse,ET-MPC,N5_full_stress,2027,persistence,0.035,1.0,hold,32b9d3ce1a04fa909bee5e00fc5598835b37338e7c98ab6415215c89c6ae4896,569714c2f054d7e589e1a1a495e488b7d47d406c61e9837ff2edbc5d46855c34,12ca0f6e05f585cf9d39f2c06178e7b8c550bd464b65480c0a93492d05bf5be9,0.3967132763369448,41.84027777777778,197,15.228426395939087,0.0,885.6000000073066,93.5999999999998,186.74999999999997,305.9999999999998,0.7880000000000006,86.39999999999954,650.3999999999997,2209.5380000073055,completed,forecast_persistence
greenhouse,ET-MPC,N5_full_stress,2028,persistence,0.035,1.0,hold,d0a3a8f19fab0473378ca713fa6e2834e7660ca93d16d11a6f08a60c235f8e1f,569714c2f054d7e589e1a1a495e488b7d47d406c61e9837ff2edbc5d46855c34,12ca0f6e05f585cf9d39f2c06178e7b8c550bd464b65480c0a93492d05bf5be9,0.4022682364634659,43.57638888888889,180,21.11111111111111,0.0,783.2640000025198,87.19999999999982,166.54999999999984,265.20000000000016,0.7200000000000005,86.39999999999954,621.6,2010.9340000025195,completed,forecast_persistence
greenhouse,ET-MPC,N5_full_stress,2029,persistence,0.035,1.0,hold,d5a6f5046818a2d5e3d12da03a342d26500eb21537323e2206c63eb7c5c69024,569714c2f054d7e589e1a1a495e488b7d47d406c61e9837ff2edbc5d46855c34,12ca0f6e05f585cf9d39f2c06178e7b8c550bd464b65480c0a93492d05bf5be9,0.4022756650525078,40.79861111111111,194,15.463917525773196,0.0,899.3760000058389,81.59999999999984,185.45000000000013,321.5999999999996,0.7760000000000006,86.39999999999954,652.7999999999997,2228.002000005838,completed,forecast_persistence
greenhouse,ET-MPC,N5_full_stress,2030,persistence,0.035,1.0,hold,36781744ffafccaea2485fb19fe462703068feb32b30d27331fed21bd7b46eb1,569714c2f054d7e589e1a1a495e488b7d47d406c61e9837ff2edbc5d46855c34,12ca0f6e05f585cf9d39f2c06178e7b8c550bd464b65480c0a93492d05bf5be9,0.3903881984623547,41.31944444444444,198,14.141414141414142,0.0,936.7680000044688,83.19999999999983,192.60000000000005,335.99999999999955,0.7920000000000006,86.39999999999954,662.3999999999996,2298.1600000044673,completed,forecast_persistence
greenhouse,ET-MPC,N5_full_stress,2031,persistence,0.035,1.0,hold,da3d65eea170bb533fb958b6ff25656fe55ec76775934d093758ad2f9d944091,569714c2f054d7e589e1a1a495e488b7d47d406c61e9837ff2edbc5d46855c34,12ca0f6e05f585cf9d39f2c06178e7b8c550bd464b65480c0a93492d05bf5be9,0.39162943599184735,42.1875,183,18.579234972677597,0.0,810.8160000038819,80.79999999999984,169.4499999999999,279.59999999999997,0.7320000000000005,86.39999999999954,645.5999999999998,2073.398000003881,completed,forecast_persistence
greenhouse,ET-MPC,N5_full_stress,2032,persistence,0.035,1.0,hold,6b4b174bddbf30d274b6c7ec3691a4fcd5cf4f3a307b0fd0c13cad31cfbe35e3,569714c2f054d7e589e1a1a495e488b7d47d406c61e9837ff2edbc5d46855c34,12ca0f6e05f585cf9d39f2c06178e7b8c550bd464b65480c0a93492d05bf5be9,0.43172106148359296,43.57638888888889,197,17.766497461928935,0.0,877.7280000033077,87.99999999999982,183.59999999999988,302.3999999999998,0.7880000000000006,86.39999999999954,578.4000000000001,2117.3160000033067,completed,forecast_persistence
greenhouse,ET-MPC,N5_full_stress,2033,persistence,0.035,1.0,hold,ac033712d9aba415dc74566084dfa5c93ce25f13b07431847686086a786671d2,569714c2f054d7e589e1a1a495e488b7d47d406c61e9837ff2edbc5d46855c34,12ca0f6e05f585cf9d39f2c06178e7b8c550bd464b65480c0a93492d05bf5be9,0.415444504398859,43.22916666666667,185,17.83783783783784,0.0,824.5920000017143,82.39999999999984,172.3999999999999,285.59999999999997,0.7400000000000005,86.39999999999954,628.8,2080.9320000017133,completed,forecast_persistence
greenhouse,ET-MPC,N5_full_stress,2034,persistence,0.035,1.0,hold,6396877e93cb07c0d14fabf4e21b44c1f79094a78e474d3238f2e3bd353c7892,569714c2f054d7e589e1a1a495e488b7d47d406c61e9837ff2edbc5d46855c34,12ca0f6e05f585cf9d39f2c06178e7b8c550bd464b65480c0a93492d05bf5be9,0.40048928303078246,37.84722222222222,195,16.41025641025641,0.0,909.216000003777,84.79999999999983,188.20000000000007,325.1999999999996,0.7800000000000006,86.39999999999954,652.7999999999997,2247.396000003776,completed,forecast_persistence
greenhouse,ET-MPC,N5_full_stress,2035,persistence,0.035,1.0,hold,a904761446f5f31df1de33d4689015a3a37eeebf62d56f3806c1215c00a1b31c,569714c2f054d7e589e1a1a495e488b7d47d406c61e9837ff2edbc5d46855c34,12ca0f6e05f585cf9d39f2c06178e7b8c550bd464b65480c0a93492d05bf5be9,0.4014166302759761,43.22916666666667,186,16.129032258064516,0.0,856.0800000040235,79.99999999999984,177.24999999999991,302.39999999999986,0.7440000000000005,86.39999999999954,650.3999999999997,2153.2740000040226,completed,forecast_persistence
greenhouse,ET-MPC,N5_full_stress,2036,persistence,0.035,1.0,hold,865f428b597205dce5361d639dd38e2e8b479f2f60d4224927a84145248f739f,569714c2f054d7e589e1a1a495e488b7d47d406c61e9837ff2edbc5d46855c34,12ca0f6e05f585cf9d39f2c06178e7b8c550bd464b65480c0a93492d05bf5be9,0.4003769250275156,43.40277777777778,180,21.11111111111111,0.0,842.3040000046359,80.79999999999984,175.05,299.99999999999983,0.7200000000000005,86.39999999999954,645.5999999999998,2130.874000004635,completed,forecast_persistence
greenhouse,ET-MPC,N5_full_stress,2037,persistence,0.035,1.0,hold,df26c961d5b95bb1fe970a328ac925be870dc2190e8ebdd272dbb19b44f45421,569714c2f054d7e589e1a1a495e488b7d47d406c61e9837ff2edbc5d46855c34,12ca0f6e05f585cf9d39f2c06178e7b8c550bd464b65480c0a93492d05bf5be9,0.3971649662410287,42.01388888888889,192,18.75,0.0,893.4720000054465,81.59999999999984,184.39999999999998,316.79999999999956,0.7680000000000006,86.39999999999954,643.1999999999998,2206.6400000054455,completed,forecast_persistence
greenhouse,ET-MPC,N5_full_stress,2038,persistence,0.035,1.0,hold,7d819a953261f29c4fb02a8afdc88c44b213bf4a0b61629491ebae5dbd798793,569714c2f054d7e589e1a1a495e488b7d47d406c61e9837ff2edbc5d46855c34,12ca0f6e05f585cf9d39f2c06178e7b8c550bd464b65480c0a93492d05bf5be9,0.4068219196636789,42.70833333333333,183,19.12568306010929,0.0,824.5920000035034,83.19999999999983,172.64999999999998,285.6,0.7320000000000005,86.39999999999954,647.9999999999998,2101.1740000035024,completed,forecast_persistence
greenhouse,ET-MPC,N5_full_stress,2039,persistence,0.035,1.0,hold,9e17198179947640bc43599c85b2e1076b03a1edaf5fcffb38e20e272fe8d7d6,569714c2f054d7e589e1a1a495e488b7d47d406c61e9837ff2edbc5d46855c34,12ca0f6e05f585cf9d39f2c06178e7b8c550bd464b65480c0a93492d05bf5be9,0.4048640723764807,42.53472222222222,176,21.022727272727273,0.0,783.2640000046255,85.59999999999982,166.04999999999984,267.6000000000001,0.7040000000000005,86.39999999999954,628.8,2018.4180000046247,completed,forecast_persistence
greenhouse,ET-MPC,N5_full_stress,2040,persistence,0.035,1.0,hold,e4636148374ccf9cbc16803213ee9b80d6eda9772f903d888674fd723c3a9370,569714c2f054d7e589e1a1a495e488b7d47d406c61e9837ff2edbc5d46855c34,12ca0f6e05f585cf9d39f2c06178e7b8c550bd464b65480c0a93492d05bf5be9,0.380904803458805,40.625,192,16.666666666666668,0.0,867.8880000052584,86.39999999999982,181.34999999999997,299.99999999999983,0.7680000000000006,86.39999999999954,691.1999999999994,2214.006000005257,completed,forecast_persistence
greenhouse,ET-MPC,N5_full_stress,2026,noisy_persistence,0.035,1.0,hold,0390260898ceae4a4958b99c9341557bdc659bdc96bef114e803ba923b1ef3d8,569714c2f054d7e589e1a1a495e488b7d47d406c61e9837ff2edbc5d46855c34,12ca0f6e05f585cf9d39f2c06178e7b8c550bd464b65480c0a93492d05bf5be9,0.4040647494030712,43.05555555555556,201,16.417910447761194,0.0,936.7680000044634,87.19999999999982,193.85,338.3999999999994,0.8040000000000006,86.39999999999954,640.7999999999998,2284.222000004462,completed,forecast_noisy_persistence
greenhouse,ET-MPC,N5_full_stress,2027,noisy_persistence,0.035,1.0,hold,32b9d3ce1a04fa909bee5e00fc5598835b37338e7c98ab6415215c89c6ae4896,569714c2f054d7e589e1a1a495e488b7d47d406c61e9837ff2edbc5d46855c34,12ca0f6e05f585cf9d39f2c06178e7b8c550bd464b65480c0a93492d05bf5be9,0.3967132763369448,41.84027777777778,197,15.228426395939087,0.0,885.6000000073066,93.5999999999998,186.74999999999997,305.9999999999998,0.7880000000000006,86.39999999999954,650.3999999999997,2209.5380000073055,completed,forecast_noisy_persistence
greenhouse,ET-MPC,N5_full_stress,2028,noisy_persistence,0.035,1.0,hold,d0a3a8f19fab0473378ca713fa6e2834e7660ca93d16d11a6f08a60c235f8e1f,569714c2f054d7e589e1a1a495e488b7d47d406c61e9837ff2edbc5d46855c34,12ca0f6e05f585cf9d39f2c06178e7b8c550bd464b65480c0a93492d05bf5be9,0.4022682364634659,43.57638888888889,180,21.11111111111111,0.0,783.2640000025198,87.19999999999982,166.54999999999984,265.20000000000016,0.7200000000000005,86.39999999999954,621.6,2010.9340000025195,completed,forecast_noisy_persistence
greenhouse,ET-MPC,N5_full_stress,2029,noisy_persistence,0.035,1.0,hold,d5a6f5046818a2d5e3d12da03a342d26500eb21537323e2206c63eb7c5c69024,569714c2f054d7e589e1a1a495e488b7d47d406c61e9837ff2edbc5d46855c34,12ca0f6e05f585cf9d39f2c06178e7b8c550bd464b65480c0a93492d05bf5be9,0.4022756650525078,40.79861111111111,194,15.463917525773196,0.0,899.3760000058389,81.59999999999984,185.45000000000013,321.5999999999996,0.7760000000000006,86.39999999999954,652.7999999999997,2228.002000005838,completed,forecast_noisy_persistence
greenhouse,ET-MPC,N5_full_stress,2030,noisy_persistence,0.035,1.0,hold,36781744ffafccaea2485fb19fe462703068feb32b30d27331fed21bd7b46eb1,569714c2f054d7e589e1a1a495e488b7d47d406c61e9837ff2edbc5d46855c34,12ca0f6e05f585cf9d39f2c06178e7b8c550bd464b65480c0a93492d05bf5be9,0.3903881984623547,41.31944444444444,198,14.141414141414142,0.0,936.7680000044688,83.19999999999983,192.60000000000005,335.99999999999955,0.7920000000000006,86.39999999999954,662.3999999999996,2298.1600000044673,completed,forecast_noisy_persistence
greenhouse,ET-MPC,N5_full_stress,2031,noisy_persistence,0.035,1.0,hold,da3d65eea170bb533fb958b6ff25656fe55ec76775934d093758ad2f9d944091,569714c2f054d7e589e1a1a495e488b7d47d406c61e9837ff2edbc5d46855c34,12ca0f6e05f585cf9d39f2c06178e7b8c550bd464b65480c0a93492d05bf5be9,0.39162943599184735,42.1875,183,18.579234972677597,0.0,810.8160000038819,80.79999999999984,169.4499999999999,279.59999999999997,0.7320000000000005,86.39999999999954,645.5999999999998,2073.398000003881,completed,forecast_noisy_persistence
greenhouse,ET-MPC,N5_full_stress,2032,noisy_persistence,0.035,1.0,hold,6b4b174bddbf30d274b6c7ec3691a4fcd5cf4f3a307b0fd0c13cad31cfbe35e3,569714c2f054d7e589e1a1a495e488b7d47d406c61e9837ff2edbc5d46855c34,12ca0f6e05f585cf9d39f2c06178e7b8c550bd464b65480c0a93492d05bf5be9,0.4279129136404975,43.40277777777778,197,18.781725888324875,0.0,875.7600000032094,89.59999999999981,183.74999999999986,301.1999999999998,0.7880000000000006,86.39999999999954,585.6000000000001,2123.0980000032087,completed,forecast_noisy_persistence
greenhouse,ET-MPC,N5_full_stress,2033,noisy_persistence,0.035,1.0,hold,ac033712d9aba415dc74566084dfa5c93ce25f13b07431847686086a786671d2,569714c2f054d7e589e1a1a495e488b7d47d406c61e9837ff2edbc5d46855c34,12ca0f6e05f585cf9d39f2c06178e7b8c550bd464b65480c0a93492d05bf5be9,0.41588455024013377,43.05555555555556,181,18.784530386740332,0.0,814.7520000020963,80.79999999999984,170.14999999999986,283.20000000000005,0.7240000000000005,86.39999999999954,614.4000000000001,2050.426000002096,completed,forecast_noisy_persistence
greenhouse,ET-MPC,N5_full_stress,2034,noisy_persistence,0.035,1.0,hold,6396877e93cb07c0d14fabf4e21b44c1f79094a78e474d3238f2e3bd353c7892,569714c2f054d7e589e1a1a495e488b7d47d406c61e9837ff2edbc5d46855c34,12ca0f6e05f585cf9d39f2c06178e7b8c550bd464b65480c0a93492d05bf5be9,0.42396548633169584,43.57638888888889,204,15.686274509803921,0.0,940.7040000053494,89.59999999999981,195.30000000000007,333.5999999999995,0.8160000000000006,86.39999999999954,604.8000000000001,2251.2200000053485,completed,forecast_noisy_persistence
greenhouse,ET-MPC,N5_full_stress,2035,noisy_persistence,0.035,1.0,hold,a904761446f5f31df1de33d4689015a3a37eeebf62d56f3806c1215c00a1b31c,569714c2f054d7e589e1a1a495e488b7d47d406c61e9837ff2edbc5d46855c34,12ca0f6e05f585cf9d39f2c06178e7b8c550bd464b65480c0a93492d05bf5be9,0.4014166302759761,43.22916666666667,186,16.129032258064516,0.0,856.0800000040235,79.99999999999984,177.24999999999991,302.39999999999986,0.7440000000000005,86.39999999999954,650.3999999999997,2153.2740000040226,completed,forecast_noisy_persistence
greenhouse,ET-MPC,N5_full_stress,2036,noisy_persistence,0.035,1.0,hold,865f428b597205dce5361d639dd38e2e8b479f2f60d4224927a84145248f739f,569714c2f054d7e589e1a1a495e488b7d47d406c61e9837ff2edbc5d46855c34,12ca0f6e05f585cf9d39f2c06178e7b8c550bd464b65480c0a93492d05bf5be9,0.4003769250275156,43.40277777777778,180,21.11111111111111,0.0,842.3040000046359,80.79999999999984,175.05,299.99999999999983,0.7200000000000005,86.39999999999954,645.5999999999998,2130.874000004635,completed,forecast_noisy_persistence
greenhouse,ET-MPC,N5_full_stress,2037,noisy_persistence,0.035,1.0,hold,df26c961d5b95bb1fe970a328ac925be870dc2190e8ebdd272dbb19b44f45421,569714c2f054d7e589e1a1a495e488b7d47d406c61e9837ff2edbc5d46855c34,12ca0f6e05f585cf9d39f2c06178e7b8c550bd464b65480c0a93492d05bf5be9,0.3971649662410287,42.01388888888889,192,18.75,0.0,893.4720000054465,81.59999999999984,184.39999999999998,316.79999999999956,0.7680000000000006,86.39999999999954,643.1999999999998,2206.6400000054455,completed,forecast_noisy_persistence
greenhouse,ET-MPC,N5_full_stress,2038,noisy_persistence,0.035,1.0,hold,7d819a953261f29c4fb02a8afdc88c44b213bf4a0b61629491ebae5dbd798793,569714c2f054d7e589e1a1a495e488b7d47d406c61e9837ff2edbc5d46855c34,12ca0f6e05f585cf9d39f2c06178e7b8c550bd464b65480c0a93492d05bf5be9,0.40953660604365216,42.53472222222222,187,18.181818181818183,0.0,848.2080000030548,83.19999999999983,176.85000000000002,296.3999999999999,0.7480000000000006,86.39999999999954,626.4,2118.206000003054,completed,forecast_noisy_persistence
greenhouse,ET-MPC,N5_full_stress,2039,noisy_persistence,0.035,1.0,hold,9e17198179947640bc43599c85b2e1076b03a1edaf5fcffb38e20e272fe8d7d6,569714c2f054d7e589e1a1a495e488b7d47d406c61e9837ff2edbc5d46855c34,12ca0f6e05f585cf9d39f2c06178e7b8c550bd464b65480c0a93492d05bf5be9,0.4048640723764807,42.53472222222222,176,21.022727272727273,0.0,783.2640000046255,85.59999999999982,166.04999999999984,267.6000000000001,0.7040000000000005,86.39999999999954,628.8,2018.4180000046247,completed,forecast_noisy_persistence
greenhouse,ET-MPC,N5_full_stress,2040,noisy_persistence,0.035,1.0,hold,e4636148374ccf9cbc16803213ee9b80d6eda9772f903d888674fd723c3a9370,569714c2f054d7e589e1a1a495e488b7d47d406c61e9837ff2edbc5d46855c34,12ca0f6e05f585cf9d39f2c06178e7b8c550bd464b65480c0a93492d05bf5be9,0.3867418334027077,40.79861111111111,193,16.06217616580311,0.0,867.8880000052583,87.99999999999982,181.85,298.79999999999984,0.7720000000000006,86.39999999999954,674.3999999999995,2198.110000005257,completed,forecast_noisy_persistence
greenhouse,ET-MPC,N5_full_stress,2026,oracle,0.035,1.0,hold,0390260898ceae4a4958b99c9341557bdc659bdc96bef114e803ba923b1ef3d8,569714c2f054d7e589e1a1a495e488b7d47d406c61e9837ff2edbc5d46855c34,12ca0f6e05f585cf9d39f2c06178e7b8c550bd464b65480c0a93492d05bf5be9,0.4083427898366223,39.93055555555556,203,16.748768472906406,0.0,944.6400000059206,87.99999999999982,195.50000000000003,341.9999999999995,0.8120000000000006,86.39999999999954,626.4,2283.7520000059194,completed,forecast_oracle
greenhouse,ET-MPC,N5_full_stress,2027,oracle,0.035,1.0,hold,32b9d3ce1a04fa909bee5e00fc5598835b37338e7c98ab6415215c89c6ae4896,569714c2f054d7e589e1a1a495e488b7d47d406c61e9837ff2edbc5d46855c34,12ca0f6e05f585cf9d39f2c06178e7b8c550bd464b65480c0a93492d05bf5be9,0.38157505672949793,38.36805555555556,203,16.748768472906406,0.0,909.2160000076672,96.79999999999978,191.95,314.39999999999964,0.8120000000000006,86.39999999999954,676.7999999999995,2276.378000007666,completed,forecast_oracle
greenhouse,ET-MPC,N5_full_stress,2028,oracle,0.035,1.0,hold,d0a3a8f19fab0473378ca713fa6e2834e7660ca93d16d11a6f08a60c235f8e1f,569714c2f054d7e589e1a1a495e488b7d47d406c61e9837ff2edbc5d46855c34,12ca0f6e05f585cf9d39f2c06178e7b8c550bd464b65480c0a93492d05bf5be9,0.4036753135645567,41.31944444444444,183,20.76502732240437,0.0,802.944000005103,89.59999999999981,170.79999999999993,273.6,0.7320000000000005,86.39999999999954,640.7999999999998,2064.876000005102,completed,forecast_oracle
greenhouse,ET-MPC,N5_full_stress,2029,oracle,0.035,1.0,hold,d5a6f5046818a2d5e3d12da03a342d26500eb21537323e2206c63eb7c5c69024,569714c2f054d7e589e1a1a495e488b7d47d406c61e9837ff2edbc5d46855c34,12ca0f6e05f585cf9d39f2c06178e7b8c550bd464b65480c0a93492d05bf5be9,0.4050495258920011,39.58333333333333,210,13.80952380952381,0.0,995.8080000061973,83.99999999999983,203.35000000000016,359.99999999999926,0.8400000000000006,86.39999999999954,623.9999999999999,2354.398000006196,completed,forecast_oracle
greenhouse,ET-MPC,N5_full_stress,2030,oracle,0.035,1.0,hold,36781744ffafccaea2485fb19fe462703068feb32b30d27331fed21bd7b46eb1,569714c2f054d7e589e1a1a495e488b7d47d406c61e9837ff2edbc5d46855c34,12ca0f6e05f585cf9d39f2c06178e7b8c550bd464b65480c0a93492d05bf5be9,0.3890785673633536,39.0625,206,13.106796116504855,0.0,978.0960000043858,85.59999999999982,200.7000000000001,351.59999999999945,0.8240000000000006,86.39999999999954,655.1999999999997,2358.4200000043847,completed,forecast_oracle
greenhouse,ET-MPC,N5_full_stress,2031,oracle,0.035,1.0,hold,da3d65eea170bb533fb958b6ff25656fe55ec76775934d093758ad2f9d944091,569714c2f054d7e589e1a1a495e488b7d47d406c61e9837ff2edbc5d46855c34,12ca0f6e05f585cf9d39f2c06178e7b8c550bd464b65480c0a93492d05bf5be9,0.40217344389005105,43.40277777777778,184,18.47826086956522,0.0,824.592000005079,80.79999999999984,171.89999999999995,285.59999999999997,0.7360000000000005,86.39999999999954,645.5999999999998,2095.6280000050783,completed,forecast_oracle
greenhouse,ET-MPC,N5_full_stress,2032,oracle,0.035,1.0,hold,6b4b174bddbf30d274b6c7ec3691a4fcd5cf4f3a307b0fd0c13cad31cfbe35e3,569714c2f054d7e589e1a1a495e488b7d47d406c61e9837ff2edbc5d46855c34,12ca0f6e05f585cf9d39f2c06178e7b8c550bd464b65480c0a93492d05bf5be9,0.40515185799685516,40.10416666666667,192,17.708333333333332,0.0,840.3360000024686,89.59999999999981,177.44999999999987,286.79999999999995,0.7680000000000006,86.39999999999954,624.0,2105.3540000024677,completed,forecast_oracle
greenhouse,ET-MPC,N5_full_stress,2033,oracle,0.035,1.0,hold,ac033712d9aba415dc74566084dfa5c93ce25f13b07431847686086a786671d2,569714c2f054d7e589e1a1a495e488b7d47d406c61e9837ff2edbc5d46855c34,12ca0f6e05f585cf9d39f2c06178e7b8c550bd464b65480c0a93492d05bf5be9,0.4001620788508827,39.58333333333333,192,18.229166666666668,0.0,871.8240000022561,83.19999999999983,181.04999999999993,305.99999999999983,0.7680000000000006,86.39999999999954,657.5999999999997,2186.842000002255,completed,forecast_oracle
greenhouse,ET-MPC,N5_full_stress,2034,oracle,0.035,1.0,hold,6396877e93cb07c0d14fabf4e21b44c1f79094a78e474d3238f2e3bd353c7892,569714c2f054d7e589e1a1a495e488b7d47d406c61e9837ff2edbc5d46855c34,12ca0f6e05f585cf9d39f2c06178e7b8c550bd464b65480c0a93492d05bf5be9,0.40195608821814643,41.31944444444444,197,15.736040609137056,0.0,911.1840000063378,86.39999999999982,189.05000000000007,325.1999999999996,0.7880000000000006,86.39999999999954,638.3999999999999,2237.422000006337,completed,forecast_oracle
greenhouse,ET-MPC,N5_full_stress,2035,oracle,0.035,1.0,hold,a904761446f5f31df1de33d4689015a3a37eeebf62d56f3806c1215c00a1b31c,569714c2f054d7e589e1a1a495e488b7d47d406c61e9837ff2edbc5d46855c34,12ca0f6e05f585cf9d39f2c06178e7b8c550bd464b65480c0a93492d05bf5be9,0.3940054040212323,39.40972222222222,191,16.75392670157068,0.0,858.0480000040765,86.39999999999982,179.59999999999994,297.5999999999999,0.7640000000000006,86.39999999999954,645.5999999999998,2154.4120000040757,completed,forecast_oracle
greenhouse,ET-MPC,N5_full_stress,2036,oracle,0.035,1.0,hold,865f428b597205dce5361d639dd38e2e8b479f2f60d4224927a84145248f739f,569714c2f054d7e589e1a1a495e488b7d47d406c61e9837ff2edbc5d46855c34,12ca0f6e05f585cf9d39f2c06178e7b8c550bd464b65480c0a93492d05bf5be9,0.4068592487965783,40.79861111111111,186,18.27956989247312,0.0,861.984000005614,81.59999999999984,178.8,304.7999999999998,0.7440000000000005,86.39999999999954,640.7999999999998,2155.128000005613,completed,forecast_oracle
greenhouse,ET-MPC,N5_full_stress,2037,oracle,0.035,1.0,hold,df26c961d5b95bb1fe970a328ac925be870dc2190e8ebdd272dbb19b44f45421,569714c2f054d7e589e1a1a495e488b7d47d406c61e9837ff2edbc5d46855c34,12ca0f6e05f585cf9d39f2c06178e7b8c550bd464b65480c0a93492d05bf5be9,0.3964068290835358,42.01388888888889,199,17.587939698492463,0.0,938.7360000051143,83.99999999999983,193.20000000000007,335.99999999999943,0.7960000000000006,86.39999999999954,652.7999999999997,2291.932000005113,completed,forecast_oracle
greenhouse,ET-MPC,N5_full_stress,2038,oracle,0.035,1.0,hold,7d819a953261f29c4fb02a8afdc88c44b213bf4a0b61629491ebae5dbd798793,569714c2f054d7e589e1a1a495e488b7d47d406c61e9837ff2edbc5d46855c34,12ca0f6e05f585cf9d39f2c06178e7b8c550bd464b65480c0a93492d05bf5be9,0.4233178305004971,43.40277777777778,194,17.52577319587629,0.0,871.8240000035291,87.99999999999982,182.54999999999995,302.3999999999998,0.7760000000000006,86.39999999999954,621.5999999999999,2153.550000003528,completed,forecast_oracle
greenhouse,ET-MPC,N5_full_stress,2039,oracle,0.035,1.0,hold,9e17198179947640bc43599c85b2e1076b03a1edaf5fcffb38e20e272fe8d7d6,569714c2f054d7e589e1a1a495e488b7d47d406c61e9837ff2edbc5d46855c34,12ca0f6e05f585cf9d39f2c06178e7b8c550bd464b65480c0a93492d05bf5be9,0.41243445981737387,42.88194444444444,164,23.170731707317074,0.0,734.0640000035877,79.19999999999985,155.2999999999998,252.00000000000017,0.6560000000000005,86.39999999999954,604.8,1912.4200000035871,completed,forecast_oracle
greenhouse,ET-MPC,N5_full_stress,2040,oracle,0.035,1.0,hold,e4636148374ccf9cbc16803213ee9b80d6eda9772f903d888674fd723c3a9370,569714c2f054d7e589e1a1a495e488b7d47d406c61e9837ff2edbc5d46855c34,12ca0f6e05f585cf9d39f2c06178e7b8c550bd464b65480c0a93492d05bf5be9,0.3932468024699881,41.14583333333333,195,15.897435897435898,0.0,889.536000005939,87.19999999999982,185.45000000000002,309.59999999999974,0.7800000000000006,86.39999999999954,640.7999999999997,2199.7660000059377,completed,forecast_oracle
greenhouse,ET-MPC,N5_full_stress,2026,persistence,0.035,0.98,hold,0390260898ceae4a4958b99c9341557bdc659bdc96bef114e803ba923b1ef3d8,569714c2f054d7e589e1a1a495e488b7d47d406c61e9837ff2edbc5d46855c34,12ca0f6e05f585cf9d39f2c06178e7b8c550bd464b65480c0a93492d05bf5be9,0.3671709462104189,37.84722222222222,198,17.67676767676768,0.0,932.8320000052219,85.59999999999982,192.65,339.5999999999995,0.7920000000000006,86.39999999999954,563.9999999999998,2201.8740000052203,completed,model_0.98
greenhouse,ET-MPC,N5_full_stress,2027,persistence,0.035,0.98,hold,32b9d3ce1a04fa909bee5e00fc5598835b37338e7c98ab6415215c89c6ae4896,569714c2f054d7e589e1a1a495e488b7d47d406c61e9837ff2edbc5d46855c34,12ca0f6e05f585cf9d39f2c06178e7b8c550bd464b65480c0a93492d05bf5be9,0.3855379453897922,38.02083333333333,204,15.686274509803921,0.0,919.0560000082769,92.7999999999998,192.45,317.99999999999966,0.8160000000000006,86.39999999999954,520.7999999999994,2130.3220000082756,completed,model_0.98
greenhouse,ET-MPC,N5_full_stress,2028,persistence,0.035,0.98,hold,d0a3a8f19fab0473378ca713fa6e2834e7660ca93d16d11a6f08a60c235f8e1f,569714c2f054d7e589e1a1a495e488b7d47d406c61e9837ff2edbc5d46855c34,12ca0f6e05f585cf9d39f2c06178e7b8c550bd464b65480c0a93492d05bf5be9,0.3706606821341085,38.19444444444444,177,20.903954802259886,0.0,767.5200000054444,86.39999999999982,163.4999999999999,259.20000000000016,0.7080000000000005,86.39999999999954,547.1999999999996,1910.9280000054437,completed,model_0.98
greenhouse,ET-MPC,N5_full_stress,2029,persistence,0.035,0.98,hold,d5a6f5046818a2d5e3d12da03a342d26500eb21537323e2206c63eb7c5c69024,569714c2f054d7e589e1a1a495e488b7d47d406c61e9837ff2edbc5d46855c34,12ca0f6e05f585cf9d39f2c06178e7b8c550bd464b65480c0a93492d05bf5be9,0.37231847464815737,38.19444444444444,202,14.356435643564357,0.0,940.7040000083664,85.59999999999982,194.0500000000001,337.1999999999995,0.8080000000000006,86.39999999999954,566.3999999999995,2211.1620000083653,completed,model_0.98
greenhouse,ET-MPC,N5_full_stress,2030,persistence,0.035,0.98,hold,36781744ffafccaea2485fb19fe462703068feb32b30d27331fed21bd7b46eb1,569714c2f054d7e589e1a1a495e488b7d47d406c61e9837ff2edbc5d46855c34,12ca0f6e05f585cf9d39f2c06178e7b8c550bd464b65480c0a93492d05bf5be9,0.3428510403006033,31.07638888888889,196,14.795918367346939,0.0,934.8000000045887,80.79999999999984,191.50000000000009,337.19999999999953,0.7840000000000006,86.39999999999954,624.0,2255.484000004588,completed,model_0.98
greenhouse,ET-MPC,N5_full_stress,2031,persistence,0.035,0.98,hold,da3d65eea170bb533fb958b6ff25656fe55ec76775934d093758ad2f9d944091,569714c2f054d7e589e1a1a495e488b7d47d406c61e9837ff2edbc5d46855c34,12ca0f6e05f585cf9d39f2c06178e7b8c550bd464b65480c0a93492d05bf5be9,0.3659444002918225,38.02083333333333,186,19.892473118279568,0.0,820.6560000052735,87.99999999999982,173.44999999999996,281.99999999999994,0.7440000000000005,86.39999999999954,561.5999999999997,2012.8500000052725,completed,model_0.98
greenhouse,ET-MPC,N5_full_stress,2032,persistence,0.035,0.98,hold,6b4b174bddbf30d274b6c7ec3691a4fcd5cf4f3a307b0fd0c13cad31cfbe35e3,569714c2f054d7e589e1a1a495e488b7d47d406c61e9837ff2edbc5d46855c34,12ca0f6e05f585cf9d39f2c06178e7b8c550bd464b65480c0a93492d05bf5be9,0.3779668787785866,38.19444444444444,193,17.616580310880828,0.0,846.2400000024087,88.79999999999981,178.24999999999986,289.1999999999999,0.7720000000000006,86.39999999999954,532.7999999999996,2022.4620000024074,completed,model_0.98
greenhouse,ET-MPC,N5_full_stress,2033,persistence,0.035,0.98,hold,ac033712d9aba415dc74566084dfa5c93ce25f13b07431847686086a786671d2,569714c2f054d7e589e1a1a495e488b7d47d406c61e9837ff2edbc5d46855c34,12ca0f6e05f585cf9d39f2c06178e7b8c550bd464b65480c0a93492d05bf5be9,0.36561178691791646,38.02083333333333,180,18.88888888888889,0.0,804.9120000025872,79.19999999999985,167.89999999999986,278.40000000000003,0.7200000000000005,86.39999999999954,568.7999999999997,1986.3320000025863,completed,model_0.98
greenhouse,ET-MPC,N5_full_stress,2034,persistence,0.035,0.98,hold,6396877e93cb07c0d14fabf4e21b44c1f79094a78e474d3238f2e3bd353c7892,569714c2f054d7e589e1a1a495e488b7d47d406c61e9837ff2edbc5d46855c34,12ca0f6e05f585cf9d39f2c06178e7b8c550bd464b65480c0a93492d05bf5be9,0.3641665422854567,38.02083333333333,202,15.841584158415841,0.0,917.0880000059619,89.59999999999981,191.10000000000005,320.39999999999964,0.8080000000000006,86.39999999999954,568.7999999999997,2174.1960000059607,completed,model_0.98
greenhouse,ET-MPC,N5_full_stress,2035,persistence,0.035,0.98,hold,a904761446f5f31df1de33d4689015a3a37eeebf62d56f3806c1215c00a1b31c,569714c2f054d7e589e1a1a495e488b7d47d406c61e9837ff2edbc5d46855c34,12ca0f6e05f585cf9d39f2c06178e7b8c550bd464b65480c0a93492d05bf5be9,0.36288074156270206,37.5,190,17.36842105263158,0.0,860.0160000033195,85.59999999999982,179.69999999999993,299.99999999999983,0.7600000000000006,86.39999999999954,580.7999999999998,2093.2760000033186,completed,model_0.98
greenhouse,ET-MPC,N5_full_stress,2036,persistence,0.035,0.98,hold,865f428b597205dce5361d639dd38e2e8b479f2f60d4224927a84145248f739f,569714c2f054d7e589e1a1a495e488b7d47d406c61e9837ff2edbc5d46855c34,12ca0f6e05f585cf9d39f2c06178e7b8c550bd464b65480c0a93492d05bf5be9,0.37243065045412777,38.02083333333333,194,17.52577319587629,0.0,901.3440000043917,85.59999999999982,187.05000000000007,319.19999999999965,0.7760000000000006,86.39999999999954,561.5999999999998,2141.970000004391,completed,model_0.98
greenhouse,ET-MPC,N5_full_stress,2037,persistence,0.035,0.98,hold,df26c961d5b95bb1fe970a328ac925be870dc2190e8ebdd272dbb19b44f45421,569714c2f054d7e589e1a1a495e488b7d47d406c61e9837ff2edbc5d46855c34,12ca0f6e05f585cf9d39f2c06178e7b8c550bd464b65480c0a93492d05bf5be9,0.34283244729109236,33.68055555555556,182,18.13186813186813,0.0,842.3040000043651,79.99999999999984,174.79999999999998,297.5999999999998,0.7280000000000005,86.39999999999954,612.0000000000001,2093.8320000043645,completed,model_0.98
greenhouse,ET-MPC,N5_full_stress,2038,persistence,0.035,0.98,hold,7d819a953261f29c4fb02a8afdc88c44b213bf4a0b61629491ebae5dbd798793,569714c2f054d7e589e1a1a495e488b7d47d406c61e9837ff2edbc5d46855c34,12ca0f6e05f585cf9d39f2c06178e7b8c550bd464b65480c0a93492d05bf5be9,0.3810696988591337,38.02083333333333,204,16.666666666666668,0.0,936.7680000042752,87.99999999999982,194.10000000000005,329.9999999999996,0.8160000000000006,86.39999999999954,530.3999999999995,2166.484000004274,completed,model_0.98
greenhouse,ET-MPC,N5_full_stress,2039,persistence,0.035,0.98,hold,9e17198179947640bc43599c85b2e1076b03a1edaf5fcffb38e20e272fe8d7d6,569714c2f054d7e589e1a1a495e488b7d47d406c61e9837ff2edbc5d46855c34,12ca0f6e05f585cf9d39f2c06178e7b8c550bd464b65480c0a93492d05bf5be9,0.37508676537753016,38.02083333333333,174,21.264367816091955,0.0,777.3600000035668,81.59999999999984,163.74999999999983,266.40000000000015,0.6960000000000005,86.39999999999954,525.5999999999996,1901.8060000035657,completed,model_0.98
greenhouse,ET-MPC,N5_full_stress,2040,persistence,0.035,0.98,hold,e4636148374ccf9cbc16803213ee9b80d6eda9772f903d888674fd723c3a9370,569714c2f054d7e589e1a1a495e488b7d47d406c61e9837ff2edbc5d46855c34,12ca0f6e05f585cf9d39f2c06178e7b8c550bd464b65480c0a93492d05bf5be9,0.37959319324715896,38.02083333333333,197,17.258883248730964,0.0,873.792000004571,92.7999999999998,184.39999999999992,297.59999999999985,0.7880000000000006,86.39999999999954,535.1999999999997,2070.9800000045702,completed,model_0.98
greenhouse,ET-MPC,N5_full_stress,2026,persistence,0.035,1.0,hold,0390260898ceae4a4958b99c9341557bdc659bdc96bef114e803ba923b1ef3d8,569714c2f054d7e589e1a1a495e488b7d47d406c61e9837ff2edbc5d46855c34,12ca0f6e05f585cf9d39f2c06178e7b8c550bd464b65480c0a93492d05bf5be9,0.39714704487390096,43.05555555555556,195,17.435897435897434,0.0,899.3760000053612,87.99999999999982,187.45000000000002,323.99999999999955,0.7800000000000006,86.39999999999954,652.7999999999997,2238.80600000536,completed,model_1.0
greenhouse,ET-MPC,N5_full_stress,2027,persistence,0.035,1.0,hold,32b9d3ce1a04fa909bee5e00fc5598835b37338e7c98ab6415215c89c6ae4896,569714c2f054d7e589e1a1a495e488b7d47d406c61e9837ff2edbc5d46855c34,12ca0f6e05f585cf9d39f2c06178e7b8c550bd464b65480c0a93492d05bf5be9,0.3967132763369448,41.84027777777778,197,15.228426395939087,0.0,885.6000000073066,93.5999999999998,186.74999999999997,305.9999999999998,0.7880000000000006,86.39999999999954,650.3999999999997,2209.5380000073055,completed,model_1.0
greenhouse,ET-MPC,N5_full_stress,2028,persistence,0.035,1.0,hold,d0a3a8f19fab0473378ca713fa6e2834e7660ca93d16d11a6f08a60c235f8e1f,569714c2f054d7e589e1a1a495e488b7d47d406c61e9837ff2edbc5d46855c34,12ca0f6e05f585cf9d39f2c06178e7b8c550bd464b65480c0a93492d05bf5be9,0.4022682364634659,43.57638888888889,180,21.11111111111111,0.0,783.2640000025198,87.19999999999982,166.54999999999984,265.20000000000016,0.7200000000000005,86.39999999999954,621.6,2010.9340000025195,completed,model_1.0
greenhouse,ET-MPC,N5_full_stress,2029,persistence,0.035,1.0,hold,d5a6f5046818a2d5e3d12da03a342d26500eb21537323e2206c63eb7c5c69024,569714c2f054d7e589e1a1a495e488b7d47d406c61e9837ff2edbc5d46855c34,12ca0f6e05f585cf9d39f2c06178e7b8c550bd464b65480c0a93492d05bf5be9,0.4022756650525078,40.79861111111111,194,15.463917525773196,0.0,899.3760000058389,81.59999999999984,185.45000000000013,321.5999999999996,0.7760000000000006,86.39999999999954,652.7999999999997,2228.002000005838,completed,model_1.0
greenhouse,ET-MPC,N5_full_stress,2030,persistence,0.035,1.0,hold,36781744ffafccaea2485fb19fe462703068feb32b30d27331fed21bd7b46eb1,569714c2f054d7e589e1a1a495e488b7d47d406c61e9837ff2edbc5d46855c34,12ca0f6e05f585cf9d39f2c06178e7b8c550bd464b65480c0a93492d05bf5be9,0.3903881984623547,41.31944444444444,198,14.141414141414142,0.0,936.7680000044688,83.19999999999983,192.60000000000005,335.99999999999955,0.7920000000000006,86.39999999999954,662.3999999999996,2298.1600000044673,completed,model_1.0
greenhouse,ET-MPC,N5_full_stress,2031,persistence,0.035,1.0,hold,da3d65eea170bb533fb958b6ff25656fe55ec76775934d093758ad2f9d944091,569714c2f054d7e589e1a1a495e488b7d47d406c61e9837ff2edbc5d46855c34,12ca0f6e05f585cf9d39f2c06178e7b8c550bd464b65480c0a93492d05bf5be9,0.39162943599184735,42.1875,183,18.579234972677597,0.0,810.8160000038819,80.79999999999984,169.4499999999999,279.59999999999997,0.7320000000000005,86.39999999999954,645.5999999999998,2073.398000003881,completed,model_1.0
greenhouse,ET-MPC,N5_full_stress,2032,persistence,0.035,1.0,hold,6b4b174bddbf30d274b6c7ec3691a4fcd5cf4f3a307b0fd0c13cad31cfbe35e3,569714c2f054d7e589e1a1a495e488b7d47d406c61e9837ff2edbc5d46855c34,12ca0f6e05f585cf9d39f2c06178e7b8c550bd464b65480c0a93492d05bf5be9,0.43172106148359296,43.57638888888889,197,17.766497461928935,0.0,877.7280000033077,87.99999999999982,183.59999999999988,302.3999999999998,0.7880000000000006,86.39999999999954,578.4000000000001,2117.3160000033067,completed,model_1.0
greenhouse,ET-MPC,N5_full_stress,2033,persistence,0.035,1.0,hold,ac033712d9aba415dc74566084dfa5c93ce25f13b07431847686086a786671d2,569714c2f054d7e589e1a1a495e488b7d47d406c61e9837ff2edbc5d46855c34,12ca0f6e05f585cf9d39f2c06178e7b8c550bd464b65480c0a93492d05bf5be9,0.415444504398859,43.22916666666667,185,17.83783783783784,0.0,824.5920000017143,82.39999999999984,172.3999999999999,285.59999999999997,0.7400000000000005,86.39999999999954,628.8,2080.9320000017133,completed,model_1.0
greenhouse,ET-MPC,N5_full_stress,2034,persistence,0.035,1.0,hold,6396877e93cb07c0d14fabf4e21b44c1f79094a78e474d3238f2e3bd353c7892,569714c2f054d7e589e1a1a495e488b7d47d406c61e9837ff2edbc5d46855c34,12ca0f6e05f585cf9d39f2c06178e7b8c550bd464b65480c0a93492d05bf5be9,0.40048928303078246,37.84722222222222,195,16.41025641025641,0.0,909.216000003777,84.79999999999983,188.20000000000007,325.1999999999996,0.7800000000000006,86.39999999999954,652.7999999999997,2247.396000003776,completed,model_1.0
greenhouse,ET-MPC,N5_full_stress,2035,persistence,0.035,1.0,hold,a904761446f5f31df1de33d4689015a3a37eeebf62d56f3806c1215c00a1b31c,569714c2f054d7e589e1a1a495e488b7d47d406c61e9837ff2edbc5d46855c34,12ca0f6e05f585cf9d39f2c06178e7b8c550bd464b65480c0a93492d05bf5be9,0.4014166302759761,43.22916666666667,186,16.129032258064516,0.0,856.0800000040235,79.99999999999984,177.24999999999991,302.39999999999986,0.7440000000000005,86.39999999999954,650.3999999999997,2153.2740000040226,completed,model_1.0
greenhouse,ET-MPC,N5_full_stress,2036,persistence,0.035,1.0,hold,865f428b597205dce5361d639dd38e2e8b479f2f60d4224927a84145248f739f,569714c2f054d7e589e1a1a495e488b7d47d406c61e9837ff2edbc5d46855c34,12ca0f6e05f585cf9d39f2c06178e7b8c550bd464b65480c0a93492d05bf5be9,0.4003769250275156,43.40277777777778,180,21.11111111111111,0.0,842.3040000046359,80.79999999999984,175.05,299.99999999999983,0.7200000000000005,86.39999999999954,645.5999999999998,2130.874000004635,completed,model_1.0
greenhouse,ET-MPC,N5_full_stress,2037,persistence,0.035,1.0,hold,df26c961d5b95bb1fe970a328ac925be870dc2190e8ebdd272dbb19b44f45421,569714c2f054d7e589e1a1a495e488b7d47d406c61e9837ff2edbc5d46855c34,12ca0f6e05f585cf9d39f2c06178e7b8c550bd464b65480c0a93492d05bf5be9,0.3971649662410287,42.01388888888889,192,18.75,0.0,893.4720000054465,81.59999999999984,184.39999999999998,316.79999999999956,0.7680000000000006,86.39999999999954,643.1999999999998,2206.6400000054455,completed,model_1.0
greenhouse,ET-MPC,N5_full_stress,2038,persistence,0.035,1.0,hold,7d819a953261f29c4fb02a8afdc88c44b213bf4a0b61629491ebae5dbd798793,569714c2f054d7e589e1a1a495e488b7d47d406c61e9837ff2edbc5d46855c34,12ca0f6e05f585cf9d39f2c06178e7b8c550bd464b65480c0a93492d05bf5be9,0.4068219196636789,42.70833333333333,183,19.12568306010929,0.0,824.5920000035034,83.19999999999983,172.64999999999998,285.6,0.7320000000000005,86.39999999999954,647.9999999999998,2101.1740000035024,completed,model_1.0
greenhouse,ET-MPC,N5_full_stress,2039,persistence,0.035,1.0,hold,9e17198179947640bc43599c85b2e1076b03a1edaf5fcffb38e20e272fe8d7d6,569714c2f054d7e589e1a1a495e488b7d47d406c61e9837ff2edbc5d46855c34,12ca0f6e05f585cf9d39f2c06178e7b8c550bd464b65480c0a93492d05bf5be9,0.4048640723764807,42.53472222222222,176,21.022727272727273,0.0,783.2640000046255,85.59999999999982,166.04999999999984,267.6000000000001,0.7040000000000005,86.39999999999954,628.8,2018.4180000046247,completed,model_1.0
greenhouse,ET-MPC,N5_full_stress,2040,persistence,0.035,1.0,hold,e4636148374ccf9cbc16803213ee9b80d6eda9772f903d888674fd723c3a9370,569714c2f054d7e589e1a1a495e488b7d47d406c61e9837ff2edbc5d46855c34,12ca0f6e05f585cf9d39f2c06178e7b8c550bd464b65480c0a93492d05bf5be9,0.380904803458805,40.625,192,16.666666666666668,0.0,867.8880000052584,86.39999999999982,181.34999999999997,299.99999999999983,0.7680000000000006,86.39999999999954,691.1999999999994,2214.006000005257,completed,model_1.0
greenhouse,ET-MPC,N5_full_stress,2026,persistence,0.035,1.02,hold,0390260898ceae4a4958b99c9341557bdc659bdc96bef114e803ba923b1ef3d8,569714c2f054d7e589e1a1a495e488b7d47d406c61e9837ff2edbc5d46855c34,12ca0f6e05f585cf9d39f2c06178e7b8c550bd464b65480c0a93492d05bf5be9,0.4573109518498079,47.04861111111111,212,14.622641509433961,0.0,995.8080000056287,87.99999999999982,204.60000000000002,359.9999999999992,0.8480000000000006,86.39999999999954,727.199999999999,2462.8560000056264,completed,model_1.02
greenhouse,ET-MPC,N5_full_stress,2027,persistence,0.035,1.02,hold,32b9d3ce1a04fa909bee5e00fc5598835b37338e7c98ab6415215c89c6ae4896,569714c2f054d7e589e1a1a495e488b7d47d406c61e9837ff2edbc5d46855c34,12ca0f6e05f585cf9d39f2c06178e7b8c550bd464b65480c0a93492d05bf5be9,0.4493351441169467,42.70833333333333,202,16.336633663366335,0.0,895.4400000071064,99.19999999999978,190.25,305.99999999999966,0.8080000000000006,86.39999999999954,736.7999999999989,2314.898000007104,completed,model_1.02
greenhouse,ET-MPC,N5_full_stress,2028,persistence,0.035,1.02,hold,d0a3a8f19fab0473378ca713fa6e2834e7660ca93d16d11a6f08a60c235f8e1f,569714c2f054d7e589e1a1a495e488b7d47d406c61e9837ff2edbc5d46855c34,12ca0f6e05f585cf9d39f2c06178e7b8c550bd464b65480c0a93492d05bf5be9,0.46388121267439025,46.18055555555556,187,20.32085561497326,0.0,820.6560000063874,92.7999999999998,174.9499999999999,279.59999999999997,0.7480000000000006,86.39999999999954,700.7999999999993,2155.954000006386,completed,model_1.02
greenhouse,ET-MPC,N5_full_stress,2029,persistence,0.035,1.02,hold,d5a6f5046818a2d5e3d12da03a342d26500eb21537323e2206c63eb7c5c69024,569714c2f054d7e589e1a1a495e488b7d47d406c61e9837ff2edbc5d46855c34,12ca0f6e05f585cf9d39f2c06178e7b8c550bd464b65480c0a93492d05bf5be9,0.45358521667890334,44.44444444444444,202,15.841584158415841,0.0,946.6080000071058,82.39999999999984,194.1000000000001,340.7999999999994,0.8080000000000006,86.39999999999954,741.5999999999989,2392.716000007104,completed,model_1.02
greenhouse,ET-MPC,N5_full_stress,2030,persistence,0.035,1.02,hold,36781744ffafccaea2485fb19fe462703068feb32b30d27331fed21bd7b46eb1,569714c2f054d7e589e1a1a495e488b7d47d406c61e9837ff2edbc5d46855c34,12ca0f6e05f585cf9d39f2c06178e7b8c550bd464b65480c0a93492d05bf5be9,0.4640687706606952,46.52777777777778,204,14.215686274509803,0.0,970.224000005448,85.59999999999982,199.3000000000001,349.1999999999994,0.8160000000000006,86.39999999999954,719.9999999999991,2411.540000005446,completed,model_1.02
greenhouse,ET-MPC,N5_full_stress,2031,persistence,0.035,1.02,hold,da3d65eea170bb533fb958b6ff25656fe55ec76775934d093758ad2f9d944091,569714c2f054d7e589e1a1a495e488b7d47d406c61e9837ff2edbc5d46855c34,12ca0f6e05f585cf9d39f2c06178e7b8c550bd464b65480c0a93492d05bf5be9,0.47091916428160535,48.09027777777778,191,18.32460732984293,0.0,860.0160000044921,83.99999999999983,179.19999999999987,298.79999999999984,0.7640000000000006,86.39999999999954,705.5999999999992,2214.7800000044904,completed,model_1.02
greenhouse,ET-MPC,N5_full_stress,2032,persistence,0.035,1.02,hold,6b4b174bddbf30d274b6c7ec3691a4fcd5cf4f3a307b0fd0c13cad31cfbe35e3,569714c2f054d7e589e1a1a495e488b7d47d406c61e9837ff2edbc5d46855c34,12ca0f6e05f585cf9d39f2c06178e7b8c550bd464b65480c0a93492d05bf5be9,0.4550797121751841,47.39583333333333,195,18.46153846153846,0.0,834.4320000048658,92.7999999999998,177.39999999999984,279.59999999999997,0.7800000000000006,86.39999999999954,722.3999999999991,2193.812000004864,completed,model_1.02
greenhouse,ET-MPC,N5_full_stress,2033,persistence,0.035,1.02,hold,ac033712d9aba415dc74566084dfa5c93ce25f13b07431847686086a786671d2,569714c2f054d7e589e1a1a495e488b7d47d406c61e9837ff2edbc5d46855c34,12ca0f6e05f585cf9d39f2c06178e7b8c550bd464b65480c0a93492d05bf5be9,0.4658208113446751,48.26388888888889,183,20.218579234972676,0.0,814.7519999989948,83.19999999999983,170.89999999999984,282.00000000000006,0.7320000000000005,86.39999999999954,712.7999999999992,2150.7839999989933,completed,model_1.02
greenhouse,ET-MPC,N5_full_stress,2034,persistence,0.035,1.02,hold,6396877e93cb07c0d14fabf4e21b44c1f79094a78e474d3238f2e3bd353c7892,569714c2f054d7e589e1a1a495e488b7d47d406c61e9837ff2edbc5d46855c34,12ca0f6e05f585cf9d39f2c06178e7b8c550bd464b65480c0a93492d05bf5be9,0.46972312066949395,47.91666666666667,195,16.41025641025641,0.0,905.2800000042535,85.59999999999982,187.75000000000009,322.7999999999996,0.7800000000000006,86.39999999999954,698.3999999999993,2287.010000004252,completed,model_1.02
greenhouse,ET-MPC,N5_full_stress,2035,persistence,0.035,1.02,hold,a904761446f5f31df1de33d4689015a3a37eeebf62d56f3806c1215c00a1b31c,569714c2f054d7e589e1a1a495e488b7d47d406c61e9837ff2edbc5d46855c34,12ca0f6e05f585cf9d39f2c06178e7b8c550bd464b65480c0a93492d05bf5be9,0.46337279431685824,48.09027777777778,189,17.98941798941799,0.0,869.8560000039657,80.79999999999984,179.9499999999999,307.1999999999998,0.7560000000000006,86.39999999999954,719.9999999999991,2244.962000003964,completed,model_1.02
greenhouse,ET-MPC,N5_full_stress,2036,persistence,0.035,1.02,hold,865f428b597205dce5361d639dd38e2e8b479f2f60d4224927a84145248f739f,569714c2f054d7e589e1a1a495e488b7d47d406c61e9837ff2edbc5d46855c34,12ca0f6e05f585cf9d39f2c06178e7b8c550bd464b65480c0a93492d05bf5be9,0.45577612372550064,45.13888888888889,187,20.32085561497326,0.0,856.0800000068243,85.59999999999982,179.00000000000003,299.9999999999998,0.7480000000000006,86.39999999999954,743.9999999999989,2251.8280000068225,completed,model_1.02
greenhouse,ET-MPC,N5_full_stress,2037,persistence,0.035,1.02,hold,df26c961d5b95bb1fe970a328ac925be870dc2190e8ebdd272dbb19b44f45421,569714c2f054d7e589e1a1a495e488b7d47d406c61e9837ff2edbc5d46855c34,12ca0f6e05f585cf9d39f2c06178e7b8c550bd464b65480c0a93492d05bf5be9,0.48351613241642094,48.09027777777778,199,18.09045226130653,0.0,930.8640000061765,85.59999999999982,192.30000000000004,331.1999999999995,0.7960000000000006,86.39999999999954,679.1999999999995,2306.360000006175,completed,model_1.02
greenhouse,ET-MPC,N5_full_stress,2038,persistence,0.035,1.02,hold,7d819a953261f29c4fb02a8afdc88c44b213bf4a0b61629491ebae5dbd798793,569714c2f054d7e589e1a1a495e488b7d47d406c61e9837ff2edbc5d46855c34,12ca0f6e05f585cf9d39f2c06178e7b8c550bd464b65480c0a93492d05bf5be9,0.4971593672292075,48.09027777777778,193,18.134715025906736,0.0,877.728000004158,87.19999999999982,183.35000000000002,305.9999999999998,0.7720000000000006,86.39999999999954,676.7999999999995,2218.250000004157,completed,model_1.02
greenhouse,ET-MPC,N5_full_stress,2039,persistence,0.035,1.02,hold,9e17198179947640bc43599c85b2e1076b03a1edaf5fcffb38e20e272fe8d7d6,569714c2f054d7e589e1a1a495e488b7d47d406c61e9837ff2edbc5d46855c34,12ca0f6e05f585cf9d39f2c06178e7b8c550bd464b65480c0a93492d05bf5be9,0.46926388181849954,48.26388888888889,181,20.994475138121548,0.0,808.8480000044477,86.39999999999982,170.84999999999988,277.2,0.7240000000000005,86.39999999999954,683.9999999999994,2114.4220000044465,completed,model_1.02
greenhouse,ET-MPC,N5_full_stress,2040,persistence,0.035,1.02,hold,e4636148374ccf9cbc16803213ee9b80d6eda9772f903d888674fd723c3a9370,569714c2f054d7e589e1a1a495e488b7d47d406c61e9837ff2edbc5d46855c34,12ca0f6e05f585cf9d39f2c06178e7b8c550bd464b65480c0a93492d05bf5be9,0.46246426258090306,46.00694444444444,184,17.934782608695652,0.0,826.5600000059231,86.39999999999982,174.00000000000003,284.4,0.7360000000000005,86.39999999999954,703.1999999999992,2161.696000005922,completed,model_1.02
greenhouse,ET-MPC,N5_full_stress,2026,persistence,0.035,1.0,zero,0390260898ceae4a4958b99c9341557bdc659bdc96bef114e803ba923b1ef3d8,569714c2f054d7e589e1a1a495e488b7d47d406c61e9837ff2edbc5d46855c34,12ca0f6e05f585cf9d39f2c06178e7b8c550bd464b65480c0a93492d05bf5be9,0.6768085846930991,48.4375,203,15.270935960591133,0.0,962.3520000112339,84.79999999999983,197.65000000000006,349.19999999999936,0.8120000000000006,86.39999999999954,168.00000000000023,1849.2140000112329,completed,buffer_no_buffer
greenhouse,ET-MPC,N5_full_stress,2027,persistence,0.035,1.0,zero,32b9d3ce1a04fa909bee5e00fc5598835b37338e7c98ab6415215c89c6ae4896,569714c2f054d7e589e1a1a495e488b7d47d406c61e9837ff2edbc5d46855c34,12ca0f6e05f585cf9d39f2c06178e7b8c550bd464b65480c0a93492d05bf5be9,0.6810380686654528,48.09027777777778,206,17.961165048543688,0.0,899.3760000105318,102.39999999999976,191.95000000000007,305.99999999999966,0.8240000000000006,86.39999999999954,160.8000000000001,1747.750000010531,completed,buffer_no_buffer
greenhouse,ET-MPC,N5_full_stress,2028,persistence,0.035,1.0,zero,d0a3a8f19fab0473378ca713fa6e2834e7660ca93d16d11a6f08a60c235f8e1f,569714c2f054d7e589e1a1a495e488b7d47d406c61e9837ff2edbc5d46855c34,12ca0f6e05f585cf9d39f2c06178e7b8c550bd464b65480c0a93492d05bf5be9,0.6653871080499013,47.91666666666667,187,20.855614973262032,0.0,830.4960000092798,95.19999999999979,177.44999999999996,285.5999999999999,0.7480000000000006,86.39999999999954,175.2000000000002,1651.0940000092794,completed,buffer_no_buffer
greenhouse,ET-MPC,N5_full_stress,2029,persistence,0.035,1.0,zero,d5a6f5046818a2d5e3d12da03a342d26500eb21537323e2206c63eb7c5c69024,569714c2f054d7e589e1a1a495e488b7d47d406c61e9837ff2edbc5d46855c34,12ca0f6e05f585cf9d39f2c06178e7b8c550bd464b65480c0a93492d05bf5be9,0.70911340860514,48.78472222222222,217,15.2073732718894,0.0,1029.2640000085225,89.59999999999981,211.05000000000015,373.19999999999914,0.8680000000000007,86.39999999999954,110.40000000000005,1900.7820000085214,completed,buffer_no_buffer
greenhouse,ET-MPC,N5_full_stress,2030,persistence,0.035,1.0,zero,36781744ffafccaea2485fb19fe462703068feb32b30d27331fed21bd7b46eb1,569714c2f054d7e589e1a1a495e488b7d47d406c61e9837ff2edbc5d46855c34,12ca0f6e05f585cf9d39f2c06178e7b8c550bd464b65480c0a93492d05bf5be9,0.7086835342799048,49.65277777777778,218,15.137614678899082,0.0,1039.1040000081234,92.7999999999998,213.80000000000013,374.3999999999992,0.8720000000000007,86.39999999999954,120.00000000000009,1927.3760000081222,completed,buffer_no_buffer
greenhouse,ET-MPC,N5_full_stress,2031,persistence,0.035,1.0,zero,da3d65eea170bb533fb958b6ff25656fe55ec76775934d093758ad2f9d944091,569714c2f054d7e589e1a1a495e488b7d47d406c61e9837ff2edbc5d46855c34,12ca0f6e05f585cf9d39f2c06178e7b8c550bd464b65480c0a93492d05bf5be9,0.7131560177079657,48.78472222222222,204,18.627450980392158,0.0,901.344000010239,94.39999999999979,189.79999999999995,308.39999999999975,0.8160000000000006,86.39999999999954,100.80000000000004,1681.9600000102382,completed,buffer_no_buffer
greenhouse,ET-MPC,N5_full_stress,2032,persistence,0.035,1.0,zero,6b4b174bddbf30d274b6c7ec3691a4fcd5cf4f3a307b0fd0c13cad31cfbe35e3,569714c2f054d7e589e1a1a495e488b7d47d406c61e9837ff2edbc5d46855c34,12ca0f6e05f585cf9d39f2c06178e7b8c550bd464b65480c0a93492d05bf5be9,0.7049025587414662,49.47916666666667,211,17.53554502369668,0.0,938.7360000070909,96.79999999999978,197.1999999999999,322.7999999999996,0.8440000000000006,86.39999999999954,108.00000000000006,1750.7800000070897,completed,buffer_no_buffer
greenhouse,ET-MPC,N5_full_stress,2033,persistence,0.035,1.0,zero,ac033712d9aba415dc74566084dfa5c93ce25f13b07431847686086a786671d2,569714c2f054d7e589e1a1a495e488b7d47d406c61e9837ff2edbc5d46855c34,12ca0f6e05f585cf9d39f2c06178e7b8c550bd464b65480c0a93492d05bf5be9,0.6980095748952069,48.78472222222222,197,19.79695431472081,0.0,879.6960000061938,88.79999999999981,184.1999999999999,305.9999999999998,0.7880000000000006,86.39999999999954,136.8000000000001,1682.6840000061932,completed,buffer_no_buffer
greenhouse,ET-MPC,N5_full_stress,2034,persistence,0.035,1.0,zero,6396877e93cb07c0d14fabf4e21b44c1f79094a78e474d3238f2e3bd353c7892,569714c2f054d7e589e1a1a495e488b7d47d406c61e9837ff2edbc5d46855c34,12ca0f6e05f585cf9d39f2c06178e7b8c550bd464b65480c0a93492d05bf5be9,0.6861672779330431,46.18055555555556,193,17.098445595854923,0.0,863.9520000091752,86.39999999999982,180.64999999999998,299.99999999999983,0.7720000000000006,86.39999999999954,168.00000000000023,1686.1740000091745,completed,buffer_no_buffer
greenhouse,ET-MPC,N5_full_stress,2035,persistence,0.035,1.0,zero,a904761446f5f31df1de33d4689015a3a37eeebf62d56f3806c1215c00a1b31c,569714c2f054d7e589e1a1a495e488b7d47d406c61e9837ff2edbc5d46855c34,12ca0f6e05f585cf9d39f2c06178e7b8c550bd464b65480c0a93492d05bf5be9,0.700428607373545,48.78472222222222,205,18.048780487804876,0.0,926.9280000060329,93.5999999999998,194.10000000000002,322.7999999999996,0.8200000000000006,86.39999999999954,129.60000000000005,1754.2480000060323,completed,buffer_no_buffer
greenhouse,ET-MPC,N5_full_stress,2036,persistence,0.035,1.0,zero,865f428b597205dce5361d639dd38e2e8b479f2f60d4224927a84145248f739f,569714c2f054d7e589e1a1a495e488b7d47d406c61e9837ff2edbc5d46855c34,12ca0f6e05f585cf9d39f2c06178e7b8c550bd464b65480c0a93492d05bf5be9,0.6845735134699804,49.30555555555556,189,19.576719576719576,0.0,858.0480000093967,84.79999999999983,179.09999999999994,299.99999999999983,0.7560000000000006,86.39999999999954,158.40000000000015,1667.5040000093961,completed,buffer_no_buffer
greenhouse,ET-MPC,N5_full_stress,2037,persistence,0.035,1.0,zero,df26c961d5b95bb1fe970a328ac925be870dc2190e8ebdd272dbb19b44f45421,569714c2f054d7e589e1a1a495e488b7d47d406c61e9837ff2edbc5d46855c34,12ca0f6e05f585cf9d39f2c06178e7b8c550bd464b65480c0a93492d05bf5be9,0.6909250674922748,48.61111111111111,209,17.70334928229665,0.0,974.1600000089387,90.3999999999998,201.50000000000009,345.5999999999993,0.8360000000000006,86.39999999999954,144.00000000000009,1842.8960000089373,completed,buffer_no_buffer
greenhouse,ET-MPC,N5_full_stress,2038,persistence,0.035,1.0,zero,7d819a953261f29c4fb02a8afdc88c44b213bf4a0b61629491ebae5dbd798793,569714c2f054d7e589e1a1a495e488b7d47d406c61e9837ff2edbc5d46855c34,12ca0f6e05f585cf9d39f2c06178e7b8c550bd464b65480c0a93492d05bf5be9,0.7172956825445489,48.78472222222222,204,18.627450980392158,0.0,919.0560000081472,92.7999999999998,192.45000000000005,319.1999999999997,0.8160000000000006,86.39999999999954,98.40000000000003,1709.1220000081464,completed,buffer_no_buffer
greenhouse,ET-MPC,N5_full_stress,2039,persistence,0.035,1.0,zero,9e17198179947640bc43599c85b2e1076b03a1edaf5fcffb38e20e272fe8d7d6,569714c2f054d7e589e1a1a495e488b7d47d406c61e9837ff2edbc5d46855c34,12ca0f6e05f585cf9d39f2c06178e7b8c550bd464b65480c0a93492d05bf5be9,0.6645703236501442,46.70138888888889,180,23.333333333333332,0.0,797.040000007951,86.39999999999982,168.7499999999999,271.20000000000005,0.7200000000000005,86.39999999999954,182.40000000000026,1592.9100000079509,completed,buffer_no_buffer
greenhouse,ET-MPC,N5_full_stress,2040,persistence,0.035,1.0,zero,e4636148374ccf9cbc16803213ee9b80d6eda9772f903d888674fd723c3a9370,569714c2f054d7e589e1a1a495e488b7d47d406c61e9837ff2edbc5d46855c34,12ca0f6e05f585cf9d39f2c06178e7b8c550bd464b65480c0a93492d05bf5be9,0.7004587815391817,48.95833333333333,212,16.037735849056602,0.0,960.3840000095855,95.99999999999979,200.80000000000007,332.39999999999947,0.8480000000000006,86.39999999999954,112.80000000000005,1789.6320000095843,completed,buffer_no_buffer
irrigation,ET-MPC,N0_ideal,2026,persistence,0.02,1.0,hold,3a1b6620d4dad3a332da7f3737118bee624703b38f1d7d9ca8c5ba12cb80fd4d,569714c2f054d7e589e1a1a495e488b7d47d406c61e9837ff2edbc5d46855c34,12ca0f6e05f585cf9d39f2c06178e7b8c550bd464b65480c0a93492d05bf5be9,0.31499340058589453,4.166666666666666,318,100.0,0.0,381.6024422654923,254.40000000000146,190.7999999999989,0.0,1.272000000000001,604.8,345.0,1777.8744422654927,completed,trigger_0.02
irrigation,ET-MPC,N0_ideal,2027,persistence,0.02,1.0,hold,b232430a8643ed33d96954f62f1f40dbdbf517b2aaea1a5fd64df44749361671,569714c2f054d7e589e1a1a495e488b7d47d406c61e9837ff2edbc5d46855c34,12ca0f6e05f585cf9d39f2c06178e7b8c550bd464b65480c0a93492d05bf5be9,0.549933655769209,40.476190476190474,323,100.0,0.0,387.60248066668686,258.4000000000015,193.79999999999887,0.0,1.292000000000001,604.8,30.0,1475.8944806666873,completed,trigger_0.02
irrigation,ET-MPC,N0_ideal,2028,persistence,0.02,1.0,hold,cc7fe19d8916d4d6fe4ff1b2c634b6a95087d0c7bdfd4fa4e7df8d183495e805,569714c2f054d7e589e1a1a495e488b7d47d406c61e9837ff2edbc5d46855c34,12ca0f6e05f585cf9d39f2c06178e7b8c550bd464b65480c0a93492d05bf5be9,0.4385413533741935,23.958333333333336,320,100.0,0.0,384.002457624521,256.0000000000015,191.9999999999989,0.0,1.280000000000001,604.8,47.5,1485.5824576245213,completed,trigger_0.02
irrigation,ET-MPC,N0_ideal,2029,persistence,0.02,1.0,hold,9e3774587f55cc9de2c1f912a8f24e7dfabd29750e41428a0cb346e08c761f4b,569714c2f054d7e589e1a1a495e488b7d47d406c61e9837ff2edbc5d46855c34,12ca0f6e05f585cf9d39f2c06178e7b8c550bd464b65480c0a93492d05bf5be9,0.2874113850126096,13.690476190476192,315,100.0,0.0,378.0024192246361,252.00000000000142,188.99999999999892,0.0,1.260000000000001,604.8,320.0,1745.0624192246364,completed,trigger_0.02
irrigation,ET-MPC,N0_ideal,2030,persistence,0.02,1.0,hold,fb063594a7b917e8152542fbdce2d5b7c517fda4a5ec91c543c42f9f02937690,569714c2f054d7e589e1a1a495e488b7d47d406c61e9837ff2edbc5d46855c34,12ca0f6e05f585cf9d39f2c06178e7b8c550bd464b65480c0a93492d05bf5be9,0.3282544740205854,16.666666666666664,322,100.0,0.0,386.40247298435855,257.6000000000015,193.19999999999888,0.0,1.288000000000001,604.8,57.5,1500.790472984359,completed,trigger_0.02
irrigation,ET-MPC,N0_ideal,2031,persistence,0.02,1.0,hold,e591d3f8d0a7bb04ab7c3533f8699b9149021087c4cce937f5dde3bc8de76e68,569714c2f054d7e589e1a1a495e488b7d47d406c61e9837ff2edbc5d46855c34,12ca0f6e05f585cf9d39f2c06178e7b8c550bd464b65480c0a93492d05bf5be9,0.28108023817673866,4.464285714285714,317,100.0,0.0,380.4024345846192,253.60000000000144,190.1999999999989,0.0,1.268000000000001,604.8,216.25,1646.5204345846196,completed,trigger_0.02
irrigation,ET-MPC,N0_ideal,2032,persistence,0.02,1.0,hold,5109cb26135f078dbf7166b0bc9155452313493e89b94aab4b3a68025bca04f9,569714c2f054d7e589e1a1a495e488b7d47d406c61e9837ff2edbc5d46855c34,12ca0f6e05f585cf9d39f2c06178e7b8c550bd464b65480c0a93492d05bf5be9,0.5568636703911711,38.54166666666667,315,100.0,0.0,378.0024192284196,252.00000000000142,188.99999999999892,0.0,1.260000000000001,604.8,52.5,1477.56241922842,completed,trigger_0.02
irrigation,ET-MPC,N0_ideal,2033,persistence,0.02,1.0,hold,7405cb8d529aee04526a4ca0fc032114df03789172e1ea7bb19a44410141d25e,569714c2f054d7e589e1a1a495e488b7d47d406c61e9837ff2edbc5d46855c34,12ca0f6e05f585cf9d39f2c06178e7b8c550bd464b65480c0a93492d05bf5be9,0.36205404944942415,11.904761904761903,317,100.0,0.0,380.4024345846192,253.60000000000144,190.1999999999989,0.0,1.268000000000001,604.8,241.25,1671.5204345846196,completed,trigger_0.02
irrigation,ET-MPC,N0_ideal,2034,persistence,0.02,1.0,hold,5301fbe513cd3eadf05f0eac8155f1bb95aa41f64f66a545eee74fe2298b7cea,569714c2f054d7e589e1a1a495e488b7d47d406c61e9837ff2edbc5d46855c34,12ca0f6e05f585cf9d39f2c06178e7b8c550bd464b65480c0a93492d05bf5be9,0.4008135741113932,34.970238095238095,311,100.0,0.0,373.2023885072166,248.80000000000138,186.59999999999894,0.0,1.2440000000000009,604.8,262.5,1677.1463885072171,completed,trigger_0.02
irrigation,ET-MPC,N0_ideal,2035,persistence,0.02,1.0,hold,cb54640d71ed0dbb4a505c57bd9993ba17001a904f11b8b7ff4251cd83653a9c,569714c2f054d7e589e1a1a495e488b7d47d406c61e9837ff2edbc5d46855c34,12ca0f6e05f585cf9d39f2c06178e7b8c550bd464b65480c0a93492d05bf5be9,0.5326320841608065,40.17857142857143,316,100.0,0.0,379.2024269068917,252.80000000000143,189.59999999999891,0.0,1.264000000000001,604.8,95.0,1522.666426906892,completed,trigger_0.02
irrigation,ET-MPC,N0_ideal,2036,persistence,0.02,1.0,hold,394827343a8f6001cb1ab1a0d1afd16e534f46e4cb4ebb690ad468749e0485c4,569714c2f054d7e589e1a1a495e488b7d47d406c61e9837ff2edbc5d46855c34,12ca0f6e05f585cf9d39f2c06178e7b8c550bd464b65480c0a93492d05bf5be9,0.41868608519245804,17.410714285714285,319,100.0,0.0,382.8024499468578,255.20000000000147,191.3999999999989,0.0,1.276000000000001,604.8,181.25,1616.7284499468583,completed,trigger_0.02
irrigation,ET-MPC,N0_ideal,2037,persistence,0.02,1.0,hold,d8edac58a991b6376c60b848466ea6fd936159d26ae76b61a1c166a4695dfe74,569714c2f054d7e589e1a1a495e488b7d47d406c61e9837ff2edbc5d46855c34,12ca0f6e05f585cf9d39f2c06178e7b8c550bd464b65480c0a93492d05bf5be9,0.5567663082064428,42.410714285714285,314,100.0,0.0,376.8024115482826,251.2000000000014,188.39999999999893,0.0,1.256000000000001,604.8,3.75,1426.208411548283,completed,trigger_0.02
irrigation,ET-MPC,N0_ideal,2038,persistence,0.02,1.0,hold,0aa1f03ce5092ba59bb21d083f6d0039ab772b216c3e4fed5854aac82222bdd9,569714c2f054d7e589e1a1a495e488b7d47d406c61e9837ff2edbc5d46855c34,12ca0f6e05f585cf9d39f2c06178e7b8c550bd464b65480c0a93492d05bf5be9,0.3492091827367996,21.428571428571427,321,100.0,0.0,385.2024653044398,256.8000000000015,192.5999999999989,0.0,1.284000000000001,604.8,12.5,1453.1864653044402,completed,trigger_0.02
irrigation,ET-MPC,N0_ideal,2039,persistence,0.02,1.0,hold,9744a073af922538f3ee5b574e1ee38da32483397de39012840a4bbfb8582116,569714c2f054d7e589e1a1a495e488b7d47d406c61e9837ff2edbc5d46855c34,12ca0f6e05f585cf9d39f2c06178e7b8c550bd464b65480c0a93492d05bf5be9,0.3322322037815207,15.029761904761903,315,100.0,0.0,378.00241922959225,252.00000000000142,188.99999999999892,0.0,1.260000000000001,604.8,116.25,1541.3124192295925,completed,trigger_0.02
irrigation,ET-MPC,N0_ideal,2040,persistence,0.02,1.0,hold,6ca9799770a3d0f57e81349490c56953b69a2aca0378502da9a8d25908a62ff2,569714c2f054d7e589e1a1a495e488b7d47d406c61e9837ff2edbc5d46855c34,12ca0f6e05f585cf9d39f2c06178e7b8c550bd464b65480c0a93492d05bf5be9,0.4111618656027616,30.208333333333332,323,100.0,0.0,387.6024806663146,258.4000000000015,193.79999999999887,0.0,1.292000000000001,604.8,101.25,1547.1444806663148,completed,trigger_0.02
irrigation,ET-MPC,N0_ideal,2026,persistence,0.035,1.0,hold,3a1b6620d4dad3a332da7f3737118bee624703b38f1d7d9ca8c5ba12cb80fd4d,569714c2f054d7e589e1a1a495e488b7d47d406c61e9837ff2edbc5d46855c34,12ca0f6e05f585cf9d39f2c06178e7b8c550bd464b65480c0a93492d05bf5be9,0.3149799641314642,4.166666666666666,284,100.0,0.0,340.802181140806,227.20000000000107,170.3999999999991,0.0,1.1360000000000008,604.8,345.0,1689.3381811408062,completed,trigger_0.035
irrigation,ET-MPC,N0_ideal,2027,persistence,0.035,1.0,hold,b232430a8643ed33d96954f62f1f40dbdbf517b2aaea1a5fd64df44749361671,569714c2f054d7e589e1a1a495e488b7d47d406c61e9837ff2edbc5d46855c34,12ca0f6e05f585cf9d39f2c06178e7b8c550bd464b65480c0a93492d05bf5be9,0.5499482726806524,40.476190476190474,285,100.0,0.0,342.0021888212523,228.00000000000108,170.9999999999991,0.0,1.1400000000000008,604.8,30.0,1376.9421888212523,completed,trigger_0.035
irrigation,ET-MPC,N0_ideal,2028,persistence,0.035,1.0,hold,cc7fe19d8916d4d6fe4ff1b2c634b6a95087d0c7bdfd4fa4e7df8d183495e805,569714c2f054d7e589e1a1a495e488b7d47d406c61e9837ff2edbc5d46855c34,12ca0f6e05f585cf9d39f2c06178e7b8c550bd464b65480c0a93492d05bf5be9,0.4375394272331141,23.809523809523807,287,100.0,0.0,344.4022041834909,229.6000000000011,172.19999999999908,0.0,1.1480000000000008,604.8,46.25,1398.400204183491,completed,trigger_0.035
irrigation,ET-MPC,N0_ideal,2029,persistence,0.035,1.0,hold,9e3774587f55cc9de2c1f912a8f24e7dfabd29750e41428a0cb346e08c761f4b,569714c2f054d7e589e1a1a495e488b7d47d406c61e9837ff2edbc5d46855c34,12ca0f6e05f585cf9d39f2c06178e7b8c550bd464b65480c0a93492d05bf5be9,0.2874785718289313,13.690476190476192,277,100.0,0.0,332.4021273799376,221.600000000001,166.19999999999914,0.0,1.1080000000000008,604.8,320.0,1646.1101273799377,completed,trigger_0.035
irrigation,ET-MPC,N0_ideal,2030,persistence,0.035,1.0,hold,fb063594a7b917e8152542fbdce2d5b7c517fda4a5ec91c543c42f9f02937690,569714c2f054d7e589e1a1a495e488b7d47d406c61e9837ff2edbc5d46855c34,12ca0f6e05f585cf9d39f2c06178e7b8c550bd464b65480c0a93492d05bf5be9,0.3282544740205854,16.666666666666664,299,100.0,0.0,358.8022963414247,239.20000000000124,179.399999999999,0.0,1.1960000000000008,604.8,57.5,1440.898296341425,completed,trigger_0.035
irrigation,ET-MPC,N0_ideal,2031,persistence,0.035,1.0,hold,e591d3f8d0a7bb04ab7c3533f8699b9149021087c4cce937f5dde3bc8de76e68,569714c2f054d7e589e1a1a495e488b7d47d406c61e9837ff2edbc5d46855c34,12ca0f6e05f585cf9d39f2c06178e7b8c550bd464b65480c0a93492d05bf5be9,0.2808684656067076,4.464285714285714,287,100.0,0.0,344.40220418407296,229.6000000000011,172.19999999999908,0.0,1.1480000000000008,604.8,215.0,1567.1502041840731,completed,trigger_0.035
irrigation,ET-MPC,N0_ideal,2032,persistence,0.035,1.0,hold,5109cb26135f078dbf7166b0bc9155452313493e89b94aab4b3a68025bca04f9,569714c2f054d7e589e1a1a495e488b7d47d406c61e9837ff2edbc5d46855c34,12ca0f6e05f585cf9d39f2c06178e7b8c550bd464b65480c0a93492d05bf5be9,0.5573484680096188,38.69047619047619,283,100.0,0.0,339.602173461342,226.40000000000106,169.7999999999991,0.0,1.1320000000000008,604.8,53.75,1395.484173461342,completed,trigger_0.035
irrigation,ET-MPC,N0_ideal,2033,persistence,0.035,1.0,hold,7405cb8d529aee04526a4ca0fc032114df03789172e1ea7bb19a44410141d25e,569714c2f054d7e589e1a1a495e488b7d47d406c61e9837ff2edbc5d46855c34,12ca0f6e05f585cf9d39f2c06178e7b8c550bd464b65480c0a93492d05bf5be9,0.3621228021864641,11.904761904761903,285,100.0,0.0,342.00218882110676,228.00000000000108,170.9999999999991,0.0,1.1400000000000008,604.8,242.5,1589.4421888211068,completed,trigger_0.035
irrigation,ET-MPC,N0_ideal,2034,persistence,0.035,1.0,hold,5301fbe513cd3eadf05f0eac8155f1bb95aa41f64f66a545eee74fe2298b7cea,569714c2f054d7e589e1a1a495e488b7d47d406c61e9837ff2edbc5d46855c34,12ca0f6e05f585cf9d39f2c06178e7b8c550bd464b65480c0a93492d05bf5be9,0.4008351399160858,34.970238095238095,276,100.0,0.0,331.2021197060579,220.80000000000098,165.59999999999914,0.0,1.1040000000000008,604.8,262.5,1586.0061197060581,completed,trigger_0.035
irrigation,ET-MPC,N0_ideal,2035,persistence,0.035,1.0,hold,cb54640d71ed0dbb4a505c57bd9993ba17001a904f11b8b7ff4251cd83653a9c,569714c2f054d7e589e1a1a495e488b7d47d406c61e9837ff2edbc5d46855c34,12ca0f6e05f585cf9d39f2c06178e7b8c550bd464b65480c0a93492d05bf5be9,0.5326320841608065,40.17857142857143,287,100.0,0.0,344.4022041856009,229.6000000000011,172.19999999999908,0.0,1.1480000000000008,604.8,95.0,1447.150204185601,completed,trigger_0.035
irrigation,ET-MPC,N0_ideal,2036,persistence,0.035,1.0,hold,394827343a8f6001cb1ab1a0d1afd16e534f46e4cb4ebb690ad468749e0485c4,569714c2f054d7e589e1a1a495e488b7d47d406c61e9837ff2edbc5d46855c34,12ca0f6e05f585cf9d39f2c06178e7b8c550bd464b65480c0a93492d05bf5be9,0.41761862973201286,17.410714285714285,278,100.0,0.0,333.6021350616026,222.400000000001,166.79999999999913,0.0,1.1120000000000008,604.8,180.0,1508.7141350616027,completed,trigger_0.035
irrigation,ET-MPC,N0_ideal,2037,persistence,0.035,1.0,hold,d8edac58a991b6376c60b848466ea6fd936159d26ae76b61a1c166a4695dfe74,569714c2f054d7e589e1a1a495e488b7d47d406c61e9837ff2edbc5d46855c34,12ca0f6e05f585cf9d39f2c06178e7b8c550bd464b65480c0a93492d05bf5be9,0.5567663082064428,42.410714285714285,277,100.0,0.0,332.40212738634045,221.600000000001,166.19999999999914,0.0,1.1080000000000008,604.8,3.75,1329.8601273863405,completed,trigger_0.035
irrigation,ET-MPC,N0_ideal,2038,persistence,0.035,1.0,hold,0aa1f03ce5092ba59bb21d083f6d0039ab772b216c3e4fed5854aac82222bdd9,569714c2f054d7e589e1a1a495e488b7d47d406c61e9837ff2edbc5d46855c34,12ca0f6e05f585cf9d39f2c06178e7b8c550bd464b65480c0a93492d05bf5be9,0.3485110713067352,21.279761904761905,292,100.0,0.0,350.40224257820984,233.60000000000116,175.19999999999905,0.0,1.1680000000000008,604.8,11.25,1376.42024257821,completed,trigger_0.035
irrigation,ET-MPC,N0_ideal,2039,persistence,0.035,1.0,hold,9744a073af922538f3ee5b574e1ee38da32483397de39012840a4bbfb8582116,569714c2f054d7e589e1a1a495e488b7d47d406c61e9837ff2edbc5d46855c34,12ca0f6e05f585cf9d39f2c06178e7b8c550bd464b65480c0a93492d05bf5be9,0.3322806098708762,15.029761904761903,277,100.0,0.0,332.4021273887415,221.600000000001,166.19999999999914,0.0,1.1080000000000008,604.8,116.25,1442.3601273887416,completed,trigger_0.035
irrigation,ET-MPC,N0_ideal,2040,persistence,0.035,1.0,hold,6ca9799770a3d0f57e81349490c56953b69a2aca0378502da9a8d25908a62ff2,569714c2f054d7e589e1a1a495e488b7d47d406c61e9837ff2edbc5d46855c34,12ca0f6e05f585cf9d39f2c06178e7b8c550bd464b65480c0a93492d05bf5be9,0.4111618656027616,30.208333333333332,280,100.0,0.0,336.0021504204215,224.00000000000102,167.99999999999912,0.0,1.1200000000000008,604.8,101.25,1435.1721504204215,completed,trigger_0.035
irrigation,ET-MPC,N0_ideal,2026,persistence,0.07,1.0,hold,3a1b6620d4dad3a332da7f3737118bee624703b38f1d7d9ca8c5ba12cb80fd4d,569714c2f054d7e589e1a1a495e488b7d47d406c61e9837ff2edbc5d46855c34,12ca0f6e05f585cf9d39f2c06178e7b8c550bd464b65480c0a93492d05bf5be9,0.31345740895187996,4.166666666666666,181,100.0,0.0,217.20139008901833,144.7999999999999,108.59999999999968,0.0,0.7240000000000005,604.8,343.75,1419.8753900890179,completed,trigger_0.07
irrigation,ET-MPC,N0_ideal,2027,persistence,0.07,1.0,hold,b232430a8643ed33d96954f62f1f40dbdbf517b2aaea1a5fd64df44749361671,569714c2f054d7e589e1a1a495e488b7d47d406c61e9837ff2edbc5d46855c34,12ca0f6e05f585cf9d39f2c06178e7b8c550bd464b65480c0a93492d05bf5be9,0.5499694958631479,40.476190476190474,193,100.0,0.0,231.60148225271837,154.40000000000003,115.79999999999961,0.0,0.7720000000000006,604.8,30.0,1137.373482252718,completed,trigger_0.07
irrigation,ET-MPC,N0_ideal,2028,persistence,0.07,1.0,hold,cc7fe19d8916d4d6fe4ff1b2c634b6a95087d0c7bdfd4fa4e7df8d183495e805,569714c2f054d7e589e1a1a495e488b7d47d406c61e9837ff2edbc5d46855c34,12ca0f6e05f585cf9d39f2c06178e7b8c550bd464b65480c0a93492d05bf5be9,0.4396139586691104,24.107142857142858,190,100.0,0.0,228.0014592184918,152.0,113.99999999999963,0.0,0.7600000000000006,604.8,48.75,1148.3114592184913,completed,trigger_0.07
irrigation,ET-MPC,N0_ideal,2029,persistence,0.07,1.0,hold,9e3774587f55cc9de2c1f912a8f24e7dfabd29750e41428a0cb346e08c761f4b,569714c2f054d7e589e1a1a495e488b7d47d406c61e9837ff2edbc5d46855c34,12ca0f6e05f585cf9d39f2c06178e7b8c550bd464b65480c0a93492d05bf5be9,0.2869229509679946,13.690476190476192,176,100.0,0.0,211.20135169539986,140.79999999999984,105.59999999999971,0.0,0.7040000000000005,604.8,317.5,1380.6053516953993,completed,trigger_0.07
irrigation,ET-MPC,N0_ideal,2030,persistence,0.07,1.0,hold,fb063594a7b917e8152542fbdce2d5b7c517fda4a5ec91c543c42f9f02937690,569714c2f054d7e589e1a1a495e488b7d47d406c61e9837ff2edbc5d46855c34,12ca0f6e05f585cf9d39f2c06178e7b8c550bd464b65480c0a93492d05bf5be9,0.32739292616248233,15.773809523809524,178,100.0,0.0,213.6013670548827,142.39999999999986,106.7999999999997,0.0,0.7120000000000005,604.8,58.75,1127.0633670548823,completed,trigger_0.07
irrigation,ET-MPC,N0_ideal,2031,persistence,0.07,1.0,hold,e591d3f8d0a7bb04ab7c3533f8699b9149021087c4cce937f5dde3bc8de76e68,569714c2f054d7e589e1a1a495e488b7d47d406c61e9837ff2edbc5d46855c34,12ca0f6e05f585cf9d39f2c06178e7b8c550bd464b65480c0a93492d05bf5be9,0.2798538323835449,4.464285714285714,192,100.0,0.0,230.40147457904783,153.60000000000002,115.19999999999962,0.0,0.7680000000000006,604.8,212.5,1317.2694745790475,completed,trigger_0.07
irrigation,ET-MPC,N0_ideal,2032,persistence,0.07,1.0,hold,5109cb26135f078dbf7166b0bc9155452313493e89b94aab4b3a68025bca04f9,569714c2f054d7e589e1a1a495e488b7d47d406c61e9837ff2edbc5d46855c34,12ca0f6e05f585cf9d39f2c06178e7b8c550bd464b65480c0a93492d05bf5be9,0.5573484680096188,38.69047619047619,182,100.0,0.0,218.40139777316625,145.5999999999999,109.19999999999968,0.0,0.7280000000000005,604.8,53.75,1132.4793977731658,completed,trigger_0.07
irrigation,ET-MPC,N0_ideal,2033,persistence,0.07,1.0,hold,7405cb8d529aee04526a4ca0fc032114df03789172e1ea7bb19a44410141d25e,569714c2f054d7e589e1a1a495e488b7d47d406c61e9837ff2edbc5d46855c34,12ca0f6e05f585cf9d39f2c06178e7b8c550bd464b65480c0a93492d05bf5be9,0.36107536273554625,11.904761904761903,199,100.0,0.0,238.80152833637828,159.2000000000001,119.39999999999958,0.0,0.7960000000000006,604.8,242.5,1365.4975283363779,completed,trigger_0.07
irrigation,ET-MPC,N0_ideal,2034,persistence,0.07,1.0,hold,5301fbe513cd3eadf05f0eac8155f1bb95aa41f64f66a545eee74fe2298b7cea,569714c2f054d7e589e1a1a495e488b7d47d406c61e9837ff2edbc5d46855c34,12ca0f6e05f585cf9d39f2c06178e7b8c550bd464b65480c0a93492d05bf5be9,0.40105041708930933,34.970238095238095,178,100.0,0.0,213.6013670559741,142.39999999999986,106.7999999999997,0.0,0.7120000000000005,604.8,265.0,1333.3133670559737,completed,trigger_0.07
irrigation,ET-MPC,N0_ideal,2035,persistence,0.07,1.0,hold,cb54640d71ed0dbb4a505c57bd9993ba17001a904f11b8b7ff4251cd83653a9c,569714c2f054d7e589e1a1a495e488b7d47d406c61e9837ff2edbc5d46855c34,12ca0f6e05f585cf9d39f2c06178e7b8c550bd464b65480c0a93492d05bf5be9,0.5329245447542572,40.17857142857143,188,100.0,0.0,225.60144385631685,150.39999999999998,112.79999999999964,0.0,0.7520000000000006,604.8,96.25,1190.6034438563165,completed,trigger_0.07
irrigation,ET-MPC,N0_ideal,2036,persistence,0.07,1.0,hold,394827343a8f6001cb1ab1a0d1afd16e534f46e4cb4ebb690ad468749e0485c4,569714c2f054d7e589e1a1a495e488b7d47d406c61e9837ff2edbc5d46855c34,12ca0f6e05f585cf9d39f2c06178e7b8c550bd464b65480c0a93492d05bf5be9,0.41841034895326595,17.410714285714285,188,100.0,0.0,225.6014438524515,150.39999999999998,112.79999999999964,0.0,0.7520000000000006,604.8,181.25,1275.6034438524512,completed,trigger_0.07
irrigation,ET-MPC,N0_ideal,2037,persistence,0.07,1.0,hold,d8edac58a991b6376c60b848466ea6fd936159d26ae76b61a1c166a4695dfe74,569714c2f054d7e589e1a1a495e488b7d47d406c61e9837ff2edbc5d46855c34,12ca0f6e05f585cf9d39f2c06178e7b8c550bd464b65480c0a93492d05bf5be9,0.5560027051019268,42.410714285714285,172,100.0,0.0,206.40132096984036,137.5999999999998,103.19999999999973,0.0,0.6880000000000005,604.8,1.25,1053.9393209698399,completed,trigger_0.07
irrigation,ET-MPC,N0_ideal,2038,persistence,0.07,1.0,hold,0aa1f03ce5092ba59bb21d083f6d0039ab772b216c3e4fed5854aac82222bdd9,569714c2f054d7e589e1a1a495e488b7d47d406c61e9837ff2edbc5d46855c34,12ca0f6e05f585cf9d39f2c06178e7b8c550bd464b65480c0a93492d05bf5be9,0.3485110713067352,21.279761904761905,187,100.0,0.0,224.40143617159595,149.59999999999997,112.19999999999965,0.0,0.7480000000000006,604.8,11.25,1102.9994361715956,completed,trigger_0.07
irrigation,ET-MPC,N0_ideal,2039,persistence,0.07,1.0,hold,9744a073af922538f3ee5b574e1ee38da32483397de39012840a4bbfb8582116,569714c2f054d7e589e1a1a495e488b7d47d406c61e9837ff2edbc5d46855c34,12ca0f6e05f585cf9d39f2c06178e7b8c550bd464b65480c0a93492d05bf5be9,0.3316793578212013,14.880952380952381,177,100.0,0.0,212.40135937721038,141.59999999999985,106.1999999999997,0.0,0.7080000000000005,604.8,115.0,1180.70935937721,completed,trigger_0.07
irrigation,ET-MPC,N0_ideal,2040,persistence,0.07,1.0,hold,6ca9799770a3d0f57e81349490c56953b69a2aca0378502da9a8d25908a62ff2,569714c2f054d7e589e1a1a495e488b7d47d406c61e9837ff2edbc5d46855c34,12ca0f6e05f585cf9d39f2c06178e7b8c550bd464b65480c0a93492d05bf5be9,0.41099756369408547,30.208333333333332,191,100.0,0.0,229.20146689250794,152.8,114.59999999999962,0.0,0.7640000000000006,604.8,101.25,1203.4154668925075,completed,trigger_0.07
irrigation,ET-MPC,N0_ideal,2026,persistence,0.035,1.0,hold,3a1b6620d4dad3a332da7f3737118bee624703b38f1d7d9ca8c5ba12cb80fd4d,569714c2f054d7e589e1a1a495e488b7d47d406c61e9837ff2edbc5d46855c34,12ca0f6e05f585cf9d39f2c06178e7b8c550bd464b65480c0a93492d05bf5be9,0.3149799641314642,4.166666666666666,284,100.0,0.0,340.802181140806,227.20000000000107,170.3999999999991,0.0,1.1360000000000008,604.8,345.0,1689.3381811408062,completed,forecast_persistence
irrigation,ET-MPC,N0_ideal,2027,persistence,0.035,1.0,hold,b232430a8643ed33d96954f62f1f40dbdbf517b2aaea1a5fd64df44749361671,569714c2f054d7e589e1a1a495e488b7d47d406c61e9837ff2edbc5d46855c34,12ca0f6e05f585cf9d39f2c06178e7b8c550bd464b65480c0a93492d05bf5be9,0.5499482726806524,40.476190476190474,285,100.0,0.0,342.0021888212523,228.00000000000108,170.9999999999991,0.0,1.1400000000000008,604.8,30.0,1376.9421888212523,completed,forecast_persistence
irrigation,ET-MPC,N0_ideal,2028,persistence,0.035,1.0,hold,cc7fe19d8916d4d6fe4ff1b2c634b6a95087d0c7bdfd4fa4e7df8d183495e805,569714c2f054d7e589e1a1a495e488b7d47d406c61e9837ff2edbc5d46855c34,12ca0f6e05f585cf9d39f2c06178e7b8c550bd464b65480c0a93492d05bf5be9,0.4375394272331141,23.809523809523807,287,100.0,0.0,344.4022041834909,229.6000000000011,172.19999999999908,0.0,1.1480000000000008,604.8,46.25,1398.400204183491,completed,forecast_persistence
irrigation,ET-MPC,N0_ideal,2029,persistence,0.035,1.0,hold,9e3774587f55cc9de2c1f912a8f24e7dfabd29750e41428a0cb346e08c761f4b,569714c2f054d7e589e1a1a495e488b7d47d406c61e9837ff2edbc5d46855c34,12ca0f6e05f585cf9d39f2c06178e7b8c550bd464b65480c0a93492d05bf5be9,0.2874785718289313,13.690476190476192,277,100.0,0.0,332.4021273799376,221.600000000001,166.19999999999914,0.0,1.1080000000000008,604.8,320.0,1646.1101273799377,completed,forecast_persistence
irrigation,ET-MPC,N0_ideal,2030,persistence,0.035,1.0,hold,fb063594a7b917e8152542fbdce2d5b7c517fda4a5ec91c543c42f9f02937690,569714c2f054d7e589e1a1a495e488b7d47d406c61e9837ff2edbc5d46855c34,12ca0f6e05f585cf9d39f2c06178e7b8c550bd464b65480c0a93492d05bf5be9,0.3282544740205854,16.666666666666664,299,100.0,0.0,358.8022963414247,239.20000000000124,179.399999999999,0.0,1.1960000000000008,604.8,57.5,1440.898296341425,completed,forecast_persistence
irrigation,ET-MPC,N0_ideal,2031,persistence,0.035,1.0,hold,e591d3f8d0a7bb04ab7c3533f8699b9149021087c4cce937f5dde3bc8de76e68,569714c2f054d7e589e1a1a495e488b7d47d406c61e9837ff2edbc5d46855c34,12ca0f6e05f585cf9d39f2c06178e7b8c550bd464b65480c0a93492d05bf5be9,0.2808684656067076,4.464285714285714,287,100.0,0.0,344.40220418407296,229.6000000000011,172.19999999999908,0.0,1.1480000000000008,604.8,215.0,1567.1502041840731,completed,forecast_persistence
irrigation,ET-MPC,N0_ideal,2032,persistence,0.035,1.0,hold,5109cb26135f078dbf7166b0bc9155452313493e89b94aab4b3a68025bca04f9,569714c2f054d7e589e1a1a495e488b7d47d406c61e9837ff2edbc5d46855c34,12ca0f6e05f585cf9d39f2c06178e7b8c550bd464b65480c0a93492d05bf5be9,0.5573484680096188,38.69047619047619,283,100.0,0.0,339.602173461342,226.40000000000106,169.7999999999991,0.0,1.1320000000000008,604.8,53.75,1395.484173461342,completed,forecast_persistence
irrigation,ET-MPC,N0_ideal,2033,persistence,0.035,1.0,hold,7405cb8d529aee04526a4ca0fc032114df03789172e1ea7bb19a44410141d25e,569714c2f054d7e589e1a1a495e488b7d47d406c61e9837ff2edbc5d46855c34,12ca0f6e05f585cf9d39f2c06178e7b8c550bd464b65480c0a93492d05bf5be9,0.3621228021864641,11.904761904761903,285,100.0,0.0,342.00218882110676,228.00000000000108,170.9999999999991,0.0,1.1400000000000008,604.8,242.5,1589.4421888211068,completed,forecast_persistence
irrigation,ET-MPC,N0_ideal,2034,persistence,0.035,1.0,hold,5301fbe513cd3eadf05f0eac8155f1bb95aa41f64f66a545eee74fe2298b7cea,569714c2f054d7e589e1a1a495e488b7d47d406c61e9837ff2edbc5d46855c34,12ca0f6e05f585cf9d39f2c06178e7b8c550bd464b65480c0a93492d05bf5be9,0.4008351399160858,34.970238095238095,276,100.0,0.0,331.2021197060579,220.80000000000098,165.59999999999914,0.0,1.1040000000000008,604.8,262.5,1586.0061197060581,completed,forecast_persistence
irrigation,ET-MPC,N0_ideal,2035,persistence,0.035,1.0,hold,cb54640d71ed0dbb4a505c57bd9993ba17001a904f11b8b7ff4251cd83653a9c,569714c2f054d7e589e1a1a495e488b7d47d406c61e9837ff2edbc5d46855c34,12ca0f6e05f585cf9d39f2c06178e7b8c550bd464b65480c0a93492d05bf5be9,0.5326320841608065,40.17857142857143,287,100.0,0.0,344.4022041856009,229.6000000000011,172.19999999999908,0.0,1.1480000000000008,604.8,95.0,1447.150204185601,completed,forecast_persistence
irrigation,ET-MPC,N0_ideal,2036,persistence,0.035,1.0,hold,394827343a8f6001cb1ab1a0d1afd16e534f46e4cb4ebb690ad468749e0485c4,569714c2f054d7e589e1a1a495e488b7d47d406c61e9837ff2edbc5d46855c34,12ca0f6e05f585cf9d39f2c06178e7b8c550bd464b65480c0a93492d05bf5be9,0.41761862973201286,17.410714285714285,278,100.0,0.0,333.6021350616026,222.400000000001,166.79999999999913,0.0,1.1120000000000008,604.8,180.0,1508.7141350616027,completed,forecast_persistence
irrigation,ET-MPC,N0_ideal,2037,persistence,0.035,1.0,hold,d8edac58a991b6376c60b848466ea6fd936159d26ae76b61a1c166a4695dfe74,569714c2f054d7e589e1a1a495e488b7d47d406c61e9837ff2edbc5d46855c34,12ca0f6e05f585cf9d39f2c06178e7b8c550bd464b65480c0a93492d05bf5be9,0.5567663082064428,42.410714285714285,277,100.0,0.0,332.40212738634045,221.600000000001,166.19999999999914,0.0,1.1080000000000008,604.8,3.75,1329.8601273863405,completed,forecast_persistence
irrigation,ET-MPC,N0_ideal,2038,persistence,0.035,1.0,hold,0aa1f03ce5092ba59bb21d083f6d0039ab772b216c3e4fed5854aac82222bdd9,569714c2f054d7e589e1a1a495e488b7d47d406c61e9837ff2edbc5d46855c34,12ca0f6e05f585cf9d39f2c06178e7b8c550bd464b65480c0a93492d05bf5be9,0.3485110713067352,21.279761904761905,292,100.0,0.0,350.40224257820984,233.60000000000116,175.19999999999905,0.0,1.1680000000000008,604.8,11.25,1376.42024257821,completed,forecast_persistence
irrigation,ET-MPC,N0_ideal,2039,persistence,0.035,1.0,hold,9744a073af922538f3ee5b574e1ee38da32483397de39012840a4bbfb8582116,569714c2f054d7e589e1a1a495e488b7d47d406c61e9837ff2edbc5d46855c34,12ca0f6e05f585cf9d39f2c06178e7b8c550bd464b65480c0a93492d05bf5be9,0.3322806098708762,15.029761904761903,277,100.0,0.0,332.4021273887415,221.600000000001,166.19999999999914,0.0,1.1080000000000008,604.8,116.25,1442.3601273887416,completed,forecast_persistence
irrigation,ET-MPC,N0_ideal,2040,persistence,0.035,1.0,hold,6ca9799770a3d0f57e81349490c56953b69a2aca0378502da9a8d25908a62ff2,569714c2f054d7e589e1a1a495e488b7d47d406c61e9837ff2edbc5d46855c34,12ca0f6e05f585cf9d39f2c06178e7b8c550bd464b65480c0a93492d05bf5be9,0.4111618656027616,30.208333333333332,280,100.0,0.0,336.0021504204215,224.00000000000102,167.99999999999912,0.0,1.1200000000000008,604.8,101.25,1435.1721504204215,completed,forecast_persistence
irrigation,ET-MPC,N0_ideal,2026,noisy_persistence,0.035,1.0,hold,3a1b6620d4dad3a332da7f3737118bee624703b38f1d7d9ca8c5ba12cb80fd4d,569714c2f054d7e589e1a1a495e488b7d47d406c61e9837ff2edbc5d46855c34,12ca0f6e05f585cf9d39f2c06178e7b8c550bd464b65480c0a93492d05bf5be9,0.314964000991121,4.166666666666666,284,100.0,0.0,340.802181140806,227.20000000000107,170.3999999999991,0.0,1.1360000000000008,604.8,345.0,1689.3381811408062,completed,forecast_noisy_persistence
irrigation,ET-MPC,N0_ideal,2027,noisy_persistence,0.035,1.0,hold,b232430a8643ed33d96954f62f1f40dbdbf517b2aaea1a5fd64df44749361671,569714c2f054d7e589e1a1a495e488b7d47d406c61e9837ff2edbc5d46855c34,12ca0f6e05f585cf9d39f2c06178e7b8c550bd464b65480c0a93492d05bf5be9,0.549953963182549,40.476190476190474,285,100.0,0.0,342.0021888212523,228.00000000000108,170.9999999999991,0.0,1.1400000000000008,604.8,31.25,1378.1921888212523,completed,forecast_noisy_persistence
irrigation,ET-MPC,N0_ideal,2028,noisy_persistence,0.035,1.0,hold,cc7fe19d8916d4d6fe4ff1b2c634b6a95087d0c7bdfd4fa4e7df8d183495e805,569714c2f054d7e589e1a1a495e488b7d47d406c61e9837ff2edbc5d46855c34,12ca0f6e05f585cf9d39f2c06178e7b8c550bd464b65480c0a93492d05bf5be9,0.4395365088974897,23.958333333333336,287,100.0,0.0,344.4022041834909,229.6000000000011,172.19999999999908,0.0,1.1480000000000008,604.8,48.75,1400.900204183491,completed,forecast_noisy_persistence
irrigation,ET-MPC,N0_ideal,2029,noisy_persistence,0.035,1.0,hold,9e3774587f55cc9de2c1f912a8f24e7dfabd29750e41428a0cb346e08c761f4b,569714c2f054d7e589e1a1a495e488b7d47d406c61e9837ff2edbc5d46855c34,12ca0f6e05f585cf9d39f2c06178e7b8c550bd464b65480c0a93492d05bf5be9,0.2874785718289313,13.690476190476192,277,100.0,0.0,332.4021273799376,221.600000000001,166.19999999999914,0.0,1.1080000000000008,604.8,320.0,1646.1101273799377,completed,forecast_noisy_persistence
irrigation,ET-MPC,N0_ideal,2030,noisy_persistence,0.035,1.0,hold,fb063594a7b917e8152542fbdce2d5b7c517fda4a5ec91c543c42f9f02937690,569714c2f054d7e589e1a1a495e488b7d47d406c61e9837ff2edbc5d46855c34,12ca0f6e05f585cf9d39f2c06178e7b8c550bd464b65480c0a93492d05bf5be9,0.32800733396269094,16.666666666666664,299,100.0,0.0,358.8022963414247,239.20000000000124,179.399999999999,0.0,1.1960000000000008,604.8,56.25,1439.648296341425,completed,forecast_noisy_persistence
irrigation,ET-MPC,N0_ideal,2031,noisy_persistence,0.035,1.0,hold,e591d3f8d0a7bb04ab7c3533f8699b9149021087c4cce937f5dde3bc8de76e68,569714c2f054d7e589e1a1a495e488b7d47d406c61e9837ff2edbc5d46855c34,12ca0f6e05f585cf9d39f2c06178e7b8c550bd464b65480c0a93492d05bf5be9,0.28068162401115737,4.464285714285714,287,100.0,0.0,344.40220418407296,229.6000000000011,172.19999999999908,0.0,1.1480000000000008,604.8,215.0,1567.1502041840731,completed,forecast_noisy_persistence
irrigation,ET-MPC,N0_ideal,2032,noisy_persistence,0.035,1.0,hold,5109cb26135f078dbf7166b0bc9155452313493e89b94aab4b3a68025bca04f9,569714c2f054d7e589e1a1a495e488b7d47d406c61e9837ff2edbc5d46855c34,12ca0f6e05f585cf9d39f2c06178e7b8c550bd464b65480c0a93492d05bf5be9,0.5573484680096188,38.69047619047619,283,100.0,0.0,339.602173461342,226.40000000000106,169.7999999999991,0.0,1.1320000000000008,604.8,53.75,1395.484173461342,completed,forecast_noisy_persistence
irrigation,ET-MPC,N0_ideal,2033,noisy_persistence,0.035,1.0,hold,7405cb8d529aee04526a4ca0fc032114df03789172e1ea7bb19a44410141d25e,569714c2f054d7e589e1a1a495e488b7d47d406c61e9837ff2edbc5d46855c34,12ca0f6e05f585cf9d39f2c06178e7b8c550bd464b65480c0a93492d05bf5be9,0.36211761882314875,11.904761904761903,285,100.0,0.0,342.00218882110676,228.00000000000108,170.9999999999991,0.0,1.1400000000000008,604.8,242.5,1589.4421888211068,completed,forecast_noisy_persistence
irrigation,ET-MPC,N0_ideal,2034,noisy_persistence,0.035,1.0,hold,5301fbe513cd3eadf05f0eac8155f1bb95aa41f64f66a545eee74fe2298b7cea,569714c2f054d7e589e1a1a495e488b7d47d406c61e9837ff2edbc5d46855c34,12ca0f6e05f585cf9d39f2c06178e7b8c550bd464b65480c0a93492d05bf5be9,0.4008351399160858,34.970238095238095,276,100.0,0.0,331.2021197060579,220.80000000000098,165.59999999999914,0.0,1.1040000000000008,604.8,262.5,1586.0061197060581,completed,forecast_noisy_persistence
irrigation,ET-MPC,N0_ideal,2035,noisy_persistence,0.035,1.0,hold,cb54640d71ed0dbb4a505c57bd9993ba17001a904f11b8b7ff4251cd83653a9c,569714c2f054d7e589e1a1a495e488b7d47d406c61e9837ff2edbc5d46855c34,12ca0f6e05f585cf9d39f2c06178e7b8c550bd464b65480c0a93492d05bf5be9,0.53262936372802,40.17857142857143,287,100.0,0.0,344.4022041856009,229.6000000000011,172.19999999999908,0.0,1.1480000000000008,604.8,95.0,1447.150204185601,completed,forecast_noisy_persistence
irrigation,ET-MPC,N0_ideal,2036,noisy_persistence,0.035,1.0,hold,394827343a8f6001cb1ab1a0d1afd16e534f46e4cb4ebb690ad468749e0485c4,569714c2f054d7e589e1a1a495e488b7d47d406c61e9837ff2edbc5d46855c34,12ca0f6e05f585cf9d39f2c06178e7b8c550bd464b65480c0a93492d05bf5be9,0.4174312084273399,17.410714285714285,278,100.0,0.0,333.6021350616026,222.400000000001,166.79999999999913,0.0,1.1120000000000008,604.8,180.0,1508.7141350616027,completed,forecast_noisy_persistence
irrigation,ET-MPC,N0_ideal,2037,noisy_persistence,0.035,1.0,hold,d8edac58a991b6376c60b848466ea6fd936159d26ae76b61a1c166a4695dfe74,569714c2f054d7e589e1a1a495e488b7d47d406c61e9837ff2edbc5d46855c34,12ca0f6e05f585cf9d39f2c06178e7b8c550bd464b65480c0a93492d05bf5be9,0.5567663082064428,42.410714285714285,277,100.0,0.0,332.40212738634045,221.600000000001,166.19999999999914,0.0,1.1080000000000008,604.8,3.75,1329.8601273863405,completed,forecast_noisy_persistence
irrigation,ET-MPC,N0_ideal,2038,noisy_persistence,0.035,1.0,hold,0aa1f03ce5092ba59bb21d083f6d0039ab772b216c3e4fed5854aac82222bdd9,569714c2f054d7e589e1a1a495e488b7d47d406c61e9837ff2edbc5d46855c34,12ca0f6e05f585cf9d39f2c06178e7b8c550bd464b65480c0a93492d05bf5be9,0.3485110713067352,21.279761904761905,292,100.0,0.0,350.40224257820984,233.60000000000116,175.19999999999905,0.0,1.1680000000000008,604.8,11.25,1376.42024257821,completed,forecast_noisy_persistence
irrigation,ET-MPC,N0_ideal,2039,noisy_persistence,0.035,1.0,hold,9744a073af922538f3ee5b574e1ee38da32483397de39012840a4bbfb8582116,569714c2f054d7e589e1a1a495e488b7d47d406c61e9837ff2edbc5d46855c34,12ca0f6e05f585cf9d39f2c06178e7b8c550bd464b65480c0a93492d05bf5be9,0.3322806098708762,15.029761904761903,277,100.0,0.0,332.4021273887415,221.600000000001,166.19999999999914,0.0,1.1080000000000008,604.8,116.25,1442.3601273887416,completed,forecast_noisy_persistence
irrigation,ET-MPC,N0_ideal,2040,noisy_persistence,0.035,1.0,hold,6ca9799770a3d0f57e81349490c56953b69a2aca0378502da9a8d25908a62ff2,569714c2f054d7e589e1a1a495e488b7d47d406c61e9837ff2edbc5d46855c34,12ca0f6e05f585cf9d39f2c06178e7b8c550bd464b65480c0a93492d05bf5be9,0.41120075354063107,30.208333333333332,280,100.0,0.0,336.0021504204215,224.00000000000102,167.99999999999912,0.0,1.1200000000000008,604.8,101.25,1435.1721504204215,completed,forecast_noisy_persistence
irrigation,ET-MPC,N0_ideal,2026,oracle,0.035,1.0,hold,3a1b6620d4dad3a332da7f3737118bee624703b38f1d7d9ca8c5ba12cb80fd4d,569714c2f054d7e589e1a1a495e488b7d47d406c61e9837ff2edbc5d46855c34,12ca0f6e05f585cf9d39f2c06178e7b8c550bd464b65480c0a93492d05bf5be9,0.3149625950742119,4.166666666666666,284,100.0,0.0,340.802181140806,227.20000000000107,170.3999999999991,0.0,1.1360000000000008,604.8,345.0,1689.3381811408062,completed,forecast_oracle
irrigation,ET-MPC,N0_ideal,2027,oracle,0.035,1.0,hold,b232430a8643ed33d96954f62f1f40dbdbf517b2aaea1a5fd64df44749361671,569714c2f054d7e589e1a1a495e488b7d47d406c61e9837ff2edbc5d46855c34,12ca0f6e05f585cf9d39f2c06178e7b8c550bd464b65480c0a93492d05bf5be9,0.5512598678106195,40.773809523809526,285,100.0,0.0,342.0021888212523,228.00000000000108,170.9999999999991,0.0,1.1400000000000008,604.8,33.75,1380.6921888212523,completed,forecast_oracle
irrigation,ET-MPC,N0_ideal,2028,oracle,0.035,1.0,hold,cc7fe19d8916d4d6fe4ff1b2c634b6a95087d0c7bdfd4fa4e7df8d183495e805,569714c2f054d7e589e1a1a495e488b7d47d406c61e9837ff2edbc5d46855c34,12ca0f6e05f585cf9d39f2c06178e7b8c550bd464b65480c0a93492d05bf5be9,0.43846793377576937,24.107142857142858,287,100.0,0.0,344.4022041834909,229.6000000000011,172.19999999999908,0.0,1.1480000000000008,604.8,46.25,1398.400204183491,completed,forecast_oracle
irrigation,ET-MPC,N0_ideal,2029,oracle,0.035,1.0,hold,9e3774587f55cc9de2c1f912a8f24e7dfabd29750e41428a0cb346e08c761f4b,569714c2f054d7e589e1a1a495e488b7d47d406c61e9837ff2edbc5d46855c34,12ca0f6e05f585cf9d39f2c06178e7b8c550bd464b65480c0a93492d05bf5be9,0.287544541349825,13.690476190476192,276,100.0,0.0,331.20211970001884,220.80000000000098,165.59999999999914,0.0,1.1040000000000008,604.8,320.0,1643.506119700019,completed,forecast_oracle
irrigation,ET-MPC,N0_ideal,2030,oracle,0.035,1.0,hold,fb063594a7b917e8152542fbdce2d5b7c517fda4a5ec91c543c42f9f02937690,569714c2f054d7e589e1a1a495e488b7d47d406c61e9837ff2edbc5d46855c34,12ca0f6e05f585cf9d39f2c06178e7b8c550bd464b65480c0a93492d05bf5be9,0.3276865826258343,16.220238095238095,299,100.0,0.0,358.8022963414247,239.20000000000124,179.399999999999,0.0,1.1960000000000008,604.8,56.25,1439.648296341425,completed,forecast_oracle
irrigation,ET-MPC,N0_ideal,2031,oracle,0.035,1.0,hold,e591d3f8d0a7bb04ab7c3533f8699b9149021087c4cce937f5dde3bc8de76e68,569714c2f054d7e589e1a1a495e488b7d47d406c61e9837ff2edbc5d46855c34,12ca0f6e05f585cf9d39f2c06178e7b8c550bd464b65480c0a93492d05bf5be9,0.28079786959711034,4.464285714285714,287,100.0,0.0,344.40220418407296,229.6000000000011,172.19999999999908,0.0,1.1480000000000008,604.8,215.0,1567.1502041840731,completed,forecast_oracle
irrigation,ET-MPC,N0_ideal,2032,oracle,0.035,1.0,hold,5109cb26135f078dbf7166b0bc9155452313493e89b94aab4b3a68025bca04f9,569714c2f054d7e589e1a1a495e488b7d47d406c61e9837ff2edbc5d46855c34,12ca0f6e05f585cf9d39f2c06178e7b8c550bd464b65480c0a93492d05bf5be9,0.5578550150930509,38.69047619047619,283,100.0,0.0,339.602173461342,226.40000000000106,169.7999999999991,0.0,1.1320000000000008,604.8,55.0,1396.734173461342,completed,forecast_oracle
irrigation,ET-MPC,N0_ideal,2033,oracle,0.035,1.0,hold,7405cb8d529aee04526a4ca0fc032114df03789172e1ea7bb19a44410141d25e,569714c2f054d7e589e1a1a495e488b7d47d406c61e9837ff2edbc5d46855c34,12ca0f6e05f585cf9d39f2c06178e7b8c550bd464b65480c0a93492d05bf5be9,0.3621223135494994,11.904761904761903,284,100.0,0.0,340.802181141188,227.20000000000107,170.3999999999991,0.0,1.1360000000000008,604.8,242.5,1586.8381811411882,completed,forecast_oracle
irrigation,ET-MPC,N0_ideal,2034,oracle,0.035,1.0,hold,5301fbe513cd3eadf05f0eac8155f1bb95aa41f64f66a545eee74fe2298b7cea,569714c2f054d7e589e1a1a495e488b7d47d406c61e9837ff2edbc5d46855c34,12ca0f6e05f585cf9d39f2c06178e7b8c550bd464b65480c0a93492d05bf5be9,0.40065314267528707,35.11904761904761,277,100.0,0.0,332.40212738597666,221.600000000001,166.19999999999914,0.0,1.1080000000000008,604.8,262.5,1588.6101273859767,completed,forecast_oracle
irrigation,ET-MPC,N0_ideal,2035,oracle,0.035,1.0,hold,cb54640d71ed0dbb4a505c57bd9993ba17001a904f11b8b7ff4251cd83653a9c,569714c2f054d7e589e1a1a495e488b7d47d406c61e9837ff2edbc5d46855c34,12ca0f6e05f585cf9d39f2c06178e7b8c550bd464b65480c0a93492d05bf5be9,0.5326453119994897,40.17857142857143,287,100.0,0.0,344.4022041856009,229.6000000000011,172.19999999999908,0.0,1.1480000000000008,604.8,95.0,1447.150204185601,completed,forecast_oracle
irrigation,ET-MPC,N0_ideal,2036,oracle,0.035,1.0,hold,394827343a8f6001cb1ab1a0d1afd16e534f46e4cb4ebb690ad468749e0485c4,569714c2f054d7e589e1a1a495e488b7d47d406c61e9837ff2edbc5d46855c34,12ca0f6e05f585cf9d39f2c06178e7b8c550bd464b65480c0a93492d05bf5be9,0.4177269418163715,17.559523809523807,279,100.0,0.0,334.8021427415214,223.200000000001,167.39999999999912,0.0,1.1160000000000008,604.8,181.25,1512.5681427415216,completed,forecast_oracle
irrigation,ET-MPC,N0_ideal,2037,oracle,0.035,1.0,hold,d8edac58a991b6376c60b848466ea6fd936159d26ae76b61a1c166a4695dfe74,569714c2f054d7e589e1a1a495e488b7d47d406c61e9837ff2edbc5d46855c34,12ca0f6e05f585cf9d39f2c06178e7b8c550bd464b65480c0a93492d05bf5be9,0.5574383849115143,42.55952380952381,276,100.0,0.0,331.2021197064217,220.80000000000098,165.59999999999914,0.0,1.1040000000000008,604.8,5.0,1328.506119706422,completed,forecast_oracle
irrigation,ET-MPC,N0_ideal,2038,oracle,0.035,1.0,hold,0aa1f03ce5092ba59bb21d083f6d0039ab772b216c3e4fed5854aac82222bdd9,569714c2f054d7e589e1a1a495e488b7d47d406c61e9837ff2edbc5d46855c34,12ca0f6e05f585cf9d39f2c06178e7b8c550bd464b65480c0a93492d05bf5be9,0.3485110713067352,21.279761904761905,292,100.0,0.0,350.40224257820984,233.60000000000116,175.19999999999905,0.0,1.1680000000000008,604.8,11.25,1376.42024257821,completed,forecast_oracle
irrigation,ET-MPC,N0_ideal,2039,oracle,0.035,1.0,hold,9744a073af922538f3ee5b574e1ee38da32483397de39012840a4bbfb8582116,569714c2f054d7e589e1a1a495e488b7d47d406c61e9837ff2edbc5d46855c34,12ca0f6e05f585cf9d39f2c06178e7b8c550bd464b65480c0a93492d05bf5be9,0.33253418588210953,15.029761904761903,277,100.0,0.0,332.4021273887415,221.600000000001,166.19999999999914,0.0,1.1080000000000008,604.8,117.5,1443.6101273887416,completed,forecast_oracle
irrigation,ET-MPC,N0_ideal,2040,oracle,0.035,1.0,hold,6ca9799770a3d0f57e81349490c56953b69a2aca0378502da9a8d25908a62ff2,569714c2f054d7e589e1a1a495e488b7d47d406c61e9837ff2edbc5d46855c34,12ca0f6e05f585cf9d39f2c06178e7b8c550bd464b65480c0a93492d05bf5be9,0.41066921935703454,30.208333333333332,280,100.0,0.0,336.0021504204215,224.00000000000102,167.99999999999912,0.0,1.1200000000000008,604.8,100.0,1433.9221504204215,completed,forecast_oracle
irrigation,ET-MPC,N0_ideal,2026,persistence,0.035,0.98,hold,3a1b6620d4dad3a332da7f3737118bee624703b38f1d7d9ca8c5ba12cb80fd4d,569714c2f054d7e589e1a1a495e488b7d47d406c61e9837ff2edbc5d46855c34,12ca0f6e05f585cf9d39f2c06178e7b8c550bd464b65480c0a93492d05bf5be9,0.3149799641314642,4.166666666666666,284,100.0,0.0,340.802181140806,227.20000000000107,170.3999999999991,0.0,1.1360000000000008,604.8,345.0,1689.3381811408062,completed,model_0.98
irrigation,ET-MPC,N0_ideal,2027,persistence,0.035,0.98,hold,b232430a8643ed33d96954f62f1f40dbdbf517b2aaea1a5fd64df44749361671,569714c2f054d7e589e1a1a495e488b7d47d406c61e9837ff2edbc5d46855c34,12ca0f6e05f585cf9d39f2c06178e7b8c550bd464b65480c0a93492d05bf5be9,0.5499482726806524,40.476190476190474,285,100.0,0.0,342.0021888212523,228.00000000000108,170.9999999999991,0.0,1.1400000000000008,604.8,30.0,1376.9421888212523,completed,model_0.98
irrigation,ET-MPC,N0_ideal,2028,persistence,0.035,0.98,hold,cc7fe19d8916d4d6fe4ff1b2c634b6a95087d0c7bdfd4fa4e7df8d183495e805,569714c2f054d7e589e1a1a495e488b7d47d406c61e9837ff2edbc5d46855c34,12ca0f6e05f585cf9d39f2c06178e7b8c550bd464b65480c0a93492d05bf5be9,0.4375394272331141,23.809523809523807,287,100.0,0.0,344.4022041834909,229.6000000000011,172.19999999999908,0.0,1.1480000000000008,604.8,46.25,1398.400204183491,completed,model_0.98
irrigation,ET-MPC,N0_ideal,2029,persistence,0.035,0.98,hold,9e3774587f55cc9de2c1f912a8f24e7dfabd29750e41428a0cb346e08c761f4b,569714c2f054d7e589e1a1a495e488b7d47d406c61e9837ff2edbc5d46855c34,12ca0f6e05f585cf9d39f2c06178e7b8c550bd464b65480c0a93492d05bf5be9,0.2874785718289313,13.690476190476192,277,100.0,0.0,332.4021273799376,221.600000000001,166.19999999999914,0.0,1.1080000000000008,604.8,320.0,1646.1101273799377,completed,model_0.98
irrigation,ET-MPC,N0_ideal,2030,persistence,0.035,0.98,hold,fb063594a7b917e8152542fbdce2d5b7c517fda4a5ec91c543c42f9f02937690,569714c2f054d7e589e1a1a495e488b7d47d406c61e9837ff2edbc5d46855c34,12ca0f6e05f585cf9d39f2c06178e7b8c550bd464b65480c0a93492d05bf5be9,0.3282544740205854,16.666666666666664,299,100.0,0.0,358.8022963414247,239.20000000000124,179.399999999999,0.0,1.1960000000000008,604.8,57.5,1440.898296341425,completed,model_0.98
irrigation,ET-MPC,N0_ideal,2031,persistence,0.035,0.98,hold,e591d3f8d0a7bb04ab7c3533f8699b9149021087c4cce937f5dde3bc8de76e68,569714c2f054d7e589e1a1a495e488b7d47d406c61e9837ff2edbc5d46855c34,12ca0f6e05f585cf9d39f2c06178e7b8c550bd464b65480c0a93492d05bf5be9,0.2808684656067076,4.464285714285714,287,100.0,0.0,344.40220418407296,229.6000000000011,172.19999999999908,0.0,1.1480000000000008,604.8,215.0,1567.1502041840731,completed,model_0.98
irrigation,ET-MPC,N0_ideal,2032,persistence,0.035,0.98,hold,5109cb26135f078dbf7166b0bc9155452313493e89b94aab4b3a68025bca04f9,569714c2f054d7e589e1a1a495e488b7d47d406c61e9837ff2edbc5d46855c34,12ca0f6e05f585cf9d39f2c06178e7b8c550bd464b65480c0a93492d05bf5be9,0.5573484680096188,38.69047619047619,283,100.0,0.0,339.602173461342,226.40000000000106,169.7999999999991,0.0,1.1320000000000008,604.8,53.75,1395.484173461342,completed,model_0.98
irrigation,ET-MPC,N0_ideal,2033,persistence,0.035,0.98,hold,7405cb8d529aee04526a4ca0fc032114df03789172e1ea7bb19a44410141d25e,569714c2f054d7e589e1a1a495e488b7d47d406c61e9837ff2edbc5d46855c34,12ca0f6e05f585cf9d39f2c06178e7b8c550bd464b65480c0a93492d05bf5be9,0.3621228021864641,11.904761904761903,285,100.0,0.0,342.00218882110676,228.00000000000108,170.9999999999991,0.0,1.1400000000000008,604.8,242.5,1589.4421888211068,completed,model_0.98
irrigation,ET-MPC,N0_ideal,2034,persistence,0.035,0.98,hold,5301fbe513cd3eadf05f0eac8155f1bb95aa41f64f66a545eee74fe2298b7cea,569714c2f054d7e589e1a1a495e488b7d47d406c61e9837ff2edbc5d46855c34,12ca0f6e05f585cf9d39f2c06178e7b8c550bd464b65480c0a93492d05bf5be9,0.4008351399160858,34.970238095238095,276,100.0,0.0,331.2021197060579,220.80000000000098,165.59999999999914,0.0,1.1040000000000008,604.8,262.5,1586.0061197060581,completed,model_0.98
irrigation,ET-MPC,N0_ideal,2035,persistence,0.035,0.98,hold,cb54640d71ed0dbb4a505c57bd9993ba17001a904f11b8b7ff4251cd83653a9c,569714c2f054d7e589e1a1a495e488b7d47d406c61e9837ff2edbc5d46855c34,12ca0f6e05f585cf9d39f2c06178e7b8c550bd464b65480c0a93492d05bf5be9,0.5326320841608065,40.17857142857143,287,100.0,0.0,344.4022041856009,229.6000000000011,172.19999999999908,0.0,1.1480000000000008,604.8,95.0,1447.150204185601,completed,model_0.98
irrigation,ET-MPC,N0_ideal,2036,persistence,0.035,0.98,hold,394827343a8f6001cb1ab1a0d1afd16e534f46e4cb4ebb690ad468749e0485c4,569714c2f054d7e589e1a1a495e488b7d47d406c61e9837ff2edbc5d46855c34,12ca0f6e05f585cf9d39f2c06178e7b8c550bd464b65480c0a93492d05bf5be9,0.41761862973201286,17.410714285714285,278,100.0,0.0,333.6021350616026,222.400000000001,166.79999999999913,0.0,1.1120000000000008,604.8,180.0,1508.7141350616027,completed,model_0.98
irrigation,ET-MPC,N0_ideal,2037,persistence,0.035,0.98,hold,d8edac58a991b6376c60b848466ea6fd936159d26ae76b61a1c166a4695dfe74,569714c2f054d7e589e1a1a495e488b7d47d406c61e9837ff2edbc5d46855c34,12ca0f6e05f585cf9d39f2c06178e7b8c550bd464b65480c0a93492d05bf5be9,0.5567663082064428,42.410714285714285,277,100.0,0.0,332.40212738634045,221.600000000001,166.19999999999914,0.0,1.1080000000000008,604.8,3.75,1329.8601273863405,completed,model_0.98
irrigation,ET-MPC,N0_ideal,2038,persistence,0.035,0.98,hold,0aa1f03ce5092ba59bb21d083f6d0039ab772b216c3e4fed5854aac82222bdd9,569714c2f054d7e589e1a1a495e488b7d47d406c61e9837ff2edbc5d46855c34,12ca0f6e05f585cf9d39f2c06178e7b8c550bd464b65480c0a93492d05bf5be9,0.3485110713067352,21.279761904761905,292,100.0,0.0,350.40224257820984,233.60000000000116,175.19999999999905,0.0,1.1680000000000008,604.8,11.25,1376.42024257821,completed,model_0.98
irrigation,ET-MPC,N0_ideal,2039,persistence,0.035,0.98,hold,9744a073af922538f3ee5b574e1ee38da32483397de39012840a4bbfb8582116,569714c2f054d7e589e1a1a495e488b7d47d406c61e9837ff2edbc5d46855c34,12ca0f6e05f585cf9d39f2c06178e7b8c550bd464b65480c0a93492d05bf5be9,0.3322806098708762,15.029761904761903,277,100.0,0.0,332.4021273887415,221.600000000001,166.19999999999914,0.0,1.1080000000000008,604.8,116.25,1442.3601273887416,completed,model_0.98
irrigation,ET-MPC,N0_ideal,2040,persistence,0.035,0.98,hold,6ca9799770a3d0f57e81349490c56953b69a2aca0378502da9a8d25908a62ff2,569714c2f054d7e589e1a1a495e488b7d47d406c61e9837ff2edbc5d46855c34,12ca0f6e05f585cf9d39f2c06178e7b8c550bd464b65480c0a93492d05bf5be9,0.4111618656027616,30.208333333333332,280,100.0,0.0,336.0021504204215,224.00000000000102,167.99999999999912,0.0,1.1200000000000008,604.8,101.25,1435.1721504204215,completed,model_0.98
irrigation,ET-MPC,N0_ideal,2026,persistence,0.035,1.0,hold,3a1b6620d4dad3a332da7f3737118bee624703b38f1d7d9ca8c5ba12cb80fd4d,569714c2f054d7e589e1a1a495e488b7d47d406c61e9837ff2edbc5d46855c34,12ca0f6e05f585cf9d39f2c06178e7b8c550bd464b65480c0a93492d05bf5be9,0.3149799641314642,4.166666666666666,284,100.0,0.0,340.802181140806,227.20000000000107,170.3999999999991,0.0,1.1360000000000008,604.8,345.0,1689.3381811408062,completed,model_1.0
irrigation,ET-MPC,N0_ideal,2027,persistence,0.035,1.0,hold,b232430a8643ed33d96954f62f1f40dbdbf517b2aaea1a5fd64df44749361671,569714c2f054d7e589e1a1a495e488b7d47d406c61e9837ff2edbc5d46855c34,12ca0f6e05f585cf9d39f2c06178e7b8c550bd464b65480c0a93492d05bf5be9,0.5499482726806524,40.476190476190474,285,100.0,0.0,342.0021888212523,228.00000000000108,170.9999999999991,0.0,1.1400000000000008,604.8,30.0,1376.9421888212523,completed,model_1.0
irrigation,ET-MPC,N0_ideal,2028,persistence,0.035,1.0,hold,cc7fe19d8916d4d6fe4ff1b2c634b6a95087d0c7bdfd4fa4e7df8d183495e805,569714c2f054d7e589e1a1a495e488b7d47d406c61e9837ff2edbc5d46855c34,12ca0f6e05f585cf9d39f2c06178e7b8c550bd464b65480c0a93492d05bf5be9,0.4375394272331141,23.809523809523807,287,100.0,0.0,344.4022041834909,229.6000000000011,172.19999999999908,0.0,1.1480000000000008,604.8,46.25,1398.400204183491,completed,model_1.0
irrigation,ET-MPC,N0_ideal,2029,persistence,0.035,1.0,hold,9e3774587f55cc9de2c1f912a8f24e7dfabd29750e41428a0cb346e08c761f4b,569714c2f054d7e589e1a1a495e488b7d47d406c61e9837ff2edbc5d46855c34,12ca0f6e05f585cf9d39f2c06178e7b8c550bd464b65480c0a93492d05bf5be9,0.2874785718289313,13.690476190476192,277,100.0,0.0,332.4021273799376,221.600000000001,166.19999999999914,0.0,1.1080000000000008,604.8,320.0,1646.1101273799377,completed,model_1.0
irrigation,ET-MPC,N0_ideal,2030,persistence,0.035,1.0,hold,fb063594a7b917e8152542fbdce2d5b7c517fda4a5ec91c543c42f9f02937690,569714c2f054d7e589e1a1a495e488b7d47d406c61e9837ff2edbc5d46855c34,12ca0f6e05f585cf9d39f2c06178e7b8c550bd464b65480c0a93492d05bf5be9,0.3282544740205854,16.666666666666664,299,100.0,0.0,358.8022963414247,239.20000000000124,179.399999999999,0.0,1.1960000000000008,604.8,57.5,1440.898296341425,completed,model_1.0
irrigation,ET-MPC,N0_ideal,2031,persistence,0.035,1.0,hold,e591d3f8d0a7bb04ab7c3533f8699b9149021087c4cce937f5dde3bc8de76e68,569714c2f054d7e589e1a1a495e488b7d47d406c61e9837ff2edbc5d46855c34,12ca0f6e05f585cf9d39f2c06178e7b8c550bd464b65480c0a93492d05bf5be9,0.2808684656067076,4.464285714285714,287,100.0,0.0,344.40220418407296,229.6000000000011,172.19999999999908,0.0,1.1480000000000008,604.8,215.0,1567.1502041840731,completed,model_1.0
irrigation,ET-MPC,N0_ideal,2032,persistence,0.035,1.0,hold,5109cb26135f078dbf7166b0bc9155452313493e89b94aab4b3a68025bca04f9,569714c2f054d7e589e1a1a495e488b7d47d406c61e9837ff2edbc5d46855c34,12ca0f6e05f585cf9d39f2c06178e7b8c550bd464b65480c0a93492d05bf5be9,0.5573484680096188,38.69047619047619,283,100.0,0.0,339.602173461342,226.40000000000106,169.7999999999991,0.0,1.1320000000000008,604.8,53.75,1395.484173461342,completed,model_1.0
irrigation,ET-MPC,N0_ideal,2033,persistence,0.035,1.0,hold,7405cb8d529aee04526a4ca0fc032114df03789172e1ea7bb19a44410141d25e,569714c2f054d7e589e1a1a495e488b7d47d406c61e9837ff2edbc5d46855c34,12ca0f6e05f585cf9d39f2c06178e7b8c550bd464b65480c0a93492d05bf5be9,0.3621228021864641,11.904761904761903,285,100.0,0.0,342.00218882110676,228.00000000000108,170.9999999999991,0.0,1.1400000000000008,604.8,242.5,1589.4421888211068,completed,model_1.0
irrigation,ET-MPC,N0_ideal,2034,persistence,0.035,1.0,hold,5301fbe513cd3eadf05f0eac8155f1bb95aa41f64f66a545eee74fe2298b7cea,569714c2f054d7e589e1a1a495e488b7d47d406c61e9837ff2edbc5d46855c34,12ca0f6e05f585cf9d39f2c06178e7b8c550bd464b65480c0a93492d05bf5be9,0.4008351399160858,34.970238095238095,276,100.0,0.0,331.2021197060579,220.80000000000098,165.59999999999914,0.0,1.1040000000000008,604.8,262.5,1586.0061197060581,completed,model_1.0
irrigation,ET-MPC,N0_ideal,2035,persistence,0.035,1.0,hold,cb54640d71ed0dbb4a505c57bd9993ba17001a904f11b8b7ff4251cd83653a9c,569714c2f054d7e589e1a1a495e488b7d47d406c61e9837ff2edbc5d46855c34,12ca0f6e05f585cf9d39f2c06178e7b8c550bd464b65480c0a93492d05bf5be9,0.5326320841608065,40.17857142857143,287,100.0,0.0,344.4022041856009,229.6000000000011,172.19999999999908,0.0,1.1480000000000008,604.8,95.0,1447.150204185601,completed,model_1.0
irrigation,ET-MPC,N0_ideal,2036,persistence,0.035,1.0,hold,394827343a8f6001cb1ab1a0d1afd16e534f46e4cb4ebb690ad468749e0485c4,569714c2f054d7e589e1a1a495e488b7d47d406c61e9837ff2edbc5d46855c34,12ca0f6e05f585cf9d39f2c06178e7b8c550bd464b65480c0a93492d05bf5be9,0.41761862973201286,17.410714285714285,278,100.0,0.0,333.6021350616026,222.400000000001,166.79999999999913,0.0,1.1120000000000008,604.8,180.0,1508.7141350616027,completed,model_1.0
irrigation,ET-MPC,N0_ideal,2037,persistence,0.035,1.0,hold,d8edac58a991b6376c60b848466ea6fd936159d26ae76b61a1c166a4695dfe74,569714c2f054d7e589e1a1a495e488b7d47d406c61e9837ff2edbc5d46855c34,12ca0f6e05f585cf9d39f2c06178e7b8c550bd464b65480c0a93492d05bf5be9,0.5567663082064428,42.410714285714285,277,100.0,0.0,332.40212738634045,221.600000000001,166.19999999999914,0.0,1.1080000000000008,604.8,3.75,1329.8601273863405,completed,model_1.0
irrigation,ET-MPC,N0_ideal,2038,persistence,0.035,1.0,hold,0aa1f03ce5092ba59bb21d083f6d0039ab772b216c3e4fed5854aac82222bdd9,569714c2f054d7e589e1a1a495e488b7d47d406c61e9837ff2edbc5d46855c34,12ca0f6e05f585cf9d39f2c06178e7b8c550bd464b65480c0a93492d05bf5be9,0.3485110713067352,21.279761904761905,292,100.0,0.0,350.40224257820984,233.60000000000116,175.19999999999905,0.0,1.1680000000000008,604.8,11.25,1376.42024257821,completed,model_1.0
irrigation,ET-MPC,N0_ideal,2039,persistence,0.035,1.0,hold,9744a073af922538f3ee5b574e1ee38da32483397de39012840a4bbfb8582116,569714c2f054d7e589e1a1a495e488b7d47d406c61e9837ff2edbc5d46855c34,12ca0f6e05f585cf9d39f2c06178e7b8c550bd464b65480c0a93492d05bf5be9,0.3322806098708762,15.029761904761903,277,100.0,0.0,332.4021273887415,221.600000000001,166.19999999999914,0.0,1.1080000000000008,604.8,116.25,1442.3601273887416,completed,model_1.0
irrigation,ET-MPC,N0_ideal,2040,persistence,0.035,1.0,hold,6ca9799770a3d0f57e81349490c56953b69a2aca0378502da9a8d25908a62ff2,569714c2f054d7e589e1a1a495e488b7d47d406c61e9837ff2edbc5d46855c34,12ca0f6e05f585cf9d39f2c06178e7b8c550bd464b65480c0a93492d05bf5be9,0.4111618656027616,30.208333333333332,280,100.0,0.0,336.0021504204215,224.00000000000102,167.99999999999912,0.0,1.1200000000000008,604.8,101.25,1435.1721504204215,completed,model_1.0
irrigation,ET-MPC,N0_ideal,2026,persistence,0.035,1.02,hold,3a1b6620d4dad3a332da7f3737118bee624703b38f1d7d9ca8c5ba12cb80fd4d,569714c2f054d7e589e1a1a495e488b7d47d406c61e9837ff2edbc5d46855c34,12ca0f6e05f585cf9d39f2c06178e7b8c550bd464b65480c0a93492d05bf5be9,0.3149799641314642,4.166666666666666,284,100.0,0.0,340.802181140806,227.20000000000107,170.3999999999991,0.0,1.1360000000000008,604.8,345.0,1689.3381811408062,completed,model_1.02
irrigation,ET-MPC,N0_ideal,2027,persistence,0.035,1.02,hold,b232430a8643ed33d96954f62f1f40dbdbf517b2aaea1a5fd64df44749361671,569714c2f054d7e589e1a1a495e488b7d47d406c61e9837ff2edbc5d46855c34,12ca0f6e05f585cf9d39f2c06178e7b8c550bd464b65480c0a93492d05bf5be9,0.5499482726806524,40.476190476190474,285,100.0,0.0,342.0021888212523,228.00000000000108,170.9999999999991,0.0,1.1400000000000008,604.8,30.0,1376.9421888212523,completed,model_1.02
irrigation,ET-MPC,N0_ideal,2028,persistence,0.035,1.02,hold,cc7fe19d8916d4d6fe4ff1b2c634b6a95087d0c7bdfd4fa4e7df8d183495e805,569714c2f054d7e589e1a1a495e488b7d47d406c61e9837ff2edbc5d46855c34,12ca0f6e05f585cf9d39f2c06178e7b8c550bd464b65480c0a93492d05bf5be9,0.4375394272331141,23.809523809523807,287,100.0,0.0,344.4022041834909,229.6000000000011,172.19999999999908,0.0,1.1480000000000008,604.8,46.25,1398.400204183491,completed,model_1.02
irrigation,ET-MPC,N0_ideal,2029,persistence,0.035,1.02,hold,9e3774587f55cc9de2c1f912a8f24e7dfabd29750e41428a0cb346e08c761f4b,569714c2f054d7e589e1a1a495e488b7d47d406c61e9837ff2edbc5d46855c34,12ca0f6e05f585cf9d39f2c06178e7b8c550bd464b65480c0a93492d05bf5be9,0.2874785718289313,13.690476190476192,277,100.0,0.0,332.4021273799376,221.600000000001,166.19999999999914,0.0,1.1080000000000008,604.8,320.0,1646.1101273799377,completed,model_1.02
irrigation,ET-MPC,N0_ideal,2030,persistence,0.035,1.02,hold,fb063594a7b917e8152542fbdce2d5b7c517fda4a5ec91c543c42f9f02937690,569714c2f054d7e589e1a1a495e488b7d47d406c61e9837ff2edbc5d46855c34,12ca0f6e05f585cf9d39f2c06178e7b8c550bd464b65480c0a93492d05bf5be9,0.3282544740205854,16.666666666666664,299,100.0,0.0,358.8022963414247,239.20000000000124,179.399999999999,0.0,1.1960000000000008,604.8,57.5,1440.898296341425,completed,model_1.02
irrigation,ET-MPC,N0_ideal,2031,persistence,0.035,1.02,hold,e591d3f8d0a7bb04ab7c3533f8699b9149021087c4cce937f5dde3bc8de76e68,569714c2f054d7e589e1a1a495e488b7d47d406c61e9837ff2edbc5d46855c34,12ca0f6e05f585cf9d39f2c06178e7b8c550bd464b65480c0a93492d05bf5be9,0.2808684656067076,4.464285714285714,287,100.0,0.0,344.40220418407296,229.6000000000011,172.19999999999908,0.0,1.1480000000000008,604.8,215.0,1567.1502041840731,completed,model_1.02
irrigation,ET-MPC,N0_ideal,2032,persistence,0.035,1.02,hold,5109cb26135f078dbf7166b0bc9155452313493e89b94aab4b3a68025bca04f9,569714c2f054d7e589e1a1a495e488b7d47d406c61e9837ff2edbc5d46855c34,12ca0f6e05f585cf9d39f2c06178e7b8c550bd464b65480c0a93492d05bf5be9,0.5573484680096188,38.69047619047619,283,100.0,0.0,339.602173461342,226.40000000000106,169.7999999999991,0.0,1.1320000000000008,604.8,53.75,1395.484173461342,completed,model_1.02
irrigation,ET-MPC,N0_ideal,2033,persistence,0.035,1.02,hold,7405cb8d529aee04526a4ca0fc032114df03789172e1ea7bb19a44410141d25e,569714c2f054d7e589e1a1a495e488b7d47d406c61e9837ff2edbc5d46855c34,12ca0f6e05f585cf9d39f2c06178e7b8c550bd464b65480c0a93492d05bf5be9,0.3621228021864641,11.904761904761903,285,100.0,0.0,342.00218882110676,228.00000000000108,170.9999999999991,0.0,1.1400000000000008,604.8,242.5,1589.4421888211068,completed,model_1.02
irrigation,ET-MPC,N0_ideal,2034,persistence,0.035,1.02,hold,5301fbe513cd3eadf05f0eac8155f1bb95aa41f64f66a545eee74fe2298b7cea,569714c2f054d7e589e1a1a495e488b7d47d406c61e9837ff2edbc5d46855c34,12ca0f6e05f585cf9d39f2c06178e7b8c550bd464b65480c0a93492d05bf5be9,0.4008351399160858,34.970238095238095,276,100.0,0.0,331.2021197060579,220.80000000000098,165.59999999999914,0.0,1.1040000000000008,604.8,262.5,1586.0061197060581,completed,model_1.02
irrigation,ET-MPC,N0_ideal,2035,persistence,0.035,1.02,hold,cb54640d71ed0dbb4a505c57bd9993ba17001a904f11b8b7ff4251cd83653a9c,569714c2f054d7e589e1a1a495e488b7d47d406c61e9837ff2edbc5d46855c34,12ca0f6e05f585cf9d39f2c06178e7b8c550bd464b65480c0a93492d05bf5be9,0.5326320841608065,40.17857142857143,287,100.0,0.0,344.4022041856009,229.6000000000011,172.19999999999908,0.0,1.1480000000000008,604.8,95.0,1447.150204185601,completed,model_1.02
irrigation,ET-MPC,N0_ideal,2036,persistence,0.035,1.02,hold,394827343a8f6001cb1ab1a0d1afd16e534f46e4cb4ebb690ad468749e0485c4,569714c2f054d7e589e1a1a495e488b7d47d406c61e9837ff2edbc5d46855c34,12ca0f6e05f585cf9d39f2c06178e7b8c550bd464b65480c0a93492d05bf5be9,0.41761862973201286,17.410714285714285,278,100.0,0.0,333.6021350616026,222.400000000001,166.79999999999913,0.0,1.1120000000000008,604.8,180.0,1508.7141350616027,completed,model_1.02
irrigation,ET-MPC,N0_ideal,2037,persistence,0.035,1.02,hold,d8edac58a991b6376c60b848466ea6fd936159d26ae76b61a1c166a4695dfe74,569714c2f054d7e589e1a1a495e488b7d47d406c61e9837ff2edbc5d46855c34,12ca0f6e05f585cf9d39f2c06178e7b8c550bd464b65480c0a93492d05bf5be9,0.5567663082064428,42.410714285714285,277,100.0,0.0,332.40212738634045,221.600000000001,166.19999999999914,0.0,1.1080000000000008,604.8,3.75,1329.8601273863405,completed,model_1.02
irrigation,ET-MPC,N0_ideal,2038,persistence,0.035,1.02,hold,0aa1f03ce5092ba59bb21d083f6d0039ab772b216c3e4fed5854aac82222bdd9,569714c2f054d7e589e1a1a495e488b7d47d406c61e9837ff2edbc5d46855c34,12ca0f6e05f585cf9d39f2c06178e7b8c550bd464b65480c0a93492d05bf5be9,0.3485110713067352,21.279761904761905,292,100.0,0.0,350.40224257820984,233.60000000000116,175.19999999999905,0.0,1.1680000000000008,604.8,11.25,1376.42024257821,completed,model_1.02
irrigation,ET-MPC,N0_ideal,2039,persistence,0.035,1.02,hold,9744a073af922538f3ee5b574e1ee38da32483397de39012840a4bbfb8582116,569714c2f054d7e589e1a1a495e488b7d47d406c61e9837ff2edbc5d46855c34,12ca0f6e05f585cf9d39f2c06178e7b8c550bd464b65480c0a93492d05bf5be9,0.3322806098708762,15.029761904761903,277,100.0,0.0,332.4021273887415,221.600000000001,166.19999999999914,0.0,1.1080000000000008,604.8,116.25,1442.3601273887416,completed,model_1.02
irrigation,ET-MPC,N0_ideal,2040,persistence,0.035,1.02,hold,6ca9799770a3d0f57e81349490c56953b69a2aca0378502da9a8d25908a62ff2,569714c2f054d7e589e1a1a495e488b7d47d406c61e9837ff2edbc5d46855c34,12ca0f6e05f585cf9d39f2c06178e7b8c550bd464b65480c0a93492d05bf5be9,0.4111618656027616,30.208333333333332,280,100.0,0.0,336.0021504204215,224.00000000000102,167.99999999999912,0.0,1.1200000000000008,604.8,101.25,1435.1721504204215,completed,model_1.02
irrigation,ET-MPC,N0_ideal,2026,persistence,0.035,1.0,zero,3a1b6620d4dad3a332da7f3737118bee624703b38f1d7d9ca8c5ba12cb80fd4d,569714c2f054d7e589e1a1a495e488b7d47d406c61e9837ff2edbc5d46855c34,12ca0f6e05f585cf9d39f2c06178e7b8c550bd464b65480c0a93492d05bf5be9,0.3149799641314642,4.166666666666666,284,100.0,0.0,340.802181140806,227.20000000000107,170.3999999999991,0.0,1.1360000000000008,604.8,345.0,1689.3381811408062,completed,buffer_no_buffer
irrigation,ET-MPC,N0_ideal,2027,persistence,0.035,1.0,zero,b232430a8643ed33d96954f62f1f40dbdbf517b2aaea1a5fd64df44749361671,569714c2f054d7e589e1a1a495e488b7d47d406c61e9837ff2edbc5d46855c34,12ca0f6e05f585cf9d39f2c06178e7b8c550bd464b65480c0a93492d05bf5be9,0.5499482726806524,40.476190476190474,285,100.0,0.0,342.0021888212523,228.00000000000108,170.9999999999991,0.0,1.1400000000000008,604.8,30.0,1376.9421888212523,completed,buffer_no_buffer
irrigation,ET-MPC,N0_ideal,2028,persistence,0.035,1.0,zero,cc7fe19d8916d4d6fe4ff1b2c634b6a95087d0c7bdfd4fa4e7df8d183495e805,569714c2f054d7e589e1a1a495e488b7d47d406c61e9837ff2edbc5d46855c34,12ca0f6e05f585cf9d39f2c06178e7b8c550bd464b65480c0a93492d05bf5be9,0.4375394272331141,23.809523809523807,287,100.0,0.0,344.4022041834909,229.6000000000011,172.19999999999908,0.0,1.1480000000000008,604.8,46.25,1398.400204183491,completed,buffer_no_buffer
irrigation,ET-MPC,N0_ideal,2029,persistence,0.035,1.0,zero,9e3774587f55cc9de2c1f912a8f24e7dfabd29750e41428a0cb346e08c761f4b,569714c2f054d7e589e1a1a495e488b7d47d406c61e9837ff2edbc5d46855c34,12ca0f6e05f585cf9d39f2c06178e7b8c550bd464b65480c0a93492d05bf5be9,0.2874785718289313,13.690476190476192,277,100.0,0.0,332.4021273799376,221.600000000001,166.19999999999914,0.0,1.1080000000000008,604.8,320.0,1646.1101273799377,completed,buffer_no_buffer
irrigation,ET-MPC,N0_ideal,2030,persistence,0.035,1.0,zero,fb063594a7b917e8152542fbdce2d5b7c517fda4a5ec91c543c42f9f02937690,569714c2f054d7e589e1a1a495e488b7d47d406c61e9837ff2edbc5d46855c34,12ca0f6e05f585cf9d39f2c06178e7b8c550bd464b65480c0a93492d05bf5be9,0.3282544740205854,16.666666666666664,299,100.0,0.0,358.8022963414247,239.20000000000124,179.399999999999,0.0,1.1960000000000008,604.8,57.5,1440.898296341425,completed,buffer_no_buffer
irrigation,ET-MPC,N0_ideal,2031,persistence,0.035,1.0,zero,e591d3f8d0a7bb04ab7c3533f8699b9149021087c4cce937f5dde3bc8de76e68,569714c2f054d7e589e1a1a495e488b7d47d406c61e9837ff2edbc5d46855c34,12ca0f6e05f585cf9d39f2c06178e7b8c550bd464b65480c0a93492d05bf5be9,0.2808684656067076,4.464285714285714,287,100.0,0.0,344.40220418407296,229.6000000000011,172.19999999999908,0.0,1.1480000000000008,604.8,215.0,1567.1502041840731,completed,buffer_no_buffer
irrigation,ET-MPC,N0_ideal,2032,persistence,0.035,1.0,zero,5109cb26135f078dbf7166b0bc9155452313493e89b94aab4b3a68025bca04f9,569714c2f054d7e589e1a1a495e488b7d47d406c61e9837ff2edbc5d46855c34,12ca0f6e05f585cf9d39f2c06178e7b8c550bd464b65480c0a93492d05bf5be9,0.5573484680096188,38.69047619047619,283,100.0,0.0,339.602173461342,226.40000000000106,169.7999999999991,0.0,1.1320000000000008,604.8,53.75,1395.484173461342,completed,buffer_no_buffer
irrigation,ET-MPC,N0_ideal,2033,persistence,0.035,1.0,zero,7405cb8d529aee04526a4ca0fc032114df03789172e1ea7bb19a44410141d25e,569714c2f054d7e589e1a1a495e488b7d47d406c61e9837ff2edbc5d46855c34,12ca0f6e05f585cf9d39f2c06178e7b8c550bd464b65480c0a93492d05bf5be9,0.3621228021864641,11.904761904761903,285,100.0,0.0,342.00218882110676,228.00000000000108,170.9999999999991,0.0,1.1400000000000008,604.8,242.5,1589.4421888211068,completed,buffer_no_buffer
irrigation,ET-MPC,N0_ideal,2034,persistence,0.035,1.0,zero,5301fbe513cd3eadf05f0eac8155f1bb95aa41f64f66a545eee74fe2298b7cea,569714c2f054d7e589e1a1a495e488b7d47d406c61e9837ff2edbc5d46855c34,12ca0f6e05f585cf9d39f2c06178e7b8c550bd464b65480c0a93492d05bf5be9,0.4008351399160858,34.970238095238095,276,100.0,0.0,331.2021197060579,220.80000000000098,165.59999999999914,0.0,1.1040000000000008,604.8,262.5,1586.0061197060581,completed,buffer_no_buffer
irrigation,ET-MPC,N0_ideal,2035,persistence,0.035,1.0,zero,cb54640d71ed0dbb4a505c57bd9993ba17001a904f11b8b7ff4251cd83653a9c,569714c2f054d7e589e1a1a495e488b7d47d406c61e9837ff2edbc5d46855c34,12ca0f6e05f585cf9d39f2c06178e7b8c550bd464b65480c0a93492d05bf5be9,0.5326320841608065,40.17857142857143,287,100.0,0.0,344.4022041856009,229.6000000000011,172.19999999999908,0.0,1.1480000000000008,604.8,95.0,1447.150204185601,completed,buffer_no_buffer
irrigation,ET-MPC,N0_ideal,2036,persistence,0.035,1.0,zero,394827343a8f6001cb1ab1a0d1afd16e534f46e4cb4ebb690ad468749e0485c4,569714c2f054d7e589e1a1a495e488b7d47d406c61e9837ff2edbc5d46855c34,12ca0f6e05f585cf9d39f2c06178e7b8c550bd464b65480c0a93492d05bf5be9,0.41761862973201286,17.410714285714285,278,100.0,0.0,333.6021350616026,222.400000000001,166.79999999999913,0.0,1.1120000000000008,604.8,180.0,1508.7141350616027,completed,buffer_no_buffer
irrigation,ET-MPC,N0_ideal,2037,persistence,0.035,1.0,zero,d8edac58a991b6376c60b848466ea6fd936159d26ae76b61a1c166a4695dfe74,569714c2f054d7e589e1a1a495e488b7d47d406c61e9837ff2edbc5d46855c34,12ca0f6e05f585cf9d39f2c06178e7b8c550bd464b65480c0a93492d05bf5be9,0.5567663082064428,42.410714285714285,277,100.0,0.0,332.40212738634045,221.600000000001,166.19999999999914,0.0,1.1080000000000008,604.8,3.75,1329.8601273863405,completed,buffer_no_buffer
irrigation,ET-MPC,N0_ideal,2038,persistence,0.035,1.0,zero,0aa1f03ce5092ba59bb21d083f6d0039ab772b216c3e4fed5854aac82222bdd9,569714c2f054d7e589e1a1a495e488b7d47d406c61e9837ff2edbc5d46855c34,12ca0f6e05f585cf9d39f2c06178e7b8c550bd464b65480c0a93492d05bf5be9,0.3485110713067352,21.279761904761905,292,100.0,0.0,350.40224257820984,233.60000000000116,175.19999999999905,0.0,1.1680000000000008,604.8,11.25,1376.42024257821,completed,buffer_no_buffer
irrigation,ET-MPC,N0_ideal,2039,persistence,0.035,1.0,zero,9744a073af922538f3ee5b574e1ee38da32483397de39012840a4bbfb8582116,569714c2f054d7e589e1a1a495e488b7d47d406c61e9837ff2edbc5d46855c34,12ca0f6e05f585cf9d39f2c06178e7b8c550bd464b65480c0a93492d05bf5be9,0.3322806098708762,15.029761904761903,277,100.0,0.0,332.4021273887415,221.600000000001,166.19999999999914,0.0,1.1080000000000008,604.8,116.25,1442.3601273887416,completed,buffer_no_buffer
irrigation,ET-MPC,N0_ideal,2040,persistence,0.035,1.0,zero,6ca9799770a3d0f57e81349490c56953b69a2aca0378502da9a8d25908a62ff2,569714c2f054d7e589e1a1a495e488b7d47d406c61e9837ff2edbc5d46855c34,12ca0f6e05f585cf9d39f2c06178e7b8c550bd464b65480c0a93492d05bf5be9,0.4111618656027616,30.208333333333332,280,100.0,0.0,336.0021504204215,224.00000000000102,167.99999999999912,0.0,1.1200000000000008,604.8,101.25,1435.1721504204215,completed,buffer_no_buffer
irrigation,ET-MPC,N1_nominal,2026,persistence,0.02,1.0,hold,d30dc9fb0fe380fa7b53276039bf4267427328da78f24d3e840142578c3c02af,569714c2f054d7e589e1a1a495e488b7d47d406c61e9837ff2edbc5d46855c34,12ca0f6e05f585cf9d39f2c06178e7b8c550bd464b65480c0a93492d05bf5be9,0.30727753639291266,8.035714285714286,315,96.82539682539682,0.0,450.74879998452343,251.2000000000014,195.04999999999896,27.59999999999999,1.260000000000001,604.8,421.25,1951.9087999845237,completed,trigger_0.02
irrigation,ET-MPC,N1_nominal,2027,persistence,0.02,1.0,hold,ba58b75e7c33c3bb8f91dec4cafedf843134dcb2955f3fb51ba5ec74bdcc7f83,569714c2f054d7e589e1a1a495e488b7d47d406c61e9837ff2edbc5d46855c34,12ca0f6e05f585cf9d39f2c06178e7b8c550bd464b65480c0a93492d05bf5be9,0.3936895703288234,19.49404761904762,312,98.07692307692308,0.0,446.687999987954,248.00000000000136,192.99999999999895,28.79999999999999,1.2480000000000009,604.8,200.0,1722.5359999879543,completed,trigger_0.02
irrigation,ET-MPC,N1_nominal,2028,persistence,0.02,1.0,hold,cad3ae0647ee5801adfa5c125f2572dc67844a905a9aafc0278edd5c12e13ba9,569714c2f054d7e589e1a1a495e488b7d47d406c61e9837ff2edbc5d46855c34,12ca0f6e05f585cf9d39f2c06178e7b8c550bd464b65480c0a93492d05bf5be9,0.4166247646025112,18.452380952380953,320,99.375,0.0,448.0415999871316,256.0000000000015,195.8499999999989,19.199999999999996,1.280000000000001,604.8,193.75,1718.921599987132,completed,trigger_0.02
irrigation,ET-MPC,N1_nominal,2029,persistence,0.02,1.0,hold,1dbcf5c7660505b799741bc1e64e00f79fa0209a1baf38fd298c06bb8cf74dbe,569714c2f054d7e589e1a1a495e488b7d47d406c61e9837ff2edbc5d46855c34,12ca0f6e05f585cf9d39f2c06178e7b8c550bd464b65480c0a93492d05bf5be9,0.27345038253052,4.315476190476191,317,96.21451104100946,0.0,449.3951999896042,251.2000000000014,194.6999999999989,21.599999999999994,1.268000000000001,604.8,213.75,1736.7131999896046,completed,trigger_0.02
irrigation,ET-MPC,N1_nominal,2030,persistence,0.02,1.0,hold,f24465982113c97ffa015688a8c803f0f37f04874886e345d24e7363677bcef5,569714c2f054d7e589e1a1a495e488b7d47d406c61e9837ff2edbc5d46855c34,12ca0f6e05f585cf9d39f2c06178e7b8c550bd464b65480c0a93492d05bf5be9,0.37779920175113646,13.392857142857142,313,97.44408945686901,0.0,452.1023999892289,248.80000000000138,194.64999999999898,33.599999999999994,1.252000000000001,604.8,93.75,1628.9543999892292,completed,trigger_0.02
irrigation,ET-MPC,N1_nominal,2031,persistence,0.02,1.0,hold,dca66ed08752f353b2fbf8bf54779f2885684ef756061c4451f65b318767c968,569714c2f054d7e589e1a1a495e488b7d47d406c61e9837ff2edbc5d46855c34,12ca0f6e05f585cf9d39f2c06178e7b8c550bd464b65480c0a93492d05bf5be9,0.4434286043692315,45.68452380952381,311,97.42765273311898,0.0,437.21279998660657,248.80000000000138,190.79999999999896,21.599999999999994,1.2440000000000009,604.8,287.5,1791.9567999866067,completed,trigger_0.02
irrigation,ET-MPC,N1_nominal,2032,persistence,0.02,1.0,hold,695bb2830d1b3fbd7514e81505f40ee391fe2e7ca953835880938e964a8ce713,569714c2f054d7e589e1a1a495e488b7d47d406c61e9837ff2edbc5d46855c34,12ca0f6e05f585cf9d39f2c06178e7b8c550bd464b65480c0a93492d05bf5be9,0.5217467052392474,31.69642857142857,316,98.41772151898734,0.0,457.5167999888962,252.80000000000143,197.2999999999989,29.99999999999999,1.264000000000001,604.8,265.0,1808.6807999888965,completed,trigger_0.02
irrigation,ET-MPC,N1_nominal,2033,persistence,0.02,1.0,hold,7be1313d2287ccd7ccb5ffb42f1ff9783cabc05d98af3698ea06b3daaa99d8e9,569714c2f054d7e589e1a1a495e488b7d47d406c61e9837ff2edbc5d46855c34,12ca0f6e05f585cf9d39f2c06178e7b8c550bd464b65480c0a93492d05bf5be9,0.3251745199943901,24.851190476190478,311,97.42765273311898,0.0,443.98079999006995,248.00000000000136,192.29999999999896,25.199999999999992,1.2440000000000009,604.8,168.75,1684.2747999900703,completed,trigger_0.02
irrigation,ET-MPC,N1_nominal,2034,persistence,0.02,1.0,hold,f692516b4876cfe7efeb1de7d13f0ec2e3cf646ac8364979b35bc7c02215c672,569714c2f054d7e589e1a1a495e488b7d47d406c61e9837ff2edbc5d46855c34,12ca0f6e05f585cf9d39f2c06178e7b8c550bd464b65480c0a93492d05bf5be9,0.49045846887788785,25.148809523809522,317,97.79179810725552,0.0,445.3343999884393,252.80000000000143,194.14999999999893,19.199999999999996,1.268000000000001,604.8,178.75,1696.3023999884397,completed,trigger_0.02
irrigation,ET-MPC,N1_nominal,2035,persistence,0.02,1.0,hold,41f1af6753ea6a86c8be31679f6bc94c3e7abb2bfe545e65a96ef7f460f2eec6,569714c2f054d7e589e1a1a495e488b7d47d406c61e9837ff2edbc5d46855c34,12ca0f6e05f585cf9d39f2c06178e7b8c550bd464b65480c0a93492d05bf5be9,0.48117531436936944,27.380952380952383,314,98.08917197452229,0.0,441.2735999904999,251.2000000000014,192.59999999999894,20.399999999999995,1.256000000000001,604.8,157.5,1669.0295999905002,completed,trigger_0.02
irrigation,ET-MPC,N1_nominal,2036,persistence,0.02,1.0,hold,f4844d2c56a92ea8ff8f142fd2f1670cd5710834bfbb81544308c7026fbf69fa,569714c2f054d7e589e1a1a495e488b7d47d406c61e9837ff2edbc5d46855c34,12ca0f6e05f585cf9d39f2c06178e7b8c550bd464b65480c0a93492d05bf5be9,0.33055437063319404,25.44642857142857,317,98.42271293375394,0.0,456.1631999902618,252.80000000000143,196.94999999999894,32.39999999999999,1.268000000000001,604.8,187.5,1731.881199990262,completed,trigger_0.02
irrigation,ET-MPC,N1_nominal,2037,persistence,0.02,1.0,hold,06502cda12919043a3e52099a241ada7436a2a6c607122531e037bc9cd709c79,569714c2f054d7e589e1a1a495e488b7d47d406c61e9837ff2edbc5d46855c34,12ca0f6e05f585cf9d39f2c06178e7b8c550bd464b65480c0a93492d05bf5be9,0.5450227086068724,38.98809523809524,313,96.48562300319489,0.0,448.04159998984653,248.80000000000138,193.59999999999894,27.59999999999999,1.252000000000001,604.8,340.0,1864.093599989847,completed,trigger_0.02
irrigation,ET-MPC,N1_nominal,2038,persistence,0.02,1.0,hold,59b8adf4c46fb68d947eb6687dba3bd531695d33e1690fdf9fedf87f19ff99f7,569714c2f054d7e589e1a1a495e488b7d47d406c61e9837ff2edbc5d46855c34,12ca0f6e05f585cf9d39f2c06178e7b8c550bd464b65480c0a93492d05bf5be9,0.3058417375378459,16.666666666666664,315,98.0952380952381,0.0,454.8095999931292,252.00000000000142,196.34999999999891,31.19999999999999,1.260000000000001,604.8,273.75,1814.1695999931294,completed,trigger_0.02
irrigation,ET-MPC,N1_nominal,2039,persistence,0.02,1.0,hold,917814c66ff62ac68a6f757fed92f2fd280d2fd362bfc3f3c5dbf5eb724e1ba7,569714c2f054d7e589e1a1a495e488b7d47d406c61e9837ff2edbc5d46855c34,12ca0f6e05f585cf9d39f2c06178e7b8c550bd464b65480c0a93492d05bf5be9,0.45692011787568176,21.13095238095238,326,97.23926380368098,0.0,458.870399989145,260.80000000000155,200.14999999999887,20.399999999999995,1.304000000000001,604.8,345.0,1891.3243999891451,completed,trigger_0.02
irrigation,ET-MPC,N1_nominal,2040,persistence,0.02,1.0,hold,fdb9b5d05a609f6da056679075d5b144579aba64659c61c154497f817a989cb3,569714c2f054d7e589e1a1a495e488b7d47d406c61e9837ff2edbc5d46855c34,12ca0f6e05f585cf9d39f2c06178e7b8c550bd464b65480c0a93492d05bf5be9,0.5285749468993726,34.523809523809526,315,97.46031746031746,0.0,437.2127999848727,251.2000000000014,191.54999999999893,20.399999999999995,1.260000000000001,604.8,2.5,1508.9227999848729,completed,trigger_0.02
irrigation,ET-MPC,N1_nominal,2026,persistence,0.035,1.0,hold,d30dc9fb0fe380fa7b53276039bf4267427328da78f24d3e840142578c3c02af,569714c2f054d7e589e1a1a495e488b7d47d406c61e9837ff2edbc5d46855c34,12ca0f6e05f585cf9d39f2c06178e7b8c550bd464b65480c0a93492d05bf5be9,0.30727753639291266,8.035714285714286,282,97.16312056737588,0.0,403.372799984309,225.60000000000105,174.79999999999913,23.999999999999993,1.1280000000000008,604.8,421.25,1854.9507999843092,completed,trigger_0.035
irrigation,ET-MPC,N1_nominal,2027,persistence,0.035,1.0,hold,ba58b75e7c33c3bb8f91dec4cafedf843134dcb2955f3fb51ba5ec74bdcc7f83,569714c2f054d7e589e1a1a495e488b7d47d406c61e9837ff2edbc5d46855c34,12ca0f6e05f585cf9d39f2c06178e7b8c550bd464b65480c0a93492d05bf5be9,0.3936895703288234,19.49404761904762,272,97.79411764705883,0.0,389.8367999943262,216.0000000000009,168.2999999999992,26.39999999999999,1.0880000000000007,604.8,200.0,1606.4247999943261,completed,trigger_0.035
irrigation,ET-MPC,N1_nominal,2028,persistence,0.035,1.0,hold,cad3ae0647ee5801adfa5c125f2572dc67844a905a9aafc0278edd5c12e13ba9,569714c2f054d7e589e1a1a495e488b7d47d406c61e9837ff2edbc5d46855c34,12ca0f6e05f585cf9d39f2c06178e7b8c550bd464b65480c0a93492d05bf5be9,0.41548278312009396,18.154761904761905,289,99.30795847750865,0.0,406.0799999915869,231.20000000000113,177.2499999999991,19.199999999999996,1.1560000000000008,604.8,192.5,1632.185999991587,completed,trigger_0.035
irrigation,ET-MPC,N1_nominal,2029,persistence,0.035,1.0,hold,1dbcf5c7660505b799741bc1e64e00f79fa0209a1baf38fd298c06bb8cf74dbe,569714c2f054d7e589e1a1a495e488b7d47d406c61e9837ff2edbc5d46855c34,12ca0f6e05f585cf9d39f2c06178e7b8c550bd464b65480c0a93492d05bf5be9,0.27327285165367426,4.315476190476191,292,96.57534246575342,0.0,414.2015999896829,231.20000000000113,179.34999999999903,20.399999999999995,1.1680000000000008,604.8,213.75,1664.869599989683,completed,trigger_0.035
irrigation,ET-MPC,N1_nominal,2030,persistence,0.035,1.0,hold,f24465982113c97ffa015688a8c803f0f37f04874886e345d24e7363677bcef5,569714c2f054d7e589e1a1a495e488b7d47d406c61e9837ff2edbc5d46855c34,12ca0f6e05f585cf9d39f2c06178e7b8c550bd464b65480c0a93492d05bf5be9,0.3778017610662283,13.392857142857142,285,97.19298245614036,0.0,410.14079998757234,226.40000000000106,176.79999999999913,29.99999999999999,1.1400000000000008,604.8,93.75,1543.0307999875724,completed,trigger_0.035
irrigation,ET-MPC,N1_nominal,2031,persistence,0.035,1.0,hold,dca66ed08752f353b2fbf8bf54779f2885684ef756061c4451f65b318767c968,569714c2f054d7e589e1a1a495e488b7d47d406c61e9837ff2edbc5d46855c34,12ca0f6e05f585cf9d39f2c06178e7b8c550bd464b65480c0a93492d05bf5be9,0.4433134340718212,45.68452380952381,281,97.15302491103203,0.0,396.6047999888674,224.80000000000103,172.79999999999916,20.399999999999995,1.1240000000000008,604.8,287.5,1708.0287999888676,completed,trigger_0.035
irrigation,ET-MPC,N1_nominal,2032,persistence,0.035,1.0,hold,695bb2830d1b3fbd7514e81505f40ee391fe2e7ca953835880938e964a8ce713,569714c2f054d7e589e1a1a495e488b7d47d406c61e9837ff2edbc5d46855c34,12ca0f6e05f585cf9d39f2c06178e7b8c550bd464b65480c0a93492d05bf5be9,0.5218073214372358,31.69642857142857,285,98.24561403508773,0.0,408.7871999900518,228.00000000000108,176.94999999999908,22.799999999999994,1.1400000000000008,604.8,265.0,1707.4771999900518,completed,trigger_0.035
irrigation,ET-MPC,N1_nominal,2033,persistence,0.035,1.0,hold,7be1313d2287ccd7ccb5ffb42f1ff9783cabc05d98af3698ea06b3daaa99d8e9,569714c2f054d7e589e1a1a495e488b7d47d406c61e9837ff2edbc5d46855c34,12ca0f6e05f585cf9d39f2c06178e7b8c550bd464b65480c0a93492d05bf5be9,0.3251909930986296,24.851190476190478,290,97.24137931034483,0.0,414.2015999886461,231.20000000000113,179.34999999999908,23.999999999999993,1.1600000000000008,604.8,168.75,1623.4615999886462,completed,trigger_0.035
irrigation,ET-MPC,N1_nominal,2034,persistence,0.035,1.0,hold,f692516b4876cfe7efeb1de7d13f0ec2e3cf646ac8364979b35bc7c02215c672,569714c2f054d7e589e1a1a495e488b7d47d406c61e9837ff2edbc5d46855c34,12ca0f6e05f585cf9d39f2c06178e7b8c550bd464b65480c0a93492d05bf5be9,0.49045738865628047,25.148809523809522,280,97.5,0.0,395.25119999024656,223.200000000001,171.94999999999916,19.199999999999996,1.1200000000000008,604.8,178.75,1594.2711999902467,completed,trigger_0.035
irrigation,ET-MPC,N1_nominal,2035,persistence,0.035,1.0,hold,41f1af6753ea6a86c8be31679f6bc94c3e7abb2bfe545e65a96ef7f460f2eec6,569714c2f054d7e589e1a1a495e488b7d47d406c61e9837ff2edbc5d46855c34,12ca0f6e05f585cf9d39f2c06178e7b8c550bd464b65480c0a93492d05bf5be9,0.480845831388528,27.380952380952383,286,97.9020979020979,0.0,402.0191999891591,228.8000000000011,175.4499999999991,17.999999999999996,1.1440000000000008,604.8,157.5,1587.7131999891594,completed,trigger_0.035
irrigation,ET-MPC,N1_nominal,2036,persistence,0.035,1.0,hold,f4844d2c56a92ea8ff8f142fd2f1670cd5710834bfbb81544308c7026fbf69fa,569714c2f054d7e589e1a1a495e488b7d47d406c61e9837ff2edbc5d46855c34,12ca0f6e05f585cf9d39f2c06178e7b8c550bd464b65480c0a93492d05bf5be9,0.3306334695083477,25.44642857142857,282,98.22695035460993,0.0,408.7871999932124,224.80000000000103,175.94999999999916,31.19999999999999,1.1280000000000008,604.8,187.5,1634.1651999932128,completed,trigger_0.035
irrigation,ET-MPC,N1_nominal,2037,persistence,0.035,1.0,hold,06502cda12919043a3e52099a241ada7436a2a6c607122531e037bc9cd709c79,569714c2f054d7e589e1a1a495e488b7d47d406c61e9837ff2edbc5d46855c34,12ca0f6e05f585cf9d39f2c06178e7b8c550bd464b65480c0a93492d05bf5be9,0.54480084595701,39.13690476190476,279,96.05734767025089,0.0,399.3119999930849,221.600000000001,172.49999999999912,23.999999999999993,1.1160000000000008,604.8,340.0,1763.3279999930849,completed,trigger_0.035
irrigation,ET-MPC,N1_nominal,2038,persistence,0.035,1.0,hold,59b8adf4c46fb68d947eb6687dba3bd531695d33e1690fdf9fedf87f19ff99f7,569714c2f054d7e589e1a1a495e488b7d47d406c61e9837ff2edbc5d46855c34,12ca0f6e05f585cf9d39f2c06178e7b8c550bd464b65480c0a93492d05bf5be9,0.3058417375378459,16.666666666666664,292,97.94520547945206,0.0,423.6767999959859,233.60000000000116,182.54999999999905,31.19999999999999,1.1680000000000008,604.8,273.75,1750.7447999959859,completed,trigger_0.035
irrigation,ET-MPC,N1_nominal,2039,persistence,0.035,1.0,hold,917814c66ff62ac68a6f757fed92f2fd280d2fd362bfc3f3c5dbf5eb724e1ba7,569714c2f054d7e589e1a1a495e488b7d47d406c61e9837ff2edbc5d46855c34,12ca0f6e05f585cf9d39f2c06178e7b8c550bd464b65480c0a93492d05bf5be9,0.4568127845796697,21.13095238095238,288,97.22222222222223,0.0,404.72639998956,230.4000000000011,176.6499999999991,16.799999999999997,1.1520000000000008,604.8,345.0,1779.52839998956,completed,trigger_0.035
irrigation,ET-MPC,N1_nominal,2040,persistence,0.035,1.0,hold,fdb9b5d05a609f6da056679075d5b144579aba64659c61c154497f817a989cb3,569714c2f054d7e589e1a1a495e488b7d47d406c61e9837ff2edbc5d46855c34,12ca0f6e05f585cf9d39f2c06178e7b8c550bd464b65480c0a93492d05bf5be9,0.5285749468993726,34.523809523809526,276,97.46376811594203,0.0,380.3615999889918,220.00000000000097,167.09999999999917,15.599999999999996,1.1040000000000008,604.8,2.5,1391.465599988992,completed,trigger_0.035
irrigation,ET-MPC,N1_nominal,2026,persistence,0.07,1.0,hold,d30dc9fb0fe380fa7b53276039bf4267427328da78f24d3e840142578c3c02af,569714c2f054d7e589e1a1a495e488b7d47d406c61e9837ff2edbc5d46855c34,12ca0f6e05f585cf9d39f2c06178e7b8c550bd464b65480c0a93492d05bf5be9,0.3074044352563148,8.035714285714286,185,96.21621621621621,0.0,262.59839999226364,147.19999999999993,113.89999999999965,15.599999999999996,0.7400000000000005,604.8,421.25,1566.0883999922632,completed,trigger_0.07
irrigation,ET-MPC,N1_nominal,2027,persistence,0.07,1.0,hold,ba58b75e7c33c3bb8f91dec4cafedf843134dcb2955f3fb51ba5ec74bdcc7f83,569714c2f054d7e589e1a1a495e488b7d47d406c61e9837ff2edbc5d46855c34,12ca0f6e05f585cf9d39f2c06178e7b8c550bd464b65480c0a93492d05bf5be9,0.39325504136638295,19.49404761904762,175,97.71428571428571,0.0,249.06239999427726,139.99999999999983,108.14999999999972,14.399999999999997,0.7000000000000005,604.8,198.75,1315.8623999942768,completed,trigger_0.07
irrigation,ET-MPC,N1_nominal,2028,persistence,0.07,1.0,hold,cad3ae0647ee5801adfa5c125f2572dc67844a905a9aafc0278edd5c12e13ba9,569714c2f054d7e589e1a1a495e488b7d47d406c61e9837ff2edbc5d46855c34,12ca0f6e05f585cf9d39f2c06178e7b8c550bd464b65480c0a93492d05bf5be9,0.4168185835883879,18.452380952380953,185,99.45945945945945,0.0,261.24479999579376,147.99999999999994,113.7999999999997,13.199999999999998,0.7400000000000005,604.8,193.75,1335.5347999957935,completed,trigger_0.07
irrigation,ET-MPC,N1_nominal,2029,persistence,0.07,1.0,hold,1dbcf5c7660505b799741bc1e64e00f79fa0209a1baf38fd298c06bb8cf74dbe,569714c2f054d7e589e1a1a495e488b7d47d406c61e9837ff2edbc5d46855c34,12ca0f6e05f585cf9d39f2c06178e7b8c550bd464b65480c0a93492d05bf5be9,0.27339408990108993,4.315476190476191,203,97.04433497536945,0.0,289.67039998756775,161.60000000000014,125.39999999999958,16.799999999999997,0.8120000000000006,604.8,213.75,1412.8323999875674,completed,trigger_0.07
irrigation,ET-MPC,N1_nominal,2030,persistence,0.07,1.0,hold,f24465982113c97ffa015688a8c803f0f37f04874886e345d24e7363677bcef5,569714c2f054d7e589e1a1a495e488b7d47d406c61e9837ff2edbc5d46855c34,12ca0f6e05f585cf9d39f2c06178e7b8c550bd464b65480c0a93492d05bf5be9,0.38117409825376986,13.839285714285715,192,97.39583333333333,0.0,274.7807999952671,152.0,118.54999999999963,20.399999999999995,0.7680000000000006,604.8,96.25,1267.5487999952666,completed,trigger_0.07
irrigation,ET-MPC,N1_nominal,2031,persistence,0.07,1.0,hold,dca66ed08752f353b2fbf8bf54779f2885684ef756061c4451f65b318767c968,569714c2f054d7e589e1a1a495e488b7d47d406c61e9837ff2edbc5d46855c34,12ca0f6e05f585cf9d39f2c06178e7b8c550bd464b65480c0a93492d05bf5be9,0.4433622293634793,45.68452380952381,177,97.17514124293785,0.0,251.76959999251022,141.59999999999985,109.34999999999968,13.199999999999998,0.7080000000000005,604.8,286.25,1407.6775999925098,completed,trigger_0.07
irrigation,ET-MPC,N1_nominal,2032,persistence,0.07,1.0,hold,695bb2830d1b3fbd7514e81505f40ee391fe2e7ca953835880938e964a8ce713,569714c2f054d7e589e1a1a495e488b7d47d406c61e9837ff2edbc5d46855c34,12ca0f6e05f585cf9d39f2c06178e7b8c550bd464b65480c0a93492d05bf5be9,0.5217183339661856,31.69642857142857,180,99.44444444444444,0.0,257.18399999225966,143.9999999999999,111.49999999999972,14.399999999999997,0.7200000000000005,604.8,265.0,1397.603999992259,completed,trigger_0.07
irrigation,ET-MPC,N1_nominal,2033,persistence,0.07,1.0,hold,7be1313d2287ccd7ccb5ffb42f1ff9783cabc05d98af3698ea06b3daaa99d8e9,569714c2f054d7e589e1a1a495e488b7d47d406c61e9837ff2edbc5d46855c34,12ca0f6e05f585cf9d39f2c06178e7b8c550bd464b65480c0a93492d05bf5be9,0.32510711036782336,24.702380952380953,190,97.89473684210526,0.0,272.0735999956471,152.0,117.84999999999967,14.399999999999997,0.7600000000000006,604.8,165.0,1326.8835999956468,completed,trigger_0.07
irrigation,ET-MPC,N1_nominal,2034,persistence,0.07,1.0,hold,f692516b4876cfe7efeb1de7d13f0ec2e3cf646ac8364979b35bc7c02215c672,569714c2f054d7e589e1a1a495e488b7d47d406c61e9837ff2edbc5d46855c34,12ca0f6e05f585cf9d39f2c06178e7b8c550bd464b65480c0a93492d05bf5be9,0.4899247936630742,25.0,185,97.29729729729729,0.0,261.24479999455224,147.19999999999993,113.54999999999968,13.199999999999998,0.7400000000000005,604.8,177.5,1318.2347999945518,completed,trigger_0.07
irrigation,ET-MPC,N1_nominal,2035,persistence,0.07,1.0,hold,41f1af6753ea6a86c8be31679f6bc94c3e7abb2bfe545e65a96ef7f460f2eec6,569714c2f054d7e589e1a1a495e488b7d47d406c61e9837ff2edbc5d46855c34,12ca0f6e05f585cf9d39f2c06178e7b8c550bd464b65480c0a93492d05bf5be9,0.48094067505462257,27.380952380952383,190,99.47368421052632,0.0,268.01279999085335,152.0,116.79999999999964,13.199999999999998,0.7600000000000006,604.8,157.5,1313.0727999908531,completed,trigger_0.07
irrigation,ET-MPC,N1_nominal,2036,persistence,0.07,1.0,hold,f4844d2c56a92ea8ff8f142fd2f1670cd5710834bfbb81544308c7026fbf69fa,569714c2f054d7e589e1a1a495e488b7d47d406c61e9837ff2edbc5d46855c34,12ca0f6e05f585cf9d39f2c06178e7b8c550bd464b65480c0a93492d05bf5be9,0.3308752362709752,25.297619047619047,190,98.94736842105263,0.0,274.78079999697246,152.0,118.54999999999968,20.399999999999995,0.7600000000000006,604.8,186.25,1357.540799996972,completed,trigger_0.07
irrigation,ET-MPC,N1_nominal,2037,persistence,0.07,1.0,hold,06502cda12919043a3e52099a241ada7436a2a6c607122531e037bc9cd709c79,569714c2f054d7e589e1a1a495e488b7d47d406c61e9837ff2edbc5d46855c34,12ca0f6e05f585cf9d39f2c06178e7b8c550bd464b65480c0a93492d05bf5be9,0.5452465379419345,39.13690476190476,198,95.95959595959596,0.0,284.2559999949216,157.60000000000008,122.74999999999959,17.999999999999996,0.7920000000000006,604.8,341.25,1529.4479999949212,completed,trigger_0.07
irrigation,ET-MPC,N1_nominal,2038,persistence,0.07,1.0,hold,59b8adf4c46fb68d947eb6687dba3bd531695d33e1690fdf9fedf87f19ff99f7,569714c2f054d7e589e1a1a495e488b7d47d406c61e9837ff2edbc5d46855c34,12ca0f6e05f585cf9d39f2c06178e7b8c550bd464b65480c0a93492d05bf5be9,0.3066339360594147,16.666666666666664,199,97.98994974874371,0.0,292.37759999608716,159.2000000000001,125.34999999999961,25.199999999999992,0.7960000000000006,604.8,273.75,1481.473599996087,completed,trigger_0.07
irrigation,ET-MPC,N1_nominal,2039,persistence,0.07,1.0,hold,917814c66ff62ac68a6f757fed92f2fd280d2fd362bfc3f3c5dbf5eb724e1ba7,569714c2f054d7e589e1a1a495e488b7d47d406c61e9837ff2edbc5d46855c34,12ca0f6e05f585cf9d39f2c06178e7b8c550bd464b65480c0a93492d05bf5be9,0.45815668780285385,21.577380952380953,199,96.98492462311557,0.0,278.8415999911159,159.2000000000001,121.84999999999961,11.999999999999998,0.7960000000000006,604.8,346.25,1523.7375999911155,completed,trigger_0.07
irrigation,ET-MPC,N1_nominal,2040,persistence,0.07,1.0,hold,fdb9b5d05a609f6da056679075d5b144579aba64659c61c154497f817a989cb3,569714c2f054d7e589e1a1a495e488b7d47d406c61e9837ff2edbc5d46855c34,12ca0f6e05f585cf9d39f2c06178e7b8c550bd464b65480c0a93492d05bf5be9,0.5285749468993726,34.523809523809526,188,96.80851063829788,0.0,258.5375999925675,149.59999999999997,113.59999999999965,9.6,0.7520000000000006,604.8,2.5,1139.3895999925671,completed,trigger_0.07
irrigation,ET-MPC,N1_nominal,2026,persistence,0.035,1.0,hold,d30dc9fb0fe380fa7b53276039bf4267427328da78f24d3e840142578c3c02af,569714c2f054d7e589e1a1a495e488b7d47d406c61e9837ff2edbc5d46855c34,12ca0f6e05f585cf9d39f2c06178e7b8c550bd464b65480c0a93492d05bf5be9,0.30727753639291266,8.035714285714286,282,97.16312056737588,0.0,403.372799984309,225.60000000000105,174.79999999999913,23.999999999999993,1.1280000000000008,604.8,421.25,1854.9507999843092,completed,forecast_persistence
irrigation,ET-MPC,N1_nominal,2027,persistence,0.035,1.0,hold,ba58b75e7c33c3bb8f91dec4cafedf843134dcb2955f3fb51ba5ec74bdcc7f83,569714c2f054d7e589e1a1a495e488b7d47d406c61e9837ff2edbc5d46855c34,12ca0f6e05f585cf9d39f2c06178e7b8c550bd464b65480c0a93492d05bf5be9,0.3936895703288234,19.49404761904762,272,97.79411764705883,0.0,389.8367999943262,216.0000000000009,168.2999999999992,26.39999999999999,1.0880000000000007,604.8,200.0,1606.4247999943261,completed,forecast_persistence
irrigation,ET-MPC,N1_nominal,2028,persistence,0.035,1.0,hold,cad3ae0647ee5801adfa5c125f2572dc67844a905a9aafc0278edd5c12e13ba9,569714c2f054d7e589e1a1a495e488b7d47d406c61e9837ff2edbc5d46855c34,12ca0f6e05f585cf9d39f2c06178e7b8c550bd464b65480c0a93492d05bf5be9,0.41548278312009396,18.154761904761905,289,99.30795847750865,0.0,406.0799999915869,231.20000000000113,177.2499999999991,19.199999999999996,1.1560000000000008,604.8,192.5,1632.185999991587,completed,forecast_persistence
irrigation,ET-MPC,N1_nominal,2029,persistence,0.035,1.0,hold,1dbcf5c7660505b799741bc1e64e00f79fa0209a1baf38fd298c06bb8cf74dbe,569714c2f054d7e589e1a1a495e488b7d47d406c61e9837ff2edbc5d46855c34,12ca0f6e05f585cf9d39f2c06178e7b8c550bd464b65480c0a93492d05bf5be9,0.27327285165367426,4.315476190476191,292,96.57534246575342,0.0,414.2015999896829,231.20000000000113,179.34999999999903,20.399999999999995,1.1680000000000008,604.8,213.75,1664.869599989683,completed,forecast_persistence
irrigation,ET-MPC,N1_nominal,2030,persistence,0.035,1.0,hold,f24465982113c97ffa015688a8c803f0f37f04874886e345d24e7363677bcef5,569714c2f054d7e589e1a1a495e488b7d47d406c61e9837ff2edbc5d46855c34,12ca0f6e05f585cf9d39f2c06178e7b8c550bd464b65480c0a93492d05bf5be9,0.3778017610662283,13.392857142857142,285,97.19298245614036,0.0,410.14079998757234,226.40000000000106,176.79999999999913,29.99999999999999,1.1400000000000008,604.8,93.75,1543.0307999875724,completed,forecast_persistence
irrigation,ET-MPC,N1_nominal,2031,persistence,0.035,1.0,hold,dca66ed08752f353b2fbf8bf54779f2885684ef756061c4451f65b318767c968,569714c2f054d7e589e1a1a495e488b7d47d406c61e9837ff2edbc5d46855c34,12ca0f6e05f585cf9d39f2c06178e7b8c550bd464b65480c0a93492d05bf5be9,0.4433134340718212,45.68452380952381,281,97.15302491103203,0.0,396.6047999888674,224.80000000000103,172.79999999999916,20.399999999999995,1.1240000000000008,604.8,287.5,1708.0287999888676,completed,forecast_persistence
irrigation,ET-MPC,N1_nominal,2032,persistence,0.035,1.0,hold,695bb2830d1b3fbd7514e81505f40ee391fe2e7ca953835880938e964a8ce713,569714c2f054d7e589e1a1a495e488b7d47d406c61e9837ff2edbc5d46855c34,12ca0f6e05f585cf9d39f2c06178e7b8c550bd464b65480c0a93492d05bf5be9,0.5218073214372358,31.69642857142857,285,98.24561403508773,0.0,408.7871999900518,228.00000000000108,176.94999999999908,22.799999999999994,1.1400000000000008,604.8,265.0,1707.4771999900518,completed,forecast_persistence
irrigation,ET-MPC,N1_nominal,2033,persistence,0.035,1.0,hold,7be1313d2287ccd7ccb5ffb42f1ff9783cabc05d98af3698ea06b3daaa99d8e9,569714c2f054d7e589e1a1a495e488b7d47d406c61e9837ff2edbc5d46855c34,12ca0f6e05f585cf9d39f2c06178e7b8c550bd464b65480c0a93492d05bf5be9,0.3251909930986296,24.851190476190478,290,97.24137931034483,0.0,414.2015999886461,231.20000000000113,179.34999999999908,23.999999999999993,1.1600000000000008,604.8,168.75,1623.4615999886462,completed,forecast_persistence
irrigation,ET-MPC,N1_nominal,2034,persistence,0.035,1.0,hold,f692516b4876cfe7efeb1de7d13f0ec2e3cf646ac8364979b35bc7c02215c672,569714c2f054d7e589e1a1a495e488b7d47d406c61e9837ff2edbc5d46855c34,12ca0f6e05f585cf9d39f2c06178e7b8c550bd464b65480c0a93492d05bf5be9,0.49045738865628047,25.148809523809522,280,97.5,0.0,395.25119999024656,223.200000000001,171.94999999999916,19.199999999999996,1.1200000000000008,604.8,178.75,1594.2711999902467,completed,forecast_persistence
irrigation,ET-MPC,N1_nominal,2035,persistence,0.035,1.0,hold,41f1af6753ea6a86c8be31679f6bc94c3e7abb2bfe545e65a96ef7f460f2eec6,569714c2f054d7e589e1a1a495e488b7d47d406c61e9837ff2edbc5d46855c34,12ca0f6e05f585cf9d39f2c06178e7b8c550bd464b65480c0a93492d05bf5be9,0.480845831388528,27.380952380952383,286,97.9020979020979,0.0,402.0191999891591,228.8000000000011,175.4499999999991,17.999999999999996,1.1440000000000008,604.8,157.5,1587.7131999891594,completed,forecast_persistence
irrigation,ET-MPC,N1_nominal,2036,persistence,0.035,1.0,hold,f4844d2c56a92ea8ff8f142fd2f1670cd5710834bfbb81544308c7026fbf69fa,569714c2f054d7e589e1a1a495e488b7d47d406c61e9837ff2edbc5d46855c34,12ca0f6e05f585cf9d39f2c06178e7b8c550bd464b65480c0a93492d05bf5be9,0.3306334695083477,25.44642857142857,282,98.22695035460993,0.0,408.7871999932124,224.80000000000103,175.94999999999916,31.19999999999999,1.1280000000000008,604.8,187.5,1634.1651999932128,completed,forecast_persistence
irrigation,ET-MPC,N1_nominal,2037,persistence,0.035,1.0,hold,06502cda12919043a3e52099a241ada7436a2a6c607122531e037bc9cd709c79,569714c2f054d7e589e1a1a495e488b7d47d406c61e9837ff2edbc5d46855c34,12ca0f6e05f585cf9d39f2c06178e7b8c550bd464b65480c0a93492d05bf5be9,0.54480084595701,39.13690476190476,279,96.05734767025089,0.0,399.3119999930849,221.600000000001,172.49999999999912,23.999999999999993,1.1160000000000008,604.8,340.0,1763.3279999930849,completed,forecast_persistence
irrigation,ET-MPC,N1_nominal,2038,persistence,0.035,1.0,hold,59b8adf4c46fb68d947eb6687dba3bd531695d33e1690fdf9fedf87f19ff99f7,569714c2f054d7e589e1a1a495e488b7d47d406c61e9837ff2edbc5d46855c34,12ca0f6e05f585cf9d39f2c06178e7b8c550bd464b65480c0a93492d05bf5be9,0.3058417375378459,16.666666666666664,292,97.94520547945206,0.0,423.6767999959859,233.60000000000116,182.54999999999905,31.19999999999999,1.1680000000000008,604.8,273.75,1750.7447999959859,completed,forecast_persistence
irrigation,ET-MPC,N1_nominal,2039,persistence,0.035,1.0,hold,917814c66ff62ac68a6f757fed92f2fd280d2fd362bfc3f3c5dbf5eb724e1ba7,569714c2f054d7e589e1a1a495e488b7d47d406c61e9837ff2edbc5d46855c34,12ca0f6e05f585cf9d39f2c06178e7b8c550bd464b65480c0a93492d05bf5be9,0.4568127845796697,21.13095238095238,288,97.22222222222223,0.0,404.72639998956,230.4000000000011,176.6499999999991,16.799999999999997,1.1520000000000008,604.8,345.0,1779.52839998956,completed,forecast_persistence
irrigation,ET-MPC,N1_nominal,2040,persistence,0.035,1.0,hold,fdb9b5d05a609f6da056679075d5b144579aba64659c61c154497f817a989cb3,569714c2f054d7e589e1a1a495e488b7d47d406c61e9837ff2edbc5d46855c34,12ca0f6e05f585cf9d39f2c06178e7b8c550bd464b65480c0a93492d05bf5be9,0.5285749468993726,34.523809523809526,276,97.46376811594203,0.0,380.3615999889918,220.00000000000097,167.09999999999917,15.599999999999996,1.1040000000000008,604.8,2.5,1391.465599988992,completed,forecast_persistence
irrigation,ET-MPC,N1_nominal,2026,noisy_persistence,0.035,1.0,hold,d30dc9fb0fe380fa7b53276039bf4267427328da78f24d3e840142578c3c02af,569714c2f054d7e589e1a1a495e488b7d47d406c61e9837ff2edbc5d46855c34,12ca0f6e05f585cf9d39f2c06178e7b8c550bd464b65480c0a93492d05bf5be9,0.30727753639291266,8.035714285714286,282,97.16312056737588,0.0,403.372799984309,225.60000000000105,174.79999999999913,23.999999999999993,1.1280000000000008,604.8,421.25,1854.9507999843092,completed,forecast_noisy_persistence
irrigation,ET-MPC,N1_nominal,2027,noisy_persistence,0.035,1.0,hold,ba58b75e7c33c3bb8f91dec4cafedf843134dcb2955f3fb51ba5ec74bdcc7f83,569714c2f054d7e589e1a1a495e488b7d47d406c61e9837ff2edbc5d46855c34,12ca0f6e05f585cf9d39f2c06178e7b8c550bd464b65480c0a93492d05bf5be9,0.3936661227838742,19.49404761904762,271,97.7859778597786,0.0,388.4831999935499,215.2000000000009,167.6999999999992,26.39999999999999,1.0840000000000007,604.8,198.75,1602.4171999935497,completed,forecast_noisy_persistence
irrigation,ET-MPC,N1_nominal,2028,noisy_persistence,0.035,1.0,hold,cad3ae0647ee5801adfa5c125f2572dc67844a905a9aafc0278edd5c12e13ba9,569714c2f054d7e589e1a1a495e488b7d47d406c61e9837ff2edbc5d46855c34,12ca0f6e05f585cf9d39f2c06178e7b8c550bd464b65480c0a93492d05bf5be9,0.416451057185061,18.452380952380953,289,99.30795847750865,0.0,406.0799999915869,231.20000000000113,177.2499999999991,19.199999999999996,1.1560000000000008,604.8,193.75,1633.435999991587,completed,forecast_noisy_persistence
irrigation,ET-MPC,N1_nominal,2029,noisy_persistence,0.035,1.0,hold,1dbcf5c7660505b799741bc1e64e00f79fa0209a1baf38fd298c06bb8cf74dbe,569714c2f054d7e589e1a1a495e488b7d47d406c61e9837ff2edbc5d46855c34,12ca0f6e05f585cf9d39f2c06178e7b8c550bd464b65480c0a93492d05bf5be9,0.27303622241505887,4.315476190476191,292,96.57534246575342,0.0,414.2015999896829,231.20000000000113,179.34999999999903,20.399999999999995,1.1680000000000008,604.8,213.75,1664.869599989683,completed,forecast_noisy_persistence
irrigation,ET-MPC,N1_nominal,2030,noisy_persistence,0.035,1.0,hold,f24465982113c97ffa015688a8c803f0f37f04874886e345d24e7363677bcef5,569714c2f054d7e589e1a1a495e488b7d47d406c61e9837ff2edbc5d46855c34,12ca0f6e05f585cf9d39f2c06178e7b8c550bd464b65480c0a93492d05bf5be9,0.3778017610662283,13.392857142857142,285,97.19298245614036,0.0,410.14079998757234,226.40000000000106,176.79999999999913,29.99999999999999,1.1400000000000008,604.8,93.75,1543.0307999875724,completed,forecast_noisy_persistence
irrigation,ET-MPC,N1_nominal,2031,noisy_persistence,0.035,1.0,hold,dca66ed08752f353b2fbf8bf54779f2885684ef756061c4451f65b318767c968,569714c2f054d7e589e1a1a495e488b7d47d406c61e9837ff2edbc5d46855c34,12ca0f6e05f585cf9d39f2c06178e7b8c550bd464b65480c0a93492d05bf5be9,0.4433872760122005,45.68452380952381,281,97.15302491103203,0.0,396.6047999888674,224.80000000000103,172.79999999999916,20.399999999999995,1.1240000000000008,604.8,287.5,1708.0287999888676,completed,forecast_noisy_persistence
irrigation,ET-MPC,N1_nominal,2032,noisy_persistence,0.035,1.0,hold,695bb2830d1b3fbd7514e81505f40ee391fe2e7ca953835880938e964a8ce713,569714c2f054d7e589e1a1a495e488b7d47d406c61e9837ff2edbc5d46855c34,12ca0f6e05f585cf9d39f2c06178e7b8c550bd464b65480c0a93492d05bf5be9,0.5216996032091878,31.69642857142857,285,98.24561403508773,0.0,408.7871999900518,228.00000000000108,176.94999999999908,22.799999999999994,1.1400000000000008,604.8,265.0,1707.4771999900518,completed,forecast_noisy_persistence
irrigation,ET-MPC,N1_nominal,2033,noisy_persistence,0.035,1.0,hold,7be1313d2287ccd7ccb5ffb42f1ff9783cabc05d98af3698ea06b3daaa99d8e9,569714c2f054d7e589e1a1a495e488b7d47d406c61e9837ff2edbc5d46855c34,12ca0f6e05f585cf9d39f2c06178e7b8c550bd464b65480c0a93492d05bf5be9,0.32479090198813126,24.851190476190478,290,97.24137931034483,0.0,414.2015999886461,231.20000000000113,179.34999999999908,23.999999999999993,1.1600000000000008,604.8,167.5,1622.2115999886462,completed,forecast_noisy_persistence
irrigation,ET-MPC,N1_nominal,2034,noisy_persistence,0.035,1.0,hold,f692516b4876cfe7efeb1de7d13f0ec2e3cf646ac8364979b35bc7c02215c672,569714c2f054d7e589e1a1a495e488b7d47d406c61e9837ff2edbc5d46855c34,12ca0f6e05f585cf9d39f2c06178e7b8c550bd464b65480c0a93492d05bf5be9,0.49045738865628047,25.148809523809522,280,97.5,0.0,395.25119999024656,223.200000000001,171.94999999999916,19.199999999999996,1.1200000000000008,604.8,178.75,1594.2711999902467,completed,forecast_noisy_persistence
irrigation,ET-MPC,N1_nominal,2035,noisy_persistence,0.035,1.0,hold,41f1af6753ea6a86c8be31679f6bc94c3e7abb2bfe545e65a96ef7f460f2eec6,569714c2f054d7e589e1a1a495e488b7d47d406c61e9837ff2edbc5d46855c34,12ca0f6e05f585cf9d39f2c06178e7b8c550bd464b65480c0a93492d05bf5be9,0.48080764338403625,27.380952380952383,286,97.9020979020979,0.0,402.0191999891591,228.8000000000011,175.4499999999991,17.999999999999996,1.1440000000000008,604.8,157.5,1587.7131999891594,completed,forecast_noisy_persistence
irrigation,ET-MPC,N1_nominal,2036,noisy_persistence,0.035,1.0,hold,f4844d2c56a92ea8ff8f142fd2f1670cd5710834bfbb81544308c7026fbf69fa,569714c2f054d7e589e1a1a495e488b7d47d406c61e9837ff2edbc5d46855c34,12ca0f6e05f585cf9d39f2c06178e7b8c550bd464b65480c0a93492d05bf5be9,0.33066303944704795,25.44642857142857,282,98.22695035460993,0.0,408.7871999932124,224.80000000000103,175.94999999999916,31.19999999999999,1.1280000000000008,604.8,187.5,1634.1651999932128,completed,forecast_noisy_persistence
irrigation,ET-MPC,N1_nominal,2037,noisy_persistence,0.035,1.0,hold,06502cda12919043a3e52099a241ada7436a2a6c607122531e037bc9cd709c79,569714c2f054d7e589e1a1a495e488b7d47d406c61e9837ff2edbc5d46855c34,12ca0f6e05f585cf9d39f2c06178e7b8c550bd464b65480c0a93492d05bf5be9,0.5447828405729742,39.13690476190476,279,96.05734767025089,0.0,399.3119999930849,221.600000000001,172.49999999999912,23.999999999999993,1.1160000000000008,604.8,340.0,1763.3279999930849,completed,forecast_noisy_persistence
irrigation,ET-MPC,N1_nominal,2038,noisy_persistence,0.035,1.0,hold,59b8adf4c46fb68d947eb6687dba3bd531695d33e1690fdf9fedf87f19ff99f7,569714c2f054d7e589e1a1a495e488b7d47d406c61e9837ff2edbc5d46855c34,12ca0f6e05f585cf9d39f2c06178e7b8c550bd464b65480c0a93492d05bf5be9,0.30583551891706157,16.666666666666664,292,97.94520547945206,0.0,423.6767999959859,233.60000000000116,182.54999999999905,31.19999999999999,1.1680000000000008,604.8,273.75,1750.7447999959859,completed,forecast_noisy_persistence
irrigation,ET-MPC,N1_nominal,2039,noisy_persistence,0.035,1.0,hold,917814c66ff62ac68a6f757fed92f2fd280d2fd362bfc3f3c5dbf5eb724e1ba7,569714c2f054d7e589e1a1a495e488b7d47d406c61e9837ff2edbc5d46855c34,12ca0f6e05f585cf9d39f2c06178e7b8c550bd464b65480c0a93492d05bf5be9,0.4561157905217077,20.982142857142858,288,97.22222222222223,0.0,404.72639998956,230.4000000000011,176.6499999999991,16.799999999999997,1.1520000000000008,604.8,343.75,1778.27839998956,completed,forecast_noisy_persistence
irrigation,ET-MPC,N1_nominal,2040,noisy_persistence,0.035,1.0,hold,fdb9b5d05a609f6da056679075d5b144579aba64659c61c154497f817a989cb3,569714c2f054d7e589e1a1a495e488b7d47d406c61e9837ff2edbc5d46855c34,12ca0f6e05f585cf9d39f2c06178e7b8c550bd464b65480c0a93492d05bf5be9,0.5285749468993726,34.523809523809526,276,97.46376811594203,0.0,380.3615999889918,220.00000000000097,167.09999999999917,15.599999999999996,1.1040000000000008,604.8,2.5,1391.465599988992,completed,forecast_noisy_persistence
irrigation,ET-MPC,N1_nominal,2026,oracle,0.035,1.0,hold,d30dc9fb0fe380fa7b53276039bf4267427328da78f24d3e840142578c3c02af,569714c2f054d7e589e1a1a495e488b7d47d406c61e9837ff2edbc5d46855c34,12ca0f6e05f585cf9d39f2c06178e7b8c550bd464b65480c0a93492d05bf5be9,0.30590180340029655,8.035714285714286,282,97.16312056737588,0.0,403.372799984309,225.60000000000105,174.79999999999913,23.999999999999993,1.1280000000000008,604.8,420.0,1853.7007999843092,completed,forecast_oracle
irrigation,ET-MPC,N1_nominal,2027,oracle,0.035,1.0,hold,ba58b75e7c33c3bb8f91dec4cafedf843134dcb2955f3fb51ba5ec74bdcc7f83,569714c2f054d7e589e1a1a495e488b7d47d406c61e9837ff2edbc5d46855c34,12ca0f6e05f585cf9d39f2c06178e7b8c550bd464b65480c0a93492d05bf5be9,0.3932465473132385,19.49404761904762,271,97.7859778597786,0.0,388.4831999935499,215.2000000000009,167.6999999999992,26.39999999999999,1.0840000000000007,604.8,198.75,1602.4171999935497,completed,forecast_oracle
irrigation,ET-MPC,N1_nominal,2028,oracle,0.035,1.0,hold,cad3ae0647ee5801adfa5c125f2572dc67844a905a9aafc0278edd5c12e13ba9,569714c2f054d7e589e1a1a495e488b7d47d406c61e9837ff2edbc5d46855c34,12ca0f6e05f585cf9d39f2c06178e7b8c550bd464b65480c0a93492d05bf5be9,0.4168956226966811,18.452380952380953,289,99.30795847750865,0.0,406.0799999915869,231.20000000000113,177.2499999999991,19.199999999999996,1.1560000000000008,604.8,195.0,1634.685999991587,completed,forecast_oracle
irrigation,ET-MPC,N1_nominal,2029,oracle,0.035,1.0,hold,1dbcf5c7660505b799741bc1e64e00f79fa0209a1baf38fd298c06bb8cf74dbe,569714c2f054d7e589e1a1a495e488b7d47d406c61e9837ff2edbc5d46855c34,12ca0f6e05f585cf9d39f2c06178e7b8c550bd464b65480c0a93492d05bf5be9,0.273640472063085,4.315476190476191,292,96.57534246575342,0.0,414.2015999896829,231.20000000000113,179.34999999999903,20.399999999999995,1.1680000000000008,604.8,213.75,1664.869599989683,completed,forecast_oracle
irrigation,ET-MPC,N1_nominal,2030,oracle,0.035,1.0,hold,f24465982113c97ffa015688a8c803f0f37f04874886e345d24e7363677bcef5,569714c2f054d7e589e1a1a495e488b7d47d406c61e9837ff2edbc5d46855c34,12ca0f6e05f585cf9d39f2c06178e7b8c550bd464b65480c0a93492d05bf5be9,0.3777045670667066,13.392857142857142,285,97.19298245614036,0.0,410.14079998757234,226.40000000000106,176.79999999999913,29.99999999999999,1.1400000000000008,604.8,93.75,1543.0307999875724,completed,forecast_oracle
irrigation,ET-MPC,N1_nominal,2031,oracle,0.035,1.0,hold,dca66ed08752f353b2fbf8bf54779f2885684ef756061c4451f65b318767c968,569714c2f054d7e589e1a1a495e488b7d47d406c61e9837ff2edbc5d46855c34,12ca0f6e05f585cf9d39f2c06178e7b8c550bd464b65480c0a93492d05bf5be9,0.44354701642514993,45.68452380952381,281,97.15302491103203,0.0,396.6047999888674,224.80000000000103,172.79999999999916,20.399999999999995,1.1240000000000008,604.8,288.75,1709.2787999888676,completed,forecast_oracle
irrigation,ET-MPC,N1_nominal,2032,oracle,0.035,1.0,hold,695bb2830d1b3fbd7514e81505f40ee391fe2e7ca953835880938e964a8ce713,569714c2f054d7e589e1a1a495e488b7d47d406c61e9837ff2edbc5d46855c34,12ca0f6e05f585cf9d39f2c06178e7b8c550bd464b65480c0a93492d05bf5be9,0.5221749261438714,31.398809523809522,285,98.24561403508773,0.0,408.7871999900518,228.00000000000108,176.94999999999908,22.799999999999994,1.1400000000000008,604.8,266.25,1708.7271999900518,completed,forecast_oracle
irrigation,ET-MPC,N1_nominal,2033,oracle,0.035,1.0,hold,7be1313d2287ccd7ccb5ffb42f1ff9783cabc05d98af3698ea06b3daaa99d8e9,569714c2f054d7e589e1a1a495e488b7d47d406c61e9837ff2edbc5d46855c34,12ca0f6e05f585cf9d39f2c06178e7b8c550bd464b65480c0a93492d05bf5be9,0.3249111050967096,24.851190476190478,290,97.24137931034483,0.0,414.2015999886461,231.20000000000113,179.34999999999908,23.999999999999993,1.1600000000000008,604.8,165.0,1619.7115999886462,completed,forecast_oracle
irrigation,ET-MPC,N1_nominal,2034,oracle,0.035,1.0,hold,f692516b4876cfe7efeb1de7d13f0ec2e3cf646ac8364979b35bc7c02215c672,569714c2f054d7e589e1a1a495e488b7d47d406c61e9837ff2edbc5d46855c34,12ca0f6e05f585cf9d39f2c06178e7b8c550bd464b65480c0a93492d05bf5be9,0.49009460049035547,25.148809523809522,280,97.5,0.0,395.25119999024656,223.200000000001,171.94999999999916,19.199999999999996,1.1200000000000008,604.8,178.75,1594.2711999902467,completed,forecast_oracle
irrigation,ET-MPC,N1_nominal,2035,oracle,0.035,1.0,hold,41f1af6753ea6a86c8be31679f6bc94c3e7abb2bfe545e65a96ef7f460f2eec6,569714c2f054d7e589e1a1a495e488b7d47d406c61e9837ff2edbc5d46855c34,12ca0f6e05f585cf9d39f2c06178e7b8c550bd464b65480c0a93492d05bf5be9,0.4811893720330505,27.380952380952383,286,97.9020979020979,0.0,402.0191999891591,228.8000000000011,175.4499999999991,17.999999999999996,1.1440000000000008,604.8,158.75,1588.9631999891594,completed,forecast_oracle
irrigation,ET-MPC,N1_nominal,2036,oracle,0.035,1.0,hold,f4844d2c56a92ea8ff8f142fd2f1670cd5710834bfbb81544308c7026fbf69fa,569714c2f054d7e589e1a1a495e488b7d47d406c61e9837ff2edbc5d46855c34,12ca0f6e05f585cf9d39f2c06178e7b8c550bd464b65480c0a93492d05bf5be9,0.330461464920084,25.44642857142857,282,98.22695035460993,0.0,408.7871999932124,224.80000000000103,175.94999999999916,31.19999999999999,1.1280000000000008,604.8,187.5,1634.1651999932128,completed,forecast_oracle
irrigation,ET-MPC,N1_nominal,2037,oracle,0.035,1.0,hold,06502cda12919043a3e52099a241ada7436a2a6c607122531e037bc9cd709c79,569714c2f054d7e589e1a1a495e488b7d47d406c61e9837ff2edbc5d46855c34,12ca0f6e05f585cf9d39f2c06178e7b8c550bd464b65480c0a93492d05bf5be9,0.5451235752132524,39.13690476190476,279,96.05734767025089,0.0,399.3119999930849,221.600000000001,172.49999999999912,23.999999999999993,1.1160000000000008,604.8,341.25,1764.5779999930849,completed,forecast_oracle
irrigation,ET-MPC,N1_nominal,2038,oracle,0.035,1.0,hold,59b8adf4c46fb68d947eb6687dba3bd531695d33e1690fdf9fedf87f19ff99f7,569714c2f054d7e589e1a1a495e488b7d47d406c61e9837ff2edbc5d46855c34,12ca0f6e05f585cf9d39f2c06178e7b8c550bd464b65480c0a93492d05bf5be9,0.3055211029746252,16.666666666666664,292,97.94520547945206,0.0,423.6767999959859,233.60000000000116,182.54999999999905,31.19999999999999,1.1680000000000008,604.8,272.5,1749.4947999959859,completed,forecast_oracle
irrigation,ET-MPC,N1_nominal,2039,oracle,0.035,1.0,hold,917814c66ff62ac68a6f757fed92f2fd280d2fd362bfc3f3c5dbf5eb724e1ba7,569714c2f054d7e589e1a1a495e488b7d47d406c61e9837ff2edbc5d46855c34,12ca0f6e05f585cf9d39f2c06178e7b8c550bd464b65480c0a93492d05bf5be9,0.45624712484024543,20.982142857142858,288,97.22222222222223,0.0,404.72639998956,230.4000000000011,176.6499999999991,16.799999999999997,1.1520000000000008,604.8,343.75,1778.27839998956,completed,forecast_oracle
irrigation,ET-MPC,N1_nominal,2040,oracle,0.035,1.0,hold,fdb9b5d05a609f6da056679075d5b144579aba64659c61c154497f817a989cb3,569714c2f054d7e589e1a1a495e488b7d47d406c61e9837ff2edbc5d46855c34,12ca0f6e05f585cf9d39f2c06178e7b8c550bd464b65480c0a93492d05bf5be9,0.5280685413600562,34.226190476190474,276,97.46376811594203,0.0,380.3615999889918,220.00000000000097,167.09999999999917,15.599999999999996,1.1040000000000008,604.8,1.25,1390.215599988992,completed,forecast_oracle
irrigation,ET-MPC,N1_nominal,2026,persistence,0.035,0.98,hold,d30dc9fb0fe380fa7b53276039bf4267427328da78f24d3e840142578c3c02af,569714c2f054d7e589e1a1a495e488b7d47d406c61e9837ff2edbc5d46855c34,12ca0f6e05f585cf9d39f2c06178e7b8c550bd464b65480c0a93492d05bf5be9,0.30727753639291266,8.035714285714286,282,97.16312056737588,0.0,403.372799984309,225.60000000000105,174.79999999999913,23.999999999999993,1.1280000000000008,604.8,421.25,1854.9507999843092,completed,model_0.98
irrigation,ET-MPC,N1_nominal,2027,persistence,0.035,0.98,hold,ba58b75e7c33c3bb8f91dec4cafedf843134dcb2955f3fb51ba5ec74bdcc7f83,569714c2f054d7e589e1a1a495e488b7d47d406c61e9837ff2edbc5d46855c34,12ca0f6e05f585cf9d39f2c06178e7b8c550bd464b65480c0a93492d05bf5be9,0.3936895703288234,19.49404761904762,272,97.79411764705883,0.0,389.8367999943262,216.0000000000009,168.2999999999992,26.39999999999999,1.0880000000000007,604.8,200.0,1606.4247999943261,completed,model_0.98
irrigation,ET-MPC,N1_nominal,2028,persistence,0.035,0.98,hold,cad3ae0647ee5801adfa5c125f2572dc67844a905a9aafc0278edd5c12e13ba9,569714c2f054d7e589e1a1a495e488b7d47d406c61e9837ff2edbc5d46855c34,12ca0f6e05f585cf9d39f2c06178e7b8c550bd464b65480c0a93492d05bf5be9,0.41548278312009396,18.154761904761905,289,99.30795847750865,0.0,406.0799999915869,231.20000000000113,177.2499999999991,19.199999999999996,1.1560000000000008,604.8,192.5,1632.185999991587,completed,model_0.98
irrigation,ET-MPC,N1_nominal,2029,persistence,0.035,0.98,hold,1dbcf5c7660505b799741bc1e64e00f79fa0209a1baf38fd298c06bb8cf74dbe,569714c2f054d7e589e1a1a495e488b7d47d406c61e9837ff2edbc5d46855c34,12ca0f6e05f585cf9d39f2c06178e7b8c550bd464b65480c0a93492d05bf5be9,0.27327285165367426,4.315476190476191,292,96.57534246575342,0.0,414.2015999896829,231.20000000000113,179.34999999999903,20.399999999999995,1.1680000000000008,604.8,213.75,1664.869599989683,completed,model_0.98
irrigation,ET-MPC,N1_nominal,2030,persistence,0.035,0.98,hold,f24465982113c97ffa015688a8c803f0f37f04874886e345d24e7363677bcef5,569714c2f054d7e589e1a1a495e488b7d47d406c61e9837ff2edbc5d46855c34,12ca0f6e05f585cf9d39f2c06178e7b8c550bd464b65480c0a93492d05bf5be9,0.3778017610662283,13.392857142857142,285,97.19298245614036,0.0,410.14079998757234,226.40000000000106,176.79999999999913,29.99999999999999,1.1400000000000008,604.8,93.75,1543.0307999875724,completed,model_0.98
irrigation,ET-MPC,N1_nominal,2031,persistence,0.035,0.98,hold,dca66ed08752f353b2fbf8bf54779f2885684ef756061c4451f65b318767c968,569714c2f054d7e589e1a1a495e488b7d47d406c61e9837ff2edbc5d46855c34,12ca0f6e05f585cf9d39f2c06178e7b8c550bd464b65480c0a93492d05bf5be9,0.4433134340718212,45.68452380952381,281,97.15302491103203,0.0,396.6047999888674,224.80000000000103,172.79999999999916,20.399999999999995,1.1240000000000008,604.8,287.5,1708.0287999888676,completed,model_0.98
irrigation,ET-MPC,N1_nominal,2032,persistence,0.035,0.98,hold,695bb2830d1b3fbd7514e81505f40ee391fe2e7ca953835880938e964a8ce713,569714c2f054d7e589e1a1a495e488b7d47d406c61e9837ff2edbc5d46855c34,12ca0f6e05f585cf9d39f2c06178e7b8c550bd464b65480c0a93492d05bf5be9,0.5218073214372358,31.69642857142857,285,98.24561403508773,0.0,408.7871999900518,228.00000000000108,176.94999999999908,22.799999999999994,1.1400000000000008,604.8,265.0,1707.4771999900518,completed,model_0.98
irrigation,ET-MPC,N1_nominal,2033,persistence,0.035,0.98,hold,7be1313d2287ccd7ccb5ffb42f1ff9783cabc05d98af3698ea06b3daaa99d8e9,569714c2f054d7e589e1a1a495e488b7d47d406c61e9837ff2edbc5d46855c34,12ca0f6e05f585cf9d39f2c06178e7b8c550bd464b65480c0a93492d05bf5be9,0.3251909930986296,24.851190476190478,290,97.24137931034483,0.0,414.2015999886461,231.20000000000113,179.34999999999908,23.999999999999993,1.1600000000000008,604.8,168.75,1623.4615999886462,completed,model_0.98
irrigation,ET-MPC,N1_nominal,2034,persistence,0.035,0.98,hold,f692516b4876cfe7efeb1de7d13f0ec2e3cf646ac8364979b35bc7c02215c672,569714c2f054d7e589e1a1a495e488b7d47d406c61e9837ff2edbc5d46855c34,12ca0f6e05f585cf9d39f2c06178e7b8c550bd464b65480c0a93492d05bf5be9,0.49045738865628047,25.148809523809522,280,97.5,0.0,395.25119999024656,223.200000000001,171.94999999999916,19.199999999999996,1.1200000000000008,604.8,178.75,1594.2711999902467,completed,model_0.98
irrigation,ET-MPC,N1_nominal,2035,persistence,0.035,0.98,hold,41f1af6753ea6a86c8be31679f6bc94c3e7abb2bfe545e65a96ef7f460f2eec6,569714c2f054d7e589e1a1a495e488b7d47d406c61e9837ff2edbc5d46855c34,12ca0f6e05f585cf9d39f2c06178e7b8c550bd464b65480c0a93492d05bf5be9,0.480845831388528,27.380952380952383,286,97.9020979020979,0.0,402.0191999891591,228.8000000000011,175.4499999999991,17.999999999999996,1.1440000000000008,604.8,157.5,1587.7131999891594,completed,model_0.98
irrigation,ET-MPC,N1_nominal,2036,persistence,0.035,0.98,hold,f4844d2c56a92ea8ff8f142fd2f1670cd5710834bfbb81544308c7026fbf69fa,569714c2f054d7e589e1a1a495e488b7d47d406c61e9837ff2edbc5d46855c34,12ca0f6e05f585cf9d39f2c06178e7b8c550bd464b65480c0a93492d05bf5be9,0.3306334695083477,25.44642857142857,282,98.22695035460993,0.0,408.7871999932124,224.80000000000103,175.94999999999916,31.19999999999999,1.1280000000000008,604.8,187.5,1634.1651999932128,completed,model_0.98
irrigation,ET-MPC,N1_nominal,2037,persistence,0.035,0.98,hold,06502cda12919043a3e52099a241ada7436a2a6c607122531e037bc9cd709c79,569714c2f054d7e589e1a1a495e488b7d47d406c61e9837ff2edbc5d46855c34,12ca0f6e05f585cf9d39f2c06178e7b8c550bd464b65480c0a93492d05bf5be9,0.54480084595701,39.13690476190476,279,96.05734767025089,0.0,399.3119999930849,221.600000000001,172.49999999999912,23.999999999999993,1.1160000000000008,604.8,340.0,1763.3279999930849,completed,model_0.98
irrigation,ET-MPC,N1_nominal,2038,persistence,0.035,0.98,hold,59b8adf4c46fb68d947eb6687dba3bd531695d33e1690fdf9fedf87f19ff99f7,569714c2f054d7e589e1a1a495e488b7d47d406c61e9837ff2edbc5d46855c34,12ca0f6e05f585cf9d39f2c06178e7b8c550bd464b65480c0a93492d05bf5be9,0.3058417375378459,16.666666666666664,292,97.94520547945206,0.0,423.6767999959859,233.60000000000116,182.54999999999905,31.19999999999999,1.1680000000000008,604.8,273.75,1750.7447999959859,completed,model_0.98
irrigation,ET-MPC,N1_nominal,2039,persistence,0.035,0.98,hold,917814c66ff62ac68a6f757fed92f2fd280d2fd362bfc3f3c5dbf5eb724e1ba7,569714c2f054d7e589e1a1a495e488b7d47d406c61e9837ff2edbc5d46855c34,12ca0f6e05f585cf9d39f2c06178e7b8c550bd464b65480c0a93492d05bf5be9,0.4568127845796697,21.13095238095238,288,97.22222222222223,0.0,404.72639998956,230.4000000000011,176.6499999999991,16.799999999999997,1.1520000000000008,604.8,345.0,1779.52839998956,completed,model_0.98
irrigation,ET-MPC,N1_nominal,2040,persistence,0.035,0.98,hold,fdb9b5d05a609f6da056679075d5b144579aba64659c61c154497f817a989cb3,569714c2f054d7e589e1a1a495e488b7d47d406c61e9837ff2edbc5d46855c34,12ca0f6e05f585cf9d39f2c06178e7b8c550bd464b65480c0a93492d05bf5be9,0.5285749468993726,34.523809523809526,276,97.46376811594203,0.0,380.3615999889918,220.00000000000097,167.09999999999917,15.599999999999996,1.1040000000000008,604.8,2.5,1391.465599988992,completed,model_0.98
irrigation,ET-MPC,N1_nominal,2026,persistence,0.035,1.0,hold,d30dc9fb0fe380fa7b53276039bf4267427328da78f24d3e840142578c3c02af,569714c2f054d7e589e1a1a495e488b7d47d406c61e9837ff2edbc5d46855c34,12ca0f6e05f585cf9d39f2c06178e7b8c550bd464b65480c0a93492d05bf5be9,0.30727753639291266,8.035714285714286,282,97.16312056737588,0.0,403.372799984309,225.60000000000105,174.79999999999913,23.999999999999993,1.1280000000000008,604.8,421.25,1854.9507999843092,completed,model_1.0
irrigation,ET-MPC,N1_nominal,2027,persistence,0.035,1.0,hold,ba58b75e7c33c3bb8f91dec4cafedf843134dcb2955f3fb51ba5ec74bdcc7f83,569714c2f054d7e589e1a1a495e488b7d47d406c61e9837ff2edbc5d46855c34,12ca0f6e05f585cf9d39f2c06178e7b8c550bd464b65480c0a93492d05bf5be9,0.3936895703288234,19.49404761904762,272,97.79411764705883,0.0,389.8367999943262,216.0000000000009,168.2999999999992,26.39999999999999,1.0880000000000007,604.8,200.0,1606.4247999943261,completed,model_1.0
irrigation,ET-MPC,N1_nominal,2028,persistence,0.035,1.0,hold,cad3ae0647ee5801adfa5c125f2572dc67844a905a9aafc0278edd5c12e13ba9,569714c2f054d7e589e1a1a495e488b7d47d406c61e9837ff2edbc5d46855c34,12ca0f6e05f585cf9d39f2c06178e7b8c550bd464b65480c0a93492d05bf5be9,0.41548278312009396,18.154761904761905,289,99.30795847750865,0.0,406.0799999915869,231.20000000000113,177.2499999999991,19.199999999999996,1.1560000000000008,604.8,192.5,1632.185999991587,completed,model_1.0
irrigation,ET-MPC,N1_nominal,2029,persistence,0.035,1.0,hold,1dbcf5c7660505b799741bc1e64e00f79fa0209a1baf38fd298c06bb8cf74dbe,569714c2f054d7e589e1a1a495e488b7d47d406c61e9837ff2edbc5d46855c34,12ca0f6e05f585cf9d39f2c06178e7b8c550bd464b65480c0a93492d05bf5be9,0.27327285165367426,4.315476190476191,292,96.57534246575342,0.0,414.2015999896829,231.20000000000113,179.34999999999903,20.399999999999995,1.1680000000000008,604.8,213.75,1664.869599989683,completed,model_1.0
irrigation,ET-MPC,N1_nominal,2030,persistence,0.035,1.0,hold,f24465982113c97ffa015688a8c803f0f37f04874886e345d24e7363677bcef5,569714c2f054d7e589e1a1a495e488b7d47d406c61e9837ff2edbc5d46855c34,12ca0f6e05f585cf9d39f2c06178e7b8c550bd464b65480c0a93492d05bf5be9,0.3778017610662283,13.392857142857142,285,97.19298245614036,0.0,410.14079998757234,226.40000000000106,176.79999999999913,29.99999999999999,1.1400000000000008,604.8,93.75,1543.0307999875724,completed,model_1.0
irrigation,ET-MPC,N1_nominal,2031,persistence,0.035,1.0,hold,dca66ed08752f353b2fbf8bf54779f2885684ef756061c4451f65b318767c968,569714c2f054d7e589e1a1a495e488b7d47d406c61e9837ff2edbc5d46855c34,12ca0f6e05f585cf9d39f2c06178e7b8c550bd464b65480c0a93492d05bf5be9,0.4433134340718212,45.68452380952381,281,97.15302491103203,0.0,396.6047999888674,224.80000000000103,172.79999999999916,20.399999999999995,1.1240000000000008,604.8,287.5,1708.0287999888676,completed,model_1.0
irrigation,ET-MPC,N1_nominal,2032,persistence,0.035,1.0,hold,695bb2830d1b3fbd7514e81505f40ee391fe2e7ca953835880938e964a8ce713,569714c2f054d7e589e1a1a495e488b7d47d406c61e9837ff2edbc5d46855c34,12ca0f6e05f585cf9d39f2c06178e7b8c550bd464b65480c0a93492d05bf5be9,0.5218073214372358,31.69642857142857,285,98.24561403508773,0.0,408.7871999900518,228.00000000000108,176.94999999999908,22.799999999999994,1.1400000000000008,604.8,265.0,1707.4771999900518,completed,model_1.0
irrigation,ET-MPC,N1_nominal,2033,persistence,0.035,1.0,hold,7be1313d2287ccd7ccb5ffb42f1ff9783cabc05d98af3698ea06b3daaa99d8e9,569714c2f054d7e589e1a1a495e488b7d47d406c61e9837ff2edbc5d46855c34,12ca0f6e05f585cf9d39f2c06178e7b8c550bd464b65480c0a93492d05bf5be9,0.3251909930986296,24.851190476190478,290,97.24137931034483,0.0,414.2015999886461,231.20000000000113,179.34999999999908,23.999999999999993,1.1600000000000008,604.8,168.75,1623.4615999886462,completed,model_1.0
irrigation,ET-MPC,N1_nominal,2034,persistence,0.035,1.0,hold,f692516b4876cfe7efeb1de7d13f0ec2e3cf646ac8364979b35bc7c02215c672,569714c2f054d7e589e1a1a495e488b7d47d406c61e9837ff2edbc5d46855c34,12ca0f6e05f585cf9d39f2c06178e7b8c550bd464b65480c0a93492d05bf5be9,0.49045738865628047,25.148809523809522,280,97.5,0.0,395.25119999024656,223.200000000001,171.94999999999916,19.199999999999996,1.1200000000000008,604.8,178.75,1594.2711999902467,completed,model_1.0
irrigation,ET-MPC,N1_nominal,2035,persistence,0.035,1.0,hold,41f1af6753ea6a86c8be31679f6bc94c3e7abb2bfe545e65a96ef7f460f2eec6,569714c2f054d7e589e1a1a495e488b7d47d406c61e9837ff2edbc5d46855c34,12ca0f6e05f585cf9d39f2c06178e7b8c550bd464b65480c0a93492d05bf5be9,0.480845831388528,27.380952380952383,286,97.9020979020979,0.0,402.0191999891591,228.8000000000011,175.4499999999991,17.999999999999996,1.1440000000000008,604.8,157.5,1587.7131999891594,completed,model_1.0
irrigation,ET-MPC,N1_nominal,2036,persistence,0.035,1.0,hold,f4844d2c56a92ea8ff8f142fd2f1670cd5710834bfbb81544308c7026fbf69fa,569714c2f054d7e589e1a1a495e488b7d47d406c61e9837ff2edbc5d46855c34,12ca0f6e05f585cf9d39f2c06178e7b8c550bd464b65480c0a93492d05bf5be9,0.3306334695083477,25.44642857142857,282,98.22695035460993,0.0,408.7871999932124,224.80000000000103,175.94999999999916,31.19999999999999,1.1280000000000008,604.8,187.5,1634.1651999932128,completed,model_1.0
irrigation,ET-MPC,N1_nominal,2037,persistence,0.035,1.0,hold,06502cda12919043a3e52099a241ada7436a2a6c607122531e037bc9cd709c79,569714c2f054d7e589e1a1a495e488b7d47d406c61e9837ff2edbc5d46855c34,12ca0f6e05f585cf9d39f2c06178e7b8c550bd464b65480c0a93492d05bf5be9,0.54480084595701,39.13690476190476,279,96.05734767025089,0.0,399.3119999930849,221.600000000001,172.49999999999912,23.999999999999993,1.1160000000000008,604.8,340.0,1763.3279999930849,completed,model_1.0
irrigation,ET-MPC,N1_nominal,2038,persistence,0.035,1.0,hold,59b8adf4c46fb68d947eb6687dba3bd531695d33e1690fdf9fedf87f19ff99f7,569714c2f054d7e589e1a1a495e488b7d47d406c61e9837ff2edbc5d46855c34,12ca0f6e05f585cf9d39f2c06178e7b8c550bd464b65480c0a93492d05bf5be9,0.3058417375378459,16.666666666666664,292,97.94520547945206,0.0,423.6767999959859,233.60000000000116,182.54999999999905,31.19999999999999,1.1680000000000008,604.8,273.75,1750.7447999959859,completed,model_1.0
irrigation,ET-MPC,N1_nominal,2039,persistence,0.035,1.0,hold,917814c66ff62ac68a6f757fed92f2fd280d2fd362bfc3f3c5dbf5eb724e1ba7,569714c2f054d7e589e1a1a495e488b7d47d406c61e9837ff2edbc5d46855c34,12ca0f6e05f585cf9d39f2c06178e7b8c550bd464b65480c0a93492d05bf5be9,0.4568127845796697,21.13095238095238,288,97.22222222222223,0.0,404.72639998956,230.4000000000011,176.6499999999991,16.799999999999997,1.1520000000000008,604.8,345.0,1779.52839998956,completed,model_1.0
irrigation,ET-MPC,N1_nominal,2040,persistence,0.035,1.0,hold,fdb9b5d05a609f6da056679075d5b144579aba64659c61c154497f817a989cb3,569714c2f054d7e589e1a1a495e488b7d47d406c61e9837ff2edbc5d46855c34,12ca0f6e05f585cf9d39f2c06178e7b8c550bd464b65480c0a93492d05bf5be9,0.5285749468993726,34.523809523809526,276,97.46376811594203,0.0,380.3615999889918,220.00000000000097,167.09999999999917,15.599999999999996,1.1040000000000008,604.8,2.5,1391.465599988992,completed,model_1.0
irrigation,ET-MPC,N1_nominal,2026,persistence,0.035,1.02,hold,d30dc9fb0fe380fa7b53276039bf4267427328da78f24d3e840142578c3c02af,569714c2f054d7e589e1a1a495e488b7d47d406c61e9837ff2edbc5d46855c34,12ca0f6e05f585cf9d39f2c06178e7b8c550bd464b65480c0a93492d05bf5be9,0.30727753639291266,8.035714285714286,282,97.16312056737588,0.0,403.372799984309,225.60000000000105,174.79999999999913,23.999999999999993,1.1280000000000008,604.8,421.25,1854.9507999843092,completed,model_1.02
irrigation,ET-MPC,N1_nominal,2027,persistence,0.035,1.02,hold,ba58b75e7c33c3bb8f91dec4cafedf843134dcb2955f3fb51ba5ec74bdcc7f83,569714c2f054d7e589e1a1a495e488b7d47d406c61e9837ff2edbc5d46855c34,12ca0f6e05f585cf9d39f2c06178e7b8c550bd464b65480c0a93492d05bf5be9,0.3936895703288234,19.49404761904762,272,97.79411764705883,0.0,389.8367999943262,216.0000000000009,168.2999999999992,26.39999999999999,1.0880000000000007,604.8,200.0,1606.4247999943261,completed,model_1.02
irrigation,ET-MPC,N1_nominal,2028,persistence,0.035,1.02,hold,cad3ae0647ee5801adfa5c125f2572dc67844a905a9aafc0278edd5c12e13ba9,569714c2f054d7e589e1a1a495e488b7d47d406c61e9837ff2edbc5d46855c34,12ca0f6e05f585cf9d39f2c06178e7b8c550bd464b65480c0a93492d05bf5be9,0.41548278312009396,18.154761904761905,289,99.30795847750865,0.0,406.0799999915869,231.20000000000113,177.2499999999991,19.199999999999996,1.1560000000000008,604.8,192.5,1632.185999991587,completed,model_1.02
irrigation,ET-MPC,N1_nominal,2029,persistence,0.035,1.02,hold,1dbcf5c7660505b799741bc1e64e00f79fa0209a1baf38fd298c06bb8cf74dbe,569714c2f054d7e589e1a1a495e488b7d47d406c61e9837ff2edbc5d46855c34,12ca0f6e05f585cf9d39f2c06178e7b8c550bd464b65480c0a93492d05bf5be9,0.27327285165367426,4.315476190476191,292,96.57534246575342,0.0,414.2015999896829,231.20000000000113,179.34999999999903,20.399999999999995,1.1680000000000008,604.8,213.75,1664.869599989683,completed,model_1.02
irrigation,ET-MPC,N1_nominal,2030,persistence,0.035,1.02,hold,f24465982113c97ffa015688a8c803f0f37f04874886e345d24e7363677bcef5,569714c2f054d7e589e1a1a495e488b7d47d406c61e9837ff2edbc5d46855c34,12ca0f6e05f585cf9d39f2c06178e7b8c550bd464b65480c0a93492d05bf5be9,0.3778017610662283,13.392857142857142,285,97.19298245614036,0.0,410.14079998757234,226.40000000000106,176.79999999999913,29.99999999999999,1.1400000000000008,604.8,93.75,1543.0307999875724,completed,model_1.02
irrigation,ET-MPC,N1_nominal,2031,persistence,0.035,1.02,hold,dca66ed08752f353b2fbf8bf54779f2885684ef756061c4451f65b318767c968,569714c2f054d7e589e1a1a495e488b7d47d406c61e9837ff2edbc5d46855c34,12ca0f6e05f585cf9d39f2c06178e7b8c550bd464b65480c0a93492d05bf5be9,0.4433134340718212,45.68452380952381,281,97.15302491103203,0.0,396.6047999888674,224.80000000000103,172.79999999999916,20.399999999999995,1.1240000000000008,604.8,287.5,1708.0287999888676,completed,model_1.02
irrigation,ET-MPC,N1_nominal,2032,persistence,0.035,1.02,hold,695bb2830d1b3fbd7514e81505f40ee391fe2e7ca953835880938e964a8ce713,569714c2f054d7e589e1a1a495e488b7d47d406c61e9837ff2edbc5d46855c34,12ca0f6e05f585cf9d39f2c06178e7b8c550bd464b65480c0a93492d05bf5be9,0.5218073214372358,31.69642857142857,285,98.24561403508773,0.0,408.7871999900518,228.00000000000108,176.94999999999908,22.799999999999994,1.1400000000000008,604.8,265.0,1707.4771999900518,completed,model_1.02
irrigation,ET-MPC,N1_nominal,2033,persistence,0.035,1.02,hold,7be1313d2287ccd7ccb5ffb42f1ff9783cabc05d98af3698ea06b3daaa99d8e9,569714c2f054d7e589e1a1a495e488b7d47d406c61e9837ff2edbc5d46855c34,12ca0f6e05f585cf9d39f2c06178e7b8c550bd464b65480c0a93492d05bf5be9,0.3251909930986296,24.851190476190478,290,97.24137931034483,0.0,414.2015999886461,231.20000000000113,179.34999999999908,23.999999999999993,1.1600000000000008,604.8,168.75,1623.4615999886462,completed,model_1.02
irrigation,ET-MPC,N1_nominal,2034,persistence,0.035,1.02,hold,f692516b4876cfe7efeb1de7d13f0ec2e3cf646ac8364979b35bc7c02215c672,569714c2f054d7e589e1a1a495e488b7d47d406c61e9837ff2edbc5d46855c34,12ca0f6e05f585cf9d39f2c06178e7b8c550bd464b65480c0a93492d05bf5be9,0.49045738865628047,25.148809523809522,280,97.5,0.0,395.25119999024656,223.200000000001,171.94999999999916,19.199999999999996,1.1200000000000008,604.8,178.75,1594.2711999902467,completed,model_1.02
irrigation,ET-MPC,N1_nominal,2035,persistence,0.035,1.02,hold,41f1af6753ea6a86c8be31679f6bc94c3e7abb2bfe545e65a96ef7f460f2eec6,569714c2f054d7e589e1a1a495e488b7d47d406c61e9837ff2edbc5d46855c34,12ca0f6e05f585cf9d39f2c06178e7b8c550bd464b65480c0a93492d05bf5be9,0.480845831388528,27.380952380952383,286,97.9020979020979,0.0,402.0191999891591,228.8000000000011,175.4499999999991,17.999999999999996,1.1440000000000008,604.8,157.5,1587.7131999891594,completed,model_1.02
irrigation,ET-MPC,N1_nominal,2036,persistence,0.035,1.02,hold,f4844d2c56a92ea8ff8f142fd2f1670cd5710834bfbb81544308c7026fbf69fa,569714c2f054d7e589e1a1a495e488b7d47d406c61e9837ff2edbc5d46855c34,12ca0f6e05f585cf9d39f2c06178e7b8c550bd464b65480c0a93492d05bf5be9,0.3306334695083477,25.44642857142857,282,98.22695035460993,0.0,408.7871999932124,224.80000000000103,175.94999999999916,31.19999999999999,1.1280000000000008,604.8,187.5,1634.1651999932128,completed,model_1.02
irrigation,ET-MPC,N1_nominal,2037,persistence,0.035,1.02,hold,06502cda12919043a3e52099a241ada7436a2a6c607122531e037bc9cd709c79,569714c2f054d7e589e1a1a495e488b7d47d406c61e9837ff2edbc5d46855c34,12ca0f6e05f585cf9d39f2c06178e7b8c550bd464b65480c0a93492d05bf5be9,0.54480084595701,39.13690476190476,279,96.05734767025089,0.0,399.3119999930849,221.600000000001,172.49999999999912,23.999999999999993,1.1160000000000008,604.8,340.0,1763.3279999930849,completed,model_1.02
irrigation,ET-MPC,N1_nominal,2038,persistence,0.035,1.02,hold,59b8adf4c46fb68d947eb6687dba3bd531695d33e1690fdf9fedf87f19ff99f7,569714c2f054d7e589e1a1a495e488b7d47d406c61e9837ff2edbc5d46855c34,12ca0f6e05f585cf9d39f2c06178e7b8c550bd464b65480c0a93492d05bf5be9,0.3058417375378459,16.666666666666664,292,97.94520547945206,0.0,423.6767999959859,233.60000000000116,182.54999999999905,31.19999999999999,1.1680000000000008,604.8,273.75,1750.7447999959859,completed,model_1.02
irrigation,ET-MPC,N1_nominal,2039,persistence,0.035,1.02,hold,917814c66ff62ac68a6f757fed92f2fd280d2fd362bfc3f3c5dbf5eb724e1ba7,569714c2f054d7e589e1a1a495e488b7d47d406c61e9837ff2edbc5d46855c34,12ca0f6e05f585cf9d39f2c06178e7b8c550bd464b65480c0a93492d05bf5be9,0.4568127845796697,21.13095238095238,288,97.22222222222223,0.0,404.72639998956,230.4000000000011,176.6499999999991,16.799999999999997,1.1520000000000008,604.8,345.0,1779.52839998956,completed,model_1.02
irrigation,ET-MPC,N1_nominal,2040,persistence,0.035,1.02,hold,fdb9b5d05a609f6da056679075d5b144579aba64659c61c154497f817a989cb3,569714c2f054d7e589e1a1a495e488b7d47d406c61e9837ff2edbc5d46855c34,12ca0f6e05f585cf9d39f2c06178e7b8c550bd464b65480c0a93492d05bf5be9,0.5285749468993726,34.523809523809526,276,97.46376811594203,0.0,380.3615999889918,220.00000000000097,167.09999999999917,15.599999999999996,1.1040000000000008,604.8,2.5,1391.465599988992,completed,model_1.02
irrigation,ET-MPC,N1_nominal,2026,persistence,0.035,1.0,zero,d30dc9fb0fe380fa7b53276039bf4267427328da78f24d3e840142578c3c02af,569714c2f054d7e589e1a1a495e488b7d47d406c61e9837ff2edbc5d46855c34,12ca0f6e05f585cf9d39f2c06178e7b8c550bd464b65480c0a93492d05bf5be9,0.30839854881372103,8.035714285714286,282,97.16312056737588,0.0,403.372799984309,225.60000000000105,174.79999999999913,23.999999999999993,1.1280000000000008,604.8,421.25,1854.9507999843092,completed,buffer_no_buffer
irrigation,ET-MPC,N1_nominal,2027,persistence,0.035,1.0,zero,ba58b75e7c33c3bb8f91dec4cafedf843134dcb2955f3fb51ba5ec74bdcc7f83,569714c2f054d7e589e1a1a495e488b7d47d406c61e9837ff2edbc5d46855c34,12ca0f6e05f585cf9d39f2c06178e7b8c550bd464b65480c0a93492d05bf5be9,0.39387965114884244,19.49404761904762,272,97.79411764705883,0.0,389.8367999943262,216.0000000000009,168.2999999999992,26.39999999999999,1.0880000000000007,604.8,200.0,1606.4247999943261,completed,buffer_no_buffer
irrigation,ET-MPC,N1_nominal,2028,persistence,0.035,1.0,zero,cad3ae0647ee5801adfa5c125f2572dc67844a905a9aafc0278edd5c12e13ba9,569714c2f054d7e589e1a1a495e488b7d47d406c61e9837ff2edbc5d46855c34,12ca0f6e05f585cf9d39f2c06178e7b8c550bd464b65480c0a93492d05bf5be9,0.415599288805806,18.154761904761905,289,99.30795847750865,0.0,406.0799999915869,231.20000000000113,177.2499999999991,19.199999999999996,1.1560000000000008,604.8,192.5,1632.185999991587,completed,buffer_no_buffer
irrigation,ET-MPC,N1_nominal,2029,persistence,0.035,1.0,zero,1dbcf5c7660505b799741bc1e64e00f79fa0209a1baf38fd298c06bb8cf74dbe,569714c2f054d7e589e1a1a495e488b7d47d406c61e9837ff2edbc5d46855c34,12ca0f6e05f585cf9d39f2c06178e7b8c550bd464b65480c0a93492d05bf5be9,0.2732180325781749,4.315476190476191,292,96.57534246575342,0.0,414.2015999896829,231.20000000000113,179.34999999999903,20.399999999999995,1.1680000000000008,604.8,212.5,1663.619599989683,completed,buffer_no_buffer
irrigation,ET-MPC,N1_nominal,2030,persistence,0.035,1.0,zero,f24465982113c97ffa015688a8c803f0f37f04874886e345d24e7363677bcef5,569714c2f054d7e589e1a1a495e488b7d47d406c61e9837ff2edbc5d46855c34,12ca0f6e05f585cf9d39f2c06178e7b8c550bd464b65480c0a93492d05bf5be9,0.3764749567626406,13.244047619047619,285,97.19298245614036,0.0,410.14079998757234,226.40000000000106,176.79999999999913,29.99999999999999,1.1400000000000008,604.8,91.25,1540.5307999875724,completed,buffer_no_buffer
irrigation,ET-MPC,N1_nominal,2031,persistence,0.035,1.0,zero,dca66ed08752f353b2fbf8bf54779f2885684ef756061c4451f65b318767c968,569714c2f054d7e589e1a1a495e488b7d47d406c61e9837ff2edbc5d46855c34,12ca0f6e05f585cf9d39f2c06178e7b8c550bd464b65480c0a93492d05bf5be9,0.44306420305860883,45.68452380952381,281,97.15302491103203,0.0,396.6047999888674,224.80000000000103,172.79999999999916,20.399999999999995,1.1240000000000008,604.8,286.25,1706.7787999888676,completed,buffer_no_buffer
irrigation,ET-MPC,N1_nominal,2032,persistence,0.035,1.0,zero,695bb2830d1b3fbd7514e81505f40ee391fe2e7ca953835880938e964a8ce713,569714c2f054d7e589e1a1a495e488b7d47d406c61e9837ff2edbc5d46855c34,12ca0f6e05f585cf9d39f2c06178e7b8c550bd464b65480c0a93492d05bf5be9,0.5218173144192817,31.69642857142857,285,98.24561403508773,0.0,408.7871999900518,228.00000000000108,176.94999999999908,22.799999999999994,1.1400000000000008,604.8,265.0,1707.4771999900518,completed,buffer_no_buffer
irrigation,ET-MPC,N1_nominal,2033,persistence,0.035,1.0,zero,7be1313d2287ccd7ccb5ffb42f1ff9783cabc05d98af3698ea06b3daaa99d8e9,569714c2f054d7e589e1a1a495e488b7d47d406c61e9837ff2edbc5d46855c34,12ca0f6e05f585cf9d39f2c06178e7b8c550bd464b65480c0a93492d05bf5be9,0.32546584109564397,24.851190476190478,290,97.24137931034483,0.0,414.2015999886461,231.20000000000113,179.34999999999908,23.999999999999993,1.1600000000000008,604.8,168.75,1623.4615999886462,completed,buffer_no_buffer
irrigation,ET-MPC,N1_nominal,2034,persistence,0.035,1.0,zero,f692516b4876cfe7efeb1de7d13f0ec2e3cf646ac8364979b35bc7c02215c672,569714c2f054d7e589e1a1a495e488b7d47d406c61e9837ff2edbc5d46855c34,12ca0f6e05f585cf9d39f2c06178e7b8c550bd464b65480c0a93492d05bf5be9,0.49040027178150847,25.148809523809522,280,97.5,0.0,395.25119999024656,223.200000000001,171.94999999999916,19.199999999999996,1.1200000000000008,604.8,178.75,1594.2711999902467,completed,buffer_no_buffer
irrigation,ET-MPC,N1_nominal,2035,persistence,0.035,1.0,zero,41f1af6753ea6a86c8be31679f6bc94c3e7abb2bfe545e65a96ef7f460f2eec6,569714c2f054d7e589e1a1a495e488b7d47d406c61e9837ff2edbc5d46855c34,12ca0f6e05f585cf9d39f2c06178e7b8c550bd464b65480c0a93492d05bf5be9,0.480845831388528,27.380952380952383,286,97.9020979020979,0.0,402.0191999891591,228.8000000000011,175.4499999999991,17.999999999999996,1.1440000000000008,604.8,157.5,1587.7131999891594,completed,buffer_no_buffer
irrigation,ET-MPC,N1_nominal,2036,persistence,0.035,1.0,zero,f4844d2c56a92ea8ff8f142fd2f1670cd5710834bfbb81544308c7026fbf69fa,569714c2f054d7e589e1a1a495e488b7d47d406c61e9837ff2edbc5d46855c34,12ca0f6e05f585cf9d39f2c06178e7b8c550bd464b65480c0a93492d05bf5be9,0.33064733450351164,25.44642857142857,282,98.22695035460993,0.0,408.7871999932124,224.80000000000103,175.94999999999916,31.19999999999999,1.1280000000000008,604.8,187.5,1634.1651999932128,completed,buffer_no_buffer
irrigation,ET-MPC,N1_nominal,2037,persistence,0.035,1.0,zero,06502cda12919043a3e52099a241ada7436a2a6c607122531e037bc9cd709c79,569714c2f054d7e589e1a1a495e488b7d47d406c61e9837ff2edbc5d46855c34,12ca0f6e05f585cf9d39f2c06178e7b8c550bd464b65480c0a93492d05bf5be9,0.5450958595464193,38.98809523809524,279,96.05734767025089,0.0,399.3119999930849,221.600000000001,172.49999999999912,23.999999999999993,1.1160000000000008,604.8,340.0,1763.3279999930849,completed,buffer_no_buffer
irrigation,ET-MPC,N1_nominal,2038,persistence,0.035,1.0,zero,59b8adf4c46fb68d947eb6687dba3bd531695d33e1690fdf9fedf87f19ff99f7,569714c2f054d7e589e1a1a495e488b7d47d406c61e9837ff2edbc5d46855c34,12ca0f6e05f585cf9d39f2c06178e7b8c550bd464b65480c0a93492d05bf5be9,0.30485369885323343,15.922619047619047,292,97.94520547945206,0.0,423.6767999959859,233.60000000000116,182.54999999999905,31.19999999999999,1.1680000000000008,604.8,272.5,1749.4947999959859,completed,buffer_no_buffer
irrigation,ET-MPC,N1_nominal,2039,persistence,0.035,1.0,zero,917814c66ff62ac68a6f757fed92f2fd280d2fd362bfc3f3c5dbf5eb724e1ba7,569714c2f054d7e589e1a1a495e488b7d47d406c61e9837ff2edbc5d46855c34,12ca0f6e05f585cf9d39f2c06178e7b8c550bd464b65480c0a93492d05bf5be9,0.45608771190528186,20.982142857142858,288,97.22222222222223,0.0,404.72639998956,230.4000000000011,176.6499999999991,16.799999999999997,1.1520000000000008,604.8,343.75,1778.27839998956,completed,buffer_no_buffer
irrigation,ET-MPC,N1_nominal,2040,persistence,0.035,1.0,zero,fdb9b5d05a609f6da056679075d5b144579aba64659c61c154497f817a989cb3,569714c2f054d7e589e1a1a495e488b7d47d406c61e9837ff2edbc5d46855c34,12ca0f6e05f585cf9d39f2c06178e7b8c550bd464b65480c0a93492d05bf5be9,0.5285749468993726,34.523809523809526,276,97.46376811594203,0.0,380.3615999889918,220.00000000000097,167.09999999999917,15.599999999999996,1.1040000000000008,604.8,2.5,1391.465599988992,completed,buffer_no_buffer
irrigation,ET-MPC,N2_iid_loss,2026,persistence,0.02,1.0,hold,6a371ef68e14924f43f4d9f991b941316b3e22d31ddd353e429de70d709f23f5,569714c2f054d7e589e1a1a495e488b7d47d406c61e9837ff2edbc5d46855c34,12ca0f6e05f585cf9d39f2c06178e7b8c550bd464b65480c0a93492d05bf5be9,0.33374086010838905,19.940476190476193,322,88.19875776397515,0.0,526.5503999842524,247.20000000000135,213.39999999999887,90.00000000000013,1.288000000000001,604.8,67.5,1750.7383999842527,completed,trigger_0.02
irrigation,ET-MPC,N2_iid_loss,2027,persistence,0.02,1.0,hold,dd5faf652377c7e36e51ab2be40a5837bee4161ec05eeb27d3a6350ac76a86d9,569714c2f054d7e589e1a1a495e488b7d47d406c61e9837ff2edbc5d46855c34,12ca0f6e05f585cf9d39f2c06178e7b8c550bd464b65480c0a93492d05bf5be9,0.4257938030004668,17.708333333333336,314,85.35031847133757,0.0,492.7103999885506,244.80000000000132,203.8999999999989,66.00000000000006,1.256000000000001,604.8,307.5,1920.9663999885506,completed,trigger_0.02
irrigation,ET-MPC,N2_iid_loss,2028,persistence,0.02,1.0,hold,20e85eb609c3554c59d70aac78457899f50316598e9f8b972b5dcaae21d05ac2,569714c2f054d7e589e1a1a495e488b7d47d406c61e9837ff2edbc5d46855c34,12ca0f6e05f585cf9d39f2c06178e7b8c550bd464b65480c0a93492d05bf5be9,0.5643106281712982,41.07142857142857,321,87.53894080996885,0.0,529.2575999877379,248.00000000000136,214.34999999999886,92.4000000000001,1.284000000000001,604.8,38.75,1728.8415999877384,completed,trigger_0.02
irrigation,ET-MPC,N2_iid_loss,2029,persistence,0.02,1.0,hold,c91e80286b8f3c8f91500706ca25e539465b67166768d2bece53f2f38f28edfa,569714c2f054d7e589e1a1a495e488b7d47d406c61e9837ff2edbc5d46855c34,12ca0f6e05f585cf9d39f2c06178e7b8c550bd464b65480c0a93492d05bf5be9,0.4821824334543829,31.547619047619047,310,86.45161290322581,0.0,506.2463999891233,236.0000000000012,204.64999999999887,84.00000000000011,1.2400000000000009,604.8,330.0,1966.9363999891234,completed,trigger_0.02
irrigation,ET-MPC,N2_iid_loss,2030,persistence,0.02,1.0,hold,e471f4293884cc857931a710e3028b16fe3244a8b4d32e54567b49f5067aed16,569714c2f054d7e589e1a1a495e488b7d47d406c61e9837ff2edbc5d46855c34,12ca0f6e05f585cf9d39f2c06178e7b8c550bd464b65480c0a93492d05bf5be9,0.6098592128000305,49.55357142857143,314,85.98726114649682,0.0,506.2463999846851,243.2000000000013,206.89999999999893,79.20000000000009,1.256000000000001,604.8,143.75,1785.3523999846855,completed,trigger_0.02
irrigation,ET-MPC,N2_iid_loss,2031,persistence,0.02,1.0,hold,dc092ffc3b54450d4c26645083188efd17a8a5f78e8888628e5113e9e15db127,569714c2f054d7e589e1a1a495e488b7d47d406c61e9837ff2edbc5d46855c34,12ca0f6e05f585cf9d39f2c06178e7b8c550bd464b65480c0a93492d05bf5be9,0.3811062010663335,35.714285714285715,313,85.94249201277955,0.0,500.8319999936805,242.40000000000128,205.2499999999989,76.80000000000008,1.252000000000001,604.8,243.75,1875.0839999936807,completed,trigger_0.02
irrigation,ET-MPC,N2_iid_loss,2032,persistence,0.02,1.0,hold,c1dbbc602664f8d1957344e090ac9a36e9ef5d23c575232f68ed0f5b08c92e58,569714c2f054d7e589e1a1a495e488b7d47d406c61e9837ff2edbc5d46855c34,12ca0f6e05f585cf9d39f2c06178e7b8c550bd464b65480c0a93492d05bf5be9,0.2051525154408384,0.744047619047619,323,85.75851393188854,0.0,519.7823999889619,248.00000000000136,211.89999999999878,76.80000000000008,1.292000000000001,604.8,166.25,1828.824399988962,completed,trigger_0.02
irrigation,ET-MPC,N2_iid_loss,2033,persistence,0.02,1.0,hold,4e72286ad15308298260a2fe1b8d8678facdd4fbec3e171df31810acab252232,569714c2f054d7e589e1a1a495e488b7d47d406c61e9837ff2edbc5d46855c34,12ca0f6e05f585cf9d39f2c06178e7b8c550bd464b65480c0a93492d05bf5be9,0.386295282358908,19.940476190476193,319,87.7742946708464,0.0,519.7823999879602,243.2000000000013,210.3999999999989,81.60000000000011,1.276000000000001,604.8,50.0,1711.0583999879605,completed,trigger_0.02
irrigation,ET-MPC,N2_iid_loss,2034,persistence,0.02,1.0,hold,7122c059a11c42383948bbf8eb9b9440e3565e5fcd94bba35af48442f7f5e8ca,569714c2f054d7e589e1a1a495e488b7d47d406c61e9837ff2edbc5d46855c34,12ca0f6e05f585cf9d39f2c06178e7b8c550bd464b65480c0a93492d05bf5be9,0.486885159244414,25.744047619047617,322,88.19875776397515,0.0,508.95359998943906,248.80000000000138,209.3499999999989,76.8000000000001,1.288000000000001,604.8,358.75,2008.7415999894395,completed,trigger_0.02
irrigation,ET-MPC,N2_iid_loss,2035,persistence,0.02,1.0,hold,319ff5170bb3e14fc34b4a2d9ff63b95257a3326695992b7b07b8fa05bbf85ac,569714c2f054d7e589e1a1a495e488b7d47d406c61e9837ff2edbc5d46855c34,12ca0f6e05f585cf9d39f2c06178e7b8c550bd464b65480c0a93492d05bf5be9,0.22570476285088165,1.3392857142857142,315,87.93650793650794,0.0,525.1967999826938,240.00000000000125,210.79999999999885,97.20000000000014,1.260000000000001,604.8,140.0,1819.256799982694,completed,trigger_0.02
irrigation,ET-MPC,N2_iid_loss,2036,persistence,0.02,1.0,hold,5c92c2065198b4311d66587504b6f986dfc419f8e5fb7dc4a03fdce82de318e2,569714c2f054d7e589e1a1a495e488b7d47d406c61e9837ff2edbc5d46855c34,12ca0f6e05f585cf9d39f2c06178e7b8c550bd464b65480c0a93492d05bf5be9,0.33550720875155976,17.113095238095237,312,85.8974358974359,0.0,511.6607999873823,240.00000000000125,207.29999999999896,87.60000000000011,1.2480000000000009,604.8,63.75,1716.3587999873826,completed,trigger_0.02
irrigation,ET-MPC,N2_iid_loss,2037,persistence,0.02,1.0,hold,8eb7e91e47f596a0b9fd261ae1efcf625d2cf516bc73ce2dae3c6908035b15c2,569714c2f054d7e589e1a1a495e488b7d47d406c61e9837ff2edbc5d46855c34,12ca0f6e05f585cf9d39f2c06178e7b8c550bd464b65480c0a93492d05bf5be9,0.2536822020438833,2.6785714285714284,318,85.22012578616352,0.0,537.3791999951258,244.80000000000132,215.44999999999877,99.60000000000015,1.272000000000001,604.8,211.25,1914.551199995126,completed,trigger_0.02
irrigation,ET-MPC,N2_iid_loss,2038,persistence,0.02,1.0,hold,6272880fcd15d03b264ba7fb88a2c1316fce87b5ef8a7782d34933a84fbc3d08,569714c2f054d7e589e1a1a495e488b7d47d406c61e9837ff2edbc5d46855c34,12ca0f6e05f585cf9d39f2c06178e7b8c550bd464b65480c0a93492d05bf5be9,0.27165339340457373,4.464285714285714,313,84.66453674121406,0.0,494.06399998423717,240.00000000000125,202.74999999999892,66.00000000000007,1.252000000000001,604.8,100.0,1708.8659999842375,completed,trigger_0.02
irrigation,ET-MPC,N2_iid_loss,2039,persistence,0.02,1.0,hold,d86728bc1fadd29afd0ab12543a78b909b18583ad8c4b1d272f9638cb533d858,569714c2f054d7e589e1a1a495e488b7d47d406c61e9837ff2edbc5d46855c34,12ca0f6e05f585cf9d39f2c06178e7b8c550bd464b65480c0a93492d05bf5be9,0.3456147386359886,29.166666666666668,319,88.71473354231975,0.0,504.8927999909358,250.4000000000014,208.79999999999893,72.00000000000009,1.276000000000001,604.8,120.0,1762.1687999909363,completed,trigger_0.02
irrigation,ET-MPC,N2_iid_loss,2040,persistence,0.02,1.0,hold,06f4947936580707c7b30e520ea83960ddfabb850fb7537e97663c3a79e33d72,569714c2f054d7e589e1a1a495e488b7d47d406c61e9837ff2edbc5d46855c34,12ca0f6e05f585cf9d39f2c06178e7b8c550bd464b65480c0a93492d05bf5be9,0.4328697762029693,25.148809523809522,321,86.29283489096574,0.0,513.0143999885419,246.40000000000134,209.64999999999887,80.4000000000001,1.284000000000001,604.8,125.0,1780.5483999885423,completed,trigger_0.02
irrigation,ET-MPC,N2_iid_loss,2026,persistence,0.035,1.0,hold,6a371ef68e14924f43f4d9f991b941316b3e22d31ddd353e429de70d709f23f5,569714c2f054d7e589e1a1a495e488b7d47d406c61e9837ff2edbc5d46855c34,12ca0f6e05f585cf9d39f2c06178e7b8c550bd464b65480c0a93492d05bf5be9,0.33374086010838905,19.940476190476193,288,87.84722222222223,0.0,473.75999998597086,220.00000000000097,191.24999999999903,84.00000000000011,1.1520000000000008,604.8,67.5,1642.461999985971,completed,trigger_0.035
irrigation,ET-MPC,N2_iid_loss,2027,persistence,0.035,1.0,hold,dd5faf652377c7e36e51ab2be40a5837bee4161ec05eeb27d3a6350ac76a86d9,569714c2f054d7e589e1a1a495e488b7d47d406c61e9837ff2edbc5d46855c34,12ca0f6e05f585cf9d39f2c06178e7b8c550bd464b65480c0a93492d05bf5be9,0.42580794027846175,17.708333333333336,287,84.66898954703832,0.0,449.39519998736705,224.00000000000102,186.19999999999908,58.80000000000005,1.1480000000000008,604.8,307.5,1831.8431999873671,completed,trigger_0.035
irrigation,ET-MPC,N2_iid_loss,2028,persistence,0.035,1.0,hold,20e85eb609c3554c59d70aac78457899f50316598e9f8b972b5dcaae21d05ac2,569714c2f054d7e589e1a1a495e488b7d47d406c61e9837ff2edbc5d46855c34,12ca0f6e05f585cf9d39f2c06178e7b8c550bd464b65480c0a93492d05bf5be9,0.5643106281712982,41.07142857142857,285,87.36842105263158,0.0,468.34559999119193,220.00000000000097,189.8499999999991,80.40000000000009,1.1400000000000008,604.8,38.75,1603.2855999911922,completed,trigger_0.035
irrigation,ET-MPC,N2_iid_loss,2029,persistence,0.035,1.0,hold,c91e80286b8f3c8f91500706ca25e539465b67166768d2bece53f2f38f28edfa,569714c2f054d7e589e1a1a495e488b7d47d406c61e9837ff2edbc5d46855c34,12ca0f6e05f585cf9d39f2c06178e7b8c550bd464b65480c0a93492d05bf5be9,0.48207805729069175,31.547619047619047,276,86.23188405797102,0.0,450.7487999857787,209.60000000000082,182.04999999999913,75.6000000000001,1.1040000000000008,604.8,330.0,1853.902799985779,completed,trigger_0.035
irrigation,ET-MPC,N2_iid_loss,2030,persistence,0.035,1.0,hold,e471f4293884cc857931a710e3028b16fe3244a8b4d32e54567b49f5067aed16,569714c2f054d7e589e1a1a495e488b7d47d406c61e9837ff2edbc5d46855c34,12ca0f6e05f585cf9d39f2c06178e7b8c550bd464b65480c0a93492d05bf5be9,0.60981266597927,49.55357142857143,279,85.66308243727599,0.0,453.4559999865448,215.2000000000009,184.49999999999912,74.40000000000008,1.1160000000000008,604.8,143.75,1677.2219999865447,completed,trigger_0.035
irrigation,ET-MPC,N2_iid_loss,2031,persistence,0.035,1.0,hold,dc092ffc3b54450d4c26645083188efd17a8a5f78e8888628e5113e9e15db127,569714c2f054d7e589e1a1a495e488b7d47d406c61e9837ff2edbc5d46855c34,12ca0f6e05f585cf9d39f2c06178e7b8c550bd464b65480c0a93492d05bf5be9,0.3811062010663335,35.714285714285715,284,85.21126760563381,0.0,452.10239999418127,219.20000000000095,185.39999999999907,66.00000000000007,1.1360000000000008,604.8,243.75,1772.3883999941813,completed,trigger_0.035
irrigation,ET-MPC,N2_iid_loss,2032,persistence,0.035,1.0,hold,c1dbbc602664f8d1957344e090ac9a36e9ef5d23c575232f68ed0f5b08c92e58,569714c2f054d7e589e1a1a495e488b7d47d406c61e9837ff2edbc5d46855c34,12ca0f6e05f585cf9d39f2c06178e7b8c550bd464b65480c0a93492d05bf5be9,0.2051525154408384,0.744047619047619,294,86.39455782312925,0.0,472.40639998974183,226.40000000000106,192.89999999999898,69.60000000000007,1.1760000000000008,604.8,166.25,1733.5323999897419,completed,trigger_0.035
irrigation,ET-MPC,N2_iid_loss,2033,persistence,0.035,1.0,hold,4e72286ad15308298260a2fe1b8d8678facdd4fbec3e171df31810acab252232,569714c2f054d7e589e1a1a495e488b7d47d406c61e9837ff2edbc5d46855c34,12ca0f6e05f585cf9d39f2c06178e7b8c550bd464b65480c0a93492d05bf5be9,0.3863179936607214,19.940476190476193,296,87.5,0.0,483.23519998693496,224.80000000000103,195.19999999999902,76.8000000000001,1.1840000000000008,604.8,50.0,1636.019199986935,completed,trigger_0.035
irrigation,ET-MPC,N2_iid_loss,2034,persistence,0.035,1.0,hold,7122c059a11c42383948bbf8eb9b9440e3565e5fcd94bba35af48442f7f5e8ca,569714c2f054d7e589e1a1a495e488b7d47d406c61e9837ff2edbc5d46855c34,12ca0f6e05f585cf9d39f2c06178e7b8c550bd464b65480c0a93492d05bf5be9,0.486875949181937,25.744047619047617,283,86.92579505300354,0.0,449.3951999880947,217.60000000000093,184.19999999999914,67.20000000000007,1.1320000000000008,604.8,357.5,1881.827199988095,completed,trigger_0.035
irrigation,ET-MPC,N2_iid_loss,2035,persistence,0.035,1.0,hold,319ff5170bb3e14fc34b4a2d9ff63b95257a3326695992b7b07b8fa05bbf85ac,569714c2f054d7e589e1a1a495e488b7d47d406c61e9837ff2edbc5d46855c34,12ca0f6e05f585cf9d39f2c06178e7b8c550bd464b65480c0a93492d05bf5be9,0.22795754360985176,1.7857142857142856,289,87.19723183391004,0.0,484.5887999855968,220.00000000000097,194.04999999999907,92.40000000000013,1.1560000000000008,604.8,142.5,1739.4947999855967,completed,trigger_0.035
irrigation,ET-MPC,N2_iid_loss,2036,persistence,0.035,1.0,hold,5c92c2065198b4311d66587504b6f986dfc419f8e5fb7dc4a03fdce82de318e2,569714c2f054d7e589e1a1a495e488b7d47d406c61e9837ff2edbc5d46855c34,12ca0f6e05f585cf9d39f2c06178e7b8c550bd464b65480c0a93492d05bf5be9,0.33550720875155976,17.113095238095237,272,86.02941176470588,0.0,448.0415999856495,208.8000000000008,181.0999999999992,79.20000000000009,1.0880000000000007,604.8,63.75,1586.7795999856494,completed,trigger_0.035
irrigation,ET-MPC,N2_iid_loss,2037,persistence,0.035,1.0,hold,8eb7e91e47f596a0b9fd261ae1efcf625d2cf516bc73ce2dae3c6908035b15c2,569714c2f054d7e589e1a1a495e488b7d47d406c61e9837ff2edbc5d46855c34,12ca0f6e05f585cf9d39f2c06178e7b8c550bd464b65480c0a93492d05bf5be9,0.25362156518542,2.6785714285714284,277,86.28158844765343,0.0,465.6383999967923,213.60000000000088,187.14999999999904,84.00000000000011,1.1080000000000008,604.8,212.5,1768.7963999967924,completed,trigger_0.035
irrigation,ET-MPC,N2_iid_loss,2038,persistence,0.035,1.0,hold,6272880fcd15d03b264ba7fb88a2c1316fce87b5ef8a7782d34933a84fbc3d08,569714c2f054d7e589e1a1a495e488b7d47d406c61e9837ff2edbc5d46855c34,12ca0f6e05f585cf9d39f2c06178e7b8c550bd464b65480c0a93492d05bf5be9,0.27165339340457373,4.464285714285714,282,83.68794326241135,0.0,446.6879999856007,215.2000000000009,182.74999999999915,61.20000000000006,1.1280000000000008,604.8,100.0,1611.765999985601,completed,trigger_0.035
irrigation,ET-MPC,N2_iid_loss,2039,persistence,0.035,1.0,hold,d86728bc1fadd29afd0ab12543a78b909b18583ad8c4b1d272f9638cb533d858,569714c2f054d7e589e1a1a495e488b7d47d406c61e9837ff2edbc5d46855c34,12ca0f6e05f585cf9d39f2c06178e7b8c550bd464b65480c0a93492d05bf5be9,0.34572370698720634,29.166666666666668,284,88.38028169014085,0.0,452.10239998884714,222.400000000001,186.39999999999915,67.20000000000007,1.1360000000000008,604.8,120.0,1654.0383999888472,completed,trigger_0.035
irrigation,ET-MPC,N2_iid_loss,2040,persistence,0.035,1.0,hold,06f4947936580707c7b30e520ea83960ddfabb850fb7537e97663c3a79e33d72,569714c2f054d7e589e1a1a495e488b7d47d406c61e9837ff2edbc5d46855c34,12ca0f6e05f585cf9d39f2c06178e7b8c550bd464b65480c0a93492d05bf5be9,0.4328697762029693,25.148809523809522,296,86.14864864864865,0.0,471.0527999876129,228.00000000000108,193.04999999999905,73.20000000000009,1.1840000000000008,604.8,125.0,1696.286799987613,completed,trigger_0.035
irrigation,ET-MPC,N2_iid_loss,2026,persistence,0.07,1.0,hold,6a371ef68e14924f43f4d9f991b941316b3e22d31ddd353e429de70d709f23f5,569714c2f054d7e589e1a1a495e488b7d47d406c61e9837ff2edbc5d46855c34,12ca0f6e05f585cf9d39f2c06178e7b8c550bd464b65480c0a93492d05bf5be9,0.33368759136945936,20.089285714285715,202,85.64356435643565,0.0,332.9855999906785,152.0,133.5999999999996,55.200000000000045,0.8080000000000006,604.8,65.0,1344.393599990678,completed,trigger_0.07
irrigation,ET-MPC,N2_iid_loss,2027,persistence,0.07,1.0,hold,dd5faf652377c7e36e51ab2be40a5837bee4161ec05eeb27d3a6350ac76a86d9,569714c2f054d7e589e1a1a495e488b7d47d406c61e9837ff2edbc5d46855c34,12ca0f6e05f585cf9d39f2c06178e7b8c550bd464b65480c0a93492d05bf5be9,0.4256699149512453,17.708333333333336,204,84.80392156862744,0.0,324.8639999937739,158.4000000000001,133.49999999999963,46.800000000000026,0.8160000000000006,604.8,307.5,1576.6799999937737,completed,trigger_0.07
irrigation,ET-MPC,N2_iid_loss,2028,persistence,0.07,1.0,hold,20e85eb609c3554c59d70aac78457899f50316598e9f8b972b5dcaae21d05ac2,569714c2f054d7e589e1a1a495e488b7d47d406c61e9837ff2edbc5d46855c34,12ca0f6e05f585cf9d39f2c06178e7b8c550bd464b65480c0a93492d05bf5be9,0.5638741713604629,41.07142857142857,184,86.95652173913044,0.0,305.91359999567453,141.59999999999985,123.34999999999974,54.00000000000004,0.7360000000000005,604.8,36.25,1266.6495999956742,completed,trigger_0.07
irrigation,ET-MPC,N2_iid_loss,2029,persistence,0.07,1.0,hold,c91e80286b8f3c8f91500706ca25e539465b67166768d2bece53f2f38f28edfa,569714c2f054d7e589e1a1a495e488b7d47d406c61e9837ff2edbc5d46855c34,12ca0f6e05f585cf9d39f2c06178e7b8c550bd464b65480c0a93492d05bf5be9,0.48314899104154974,31.547619047619047,190,86.84210526315789,0.0,311.3279999964653,144.7999999999999,125.74999999999976,51.60000000000004,0.7600000000000006,604.8,331.25,1570.2879999964648,completed,trigger_0.07
irrigation,ET-MPC,N2_iid_loss,2030,persistence,0.07,1.0,hold,e471f4293884cc857931a710e3028b16fe3244a8b4d32e54567b49f5067aed16,569714c2f054d7e589e1a1a495e488b7d47d406c61e9837ff2edbc5d46855c34,12ca0f6e05f585cf9d39f2c06178e7b8c550bd464b65480c0a93492d05bf5be9,0.6102464978844246,49.55357142857143,168,88.0952380952381,0.0,273.42719999493215,130.3999999999997,111.44999999999978,46.800000000000026,0.6720000000000005,604.8,145.0,1312.5491999949318,completed,trigger_0.07
irrigation,ET-MPC,N2_iid_loss,2031,persistence,0.07,1.0,hold,dc092ffc3b54450d4c26645083188efd17a8a5f78e8888628e5113e9e15db127,569714c2f054d7e589e1a1a495e488b7d47d406c61e9837ff2edbc5d46855c34,12ca0f6e05f585cf9d39f2c06178e7b8c550bd464b65480c0a93492d05bf5be9,0.38093370982311403,35.86309523809524,199,85.92964824120602,0.0,316.74239998611444,152.0,129.3999999999996,45.60000000000002,0.7960000000000006,604.8,246.25,1495.588399986114,completed,trigger_0.07
irrigation,ET-MPC,N2_iid_loss,2032,persistence,0.07,1.0,hold,c1dbbc602664f8d1957344e090ac9a36e9ef5d23c575232f68ed0f5b08c92e58,569714c2f054d7e589e1a1a495e488b7d47d406c61e9837ff2edbc5d46855c34,12ca0f6e05f585cf9d39f2c06178e7b8c550bd464b65480c0a93492d05bf5be9,0.20348622118808693,0.5952380952380952,188,83.51063829787235,0.0,301.8527999861924,141.59999999999985,122.29999999999978,43.20000000000002,0.7520000000000006,604.8,165.0,1379.504799986192,completed,trigger_0.07
irrigation,ET-MPC,N2_iid_loss,2033,persistence,0.07,1.0,hold,4e72286ad15308298260a2fe1b8d8678facdd4fbec3e171df31810acab252232,569714c2f054d7e589e1a1a495e488b7d47d406c61e9837ff2edbc5d46855c34,12ca0f6e05f585cf9d39f2c06178e7b8c550bd464b65480c0a93492d05bf5be9,0.3867722834316626,19.642857142857142,203,87.19211822660098,0.0,337.046399991557,152.8,134.8999999999997,58.80000000000005,0.8120000000000006,604.8,51.25,1340.4083999915567,completed,trigger_0.07
irrigation,ET-MPC,N2_iid_loss,2034,persistence,0.07,1.0,hold,7122c059a11c42383948bbf8eb9b9440e3565e5fcd94bba35af48442f7f5e8ca,569714c2f054d7e589e1a1a495e488b7d47d406c61e9837ff2edbc5d46855c34,12ca0f6e05f585cf9d39f2c06178e7b8c550bd464b65480c0a93492d05bf5be9,0.4864467547823194,25.744047619047617,178,86.51685393258427,0.0,281.54879999316455,137.5999999999998,115.79999999999978,40.80000000000001,0.7120000000000005,604.8,357.5,1538.760799993164,completed,trigger_0.07
irrigation,ET-MPC,N2_iid_loss,2035,persistence,0.07,1.0,hold,319ff5170bb3e14fc34b4a2d9ff63b95257a3326695992b7b07b8fa05bbf85ac,569714c2f054d7e589e1a1a495e488b7d47d406c61e9837ff2edbc5d46855c34,12ca0f6e05f585cf9d39f2c06178e7b8c550bd464b65480c0a93492d05bf5be9,0.22759753065712038,1.7857142857142856,203,87.19211822660098,0.0,335.69279999244054,154.40000000000003,135.04999999999973,62.400000000000055,0.8120000000000006,604.8,142.5,1435.6547999924405,completed,trigger_0.07
irrigation,ET-MPC,N2_iid_loss,2036,persistence,0.07,1.0,hold,5c92c2065198b4311d66587504b6f986dfc419f8e5fb7dc4a03fdce82de318e2,569714c2f054d7e589e1a1a495e488b7d47d406c61e9837ff2edbc5d46855c34,12ca0f6e05f585cf9d39f2c06178e7b8c550bd464b65480c0a93492d05bf5be9,0.3366290982407488,17.113095238095237,181,88.39779005524862,0.0,296.4383999905857,139.99999999999983,120.39999999999978,49.200000000000024,0.7240000000000005,604.8,67.5,1279.0623999905854,completed,trigger_0.07
irrigation,ET-MPC,N2_iid_loss,2037,persistence,0.07,1.0,hold,8eb7e91e47f596a0b9fd261ae1efcf625d2cf516bc73ce2dae3c6908035b15c2,569714c2f054d7e589e1a1a495e488b7d47d406c61e9837ff2edbc5d46855c34,12ca0f6e05f585cf9d39f2c06178e7b8c550bd464b65480c0a93492d05bf5be9,0.25195106417340035,2.380952380952381,195,86.15384615384616,0.0,332.9855999976907,148.79999999999995,132.5999999999997,62.40000000000006,0.7800000000000006,604.8,208.75,1491.1155999976904,completed,trigger_0.07
irrigation,ET-MPC,N2_iid_loss,2038,persistence,0.07,1.0,hold,6272880fcd15d03b264ba7fb88a2c1316fce87b5ef8a7782d34933a84fbc3d08,569714c2f054d7e589e1a1a495e488b7d47d406c61e9837ff2edbc5d46855c34,12ca0f6e05f585cf9d39f2c06178e7b8c550bd464b65480c0a93492d05bf5be9,0.27294646623905616,4.613095238095238,187,81.81818181818181,0.0,300.4991999906866,141.59999999999985,121.94999999999975,42.000000000000014,0.7480000000000006,604.8,105.0,1316.597199990686,completed,trigger_0.07
irrigation,ET-MPC,N2_iid_loss,2039,persistence,0.07,1.0,hold,d86728bc1fadd29afd0ab12543a78b909b18583ad8c4b1d272f9638cb533d858,569714c2f054d7e589e1a1a495e488b7d47d406c61e9837ff2edbc5d46855c34,12ca0f6e05f585cf9d39f2c06178e7b8c550bd464b65480c0a93492d05bf5be9,0.3465376034608805,29.166666666666668,200,88.0,0.0,319.44959999177354,156.80000000000007,131.59999999999962,48.00000000000003,0.8000000000000006,604.8,120.0,1381.449599991773,completed,trigger_0.07
irrigation,ET-MPC,N2_iid_loss,2040,persistence,0.07,1.0,hold,06f4947936580707c7b30e520ea83960ddfabb850fb7537e97663c3a79e33d72,569714c2f054d7e589e1a1a495e488b7d47d406c61e9837ff2edbc5d46855c34,12ca0f6e05f585cf9d39f2c06178e7b8c550bd464b65480c0a93492d05bf5be9,0.4339963802995176,25.44642857142857,180,86.66666666666667,0.0,292.37759999401834,137.5999999999998,118.59999999999974,46.800000000000026,0.7200000000000005,604.8,126.25,1327.147599994018,completed,trigger_0.07
irrigation,ET-MPC,N2_iid_loss,2026,persistence,0.035,1.0,hold,6a371ef68e14924f43f4d9f991b941316b3e22d31ddd353e429de70d709f23f5,569714c2f054d7e589e1a1a495e488b7d47d406c61e9837ff2edbc5d46855c34,12ca0f6e05f585cf9d39f2c06178e7b8c550bd464b65480c0a93492d05bf5be9,0.33374086010838905,19.940476190476193,288,87.84722222222223,0.0,473.75999998597086,220.00000000000097,191.24999999999903,84.00000000000011,1.1520000000000008,604.8,67.5,1642.461999985971,completed,forecast_persistence
irrigation,ET-MPC,N2_iid_loss,2027,persistence,0.035,1.0,hold,dd5faf652377c7e36e51ab2be40a5837bee4161ec05eeb27d3a6350ac76a86d9,569714c2f054d7e589e1a1a495e488b7d47d406c61e9837ff2edbc5d46855c34,12ca0f6e05f585cf9d39f2c06178e7b8c550bd464b65480c0a93492d05bf5be9,0.42580794027846175,17.708333333333336,287,84.66898954703832,0.0,449.39519998736705,224.00000000000102,186.19999999999908,58.80000000000005,1.1480000000000008,604.8,307.5,1831.8431999873671,completed,forecast_persistence
irrigation,ET-MPC,N2_iid_loss,2028,persistence,0.035,1.0,hold,20e85eb609c3554c59d70aac78457899f50316598e9f8b972b5dcaae21d05ac2,569714c2f054d7e589e1a1a495e488b7d47d406c61e9837ff2edbc5d46855c34,12ca0f6e05f585cf9d39f2c06178e7b8c550bd464b65480c0a93492d05bf5be9,0.5643106281712982,41.07142857142857,285,87.36842105263158,0.0,468.34559999119193,220.00000000000097,189.8499999999991,80.40000000000009,1.1400000000000008,604.8,38.75,1603.2855999911922,completed,forecast_persistence
irrigation,ET-MPC,N2_iid_loss,2029,persistence,0.035,1.0,hold,c91e80286b8f3c8f91500706ca25e539465b67166768d2bece53f2f38f28edfa,569714c2f054d7e589e1a1a495e488b7d47d406c61e9837ff2edbc5d46855c34,12ca0f6e05f585cf9d39f2c06178e7b8c550bd464b65480c0a93492d05bf5be9,0.48207805729069175,31.547619047619047,276,86.23188405797102,0.0,450.7487999857787,209.60000000000082,182.04999999999913,75.6000000000001,1.1040000000000008,604.8,330.0,1853.902799985779,completed,forecast_persistence
irrigation,ET-MPC,N2_iid_loss,2030,persistence,0.035,1.0,hold,e471f4293884cc857931a710e3028b16fe3244a8b4d32e54567b49f5067aed16,569714c2f054d7e589e1a1a495e488b7d47d406c61e9837ff2edbc5d46855c34,12ca0f6e05f585cf9d39f2c06178e7b8c550bd464b65480c0a93492d05bf5be9,0.60981266597927,49.55357142857143,279,85.66308243727599,0.0,453.4559999865448,215.2000000000009,184.49999999999912,74.40000000000008,1.1160000000000008,604.8,143.75,1677.2219999865447,completed,forecast_persistence
irrigation,ET-MPC,N2_iid_loss,2031,persistence,0.035,1.0,hold,dc092ffc3b54450d4c26645083188efd17a8a5f78e8888628e5113e9e15db127,569714c2f054d7e589e1a1a495e488b7d47d406c61e9837ff2edbc5d46855c34,12ca0f6e05f585cf9d39f2c06178e7b8c550bd464b65480c0a93492d05bf5be9,0.3811062010663335,35.714285714285715,284,85.21126760563381,0.0,452.10239999418127,219.20000000000095,185.39999999999907,66.00000000000007,1.1360000000000008,604.8,243.75,1772.3883999941813,completed,forecast_persistence
irrigation,ET-MPC,N2_iid_loss,2032,persistence,0.035,1.0,hold,c1dbbc602664f8d1957344e090ac9a36e9ef5d23c575232f68ed0f5b08c92e58,569714c2f054d7e589e1a1a495e488b7d47d406c61e9837ff2edbc5d46855c34,12ca0f6e05f585cf9d39f2c06178e7b8c550bd464b65480c0a93492d05bf5be9,0.2051525154408384,0.744047619047619,294,86.39455782312925,0.0,472.40639998974183,226.40000000000106,192.89999999999898,69.60000000000007,1.1760000000000008,604.8,166.25,1733.5323999897419,completed,forecast_persistence
irrigation,ET-MPC,N2_iid_loss,2033,persistence,0.035,1.0,hold,4e72286ad15308298260a2fe1b8d8678facdd4fbec3e171df31810acab252232,569714c2f054d7e589e1a1a495e488b7d47d406c61e9837ff2edbc5d46855c34,12ca0f6e05f585cf9d39f2c06178e7b8c550bd464b65480c0a93492d05bf5be9,0.3863179936607214,19.940476190476193,296,87.5,0.0,483.23519998693496,224.80000000000103,195.19999999999902,76.8000000000001,1.1840000000000008,604.8,50.0,1636.019199986935,completed,forecast_persistence
irrigation,ET-MPC,N2_iid_loss,2034,persistence,0.035,1.0,hold,7122c059a11c42383948bbf8eb9b9440e3565e5fcd94bba35af48442f7f5e8ca,569714c2f054d7e589e1a1a495e488b7d47d406c61e9837ff2edbc5d46855c34,12ca0f6e05f585cf9d39f2c06178e7b8c550bd464b65480c0a93492d05bf5be9,0.486875949181937,25.744047619047617,283,86.92579505300354,0.0,449.3951999880947,217.60000000000093,184.19999999999914,67.20000000000007,1.1320000000000008,604.8,357.5,1881.827199988095,completed,forecast_persistence
irrigation,ET-MPC,N2_iid_loss,2035,persistence,0.035,1.0,hold,319ff5170bb3e14fc34b4a2d9ff63b95257a3326695992b7b07b8fa05bbf85ac,569714c2f054d7e589e1a1a495e488b7d47d406c61e9837ff2edbc5d46855c34,12ca0f6e05f585cf9d39f2c06178e7b8c550bd464b65480c0a93492d05bf5be9,0.22795754360985176,1.7857142857142856,289,87.19723183391004,0.0,484.5887999855968,220.00000000000097,194.04999999999907,92.40000000000013,1.1560000000000008,604.8,142.5,1739.4947999855967,completed,forecast_persistence
irrigation,ET-MPC,N2_iid_loss,2036,persistence,0.035,1.0,hold,5c92c2065198b4311d66587504b6f986dfc419f8e5fb7dc4a03fdce82de318e2,569714c2f054d7e589e1a1a495e488b7d47d406c61e9837ff2edbc5d46855c34,12ca0f6e05f585cf9d39f2c06178e7b8c550bd464b65480c0a93492d05bf5be9,0.33550720875155976,17.113095238095237,272,86.02941176470588,0.0,448.0415999856495,208.8000000000008,181.0999999999992,79.20000000000009,1.0880000000000007,604.8,63.75,1586.7795999856494,completed,forecast_persistence
irrigation,ET-MPC,N2_iid_loss,2037,persistence,0.035,1.0,hold,8eb7e91e47f596a0b9fd261ae1efcf625d2cf516bc73ce2dae3c6908035b15c2,569714c2f054d7e589e1a1a495e488b7d47d406c61e9837ff2edbc5d46855c34,12ca0f6e05f585cf9d39f2c06178e7b8c550bd464b65480c0a93492d05bf5be9,0.25362156518542,2.6785714285714284,277,86.28158844765343,0.0,465.6383999967923,213.60000000000088,187.14999999999904,84.00000000000011,1.1080000000000008,604.8,212.5,1768.7963999967924,completed,forecast_persistence
irrigation,ET-MPC,N2_iid_loss,2038,persistence,0.035,1.0,hold,6272880fcd15d03b264ba7fb88a2c1316fce87b5ef8a7782d34933a84fbc3d08,569714c2f054d7e589e1a1a495e488b7d47d406c61e9837ff2edbc5d46855c34,12ca0f6e05f585cf9d39f2c06178e7b8c550bd464b65480c0a93492d05bf5be9,0.27165339340457373,4.464285714285714,282,83.68794326241135,0.0,446.6879999856007,215.2000000000009,182.74999999999915,61.20000000000006,1.1280000000000008,604.8,100.0,1611.765999985601,completed,forecast_persistence
irrigation,ET-MPC,N2_iid_loss,2039,persistence,0.035,1.0,hold,d86728bc1fadd29afd0ab12543a78b909b18583ad8c4b1d272f9638cb533d858,569714c2f054d7e589e1a1a495e488b7d47d406c61e9837ff2edbc5d46855c34,12ca0f6e05f585cf9d39f2c06178e7b8c550bd464b65480c0a93492d05bf5be9,0.34572370698720634,29.166666666666668,284,88.38028169014085,0.0,452.10239998884714,222.400000000001,186.39999999999915,67.20000000000007,1.1360000000000008,604.8,120.0,1654.0383999888472,completed,forecast_persistence
irrigation,ET-MPC,N2_iid_loss,2040,persistence,0.035,1.0,hold,06f4947936580707c7b30e520ea83960ddfabb850fb7537e97663c3a79e33d72,569714c2f054d7e589e1a1a495e488b7d47d406c61e9837ff2edbc5d46855c34,12ca0f6e05f585cf9d39f2c06178e7b8c550bd464b65480c0a93492d05bf5be9,0.4328697762029693,25.148809523809522,296,86.14864864864865,0.0,471.0527999876129,228.00000000000108,193.04999999999905,73.20000000000009,1.1840000000000008,604.8,125.0,1696.286799987613,completed,forecast_persistence
irrigation,ET-MPC,N2_iid_loss,2026,noisy_persistence,0.035,1.0,hold,6a371ef68e14924f43f4d9f991b941316b3e22d31ddd353e429de70d709f23f5,569714c2f054d7e589e1a1a495e488b7d47d406c61e9837ff2edbc5d46855c34,12ca0f6e05f585cf9d39f2c06178e7b8c550bd464b65480c0a93492d05bf5be9,0.33374086010838905,19.940476190476193,288,87.84722222222223,0.0,473.75999998597086,220.00000000000097,191.24999999999903,84.00000000000011,1.1520000000000008,604.8,67.5,1642.461999985971,completed,forecast_noisy_persistence
irrigation,ET-MPC,N2_iid_loss,2027,noisy_persistence,0.035,1.0,hold,dd5faf652377c7e36e51ab2be40a5837bee4161ec05eeb27d3a6350ac76a86d9,569714c2f054d7e589e1a1a495e488b7d47d406c61e9837ff2edbc5d46855c34,12ca0f6e05f585cf9d39f2c06178e7b8c550bd464b65480c0a93492d05bf5be9,0.42571436017360365,17.708333333333336,287,84.66898954703832,0.0,449.39519998736705,224.00000000000102,186.19999999999908,58.80000000000005,1.1480000000000008,604.8,307.5,1831.8431999873671,completed,forecast_noisy_persistence
irrigation,ET-MPC,N2_iid_loss,2028,noisy_persistence,0.035,1.0,hold,20e85eb609c3554c59d70aac78457899f50316598e9f8b972b5dcaae21d05ac2,569714c2f054d7e589e1a1a495e488b7d47d406c61e9837ff2edbc5d46855c34,12ca0f6e05f585cf9d39f2c06178e7b8c550bd464b65480c0a93492d05bf5be9,0.5643106281712982,41.07142857142857,285,87.36842105263158,0.0,468.34559999119193,220.00000000000097,189.8499999999991,80.40000000000009,1.1400000000000008,604.8,38.75,1603.2855999911922,completed,forecast_noisy_persistence
irrigation,ET-MPC,N2_iid_loss,2029,noisy_persistence,0.035,1.0,hold,c91e80286b8f3c8f91500706ca25e539465b67166768d2bece53f2f38f28edfa,569714c2f054d7e589e1a1a495e488b7d47d406c61e9837ff2edbc5d46855c34,12ca0f6e05f585cf9d39f2c06178e7b8c550bd464b65480c0a93492d05bf5be9,0.48207805729069175,31.547619047619047,276,86.23188405797102,0.0,450.7487999857787,209.60000000000082,182.04999999999913,75.6000000000001,1.1040000000000008,604.8,330.0,1853.902799985779,completed,forecast_noisy_persistence
irrigation,ET-MPC,N2_iid_loss,2030,noisy_persistence,0.035,1.0,hold,e471f4293884cc857931a710e3028b16fe3244a8b4d32e54567b49f5067aed16,569714c2f054d7e589e1a1a495e488b7d47d406c61e9837ff2edbc5d46855c34,12ca0f6e05f585cf9d39f2c06178e7b8c550bd464b65480c0a93492d05bf5be9,0.60981266597927,49.55357142857143,279,85.66308243727599,0.0,453.4559999865448,215.2000000000009,184.49999999999912,74.40000000000008,1.1160000000000008,604.8,143.75,1677.2219999865447,completed,forecast_noisy_persistence
irrigation,ET-MPC,N2_iid_loss,2031,noisy_persistence,0.035,1.0,hold,dc092ffc3b54450d4c26645083188efd17a8a5f78e8888628e5113e9e15db127,569714c2f054d7e589e1a1a495e488b7d47d406c61e9837ff2edbc5d46855c34,12ca0f6e05f585cf9d39f2c06178e7b8c550bd464b65480c0a93492d05bf5be9,0.3811062010663335,35.714285714285715,284,85.21126760563381,0.0,452.10239999418127,219.20000000000095,185.39999999999907,66.00000000000007,1.1360000000000008,604.8,243.75,1772.3883999941813,completed,forecast_noisy_persistence
irrigation,ET-MPC,N2_iid_loss,2032,noisy_persistence,0.035,1.0,hold,c1dbbc602664f8d1957344e090ac9a36e9ef5d23c575232f68ed0f5b08c92e58,569714c2f054d7e589e1a1a495e488b7d47d406c61e9837ff2edbc5d46855c34,12ca0f6e05f585cf9d39f2c06178e7b8c550bd464b65480c0a93492d05bf5be9,0.2051525154408384,0.744047619047619,294,86.39455782312925,0.0,472.40639998974183,226.40000000000106,192.89999999999898,69.60000000000007,1.1760000000000008,604.8,166.25,1733.5323999897419,completed,forecast_noisy_persistence
irrigation,ET-MPC,N2_iid_loss,2033,noisy_persistence,0.035,1.0,hold,4e72286ad15308298260a2fe1b8d8678facdd4fbec3e171df31810acab252232,569714c2f054d7e589e1a1a495e488b7d47d406c61e9837ff2edbc5d46855c34,12ca0f6e05f585cf9d39f2c06178e7b8c550bd464b65480c0a93492d05bf5be9,0.3863179936607214,19.940476190476193,296,87.5,0.0,483.23519998693496,224.80000000000103,195.19999999999902,76.8000000000001,1.1840000000000008,604.8,50.0,1636.019199986935,completed,forecast_noisy_persistence
irrigation,ET-MPC,N2_iid_loss,2034,noisy_persistence,0.035,1.0,hold,7122c059a11c42383948bbf8eb9b9440e3565e5fcd94bba35af48442f7f5e8ca,569714c2f054d7e589e1a1a495e488b7d47d406c61e9837ff2edbc5d46855c34,12ca0f6e05f585cf9d39f2c06178e7b8c550bd464b65480c0a93492d05bf5be9,0.486875949181937,25.744047619047617,283,86.92579505300354,0.0,449.3951999880947,217.60000000000093,184.19999999999914,67.20000000000007,1.1320000000000008,604.8,357.5,1881.827199988095,completed,forecast_noisy_persistence
irrigation,ET-MPC,N2_iid_loss,2035,noisy_persistence,0.035,1.0,hold,319ff5170bb3e14fc34b4a2d9ff63b95257a3326695992b7b07b8fa05bbf85ac,569714c2f054d7e589e1a1a495e488b7d47d406c61e9837ff2edbc5d46855c34,12ca0f6e05f585cf9d39f2c06178e7b8c550bd464b65480c0a93492d05bf5be9,0.22795754360985176,1.7857142857142856,289,87.19723183391004,0.0,484.5887999855968,220.00000000000097,194.04999999999907,92.40000000000013,1.1560000000000008,604.8,142.5,1739.4947999855967,completed,forecast_noisy_persistence
irrigation,ET-MPC,N2_iid_loss,2036,noisy_persistence,0.035,1.0,hold,5c92c2065198b4311d66587504b6f986dfc419f8e5fb7dc4a03fdce82de318e2,569714c2f054d7e589e1a1a495e488b7d47d406c61e9837ff2edbc5d46855c34,12ca0f6e05f585cf9d39f2c06178e7b8c550bd464b65480c0a93492d05bf5be9,0.33550720875155976,17.113095238095237,272,86.02941176470588,0.0,448.0415999856495,208.8000000000008,181.0999999999992,79.20000000000009,1.0880000000000007,604.8,63.75,1586.7795999856494,completed,forecast_noisy_persistence
irrigation,ET-MPC,N2_iid_loss,2037,noisy_persistence,0.035,1.0,hold,8eb7e91e47f596a0b9fd261ae1efcf625d2cf516bc73ce2dae3c6908035b15c2,569714c2f054d7e589e1a1a495e488b7d47d406c61e9837ff2edbc5d46855c34,12ca0f6e05f585cf9d39f2c06178e7b8c550bd464b65480c0a93492d05bf5be9,0.2502198494365704,2.232142857142857,277,86.28158844765343,0.0,465.6383999967923,213.60000000000088,187.14999999999904,84.00000000000011,1.1080000000000008,604.8,210.0,1766.2963999967924,completed,forecast_noisy_persistence
irrigation,ET-MPC,N2_iid_loss,2038,noisy_persistence,0.035,1.0,hold,6272880fcd15d03b264ba7fb88a2c1316fce87b5ef8a7782d34933a84fbc3d08,569714c2f054d7e589e1a1a495e488b7d47d406c61e9837ff2edbc5d46855c34,12ca0f6e05f585cf9d39f2c06178e7b8c550bd464b65480c0a93492d05bf5be9,0.27159267394505443,4.464285714285714,283,83.74558303886926,0.0,449.39519998482507,216.0000000000009,183.69999999999914,62.40000000000006,1.1320000000000008,604.8,98.75,1616.1771999848252,completed,forecast_noisy_persistence
irrigation,ET-MPC,N2_iid_loss,2039,noisy_persistence,0.035,1.0,hold,d86728bc1fadd29afd0ab12543a78b909b18583ad8c4b1d272f9638cb533d858,569714c2f054d7e589e1a1a495e488b7d47d406c61e9837ff2edbc5d46855c34,12ca0f6e05f585cf9d39f2c06178e7b8c550bd464b65480c0a93492d05bf5be9,0.34570693160028093,29.166666666666668,284,88.38028169014085,0.0,452.10239998884714,222.400000000001,186.39999999999915,67.20000000000007,1.1360000000000008,604.8,118.75,1652.7883999888472,completed,forecast_noisy_persistence
irrigation,ET-MPC,N2_iid_loss,2040,noisy_persistence,0.035,1.0,hold,06f4947936580707c7b30e520ea83960ddfabb850fb7537e97663c3a79e33d72,569714c2f054d7e589e1a1a495e488b7d47d406c61e9837ff2edbc5d46855c34,12ca0f6e05f585cf9d39f2c06178e7b8c550bd464b65480c0a93492d05bf5be9,0.4328697762029693,25.148809523809522,296,86.14864864864865,0.0,471.0527999876129,228.00000000000108,193.04999999999905,73.20000000000009,1.1840000000000008,604.8,125.0,1696.286799987613,completed,forecast_noisy_persistence
irrigation,ET-MPC,N2_iid_loss,2026,oracle,0.035,1.0,hold,6a371ef68e14924f43f4d9f991b941316b3e22d31ddd353e429de70d709f23f5,569714c2f054d7e589e1a1a495e488b7d47d406c61e9837ff2edbc5d46855c34,12ca0f6e05f585cf9d39f2c06178e7b8c550bd464b65480c0a93492d05bf5be9,0.333804645035024,20.089285714285715,289,87.88927335640139,0.0,476.46719998752354,220.80000000000098,192.19999999999902,85.20000000000012,1.1560000000000008,604.8,67.5,1648.1231999875235,completed,forecast_oracle
irrigation,ET-MPC,N2_iid_loss,2027,oracle,0.035,1.0,hold,dd5faf652377c7e36e51ab2be40a5837bee4161ec05eeb27d3a6350ac76a86d9,569714c2f054d7e589e1a1a495e488b7d47d406c61e9837ff2edbc5d46855c34,12ca0f6e05f585cf9d39f2c06178e7b8c550bd464b65480c0a93492d05bf5be9,0.4257629325166368,17.708333333333336,287,84.66898954703832,0.0,449.39519998736705,224.00000000000102,186.19999999999908,58.80000000000005,1.1480000000000008,604.8,307.5,1831.8431999873671,completed,forecast_oracle
irrigation,ET-MPC,N2_iid_loss,2028,oracle,0.035,1.0,hold,20e85eb609c3554c59d70aac78457899f50316598e9f8b972b5dcaae21d05ac2,569714c2f054d7e589e1a1a495e488b7d47d406c61e9837ff2edbc5d46855c34,12ca0f6e05f585cf9d39f2c06178e7b8c550bd464b65480c0a93492d05bf5be9,0.5643059132125298,41.07142857142857,284,87.67605633802818,0.0,465.63839999196756,220.00000000000097,189.14999999999912,79.20000000000009,1.1360000000000008,604.8,38.75,1598.6743999919677,completed,forecast_oracle
irrigation,ET-MPC,N2_iid_loss,2029,oracle,0.035,1.0,hold,c91e80286b8f3c8f91500706ca25e539465b67166768d2bece53f2f38f28edfa,569714c2f054d7e589e1a1a495e488b7d47d406c61e9837ff2edbc5d46855c34,12ca0f6e05f585cf9d39f2c06178e7b8c550bd464b65480c0a93492d05bf5be9,0.4809903856270011,31.547619047619047,276,86.23188405797102,0.0,450.7487999857787,209.60000000000082,182.04999999999913,75.6000000000001,1.1040000000000008,604.8,328.75,1852.652799985779,completed,forecast_oracle
irrigation,ET-MPC,N2_iid_loss,2030,oracle,0.035,1.0,hold,e471f4293884cc857931a710e3028b16fe3244a8b4d32e54567b49f5067aed16,569714c2f054d7e589e1a1a495e488b7d47d406c61e9837ff2edbc5d46855c34,12ca0f6e05f585cf9d39f2c06178e7b8c550bd464b65480c0a93492d05bf5be9,0.6096934183929377,49.55357142857143,279,85.66308243727599,0.0,453.4559999865448,215.2000000000009,184.49999999999912,74.40000000000008,1.1160000000000008,604.8,143.75,1677.2219999865447,completed,forecast_oracle
irrigation,ET-MPC,N2_iid_loss,2031,oracle,0.035,1.0,hold,dc092ffc3b54450d4c26645083188efd17a8a5f78e8888628e5113e9e15db127,569714c2f054d7e589e1a1a495e488b7d47d406c61e9837ff2edbc5d46855c34,12ca0f6e05f585cf9d39f2c06178e7b8c550bd464b65480c0a93492d05bf5be9,0.3815345520105171,36.01190476190476,284,85.21126760563381,0.0,452.10239999418127,219.20000000000095,185.39999999999907,66.00000000000007,1.1360000000000008,604.8,246.25,1774.8883999941813,completed,forecast_oracle
irrigation,ET-MPC,N2_iid_loss,2032,oracle,0.035,1.0,hold,c1dbbc602664f8d1957344e090ac9a36e9ef5d23c575232f68ed0f5b08c92e58,569714c2f054d7e589e1a1a495e488b7d47d406c61e9837ff2edbc5d46855c34,12ca0f6e05f585cf9d39f2c06178e7b8c550bd464b65480c0a93492d05bf5be9,0.2055790601381234,0.744047619047619,294,86.39455782312925,0.0,472.40639998974183,226.40000000000106,192.89999999999898,69.60000000000007,1.1760000000000008,604.8,166.25,1733.5323999897419,completed,forecast_oracle
irrigation,ET-MPC,N2_iid_loss,2033,oracle,0.035,1.0,hold,4e72286ad15308298260a2fe1b8d8678facdd4fbec3e171df31810acab252232,569714c2f054d7e589e1a1a495e488b7d47d406c61e9837ff2edbc5d46855c34,12ca0f6e05f585cf9d39f2c06178e7b8c550bd464b65480c0a93492d05bf5be9,0.38666599308202315,19.642857142857142,296,87.5,0.0,483.23519998693496,224.80000000000103,195.19999999999902,76.8000000000001,1.1840000000000008,604.8,51.25,1637.269199986935,completed,forecast_oracle
irrigation,ET-MPC,N2_iid_loss,2034,oracle,0.035,1.0,hold,7122c059a11c42383948bbf8eb9b9440e3565e5fcd94bba35af48442f7f5e8ca,569714c2f054d7e589e1a1a495e488b7d47d406c61e9837ff2edbc5d46855c34,12ca0f6e05f585cf9d39f2c06178e7b8c550bd464b65480c0a93492d05bf5be9,0.48678214329617037,25.744047619047617,285,87.01754385964912,0.0,452.10239998790115,219.20000000000095,185.39999999999912,67.20000000000007,1.1400000000000008,604.8,358.75,1888.5923999879014,completed,forecast_oracle
irrigation,ET-MPC,N2_iid_loss,2035,oracle,0.035,1.0,hold,319ff5170bb3e14fc34b4a2d9ff63b95257a3326695992b7b07b8fa05bbf85ac,569714c2f054d7e589e1a1a495e488b7d47d406c61e9837ff2edbc5d46855c34,12ca0f6e05f585cf9d39f2c06178e7b8c550bd464b65480c0a93492d05bf5be9,0.22521131560514582,1.3392857142857142,289,87.19723183391004,0.0,484.5887999855968,220.00000000000097,194.04999999999907,92.40000000000013,1.1560000000000008,604.8,138.75,1735.7447999855967,completed,forecast_oracle
irrigation,ET-MPC,N2_iid_loss,2036,oracle,0.035,1.0,hold,5c92c2065198b4311d66587504b6f986dfc419f8e5fb7dc4a03fdce82de318e2,569714c2f054d7e589e1a1a495e488b7d47d406c61e9837ff2edbc5d46855c34,12ca0f6e05f585cf9d39f2c06178e7b8c550bd464b65480c0a93492d05bf5be9,0.33546060466217315,17.113095238095237,272,86.02941176470588,0.0,448.0415999856495,208.8000000000008,181.0999999999992,79.20000000000009,1.0880000000000007,604.8,62.5,1585.5295999856494,completed,forecast_oracle
irrigation,ET-MPC,N2_iid_loss,2037,oracle,0.035,1.0,hold,8eb7e91e47f596a0b9fd261ae1efcf625d2cf516bc73ce2dae3c6908035b15c2,569714c2f054d7e589e1a1a495e488b7d47d406c61e9837ff2edbc5d46855c34,12ca0f6e05f585cf9d39f2c06178e7b8c550bd464b65480c0a93492d05bf5be9,0.2513047537654395,2.380952380952381,277,86.28158844765343,0.0,465.6383999967923,213.60000000000088,187.14999999999904,84.00000000000011,1.1080000000000008,604.8,207.5,1763.7963999967924,completed,forecast_oracle
irrigation,ET-MPC,N2_iid_loss,2038,oracle,0.035,1.0,hold,6272880fcd15d03b264ba7fb88a2c1316fce87b5ef8a7782d34933a84fbc3d08,569714c2f054d7e589e1a1a495e488b7d47d406c61e9837ff2edbc5d46855c34,12ca0f6e05f585cf9d39f2c06178e7b8c550bd464b65480c0a93492d05bf5be9,0.2722109957304799,4.464285714285714,282,83.68794326241135,0.0,448.0415999852129,215.2000000000009,183.09999999999914,62.40000000000006,1.1280000000000008,604.8,97.5,1612.169599985213,completed,forecast_oracle
irrigation,ET-MPC,N2_iid_loss,2039,oracle,0.035,1.0,hold,d86728bc1fadd29afd0ab12543a78b909b18583ad8c4b1d272f9638cb533d858,569714c2f054d7e589e1a1a495e488b7d47d406c61e9837ff2edbc5d46855c34,12ca0f6e05f585cf9d39f2c06178e7b8c550bd464b65480c0a93492d05bf5be9,0.34537565868795206,29.166666666666668,284,88.38028169014085,0.0,452.10239998884714,222.400000000001,186.39999999999915,67.20000000000007,1.1360000000000008,604.8,118.75,1652.7883999888472,completed,forecast_oracle
irrigation,ET-MPC,N2_iid_loss,2040,oracle,0.035,1.0,hold,06f4947936580707c7b30e520ea83960ddfabb850fb7537e97663c3a79e33d72,569714c2f054d7e589e1a1a495e488b7d47d406c61e9837ff2edbc5d46855c34,12ca0f6e05f585cf9d39f2c06178e7b8c550bd464b65480c0a93492d05bf5be9,0.4342087129784903,25.44642857142857,295,86.10169491525424,0.0,469.6991999877097,227.20000000000107,192.44999999999905,73.20000000000009,1.1800000000000008,604.8,126.25,1694.7791999877097,completed,forecast_oracle
irrigation,ET-MPC,N2_iid_loss,2026,persistence,0.035,0.98,hold,6a371ef68e14924f43f4d9f991b941316b3e22d31ddd353e429de70d709f23f5,569714c2f054d7e589e1a1a495e488b7d47d406c61e9837ff2edbc5d46855c34,12ca0f6e05f585cf9d39f2c06178e7b8c550bd464b65480c0a93492d05bf5be9,0.33374086010838905,19.940476190476193,288,87.84722222222223,0.0,473.75999998597086,220.00000000000097,191.24999999999903,84.00000000000011,1.1520000000000008,604.8,67.5,1642.461999985971,completed,model_0.98
irrigation,ET-MPC,N2_iid_loss,2027,persistence,0.035,0.98,hold,dd5faf652377c7e36e51ab2be40a5837bee4161ec05eeb27d3a6350ac76a86d9,569714c2f054d7e589e1a1a495e488b7d47d406c61e9837ff2edbc5d46855c34,12ca0f6e05f585cf9d39f2c06178e7b8c550bd464b65480c0a93492d05bf5be9,0.42580794027846175,17.708333333333336,287,84.66898954703832,0.0,449.39519998736705,224.00000000000102,186.19999999999908,58.80000000000005,1.1480000000000008,604.8,307.5,1831.8431999873671,completed,model_0.98
irrigation,ET-MPC,N2_iid_loss,2028,persistence,0.035,0.98,hold,20e85eb609c3554c59d70aac78457899f50316598e9f8b972b5dcaae21d05ac2,569714c2f054d7e589e1a1a495e488b7d47d406c61e9837ff2edbc5d46855c34,12ca0f6e05f585cf9d39f2c06178e7b8c550bd464b65480c0a93492d05bf5be9,0.5643106281712982,41.07142857142857,285,87.36842105263158,0.0,468.34559999119193,220.00000000000097,189.8499999999991,80.40000000000009,1.1400000000000008,604.8,38.75,1603.2855999911922,completed,model_0.98
irrigation,ET-MPC,N2_iid_loss,2029,persistence,0.035,0.98,hold,c91e80286b8f3c8f91500706ca25e539465b67166768d2bece53f2f38f28edfa,569714c2f054d7e589e1a1a495e488b7d47d406c61e9837ff2edbc5d46855c34,12ca0f6e05f585cf9d39f2c06178e7b8c550bd464b65480c0a93492d05bf5be9,0.48207805729069175,31.547619047619047,276,86.23188405797102,0.0,450.7487999857787,209.60000000000082,182.04999999999913,75.6000000000001,1.1040000000000008,604.8,330.0,1853.902799985779,completed,model_0.98
irrigation,ET-MPC,N2_iid_loss,2030,persistence,0.035,0.98,hold,e471f4293884cc857931a710e3028b16fe3244a8b4d32e54567b49f5067aed16,569714c2f054d7e589e1a1a495e488b7d47d406c61e9837ff2edbc5d46855c34,12ca0f6e05f585cf9d39f2c06178e7b8c550bd464b65480c0a93492d05bf5be9,0.60981266597927,49.55357142857143,279,85.66308243727599,0.0,453.4559999865448,215.2000000000009,184.49999999999912,74.40000000000008,1.1160000000000008,604.8,143.75,1677.2219999865447,completed,model_0.98
irrigation,ET-MPC,N2_iid_loss,2031,persistence,0.035,0.98,hold,dc092ffc3b54450d4c26645083188efd17a8a5f78e8888628e5113e9e15db127,569714c2f054d7e589e1a1a495e488b7d47d406c61e9837ff2edbc5d46855c34,12ca0f6e05f585cf9d39f2c06178e7b8c550bd464b65480c0a93492d05bf5be9,0.3811062010663335,35.714285714285715,284,85.21126760563381,0.0,452.10239999418127,219.20000000000095,185.39999999999907,66.00000000000007,1.1360000000000008,604.8,243.75,1772.3883999941813,completed,model_0.98
irrigation,ET-MPC,N2_iid_loss,2032,persistence,0.035,0.98,hold,c1dbbc602664f8d1957344e090ac9a36e9ef5d23c575232f68ed0f5b08c92e58,569714c2f054d7e589e1a1a495e488b7d47d406c61e9837ff2edbc5d46855c34,12ca0f6e05f585cf9d39f2c06178e7b8c550bd464b65480c0a93492d05bf5be9,0.2051525154408384,0.744047619047619,294,86.39455782312925,0.0,472.40639998974183,226.40000000000106,192.89999999999898,69.60000000000007,1.1760000000000008,604.8,166.25,1733.5323999897419,completed,model_0.98
irrigation,ET-MPC,N2_iid_loss,2033,persistence,0.035,0.98,hold,4e72286ad15308298260a2fe1b8d8678facdd4fbec3e171df31810acab252232,569714c2f054d7e589e1a1a495e488b7d47d406c61e9837ff2edbc5d46855c34,12ca0f6e05f585cf9d39f2c06178e7b8c550bd464b65480c0a93492d05bf5be9,0.3863179936607214,19.940476190476193,296,87.5,0.0,483.23519998693496,224.80000000000103,195.19999999999902,76.8000000000001,1.1840000000000008,604.8,50.0,1636.019199986935,completed,model_0.98
irrigation,ET-MPC,N2_iid_loss,2034,persistence,0.035,0.98,hold,7122c059a11c42383948bbf8eb9b9440e3565e5fcd94bba35af48442f7f5e8ca,569714c2f054d7e589e1a1a495e488b7d47d406c61e9837ff2edbc5d46855c34,12ca0f6e05f585cf9d39f2c06178e7b8c550bd464b65480c0a93492d05bf5be9,0.486875949181937,25.744047619047617,283,86.92579505300354,0.0,449.3951999880947,217.60000000000093,184.19999999999914,67.20000000000007,1.1320000000000008,604.8,357.5,1881.827199988095,completed,model_0.98
irrigation,ET-MPC,N2_iid_loss,2035,persistence,0.035,0.98,hold,319ff5170bb3e14fc34b4a2d9ff63b95257a3326695992b7b07b8fa05bbf85ac,569714c2f054d7e589e1a1a495e488b7d47d406c61e9837ff2edbc5d46855c34,12ca0f6e05f585cf9d39f2c06178e7b8c550bd464b65480c0a93492d05bf5be9,0.22795754360985176,1.7857142857142856,289,87.19723183391004,0.0,484.5887999855968,220.00000000000097,194.04999999999907,92.40000000000013,1.1560000000000008,604.8,142.5,1739.4947999855967,completed,model_0.98
irrigation,ET-MPC,N2_iid_loss,2036,persistence,0.035,0.98,hold,5c92c2065198b4311d66587504b6f986dfc419f8e5fb7dc4a03fdce82de318e2,569714c2f054d7e589e1a1a495e488b7d47d406c61e9837ff2edbc5d46855c34,12ca0f6e05f585cf9d39f2c06178e7b8c550bd464b65480c0a93492d05bf5be9,0.33550720875155976,17.113095238095237,272,86.02941176470588,0.0,448.0415999856495,208.8000000000008,181.0999999999992,79.20000000000009,1.0880000000000007,604.8,63.75,1586.7795999856494,completed,model_0.98
irrigation,ET-MPC,N2_iid_loss,2037,persistence,0.035,0.98,hold,8eb7e91e47f596a0b9fd261ae1efcf625d2cf516bc73ce2dae3c6908035b15c2,569714c2f054d7e589e1a1a495e488b7d47d406c61e9837ff2edbc5d46855c34,12ca0f6e05f585cf9d39f2c06178e7b8c550bd464b65480c0a93492d05bf5be9,0.25362156518542,2.6785714285714284,277,86.28158844765343,0.0,465.6383999967923,213.60000000000088,187.14999999999904,84.00000000000011,1.1080000000000008,604.8,212.5,1768.7963999967924,completed,model_0.98
irrigation,ET-MPC,N2_iid_loss,2038,persistence,0.035,0.98,hold,6272880fcd15d03b264ba7fb88a2c1316fce87b5ef8a7782d34933a84fbc3d08,569714c2f054d7e589e1a1a495e488b7d47d406c61e9837ff2edbc5d46855c34,12ca0f6e05f585cf9d39f2c06178e7b8c550bd464b65480c0a93492d05bf5be9,0.27165339340457373,4.464285714285714,282,83.68794326241135,0.0,446.6879999856007,215.2000000000009,182.74999999999915,61.20000000000006,1.1280000000000008,604.8,100.0,1611.765999985601,completed,model_0.98
irrigation,ET-MPC,N2_iid_loss,2039,persistence,0.035,0.98,hold,d86728bc1fadd29afd0ab12543a78b909b18583ad8c4b1d272f9638cb533d858,569714c2f054d7e589e1a1a495e488b7d47d406c61e9837ff2edbc5d46855c34,12ca0f6e05f585cf9d39f2c06178e7b8c550bd464b65480c0a93492d05bf5be9,0.34572370698720634,29.166666666666668,284,88.38028169014085,0.0,452.10239998884714,222.400000000001,186.39999999999915,67.20000000000007,1.1360000000000008,604.8,120.0,1654.0383999888472,completed,model_0.98
irrigation,ET-MPC,N2_iid_loss,2040,persistence,0.035,0.98,hold,06f4947936580707c7b30e520ea83960ddfabb850fb7537e97663c3a79e33d72,569714c2f054d7e589e1a1a495e488b7d47d406c61e9837ff2edbc5d46855c34,12ca0f6e05f585cf9d39f2c06178e7b8c550bd464b65480c0a93492d05bf5be9,0.4328697762029693,25.148809523809522,296,86.14864864864865,0.0,471.0527999876129,228.00000000000108,193.04999999999905,73.20000000000009,1.1840000000000008,604.8,125.0,1696.286799987613,completed,model_0.98
irrigation,ET-MPC,N2_iid_loss,2026,persistence,0.035,1.0,hold,6a371ef68e14924f43f4d9f991b941316b3e22d31ddd353e429de70d709f23f5,569714c2f054d7e589e1a1a495e488b7d47d406c61e9837ff2edbc5d46855c34,12ca0f6e05f585cf9d39f2c06178e7b8c550bd464b65480c0a93492d05bf5be9,0.33374086010838905,19.940476190476193,288,87.84722222222223,0.0,473.75999998597086,220.00000000000097,191.24999999999903,84.00000000000011,1.1520000000000008,604.8,67.5,1642.461999985971,completed,model_1.0
irrigation,ET-MPC,N2_iid_loss,2027,persistence,0.035,1.0,hold,dd5faf652377c7e36e51ab2be40a5837bee4161ec05eeb27d3a6350ac76a86d9,569714c2f054d7e589e1a1a495e488b7d47d406c61e9837ff2edbc5d46855c34,12ca0f6e05f585cf9d39f2c06178e7b8c550bd464b65480c0a93492d05bf5be9,0.42580794027846175,17.708333333333336,287,84.66898954703832,0.0,449.39519998736705,224.00000000000102,186.19999999999908,58.80000000000005,1.1480000000000008,604.8,307.5,1831.8431999873671,completed,model_1.0
irrigation,ET-MPC,N2_iid_loss,2028,persistence,0.035,1.0,hold,20e85eb609c3554c59d70aac78457899f50316598e9f8b972b5dcaae21d05ac2,569714c2f054d7e589e1a1a495e488b7d47d406c61e9837ff2edbc5d46855c34,12ca0f6e05f585cf9d39f2c06178e7b8c550bd464b65480c0a93492d05bf5be9,0.5643106281712982,41.07142857142857,285,87.36842105263158,0.0,468.34559999119193,220.00000000000097,189.8499999999991,80.40000000000009,1.1400000000000008,604.8,38.75,1603.2855999911922,completed,model_1.0
irrigation,ET-MPC,N2_iid_loss,2029,persistence,0.035,1.0,hold,c91e80286b8f3c8f91500706ca25e539465b67166768d2bece53f2f38f28edfa,569714c2f054d7e589e1a1a495e488b7d47d406c61e9837ff2edbc5d46855c34,12ca0f6e05f585cf9d39f2c06178e7b8c550bd464b65480c0a93492d05bf5be9,0.48207805729069175,31.547619047619047,276,86.23188405797102,0.0,450.7487999857787,209.60000000000082,182.04999999999913,75.6000000000001,1.1040000000000008,604.8,330.0,1853.902799985779,completed,model_1.0
irrigation,ET-MPC,N2_iid_loss,2030,persistence,0.035,1.0,hold,e471f4293884cc857931a710e3028b16fe3244a8b4d32e54567b49f5067aed16,569714c2f054d7e589e1a1a495e488b7d47d406c61e9837ff2edbc5d46855c34,12ca0f6e05f585cf9d39f2c06178e7b8c550bd464b65480c0a93492d05bf5be9,0.60981266597927,49.55357142857143,279,85.66308243727599,0.0,453.4559999865448,215.2000000000009,184.49999999999912,74.40000000000008,1.1160000000000008,604.8,143.75,1677.2219999865447,completed,model_1.0
irrigation,ET-MPC,N2_iid_loss,2031,persistence,0.035,1.0,hold,dc092ffc3b54450d4c26645083188efd17a8a5f78e8888628e5113e9e15db127,569714c2f054d7e589e1a1a495e488b7d47d406c61e9837ff2edbc5d46855c34,12ca0f6e05f585cf9d39f2c06178e7b8c550bd464b65480c0a93492d05bf5be9,0.3811062010663335,35.714285714285715,284,85.21126760563381,0.0,452.10239999418127,219.20000000000095,185.39999999999907,66.00000000000007,1.1360000000000008,604.8,243.75,1772.3883999941813,completed,model_1.0
irrigation,ET-MPC,N2_iid_loss,2032,persistence,0.035,1.0,hold,c1dbbc602664f8d1957344e090ac9a36e9ef5d23c575232f68ed0f5b08c92e58,569714c2f054d7e589e1a1a495e488b7d47d406c61e9837ff2edbc5d46855c34,12ca0f6e05f585cf9d39f2c06178e7b8c550bd464b65480c0a93492d05bf5be9,0.2051525154408384,0.744047619047619,294,86.39455782312925,0.0,472.40639998974183,226.40000000000106,192.89999999999898,69.60000000000007,1.1760000000000008,604.8,166.25,1733.5323999897419,completed,model_1.0
irrigation,ET-MPC,N2_iid_loss,2033,persistence,0.035,1.0,hold,4e72286ad15308298260a2fe1b8d8678facdd4fbec3e171df31810acab252232,569714c2f054d7e589e1a1a495e488b7d47d406c61e9837ff2edbc5d46855c34,12ca0f6e05f585cf9d39f2c06178e7b8c550bd464b65480c0a93492d05bf5be9,0.3863179936607214,19.940476190476193,296,87.5,0.0,483.23519998693496,224.80000000000103,195.19999999999902,76.8000000000001,1.1840000000000008,604.8,50.0,1636.019199986935,completed,model_1.0
irrigation,ET-MPC,N2_iid_loss,2034,persistence,0.035,1.0,hold,7122c059a11c42383948bbf8eb9b9440e3565e5fcd94bba35af48442f7f5e8ca,569714c2f054d7e589e1a1a495e488b7d47d406c61e9837ff2edbc5d46855c34,12ca0f6e05f585cf9d39f2c06178e7b8c550bd464b65480c0a93492d05bf5be9,0.486875949181937,25.744047619047617,283,86.92579505300354,0.0,449.3951999880947,217.60000000000093,184.19999999999914,67.20000000000007,1.1320000000000008,604.8,357.5,1881.827199988095,completed,model_1.0
irrigation,ET-MPC,N2_iid_loss,2035,persistence,0.035,1.0,hold,319ff5170bb3e14fc34b4a2d9ff63b95257a3326695992b7b07b8fa05bbf85ac,569714c2f054d7e589e1a1a495e488b7d47d406c61e9837ff2edbc5d46855c34,12ca0f6e05f585cf9d39f2c06178e7b8c550bd464b65480c0a93492d05bf5be9,0.22795754360985176,1.7857142857142856,289,87.19723183391004,0.0,484.5887999855968,220.00000000000097,194.04999999999907,92.40000000000013,1.1560000000000008,604.8,142.5,1739.4947999855967,completed,model_1.0
irrigation,ET-MPC,N2_iid_loss,2036,persistence,0.035,1.0,hold,5c92c2065198b4311d66587504b6f986dfc419f8e5fb7dc4a03fdce82de318e2,569714c2f054d7e589e1a1a495e488b7d47d406c61e9837ff2edbc5d46855c34,12ca0f6e05f585cf9d39f2c06178e7b8c550bd464b65480c0a93492d05bf5be9,0.33550720875155976,17.113095238095237,272,86.02941176470588,0.0,448.0415999856495,208.8000000000008,181.0999999999992,79.20000000000009,1.0880000000000007,604.8,63.75,1586.7795999856494,completed,model_1.0
irrigation,ET-MPC,N2_iid_loss,2037,persistence,0.035,1.0,hold,8eb7e91e47f596a0b9fd261ae1efcf625d2cf516bc73ce2dae3c6908035b15c2,569714c2f054d7e589e1a1a495e488b7d47d406c61e9837ff2edbc5d46855c34,12ca0f6e05f585cf9d39f2c06178e7b8c550bd464b65480c0a93492d05bf5be9,0.25362156518542,2.6785714285714284,277,86.28158844765343,0.0,465.6383999967923,213.60000000000088,187.14999999999904,84.00000000000011,1.1080000000000008,604.8,212.5,1768.7963999967924,completed,model_1.0
irrigation,ET-MPC,N2_iid_loss,2038,persistence,0.035,1.0,hold,6272880fcd15d03b264ba7fb88a2c1316fce87b5ef8a7782d34933a84fbc3d08,569714c2f054d7e589e1a1a495e488b7d47d406c61e9837ff2edbc5d46855c34,12ca0f6e05f585cf9d39f2c06178e7b8c550bd464b65480c0a93492d05bf5be9,0.27165339340457373,4.464285714285714,282,83.68794326241135,0.0,446.6879999856007,215.2000000000009,182.74999999999915,61.20000000000006,1.1280000000000008,604.8,100.0,1611.765999985601,completed,model_1.0
irrigation,ET-MPC,N2_iid_loss,2039,persistence,0.035,1.0,hold,d86728bc1fadd29afd0ab12543a78b909b18583ad8c4b1d272f9638cb533d858,569714c2f054d7e589e1a1a495e488b7d47d406c61e9837ff2edbc5d46855c34,12ca0f6e05f585cf9d39f2c06178e7b8c550bd464b65480c0a93492d05bf5be9,0.34572370698720634,29.166666666666668,284,88.38028169014085,0.0,452.10239998884714,222.400000000001,186.39999999999915,67.20000000000007,1.1360000000000008,604.8,120.0,1654.0383999888472,completed,model_1.0
irrigation,ET-MPC,N2_iid_loss,2040,persistence,0.035,1.0,hold,06f4947936580707c7b30e520ea83960ddfabb850fb7537e97663c3a79e33d72,569714c2f054d7e589e1a1a495e488b7d47d406c61e9837ff2edbc5d46855c34,12ca0f6e05f585cf9d39f2c06178e7b8c550bd464b65480c0a93492d05bf5be9,0.4328697762029693,25.148809523809522,296,86.14864864864865,0.0,471.0527999876129,228.00000000000108,193.04999999999905,73.20000000000009,1.1840000000000008,604.8,125.0,1696.286799987613,completed,model_1.0
irrigation,ET-MPC,N2_iid_loss,2026,persistence,0.035,1.02,hold,6a371ef68e14924f43f4d9f991b941316b3e22d31ddd353e429de70d709f23f5,569714c2f054d7e589e1a1a495e488b7d47d406c61e9837ff2edbc5d46855c34,12ca0f6e05f585cf9d39f2c06178e7b8c550bd464b65480c0a93492d05bf5be9,0.33374086010838905,19.940476190476193,288,87.84722222222223,0.0,473.75999998597086,220.00000000000097,191.24999999999903,84.00000000000011,1.1520000000000008,604.8,67.5,1642.461999985971,completed,model_1.02
irrigation,ET-MPC,N2_iid_loss,2027,persistence,0.035,1.02,hold,dd5faf652377c7e36e51ab2be40a5837bee4161ec05eeb27d3a6350ac76a86d9,569714c2f054d7e589e1a1a495e488b7d47d406c61e9837ff2edbc5d46855c34,12ca0f6e05f585cf9d39f2c06178e7b8c550bd464b65480c0a93492d05bf5be9,0.42580794027846175,17.708333333333336,287,84.66898954703832,0.0,449.39519998736705,224.00000000000102,186.19999999999908,58.80000000000005,1.1480000000000008,604.8,307.5,1831.8431999873671,completed,model_1.02
irrigation,ET-MPC,N2_iid_loss,2028,persistence,0.035,1.02,hold,20e85eb609c3554c59d70aac78457899f50316598e9f8b972b5dcaae21d05ac2,569714c2f054d7e589e1a1a495e488b7d47d406c61e9837ff2edbc5d46855c34,12ca0f6e05f585cf9d39f2c06178e7b8c550bd464b65480c0a93492d05bf5be9,0.5643106281712982,41.07142857142857,285,87.36842105263158,0.0,468.34559999119193,220.00000000000097,189.8499999999991,80.40000000000009,1.1400000000000008,604.8,38.75,1603.2855999911922,completed,model_1.02
irrigation,ET-MPC,N2_iid_loss,2029,persistence,0.035,1.02,hold,c91e80286b8f3c8f91500706ca25e539465b67166768d2bece53f2f38f28edfa,569714c2f054d7e589e1a1a495e488b7d47d406c61e9837ff2edbc5d46855c34,12ca0f6e05f585cf9d39f2c06178e7b8c550bd464b65480c0a93492d05bf5be9,0.48207805729069175,31.547619047619047,276,86.23188405797102,0.0,450.7487999857787,209.60000000000082,182.04999999999913,75.6000000000001,1.1040000000000008,604.8,330.0,1853.902799985779,completed,model_1.02
irrigation,ET-MPC,N2_iid_loss,2030,persistence,0.035,1.02,hold,e471f4293884cc857931a710e3028b16fe3244a8b4d32e54567b49f5067aed16,569714c2f054d7e589e1a1a495e488b7d47d406c61e9837ff2edbc5d46855c34,12ca0f6e05f585cf9d39f2c06178e7b8c550bd464b65480c0a93492d05bf5be9,0.60981266597927,49.55357142857143,279,85.66308243727599,0.0,453.4559999865448,215.2000000000009,184.49999999999912,74.40000000000008,1.1160000000000008,604.8,143.75,1677.2219999865447,completed,model_1.02
irrigation,ET-MPC,N2_iid_loss,2031,persistence,0.035,1.02,hold,dc092ffc3b54450d4c26645083188efd17a8a5f78e8888628e5113e9e15db127,569714c2f054d7e589e1a1a495e488b7d47d406c61e9837ff2edbc5d46855c34,12ca0f6e05f585cf9d39f2c06178e7b8c550bd464b65480c0a93492d05bf5be9,0.3811062010663335,35.714285714285715,284,85.21126760563381,0.0,452.10239999418127,219.20000000000095,185.39999999999907,66.00000000000007,1.1360000000000008,604.8,243.75,1772.3883999941813,completed,model_1.02
irrigation,ET-MPC,N2_iid_loss,2032,persistence,0.035,1.02,hold,c1dbbc602664f8d1957344e090ac9a36e9ef5d23c575232f68ed0f5b08c92e58,569714c2f054d7e589e1a1a495e488b7d47d406c61e9837ff2edbc5d46855c34,12ca0f6e05f585cf9d39f2c06178e7b8c550bd464b65480c0a93492d05bf5be9,0.2051525154408384,0.744047619047619,294,86.39455782312925,0.0,472.40639998974183,226.40000000000106,192.89999999999898,69.60000000000007,1.1760000000000008,604.8,166.25,1733.5323999897419,completed,model_1.02
irrigation,ET-MPC,N2_iid_loss,2033,persistence,0.035,1.02,hold,4e72286ad15308298260a2fe1b8d8678facdd4fbec3e171df31810acab252232,569714c2f054d7e589e1a1a495e488b7d47d406c61e9837ff2edbc5d46855c34,12ca0f6e05f585cf9d39f2c06178e7b8c550bd464b65480c0a93492d05bf5be9,0.3863179936607214,19.940476190476193,296,87.5,0.0,483.23519998693496,224.80000000000103,195.19999999999902,76.8000000000001,1.1840000000000008,604.8,50.0,1636.019199986935,completed,model_1.02
irrigation,ET-MPC,N2_iid_loss,2034,persistence,0.035,1.02,hold,7122c059a11c42383948bbf8eb9b9440e3565e5fcd94bba35af48442f7f5e8ca,569714c2f054d7e589e1a1a495e488b7d47d406c61e9837ff2edbc5d46855c34,12ca0f6e05f585cf9d39f2c06178e7b8c550bd464b65480c0a93492d05bf5be9,0.486875949181937,25.744047619047617,283,86.92579505300354,0.0,449.3951999880947,217.60000000000093,184.19999999999914,67.20000000000007,1.1320000000000008,604.8,357.5,1881.827199988095,completed,model_1.02
irrigation,ET-MPC,N2_iid_loss,2035,persistence,0.035,1.02,hold,319ff5170bb3e14fc34b4a2d9ff63b95257a3326695992b7b07b8fa05bbf85ac,569714c2f054d7e589e1a1a495e488b7d47d406c61e9837ff2edbc5d46855c34,12ca0f6e05f585cf9d39f2c06178e7b8c550bd464b65480c0a93492d05bf5be9,0.22795754360985176,1.7857142857142856,289,87.19723183391004,0.0,484.5887999855968,220.00000000000097,194.04999999999907,92.40000000000013,1.1560000000000008,604.8,142.5,1739.4947999855967,completed,model_1.02
irrigation,ET-MPC,N2_iid_loss,2036,persistence,0.035,1.02,hold,5c92c2065198b4311d66587504b6f986dfc419f8e5fb7dc4a03fdce82de318e2,569714c2f054d7e589e1a1a495e488b7d47d406c61e9837ff2edbc5d46855c34,12ca0f6e05f585cf9d39f2c06178e7b8c550bd464b65480c0a93492d05bf5be9,0.33550720875155976,17.113095238095237,272,86.02941176470588,0.0,448.0415999856495,208.8000000000008,181.0999999999992,79.20000000000009,1.0880000000000007,604.8,63.75,1586.7795999856494,completed,model_1.02
irrigation,ET-MPC,N2_iid_loss,2037,persistence,0.035,1.02,hold,8eb7e91e47f596a0b9fd261ae1efcf625d2cf516bc73ce2dae3c6908035b15c2,569714c2f054d7e589e1a1a495e488b7d47d406c61e9837ff2edbc5d46855c34,12ca0f6e05f585cf9d39f2c06178e7b8c550bd464b65480c0a93492d05bf5be9,0.25362156518542,2.6785714285714284,277,86.28158844765343,0.0,465.6383999967923,213.60000000000088,187.14999999999904,84.00000000000011,1.1080000000000008,604.8,212.5,1768.7963999967924,completed,model_1.02
irrigation,ET-MPC,N2_iid_loss,2038,persistence,0.035,1.02,hold,6272880fcd15d03b264ba7fb88a2c1316fce87b5ef8a7782d34933a84fbc3d08,569714c2f054d7e589e1a1a495e488b7d47d406c61e9837ff2edbc5d46855c34,12ca0f6e05f585cf9d39f2c06178e7b8c550bd464b65480c0a93492d05bf5be9,0.27165339340457373,4.464285714285714,282,83.68794326241135,0.0,446.6879999856007,215.2000000000009,182.74999999999915,61.20000000000006,1.1280000000000008,604.8,100.0,1611.765999985601,completed,model_1.02
irrigation,ET-MPC,N2_iid_loss,2039,persistence,0.035,1.02,hold,d86728bc1fadd29afd0ab12543a78b909b18583ad8c4b1d272f9638cb533d858,569714c2f054d7e589e1a1a495e488b7d47d406c61e9837ff2edbc5d46855c34,12ca0f6e05f585cf9d39f2c06178e7b8c550bd464b65480c0a93492d05bf5be9,0.34572370698720634,29.166666666666668,284,88.38028169014085,0.0,452.10239998884714,222.400000000001,186.39999999999915,67.20000000000007,1.1360000000000008,604.8,120.0,1654.0383999888472,completed,model_1.02
irrigation,ET-MPC,N2_iid_loss,2040,persistence,0.035,1.02,hold,06f4947936580707c7b30e520ea83960ddfabb850fb7537e97663c3a79e33d72,569714c2f054d7e589e1a1a495e488b7d47d406c61e9837ff2edbc5d46855c34,12ca0f6e05f585cf9d39f2c06178e7b8c550bd464b65480c0a93492d05bf5be9,0.4328697762029693,25.148809523809522,296,86.14864864864865,0.0,471.0527999876129,228.00000000000108,193.04999999999905,73.20000000000009,1.1840000000000008,604.8,125.0,1696.286799987613,completed,model_1.02
irrigation,ET-MPC,N2_iid_loss,2026,persistence,0.035,1.0,zero,6a371ef68e14924f43f4d9f991b941316b3e22d31ddd353e429de70d709f23f5,569714c2f054d7e589e1a1a495e488b7d47d406c61e9837ff2edbc5d46855c34,12ca0f6e05f585cf9d39f2c06178e7b8c550bd464b65480c0a93492d05bf5be9,0.3333703545876733,20.238095238095237,288,87.84722222222223,0.0,475.11359998791136,220.00000000000097,191.59999999999906,85.20000000000012,1.1520000000000008,604.8,65.0,1642.8655999879115,completed,buffer_no_buffer
irrigation,ET-MPC,N2_iid_loss,2027,persistence,0.035,1.0,zero,dd5faf652377c7e36e51ab2be40a5837bee4161ec05eeb27d3a6350ac76a86d9,569714c2f054d7e589e1a1a495e488b7d47d406c61e9837ff2edbc5d46855c34,12ca0f6e05f585cf9d39f2c06178e7b8c550bd464b65480c0a93492d05bf5be9,0.425482262393391,17.708333333333336,287,85.01742160278745,0.0,449.39519998736705,224.00000000000102,186.19999999999908,58.80000000000005,1.1480000000000008,604.8,303.75,1828.0931999873671,completed,buffer_no_buffer
irrigation,ET-MPC,N2_iid_loss,2028,persistence,0.035,1.0,zero,20e85eb609c3554c59d70aac78457899f50316598e9f8b972b5dcaae21d05ac2,569714c2f054d7e589e1a1a495e488b7d47d406c61e9837ff2edbc5d46855c34,12ca0f6e05f585cf9d39f2c06178e7b8c550bd464b65480c0a93492d05bf5be9,0.5636220480472222,41.07142857142857,286,87.41258741258741,0.0,469.69919999196827,220.80000000000098,190.4499999999991,80.40000000000009,1.1440000000000008,604.8,35.0,1602.2931999919683,completed,buffer_no_buffer
irrigation,ET-MPC,N2_iid_loss,2029,persistence,0.035,1.0,zero,c91e80286b8f3c8f91500706ca25e539465b67166768d2bece53f2f38f28edfa,569714c2f054d7e589e1a1a495e488b7d47d406c61e9837ff2edbc5d46855c34,12ca0f6e05f585cf9d39f2c06178e7b8c550bd464b65480c0a93492d05bf5be9,0.4833797065340506,31.69642857142857,276,86.23188405797102,0.0,450.7487999857787,209.60000000000082,182.04999999999913,75.6000000000001,1.1040000000000008,604.8,325.0,1848.902799985779,completed,buffer_no_buffer
irrigation,ET-MPC,N2_iid_loss,2030,persistence,0.035,1.0,zero,e471f4293884cc857931a710e3028b16fe3244a8b4d32e54567b49f5067aed16,569714c2f054d7e589e1a1a495e488b7d47d406c61e9837ff2edbc5d46855c34,12ca0f6e05f585cf9d39f2c06178e7b8c550bd464b65480c0a93492d05bf5be9,0.6095489905613682,49.55357142857143,278,85.97122302158273,0.0,450.7487999873204,215.2000000000009,183.7999999999991,73.20000000000007,1.1120000000000008,604.8,142.5,1671.3607999873202,completed,buffer_no_buffer
irrigation,ET-MPC,N2_iid_loss,2031,persistence,0.035,1.0,zero,dc092ffc3b54450d4c26645083188efd17a8a5f78e8888628e5113e9e15db127,569714c2f054d7e589e1a1a495e488b7d47d406c61e9837ff2edbc5d46855c34,12ca0f6e05f585cf9d39f2c06178e7b8c550bd464b65480c0a93492d05bf5be9,0.38117398373890216,36.01190476190476,283,85.15901060070671,0.0,450.74879999340493,218.40000000000094,184.79999999999907,64.80000000000007,1.1320000000000008,604.8,235.0,1759.680799993405,completed,buffer_no_buffer
irrigation,ET-MPC,N2_iid_loss,2032,persistence,0.035,1.0,zero,c1dbbc602664f8d1957344e090ac9a36e9ef5d23c575232f68ed0f5b08c92e58,569714c2f054d7e589e1a1a495e488b7d47d406c61e9837ff2edbc5d46855c34,12ca0f6e05f585cf9d39f2c06178e7b8c550bd464b65480c0a93492d05bf5be9,0.2019895350788792,0.4464285714285714,295,86.44067796610169,0.0,473.7599999899361,227.20000000000107,193.49999999999898,69.60000000000007,1.1800000000000008,604.8,161.25,1731.289999989936,completed,buffer_no_buffer
irrigation,ET-MPC,N2_iid_loss,2033,persistence,0.035,1.0,zero,4e72286ad15308298260a2fe1b8d8678facdd4fbec3e171df31810acab252232,569714c2f054d7e589e1a1a495e488b7d47d406c61e9837ff2edbc5d46855c34,12ca0f6e05f585cf9d39f2c06178e7b8c550bd464b65480c0a93492d05bf5be9,0.3855870477744528,19.791666666666664,296,87.5,0.0,483.23519998693496,224.80000000000103,195.19999999999902,76.8000000000001,1.1840000000000008,604.8,47.5,1633.519199986935,completed,buffer_no_buffer
irrigation,ET-MPC,N2_iid_loss,2034,persistence,0.035,1.0,zero,7122c059a11c42383948bbf8eb9b9440e3565e5fcd94bba35af48442f7f5e8ca,569714c2f054d7e589e1a1a495e488b7d47d406c61e9837ff2edbc5d46855c34,12ca0f6e05f585cf9d39f2c06178e7b8c550bd464b65480c0a93492d05bf5be9,0.48783381198025083,25.744047619047617,285,87.01754385964912,0.0,452.10239998790115,219.20000000000095,185.39999999999912,68.40000000000008,1.1400000000000008,604.8,357.5,1888.5423999879013,completed,buffer_no_buffer
irrigation,ET-MPC,N2_iid_loss,2035,persistence,0.035,1.0,zero,319ff5170bb3e14fc34b4a2d9ff63b95257a3326695992b7b07b8fa05bbf85ac,569714c2f054d7e589e1a1a495e488b7d47d406c61e9837ff2edbc5d46855c34,12ca0f6e05f585cf9d39f2c06178e7b8c550bd464b65480c0a93492d05bf5be9,0.22384797514381208,1.3392857142857142,289,87.19723183391004,0.0,484.5887999855968,220.00000000000097,194.04999999999907,92.40000000000013,1.1560000000000008,604.8,137.5,1734.4947999855967,completed,buffer_no_buffer
irrigation,ET-MPC,N2_iid_loss,2036,persistence,0.035,1.0,zero,5c92c2065198b4311d66587504b6f986dfc419f8e5fb7dc4a03fdce82de318e2,569714c2f054d7e589e1a1a495e488b7d47d406c61e9837ff2edbc5d46855c34,12ca0f6e05f585cf9d39f2c06178e7b8c550bd464b65480c0a93492d05bf5be9,0.33430762016115195,16.666666666666664,272,86.02941176470588,0.0,448.0415999856495,208.8000000000008,181.0999999999992,79.20000000000009,1.0880000000000007,604.8,57.5,1580.5295999856494,completed,buffer_no_buffer
irrigation,ET-MPC,N2_iid_loss,2037,persistence,0.035,1.0,zero,8eb7e91e47f596a0b9fd261ae1efcf625d2cf516bc73ce2dae3c6908035b15c2,569714c2f054d7e589e1a1a495e488b7d47d406c61e9837ff2edbc5d46855c34,12ca0f6e05f585cf9d39f2c06178e7b8c550bd464b65480c0a93492d05bf5be9,0.25147373002142553,2.232142857142857,276,86.23188405797102,0.0,464.28479999681633,212.80000000000086,186.54999999999905,84.00000000000011,1.1040000000000008,604.8,205.0,1758.5387999968164,completed,buffer_no_buffer
irrigation,ET-MPC,N2_iid_loss,2038,persistence,0.035,1.0,zero,6272880fcd15d03b264ba7fb88a2c1316fce87b5ef8a7782d34933a84fbc3d08,569714c2f054d7e589e1a1a495e488b7d47d406c61e9837ff2edbc5d46855c34,12ca0f6e05f585cf9d39f2c06178e7b8c550bd464b65480c0a93492d05bf5be9,0.26982250319387,4.315476190476191,283,83.74558303886926,0.0,449.39519998482507,216.0000000000009,183.69999999999914,62.40000000000006,1.1320000000000008,604.8,97.5,1614.9271999848252,completed,buffer_no_buffer
irrigation,ET-MPC,N2_iid_loss,2039,persistence,0.035,1.0,zero,d86728bc1fadd29afd0ab12543a78b909b18583ad8c4b1d272f9638cb533d858,569714c2f054d7e589e1a1a495e488b7d47d406c61e9837ff2edbc5d46855c34,12ca0f6e05f585cf9d39f2c06178e7b8c550bd464b65480c0a93492d05bf5be9,0.344189576847116,29.017857142857146,285,88.42105263157895,0.0,453.4559999884593,223.200000000001,186.99999999999915,67.20000000000007,1.1400000000000008,604.8,115.0,1651.7959999884592,completed,buffer_no_buffer
irrigation,ET-MPC,N2_iid_loss,2040,persistence,0.035,1.0,zero,06f4947936580707c7b30e520ea83960ddfabb850fb7537e97663c3a79e33d72,569714c2f054d7e589e1a1a495e488b7d47d406c61e9837ff2edbc5d46855c34,12ca0f6e05f585cf9d39f2c06178e7b8c550bd464b65480c0a93492d05bf5be9,0.43257079573893287,25.148809523809522,295,86.10169491525424,0.0,469.6991999877097,227.20000000000107,192.44999999999905,73.20000000000009,1.1800000000000008,604.8,123.75,1692.2791999877097,completed,buffer_no_buffer
irrigation,ET-MPC,N3_burst_loss,2026,persistence,0.02,1.0,hold,a75b7a0922ea7a30e90da0f1ced98ba8a7419527020a72c76183aa08a68a4bcd,569714c2f054d7e589e1a1a495e488b7d47d406c61e9837ff2edbc5d46855c34,12ca0f6e05f585cf9d39f2c06178e7b8c550bd464b65480c0a93492d05bf5be9,0.5656760863300518,44.49404761904761,320,76.875,0.0,554.9759999805989,220.80000000000098,212.49999999999883,114.00000000000018,1.280000000000001,604.8,215.0,1923.3559999805989,completed,trigger_0.02
irrigation,ET-MPC,N3_burst_loss,2027,persistence,0.02,1.0,hold,533b4cdd049e26db1467e27753c9f70b6d61431700c78779f753f0046b75583a,569714c2f054d7e589e1a1a495e488b7d47d406c61e9837ff2edbc5d46855c34,12ca0f6e05f585cf9d39f2c06178e7b8c550bd464b65480c0a93492d05bf5be9,0.5765400291724901,44.79166666666667,321,76.32398753894081,0.0,569.8655999822087,212.80000000000086,213.84999999999894,126.00000000000021,1.284000000000001,604.8,158.75,1887.3495999822087,completed,trigger_0.02
irrigation,ET-MPC,N3_burst_loss,2028,persistence,0.02,1.0,hold,c1c183f0dfe64cb835845ed37e39ba4e9f3b91348f0f065334093a0cbd445c37,569714c2f054d7e589e1a1a495e488b7d47d406c61e9837ff2edbc5d46855c34,12ca0f6e05f585cf9d39f2c06178e7b8c550bd464b65480c0a93492d05bf5be9,0.5665831189208451,48.51190476190476,320,74.375,0.0,575.279999987132,214.4000000000009,215.74999999999886,132.00000000000017,1.280000000000001,604.8,61.25,1804.7599999871318,completed,trigger_0.02
irrigation,ET-MPC,N3_burst_loss,2029,persistence,0.02,1.0,hold,c6b5fe23885735d5c5fa01e9127e91c5b07ff6823f76d0dc133e1bbedf1785bd,569714c2f054d7e589e1a1a495e488b7d47d406c61e9837ff2edbc5d46855c34,12ca0f6e05f585cf9d39f2c06178e7b8c550bd464b65480c0a93492d05bf5be9,0.3382632540657106,19.642857142857142,315,74.92063492063492,0.0,550.9151999932564,212.00000000000085,208.69999999999885,111.60000000000018,1.260000000000001,604.8,340.0,2029.2751999932561,completed,trigger_0.02
irrigation,ET-MPC,N3_burst_loss,2030,persistence,0.02,1.0,hold,7021b7c67533b68afdec01f2e51ffc97ca7d4edfe5be4ccd9ed6f0cf27e307d1,569714c2f054d7e589e1a1a495e488b7d47d406c61e9837ff2edbc5d46855c34,12ca0f6e05f585cf9d39f2c06178e7b8c550bd464b65480c0a93492d05bf5be9,0.2633910002054462,15.029761904761903,314,76.43312101910828,0.0,559.0367999852957,208.0000000000008,209.549999999999,127.20000000000022,1.256000000000001,604.8,273.75,1983.5927999852959,completed,trigger_0.02
irrigation,ET-MPC,N3_burst_loss,2031,persistence,0.02,1.0,hold,75c8a909e2f1add992fbdb445ae53cff48e7b2d98a5e0929b21bc47dc4974e2f,569714c2f054d7e589e1a1a495e488b7d47d406c61e9837ff2edbc5d46855c34,12ca0f6e05f585cf9d39f2c06178e7b8c550bd464b65480c0a93492d05bf5be9,0.3363826737754915,22.470238095238095,316,79.11392405063292,0.0,548.2079999854767,215.2000000000009,208.9999999999988,111.60000000000018,1.264000000000001,604.8,81.25,1771.3219999854764,completed,trigger_0.02
irrigation,ET-MPC,N3_burst_loss,2032,persistence,0.02,1.0,hold,debc703b85e97f1d20536476758145472ba2d5fdfe7d3424f9b7f74f88bcbd9e,569714c2f054d7e589e1a1a495e488b7d47d406c61e9837ff2edbc5d46855c34,12ca0f6e05f585cf9d39f2c06178e7b8c550bd464b65480c0a93492d05bf5be9,0.45704435271728505,28.125,318,79.87421383647799,0.0,561.7439999925783,222.400000000001,214.74999999999886,126.00000000000021,1.272000000000001,604.8,127.5,1858.4659999925782,completed,trigger_0.02
irrigation,ET-MPC,N3_burst_loss,2033,persistence,0.02,1.0,hold,8bb8ba510bd492b1bc94b3d46c959fc6d52d9a97f9dd6f9139086833936159c9,569714c2f054d7e589e1a1a495e488b7d47d406c61e9837ff2edbc5d46855c34,12ca0f6e05f585cf9d39f2c06178e7b8c550bd464b65480c0a93492d05bf5be9,0.45025080921660543,21.875,321,75.38940809968847,0.0,571.2191999798839,215.2000000000009,214.94999999999888,133.20000000000016,1.284000000000001,604.8,327.5,2068.1531999798835,completed,trigger_0.02
irrigation,ET-MPC,N3_burst_loss,2034,persistence,0.02,1.0,hold,a06c48d9e8f6547ae62e29a514f8a4b4737e385d4f3824ec8a91f6228db682a9,569714c2f054d7e589e1a1a495e488b7d47d406c61e9837ff2edbc5d46855c34,12ca0f6e05f585cf9d39f2c06178e7b8c550bd464b65480c0a93492d05bf5be9,0.4517398715647155,22.916666666666664,320,80.3125,0.0,538.7327999860127,226.40000000000106,210.0499999999989,97.20000000000014,1.280000000000001,604.8,110.0,1788.4627999860127,completed,trigger_0.02
irrigation,ET-MPC,N3_burst_loss,2035,persistence,0.02,1.0,hold,39ec74a63741281dcd2699454ef37ff1e78ed8621bd181acea7ad128fe12e30a,569714c2f054d7e589e1a1a495e488b7d47d406c61e9837ff2edbc5d46855c34,12ca0f6e05f585cf9d39f2c06178e7b8c550bd464b65480c0a93492d05bf5be9,0.47608387464732854,25.0,320,76.5625,0.0,559.0367999842954,217.60000000000093,212.54999999999887,120.0000000000002,1.280000000000001,604.8,547.5,2262.766799984295,completed,trigger_0.02
irrigation,ET-MPC,N3_burst_loss,2036,persistence,0.02,1.0,hold,662daa17ea748280259a4ceb96a63c9d1bca989fab0e0b8857de78a7fc67ffbe,569714c2f054d7e589e1a1a495e488b7d47d406c61e9837ff2edbc5d46855c34,12ca0f6e05f585cf9d39f2c06178e7b8c550bd464b65480c0a93492d05bf5be9,0.20752222819968488,4.166666666666666,321,79.75077881619937,0.0,556.3295999943125,222.400000000001,213.34999999999883,117.6000000000002,1.284000000000001,604.8,172.5,1888.2635999943125,completed,trigger_0.02
irrigation,ET-MPC,N3_burst_loss,2037,persistence,0.02,1.0,hold,66cc67ff4a66857f323b50290f40746cc9347026f15e74529346e7d9999db3fd,569714c2f054d7e589e1a1a495e488b7d47d406c61e9837ff2edbc5d46855c34,12ca0f6e05f585cf9d39f2c06178e7b8c550bd464b65480c0a93492d05bf5be9,0.5598699797484983,41.81547619047619,320,75.0,0.0,582.0479999774756,212.80000000000086,216.99999999999875,138.0000000000001,1.280000000000001,604.8,82.5,1838.4279999774753,completed,trigger_0.02
irrigation,ET-MPC,N3_burst_loss,2038,persistence,0.02,1.0,hold,e7f1dcacd8b2db810c24e061740ab5e34e7718f2e4d36da30b7b6e761375c042,569714c2f054d7e589e1a1a495e488b7d47d406c61e9837ff2edbc5d46855c34,12ca0f6e05f585cf9d39f2c06178e7b8c550bd464b65480c0a93492d05bf5be9,0.3645753425957952,28.125,321,74.76635514018692,0.0,576.6335999792361,216.0000000000009,216.5999999999989,128.4000000000002,1.284000000000001,604.8,87.5,1831.2175999792362,completed,trigger_0.02
irrigation,ET-MPC,N3_burst_loss,2039,persistence,0.02,1.0,hold,d367ecdf943227e2ec44dadd2b679441a808b8db50eb567fda8c9d16d6f9f1c1,569714c2f054d7e589e1a1a495e488b7d47d406c61e9837ff2edbc5d46855c34,12ca0f6e05f585cf9d39f2c06178e7b8c550bd464b65480c0a93492d05bf5be9,0.27833429504252133,15.327380952380953,321,76.94704049844236,0.0,563.0975999935799,216.0000000000009,213.09999999999891,120.0000000000002,1.284000000000001,604.8,88.75,1807.03159999358,completed,trigger_0.02
irrigation,ET-MPC,N3_burst_loss,2040,persistence,0.02,1.0,hold,7d789529be3d09d16bf8e8b64711ac1c59d37c757fbdda3b477a16444a5190eb,569714c2f054d7e589e1a1a495e488b7d47d406c61e9837ff2edbc5d46855c34,12ca0f6e05f585cf9d39f2c06178e7b8c550bd464b65480c0a93492d05bf5be9,0.25021479356185683,12.5,321,82.24299065420561,0.0,545.5007999867363,233.60000000000116,214.04999999999893,100.80000000000015,1.284000000000001,604.8,216.25,1916.2847999867365,completed,trigger_0.02
irrigation,ET-MPC,N3_burst_loss,2026,persistence,0.035,1.0,hold,a75b7a0922ea7a30e90da0f1ced98ba8a7419527020a72c76183aa08a68a4bcd,569714c2f054d7e589e1a1a495e488b7d47d406c61e9837ff2edbc5d46855c34,12ca0f6e05f585cf9d39f2c06178e7b8c550bd464b65480c0a93492d05bf5be9,0.5650281898235516,43.898809523809526,286,76.57342657342657,0.0,498.12479998298295,198.40000000000066,190.79999999999913,104.40000000000016,1.1440000000000008,604.8,215.0,1812.6687999829828,completed,trigger_0.035
irrigation,ET-MPC,N3_burst_loss,2027,persistence,0.035,1.0,hold,533b4cdd049e26db1467e27753c9f70b6d61431700c78779f753f0046b75583a,569714c2f054d7e589e1a1a495e488b7d47d406c61e9837ff2edbc5d46855c34,12ca0f6e05f585cf9d39f2c06178e7b8c550bd464b65480c0a93492d05bf5be9,0.5765400291724901,44.79166666666667,294,76.53061224489795,0.0,523.8431999811461,193.6000000000006,195.9499999999992,116.40000000000019,1.1760000000000008,604.8,158.75,1794.519199981146,completed,trigger_0.035
irrigation,ET-MPC,N3_burst_loss,2028,persistence,0.035,1.0,hold,c1c183f0dfe64cb835845ed37e39ba4e9f3b91348f0f065334093a0cbd445c37,569714c2f054d7e589e1a1a495e488b7d47d406c61e9837ff2edbc5d46855c34,12ca0f6e05f585cf9d39f2c06178e7b8c550bd464b65480c0a93492d05bf5be9,0.5666496190177542,48.51190476190476,283,73.14487632508833,0.0,514.3679999882293,187.2000000000005,191.4999999999991,121.20000000000019,1.1320000000000008,604.8,62.5,1682.699999988229,completed,trigger_0.035
irrigation,ET-MPC,N3_burst_loss,2029,persistence,0.035,1.0,hold,c6b5fe23885735d5c5fa01e9127e91c5b07ff6823f76d0dc133e1bbedf1785bd,569714c2f054d7e589e1a1a495e488b7d47d406c61e9837ff2edbc5d46855c34,12ca0f6e05f585cf9d39f2c06178e7b8c550bd464b65480c0a93492d05bf5be9,0.3386128115973198,19.642857142857142,282,75.177304964539,0.0,498.12479999532013,188.80000000000052,187.79999999999913,104.40000000000016,1.1280000000000008,604.8,340.0,1925.0527999953201,completed,trigger_0.035
irrigation,ET-MPC,N3_burst_loss,2030,persistence,0.035,1.0,hold,7021b7c67533b68afdec01f2e51ffc97ca7d4edfe5be4ccd9ed6f0cf27e307d1,569714c2f054d7e589e1a1a495e488b7d47d406c61e9837ff2edbc5d46855c34,12ca0f6e05f585cf9d39f2c06178e7b8c550bd464b65480c0a93492d05bf5be9,0.2634325418738969,15.029761904761903,288,75.34722222222223,0.0,518.4287999874706,188.0000000000005,192.79999999999916,122.4000000000002,1.1520000000000008,604.8,273.75,1901.3307999874705,completed,trigger_0.035
irrigation,ET-MPC,N3_burst_loss,2031,persistence,0.035,1.0,hold,75c8a909e2f1add992fbdb445ae53cff48e7b2d98a5e0929b21bc47dc4974e2f,569714c2f054d7e589e1a1a495e488b7d47d406c61e9837ff2edbc5d46855c34,12ca0f6e05f585cf9d39f2c06178e7b8c550bd464b65480c0a93492d05bf5be9,0.3363826737754915,22.470238095238095,284,81.33802816901408,0.0,487.29599999094654,196.80000000000064,187.49999999999906,96.00000000000014,1.1360000000000008,604.8,81.25,1654.7819999909461,completed,trigger_0.035
irrigation,ET-MPC,N3_burst_loss,2032,persistence,0.035,1.0,hold,debc703b85e97f1d20536476758145472ba2d5fdfe7d3424f9b7f74f88bcbd9e,569714c2f054d7e589e1a1a495e488b7d47d406c61e9837ff2edbc5d46855c34,12ca0f6e05f585cf9d39f2c06178e7b8c550bd464b65480c0a93492d05bf5be9,0.45680467349796633,28.125,295,80.0,0.0,519.78239999354,208.0000000000008,199.399999999999,115.20000000000019,1.1800000000000008,604.8,127.5,1775.86239999354,completed,trigger_0.035
irrigation,ET-MPC,N3_burst_loss,2033,persistence,0.035,1.0,hold,8bb8ba510bd492b1bc94b3d46c959fc6d52d9a97f9dd6f9139086833936159c9,569714c2f054d7e589e1a1a495e488b7d47d406c61e9837ff2edbc5d46855c34,12ca0f6e05f585cf9d39f2c06178e7b8c550bd464b65480c0a93492d05bf5be9,0.45018802912929784,21.875,302,75.16556291390728,0.0,538.7327999803626,202.40000000000072,202.54999999999902,127.20000000000022,1.2080000000000009,604.8,327.5,2004.3907999803628,completed,trigger_0.035
irrigation,ET-MPC,N3_burst_loss,2034,persistence,0.035,1.0,hold,a06c48d9e8f6547ae62e29a514f8a4b4737e385d4f3824ec8a91f6228db682a9,569714c2f054d7e589e1a1a495e488b7d47d406c61e9837ff2edbc5d46855c34,12ca0f6e05f585cf9d39f2c06178e7b8c550bd464b65480c0a93492d05bf5be9,0.4517398715647155,22.916666666666664,285,79.64912280701755,0.0,480.5279999887794,200.8000000000007,186.99999999999915,87.60000000000012,1.1400000000000008,604.8,110.0,1671.8679999887795,completed,trigger_0.035
irrigation,ET-MPC,N3_burst_loss,2035,persistence,0.035,1.0,hold,39ec74a63741281dcd2699454ef37ff1e78ed8621bd181acea7ad128fe12e30a,569714c2f054d7e589e1a1a495e488b7d47d406c61e9837ff2edbc5d46855c34,12ca0f6e05f585cf9d39f2c06178e7b8c550bd464b65480c0a93492d05bf5be9,0.4760317119008604,25.0,296,76.6891891891892,0.0,521.1359999854034,200.00000000000068,197.249999999999,115.20000000000019,1.1840000000000008,604.8,547.5,2187.0699999854032,completed,trigger_0.035
irrigation,ET-MPC,N3_burst_loss,2036,persistence,0.035,1.0,hold,662daa17ea748280259a4ceb96a63c9d1bca989fab0e0b8857de78a7fc67ffbe,569714c2f054d7e589e1a1a495e488b7d47d406c61e9837ff2edbc5d46855c34,12ca0f6e05f585cf9d39f2c06178e7b8c550bd464b65480c0a93492d05bf5be9,0.20752222819968488,4.166666666666666,287,79.79094076655052,0.0,495.41759999747836,197.60000000000065,189.84999999999908,103.20000000000016,1.1480000000000008,604.8,172.5,1764.5155999974781,completed,trigger_0.035
irrigation,ET-MPC,N3_burst_loss,2037,persistence,0.035,1.0,hold,66cc67ff4a66857f323b50290f40746cc9347026f15e74529346e7d9999db3fd,569714c2f054d7e589e1a1a495e488b7d47d406c61e9837ff2edbc5d46855c34,12ca0f6e05f585cf9d39f2c06178e7b8c550bd464b65480c0a93492d05bf5be9,0.5601159295783746,41.81547619047619,283,74.5583038869258,0.0,518.4287999812949,186.4000000000005,192.29999999999907,126.0000000000002,1.1320000000000008,604.8,83.75,1712.8107999812946,completed,trigger_0.035
irrigation,ET-MPC,N3_burst_loss,2038,persistence,0.035,1.0,hold,e7f1dcacd8b2db810c24e061740ab5e34e7718f2e4d36da30b7b6e761375c042,569714c2f054d7e589e1a1a495e488b7d47d406c61e9837ff2edbc5d46855c34,12ca0f6e05f585cf9d39f2c06178e7b8c550bd464b65480c0a93492d05bf5be9,0.3645230411630726,28.125,284,75.0,0.0,507.5999999863529,193.6000000000006,191.74999999999915,110.40000000000018,1.1360000000000008,604.8,87.5,1696.7859999863526,completed,trigger_0.035
irrigation,ET-MPC,N3_burst_loss,2039,persistence,0.035,1.0,hold,d367ecdf943227e2ec44dadd2b679441a808b8db50eb567fda8c9d16d6f9f1c1,569714c2f054d7e589e1a1a495e488b7d47d406c61e9837ff2edbc5d46855c34,12ca0f6e05f585cf9d39f2c06178e7b8c550bd464b65480c0a93492d05bf5be9,0.27833429504252133,15.327380952380953,282,76.95035460992908,0.0,494.06399999621095,190.40000000000055,187.2499999999992,104.40000000000015,1.1280000000000008,604.8,88.75,1670.791999996211,completed,trigger_0.035
irrigation,ET-MPC,N3_burst_loss,2040,persistence,0.035,1.0,hold,7d789529be3d09d16bf8e8b64711ac1c59d37c757fbdda3b477a16444a5190eb,569714c2f054d7e589e1a1a495e488b7d47d406c61e9837ff2edbc5d46855c34,12ca0f6e05f585cf9d39f2c06178e7b8c550bd464b65480c0a93492d05bf5be9,0.25021479356185683,12.5,294,81.63265306122449,0.0,500.83199998648206,212.80000000000086,195.99999999999912,92.40000000000013,1.1760000000000008,604.8,216.25,1824.257999986482,completed,trigger_0.035
irrigation,ET-MPC,N3_burst_loss,2026,persistence,0.07,1.0,hold,a75b7a0922ea7a30e90da0f1ced98ba8a7419527020a72c76183aa08a68a4bcd,569714c2f054d7e589e1a1a495e488b7d47d406c61e9837ff2edbc5d46855c34,12ca0f6e05f585cf9d39f2c06178e7b8c550bd464b65480c0a93492d05bf5be9,0.5661085706682331,44.49404761904761,200,73.5,0.0,351.9359999855041,135.99999999999977,133.49999999999983,75.6000000000001,0.8000000000000006,604.8,218.75,1521.3859999855038,completed,trigger_0.07
irrigation,ET-MPC,N3_burst_loss,2027,persistence,0.07,1.0,hold,533b4cdd049e26db1467e27753c9f70b6d61431700c78779f753f0046b75583a,569714c2f054d7e589e1a1a495e488b7d47d406c61e9837ff2edbc5d46855c34,12ca0f6e05f585cf9d39f2c06178e7b8c550bd464b65480c0a93492d05bf5be9,0.5761066461471209,44.49404761904761,185,74.5945945945946,0.0,334.3391999901592,121.5999999999997,124.4499999999998,78.0000000000001,0.7400000000000005,604.8,157.5,1421.4291999901588,completed,trigger_0.07
irrigation,ET-MPC,N3_burst_loss,2028,persistence,0.07,1.0,hold,c1c183f0dfe64cb835845ed37e39ba4e9f3b91348f0f065334093a0cbd445c37,569714c2f054d7e589e1a1a495e488b7d47d406c61e9837ff2edbc5d46855c34,12ca0f6e05f585cf9d39f2c06178e7b8c550bd464b65480c0a93492d05bf5be9,0.5675480618574874,48.80952380952381,197,76.6497461928934,0.0,346.52159998789625,135.19999999999976,131.84999999999974,74.40000000000009,0.7880000000000006,604.8,62.5,1356.0595999878958,completed,trigger_0.07
irrigation,ET-MPC,N3_burst_loss,2029,persistence,0.07,1.0,hold,c6b5fe23885735d5c5fa01e9127e91c5b07ff6823f76d0dc133e1bbedf1785bd,569714c2f054d7e589e1a1a495e488b7d47d406c61e9837ff2edbc5d46855c34,12ca0f6e05f585cf9d39f2c06178e7b8c550bd464b65480c0a93492d05bf5be9,0.33855335613850684,19.791666666666664,196,77.55102040816327,0.0,341.1071999921763,132.79999999999973,129.69999999999985,68.40000000000006,0.7840000000000006,604.8,340.0,1617.591199992176,completed,trigger_0.07
irrigation,ET-MPC,N3_burst_loss,2030,persistence,0.07,1.0,hold,7021b7c67533b68afdec01f2e51ffc97ca7d4edfe5be4ccd9ed6f0cf27e307d1,569714c2f054d7e589e1a1a495e488b7d47d406c61e9837ff2edbc5d46855c34,12ca0f6e05f585cf9d39f2c06178e7b8c550bd464b65480c0a93492d05bf5be9,0.2642772858388524,15.029761904761903,189,80.95238095238095,0.0,328.92479998449795,131.1999999999997,126.04999999999977,69.60000000000007,0.7560000000000006,604.8,275.0,1536.3307999844974,completed,trigger_0.07
irrigation,ET-MPC,N3_burst_loss,2031,persistence,0.07,1.0,hold,75c8a909e2f1add992fbdb445ae53cff48e7b2d98a5e0929b21bc47dc4974e2f,569714c2f054d7e589e1a1a495e488b7d47d406c61e9837ff2edbc5d46855c34,12ca0f6e05f585cf9d39f2c06178e7b8c550bd464b65480c0a93492d05bf5be9,0.3363480416430299,22.470238095238095,200,84.5,0.0,334.3391999943698,143.19999999999987,131.19999999999968,60.00000000000005,0.8000000000000006,604.8,83.75,1358.0891999943692,completed,trigger_0.07
irrigation,ET-MPC,N3_burst_loss,2032,persistence,0.07,1.0,hold,debc703b85e97f1d20536476758145472ba2d5fdfe7d3424f9b7f74f88bcbd9e,569714c2f054d7e589e1a1a495e488b7d47d406c61e9837ff2edbc5d46855c34,12ca0f6e05f585cf9d39f2c06178e7b8c550bd464b65480c0a93492d05bf5be9,0.4574484764117457,28.125,208,78.84615384615384,0.0,365.4719999921441,145.5999999999999,139.9999999999996,79.2000000000001,0.8320000000000006,604.8,128.75,1464.6539999921438,completed,trigger_0.07
irrigation,ET-MPC,N3_burst_loss,2033,persistence,0.07,1.0,hold,8bb8ba510bd492b1bc94b3d46c959fc6d52d9a97f9dd6f9139086833936159c9,569714c2f054d7e589e1a1a495e488b7d47d406c61e9837ff2edbc5d46855c34,12ca0f6e05f585cf9d39f2c06178e7b8c550bd464b65480c0a93492d05bf5be9,0.45013913815802903,21.875,193,72.02072538860104,0.0,346.5215999846406,127.19999999999968,129.34999999999985,84.00000000000011,0.7720000000000006,604.8,330.0,1622.6435999846403,completed,trigger_0.07
irrigation,ET-MPC,N3_burst_loss,2034,persistence,0.07,1.0,hold,a06c48d9e8f6547ae62e29a514f8a4b4737e385d4f3824ec8a91f6228db682a9,569714c2f054d7e589e1a1a495e488b7d47d406c61e9837ff2edbc5d46855c34,12ca0f6e05f585cf9d39f2c06178e7b8c550bd464b65480c0a93492d05bf5be9,0.45145308700896686,22.916666666666664,196,81.63265306122449,0.0,327.5711999892968,140.79999999999984,128.6999999999998,56.40000000000005,0.7840000000000006,604.8,108.75,1367.8051999892964,completed,trigger_0.07
irrigation,ET-MPC,N3_burst_loss,2035,persistence,0.07,1.0,hold,39ec74a63741281dcd2699454ef37ff1e78ed8621bd181acea7ad128fe12e30a,569714c2f054d7e589e1a1a495e488b7d47d406c61e9837ff2edbc5d46855c34,12ca0f6e05f585cf9d39f2c06178e7b8c550bd464b65480c0a93492d05bf5be9,0.47778912064179857,25.0,204,76.47058823529412,0.0,361.41119999114756,137.5999999999998,136.44999999999973,80.4000000000001,0.8160000000000006,604.8,548.75,1870.2271999911472,completed,trigger_0.07
irrigation,ET-MPC,N3_burst_loss,2036,persistence,0.07,1.0,hold,662daa17ea748280259a4ceb96a63c9d1bca989fab0e0b8857de78a7fc67ffbe,569714c2f054d7e589e1a1a495e488b7d47d406c61e9837ff2edbc5d46855c34,12ca0f6e05f585cf9d39f2c06178e7b8c550bd464b65480c0a93492d05bf5be9,0.20767452147509782,4.166666666666666,204,78.43137254901961,0.0,354.643199999976,139.19999999999982,135.1999999999997,76.8000000000001,0.8160000000000006,604.8,172.5,1483.9591999999757,completed,trigger_0.07
irrigation,ET-MPC,N3_burst_loss,2037,persistence,0.07,1.0,hold,66cc67ff4a66857f323b50290f40746cc9347026f15e74529346e7d9999db3fd,569714c2f054d7e589e1a1a495e488b7d47d406c61e9837ff2edbc5d46855c34,12ca0f6e05f585cf9d39f2c06178e7b8c550bd464b65480c0a93492d05bf5be9,0.5601641732942886,41.81547619047619,199,72.36180904522612,0.0,365.4719999951409,127.19999999999968,134.2499999999998,88.80000000000013,0.7960000000000006,604.8,83.75,1405.0679999951406,completed,trigger_0.07
irrigation,ET-MPC,N3_burst_loss,2038,persistence,0.07,1.0,hold,e7f1dcacd8b2db810c24e061740ab5e34e7718f2e4d36da30b7b6e761375c042,569714c2f054d7e589e1a1a495e488b7d47d406c61e9837ff2edbc5d46855c34,12ca0f6e05f585cf9d39f2c06178e7b8c550bd464b65480c0a93492d05bf5be9,0.36398936096727125,28.273809523809522,198,70.70707070707071,0.0,353.2896000067712,132.79999999999973,132.8499999999997,75.6000000000001,0.7920000000000006,604.8,82.5,1382.631600006771,completed,trigger_0.07
irrigation,ET-MPC,N3_burst_loss,2039,persistence,0.07,1.0,hold,d367ecdf943227e2ec44dadd2b679441a808b8db50eb567fda8c9d16d6f9f1c1,569714c2f054d7e589e1a1a495e488b7d47d406c61e9837ff2edbc5d46855c34,12ca0f6e05f585cf9d39f2c06178e7b8c550bd464b65480c0a93492d05bf5be9,0.2804440199822288,15.327380952380953,195,81.53846153846153,0.0,341.10719999314955,134.39999999999975,130.1999999999998,72.00000000000009,0.7800000000000006,604.8,95.0,1378.287199993149,completed,trigger_0.07
irrigation,ET-MPC,N3_burst_loss,2040,persistence,0.07,1.0,hold,7d789529be3d09d16bf8e8b64711ac1c59d37c757fbdda3b477a16444a5190eb,569714c2f054d7e589e1a1a495e488b7d47d406c61e9837ff2edbc5d46855c34,12ca0f6e05f585cf9d39f2c06178e7b8c550bd464b65480c0a93492d05bf5be9,0.2492324194560019,12.202380952380953,199,79.89949748743719,0.0,341.1071999984655,141.59999999999985,132.4499999999997,63.600000000000065,0.7960000000000006,604.8,215.0,1499.3531999984652,completed,trigger_0.07
irrigation,ET-MPC,N3_burst_loss,2026,persistence,0.035,1.0,hold,a75b7a0922ea7a30e90da0f1ced98ba8a7419527020a72c76183aa08a68a4bcd,569714c2f054d7e589e1a1a495e488b7d47d406c61e9837ff2edbc5d46855c34,12ca0f6e05f585cf9d39f2c06178e7b8c550bd464b65480c0a93492d05bf5be9,0.5650281898235516,43.898809523809526,286,76.57342657342657,0.0,498.12479998298295,198.40000000000066,190.79999999999913,104.40000000000016,1.1440000000000008,604.8,215.0,1812.6687999829828,completed,forecast_persistence
irrigation,ET-MPC,N3_burst_loss,2027,persistence,0.035,1.0,hold,533b4cdd049e26db1467e27753c9f70b6d61431700c78779f753f0046b75583a,569714c2f054d7e589e1a1a495e488b7d47d406c61e9837ff2edbc5d46855c34,12ca0f6e05f585cf9d39f2c06178e7b8c550bd464b65480c0a93492d05bf5be9,0.5765400291724901,44.79166666666667,294,76.53061224489795,0.0,523.8431999811461,193.6000000000006,195.9499999999992,116.40000000000019,1.1760000000000008,604.8,158.75,1794.519199981146,completed,forecast_persistence
irrigation,ET-MPC,N3_burst_loss,2028,persistence,0.035,1.0,hold,c1c183f0dfe64cb835845ed37e39ba4e9f3b91348f0f065334093a0cbd445c37,569714c2f054d7e589e1a1a495e488b7d47d406c61e9837ff2edbc5d46855c34,12ca0f6e05f585cf9d39f2c06178e7b8c550bd464b65480c0a93492d05bf5be9,0.5666496190177542,48.51190476190476,283,73.14487632508833,0.0,514.3679999882293,187.2000000000005,191.4999999999991,121.20000000000019,1.1320000000000008,604.8,62.5,1682.699999988229,completed,forecast_persistence
irrigation,ET-MPC,N3_burst_loss,2029,persistence,0.035,1.0,hold,c6b5fe23885735d5c5fa01e9127e91c5b07ff6823f76d0dc133e1bbedf1785bd,569714c2f054d7e589e1a1a495e488b7d47d406c61e9837ff2edbc5d46855c34,12ca0f6e05f585cf9d39f2c06178e7b8c550bd464b65480c0a93492d05bf5be9,0.3386128115973198,19.642857142857142,282,75.177304964539,0.0,498.12479999532013,188.80000000000052,187.79999999999913,104.40000000000016,1.1280000000000008,604.8,340.0,1925.0527999953201,completed,forecast_persistence
irrigation,ET-MPC,N3_burst_loss,2030,persistence,0.035,1.0,hold,7021b7c67533b68afdec01f2e51ffc97ca7d4edfe5be4ccd9ed6f0cf27e307d1,569714c2f054d7e589e1a1a495e488b7d47d406c61e9837ff2edbc5d46855c34,12ca0f6e05f585cf9d39f2c06178e7b8c550bd464b65480c0a93492d05bf5be9,0.2634325418738969,15.029761904761903,288,75.34722222222223,0.0,518.4287999874706,188.0000000000005,192.79999999999916,122.4000000000002,1.1520000000000008,604.8,273.75,1901.3307999874705,completed,forecast_persistence
irrigation,ET-MPC,N3_burst_loss,2031,persistence,0.035,1.0,hold,75c8a909e2f1add992fbdb445ae53cff48e7b2d98a5e0929b21bc47dc4974e2f,569714c2f054d7e589e1a1a495e488b7d47d406c61e9837ff2edbc5d46855c34,12ca0f6e05f585cf9d39f2c06178e7b8c550bd464b65480c0a93492d05bf5be9,0.3363826737754915,22.470238095238095,284,81.33802816901408,0.0,487.29599999094654,196.80000000000064,187.49999999999906,96.00000000000014,1.1360000000000008,604.8,81.25,1654.7819999909461,completed,forecast_persistence
irrigation,ET-MPC,N3_burst_loss,2032,persistence,0.035,1.0,hold,debc703b85e97f1d20536476758145472ba2d5fdfe7d3424f9b7f74f88bcbd9e,569714c2f054d7e589e1a1a495e488b7d47d406c61e9837ff2edbc5d46855c34,12ca0f6e05f585cf9d39f2c06178e7b8c550bd464b65480c0a93492d05bf5be9,0.45680467349796633,28.125,295,80.0,0.0,519.78239999354,208.0000000000008,199.399999999999,115.20000000000019,1.1800000000000008,604.8,127.5,1775.86239999354,completed,forecast_persistence
irrigation,ET-MPC,N3_burst_loss,2033,persistence,0.035,1.0,hold,8bb8ba510bd492b1bc94b3d46c959fc6d52d9a97f9dd6f9139086833936159c9,569714c2f054d7e589e1a1a495e488b7d47d406c61e9837ff2edbc5d46855c34,12ca0f6e05f585cf9d39f2c06178e7b8c550bd464b65480c0a93492d05bf5be9,0.45018802912929784,21.875,302,75.16556291390728,0.0,538.7327999803626,202.40000000000072,202.54999999999902,127.20000000000022,1.2080000000000009,604.8,327.5,2004.3907999803628,completed,forecast_persistence
irrigation,ET-MPC,N3_burst_loss,2034,persistence,0.035,1.0,hold,a06c48d9e8f6547ae62e29a514f8a4b4737e385d4f3824ec8a91f6228db682a9,569714c2f054d7e589e1a1a495e488b7d47d406c61e9837ff2edbc5d46855c34,12ca0f6e05f585cf9d39f2c06178e7b8c550bd464b65480c0a93492d05bf5be9,0.4517398715647155,22.916666666666664,285,79.64912280701755,0.0,480.5279999887794,200.8000000000007,186.99999999999915,87.60000000000012,1.1400000000000008,604.8,110.0,1671.8679999887795,completed,forecast_persistence
irrigation,ET-MPC,N3_burst_loss,2035,persistence,0.035,1.0,hold,39ec74a63741281dcd2699454ef37ff1e78ed8621bd181acea7ad128fe12e30a,569714c2f054d7e589e1a1a495e488b7d47d406c61e9837ff2edbc5d46855c34,12ca0f6e05f585cf9d39f2c06178e7b8c550bd464b65480c0a93492d05bf5be9,0.4760317119008604,25.0,296,76.6891891891892,0.0,521.1359999854034,200.00000000000068,197.249999999999,115.20000000000019,1.1840000000000008,604.8,547.5,2187.0699999854032,completed,forecast_persistence
irrigation,ET-MPC,N3_burst_loss,2036,persistence,0.035,1.0,hold,662daa17ea748280259a4ceb96a63c9d1bca989fab0e0b8857de78a7fc67ffbe,569714c2f054d7e589e1a1a495e488b7d47d406c61e9837ff2edbc5d46855c34,12ca0f6e05f585cf9d39f2c06178e7b8c550bd464b65480c0a93492d05bf5be9,0.20752222819968488,4.166666666666666,287,79.79094076655052,0.0,495.41759999747836,197.60000000000065,189.84999999999908,103.20000000000016,1.1480000000000008,604.8,172.5,1764.5155999974781,completed,forecast_persistence
irrigation,ET-MPC,N3_burst_loss,2037,persistence,0.035,1.0,hold,66cc67ff4a66857f323b50290f40746cc9347026f15e74529346e7d9999db3fd,569714c2f054d7e589e1a1a495e488b7d47d406c61e9837ff2edbc5d46855c34,12ca0f6e05f585cf9d39f2c06178e7b8c550bd464b65480c0a93492d05bf5be9,0.5601159295783746,41.81547619047619,283,74.5583038869258,0.0,518.4287999812949,186.4000000000005,192.29999999999907,126.0000000000002,1.1320000000000008,604.8,83.75,1712.8107999812946,completed,forecast_persistence
irrigation,ET-MPC,N3_burst_loss,2038,persistence,0.035,1.0,hold,e7f1dcacd8b2db810c24e061740ab5e34e7718f2e4d36da30b7b6e761375c042,569714c2f054d7e589e1a1a495e488b7d47d406c61e9837ff2edbc5d46855c34,12ca0f6e05f585cf9d39f2c06178e7b8c550bd464b65480c0a93492d05bf5be9,0.3645230411630726,28.125,284,75.0,0.0,507.5999999863529,193.6000000000006,191.74999999999915,110.40000000000018,1.1360000000000008,604.8,87.5,1696.7859999863526,completed,forecast_persistence
irrigation,ET-MPC,N3_burst_loss,2039,persistence,0.035,1.0,hold,d367ecdf943227e2ec44dadd2b679441a808b8db50eb567fda8c9d16d6f9f1c1,569714c2f054d7e589e1a1a495e488b7d47d406c61e9837ff2edbc5d46855c34,12ca0f6e05f585cf9d39f2c06178e7b8c550bd464b65480c0a93492d05bf5be9,0.27833429504252133,15.327380952380953,282,76.95035460992908,0.0,494.06399999621095,190.40000000000055,187.2499999999992,104.40000000000015,1.1280000000000008,604.8,88.75,1670.791999996211,completed,forecast_persistence
irrigation,ET-MPC,N3_burst_loss,2040,persistence,0.035,1.0,hold,7d789529be3d09d16bf8e8b64711ac1c59d37c757fbdda3b477a16444a5190eb,569714c2f054d7e589e1a1a495e488b7d47d406c61e9837ff2edbc5d46855c34,12ca0f6e05f585cf9d39f2c06178e7b8c550bd464b65480c0a93492d05bf5be9,0.25021479356185683,12.5,294,81.63265306122449,0.0,500.83199998648206,212.80000000000086,195.99999999999912,92.40000000000013,1.1760000000000008,604.8,216.25,1824.257999986482,completed,forecast_persistence
irrigation,ET-MPC,N3_burst_loss,2026,noisy_persistence,0.035,1.0,hold,a75b7a0922ea7a30e90da0f1ced98ba8a7419527020a72c76183aa08a68a4bcd,569714c2f054d7e589e1a1a495e488b7d47d406c61e9837ff2edbc5d46855c34,12ca0f6e05f585cf9d39f2c06178e7b8c550bd464b65480c0a93492d05bf5be9,0.5657030981456204,44.49404761904761,286,76.57342657342657,0.0,498.12479998298295,198.40000000000066,190.79999999999913,104.40000000000016,1.1440000000000008,604.8,216.25,1813.9187999829828,completed,forecast_noisy_persistence
irrigation,ET-MPC,N3_burst_loss,2027,noisy_persistence,0.035,1.0,hold,533b4cdd049e26db1467e27753c9f70b6d61431700c78779f753f0046b75583a,569714c2f054d7e589e1a1a495e488b7d47d406c61e9837ff2edbc5d46855c34,12ca0f6e05f585cf9d39f2c06178e7b8c550bd464b65480c0a93492d05bf5be9,0.5765400291724901,44.79166666666667,294,76.53061224489795,0.0,523.8431999811461,193.6000000000006,195.9499999999992,116.40000000000019,1.1760000000000008,604.8,158.75,1794.519199981146,completed,forecast_noisy_persistence
irrigation,ET-MPC,N3_burst_loss,2028,noisy_persistence,0.035,1.0,hold,c1c183f0dfe64cb835845ed37e39ba4e9f3b91348f0f065334093a0cbd445c37,569714c2f054d7e589e1a1a495e488b7d47d406c61e9837ff2edbc5d46855c34,12ca0f6e05f585cf9d39f2c06178e7b8c550bd464b65480c0a93492d05bf5be9,0.5666025923670166,48.51190476190476,283,73.14487632508833,0.0,514.3679999882293,187.2000000000005,191.4999999999991,121.20000000000019,1.1320000000000008,604.8,61.25,1681.449999988229,completed,forecast_noisy_persistence
irrigation,ET-MPC,N3_burst_loss,2029,noisy_persistence,0.035,1.0,hold,c6b5fe23885735d5c5fa01e9127e91c5b07ff6823f76d0dc133e1bbedf1785bd,569714c2f054d7e589e1a1a495e488b7d47d406c61e9837ff2edbc5d46855c34,12ca0f6e05f585cf9d39f2c06178e7b8c550bd464b65480c0a93492d05bf5be9,0.3386128115973198,19.642857142857142,282,75.177304964539,0.0,498.12479999532013,188.80000000000052,187.79999999999913,104.40000000000016,1.1280000000000008,604.8,340.0,1925.0527999953201,completed,forecast_noisy_persistence
irrigation,ET-MPC,N3_burst_loss,2030,noisy_persistence,0.035,1.0,hold,7021b7c67533b68afdec01f2e51ffc97ca7d4edfe5be4ccd9ed6f0cf27e307d1,569714c2f054d7e589e1a1a495e488b7d47d406c61e9837ff2edbc5d46855c34,12ca0f6e05f585cf9d39f2c06178e7b8c550bd464b65480c0a93492d05bf5be9,0.2639165460970957,15.029761904761903,289,75.4325259515571,0.0,519.7823999873739,188.80000000000052,193.39999999999915,122.4000000000002,1.1560000000000008,604.8,273.75,1904.0883999873738,completed,forecast_noisy_persistence
irrigation,ET-MPC,N3_burst_loss,2031,noisy_persistence,0.035,1.0,hold,75c8a909e2f1add992fbdb445ae53cff48e7b2d98a5e0929b21bc47dc4974e2f,569714c2f054d7e589e1a1a495e488b7d47d406c61e9837ff2edbc5d46855c34,12ca0f6e05f585cf9d39f2c06178e7b8c550bd464b65480c0a93492d05bf5be9,0.3363826737754915,22.470238095238095,284,81.33802816901408,0.0,487.29599999094654,196.80000000000064,187.49999999999906,96.00000000000014,1.1360000000000008,604.8,81.25,1654.7819999909461,completed,forecast_noisy_persistence
irrigation,ET-MPC,N3_burst_loss,2032,noisy_persistence,0.035,1.0,hold,debc703b85e97f1d20536476758145472ba2d5fdfe7d3424f9b7f74f88bcbd9e,569714c2f054d7e589e1a1a495e488b7d47d406c61e9837ff2edbc5d46855c34,12ca0f6e05f585cf9d39f2c06178e7b8c550bd464b65480c0a93492d05bf5be9,0.45680467349796633,28.125,295,80.0,0.0,519.78239999354,208.0000000000008,199.399999999999,115.20000000000019,1.1800000000000008,604.8,127.5,1775.86239999354,completed,forecast_noisy_persistence
irrigation,ET-MPC,N3_burst_loss,2033,noisy_persistence,0.035,1.0,hold,8bb8ba510bd492b1bc94b3d46c959fc6d52d9a97f9dd6f9139086833936159c9,569714c2f054d7e589e1a1a495e488b7d47d406c61e9837ff2edbc5d46855c34,12ca0f6e05f585cf9d39f2c06178e7b8c550bd464b65480c0a93492d05bf5be9,0.4501655543863983,21.875,302,75.16556291390728,0.0,538.7327999803626,202.40000000000072,202.54999999999902,127.20000000000022,1.2080000000000009,604.8,327.5,2004.3907999803628,completed,forecast_noisy_persistence
irrigation,ET-MPC,N3_burst_loss,2034,noisy_persistence,0.035,1.0,hold,a06c48d9e8f6547ae62e29a514f8a4b4737e385d4f3824ec8a91f6228db682a9,569714c2f054d7e589e1a1a495e488b7d47d406c61e9837ff2edbc5d46855c34,12ca0f6e05f585cf9d39f2c06178e7b8c550bd464b65480c0a93492d05bf5be9,0.4517191057568568,22.916666666666664,285,79.64912280701755,0.0,480.5279999887794,200.8000000000007,186.99999999999915,87.60000000000012,1.1400000000000008,604.8,110.0,1671.8679999887795,completed,forecast_noisy_persistence
irrigation,ET-MPC,N3_burst_loss,2035,noisy_persistence,0.035,1.0,hold,39ec74a63741281dcd2699454ef37ff1e78ed8621bd181acea7ad128fe12e30a,569714c2f054d7e589e1a1a495e488b7d47d406c61e9837ff2edbc5d46855c34,12ca0f6e05f585cf9d39f2c06178e7b8c550bd464b65480c0a93492d05bf5be9,0.4760317119008604,25.0,296,76.6891891891892,0.0,521.1359999854034,200.00000000000068,197.249999999999,115.20000000000019,1.1840000000000008,604.8,547.5,2187.0699999854032,completed,forecast_noisy_persistence
irrigation,ET-MPC,N3_burst_loss,2036,noisy_persistence,0.035,1.0,hold,662daa17ea748280259a4ceb96a63c9d1bca989fab0e0b8857de78a7fc67ffbe,569714c2f054d7e589e1a1a495e488b7d47d406c61e9837ff2edbc5d46855c34,12ca0f6e05f585cf9d39f2c06178e7b8c550bd464b65480c0a93492d05bf5be9,0.20752222819968488,4.166666666666666,287,79.79094076655052,0.0,495.41759999747836,197.60000000000065,189.84999999999908,103.20000000000016,1.1480000000000008,604.8,172.5,1764.5155999974781,completed,forecast_noisy_persistence
irrigation,ET-MPC,N3_burst_loss,2037,noisy_persistence,0.035,1.0,hold,66cc67ff4a66857f323b50290f40746cc9347026f15e74529346e7d9999db3fd,569714c2f054d7e589e1a1a495e488b7d47d406c61e9837ff2edbc5d46855c34,12ca0f6e05f585cf9d39f2c06178e7b8c550bd464b65480c0a93492d05bf5be9,0.5601159295783746,41.81547619047619,283,74.5583038869258,0.0,518.4287999812949,186.4000000000005,192.29999999999907,126.0000000000002,1.1320000000000008,604.8,83.75,1712.8107999812946,completed,forecast_noisy_persistence
irrigation,ET-MPC,N3_burst_loss,2038,noisy_persistence,0.035,1.0,hold,e7f1dcacd8b2db810c24e061740ab5e34e7718f2e4d36da30b7b6e761375c042,569714c2f054d7e589e1a1a495e488b7d47d406c61e9837ff2edbc5d46855c34,12ca0f6e05f585cf9d39f2c06178e7b8c550bd464b65480c0a93492d05bf5be9,0.36463976524732455,28.125,286,75.52447552447552,0.0,508.9535999871292,196.00000000000063,192.84999999999914,109.20000000000017,1.1440000000000008,604.8,86.25,1699.197599987129,completed,forecast_noisy_persistence
irrigation,ET-MPC,N3_burst_loss,2039,noisy_persistence,0.035,1.0,hold,d367ecdf943227e2ec44dadd2b679441a808b8db50eb567fda8c9d16d6f9f1c1,569714c2f054d7e589e1a1a495e488b7d47d406c61e9837ff2edbc5d46855c34,12ca0f6e05f585cf9d39f2c06178e7b8c550bd464b65480c0a93492d05bf5be9,0.2778994222617281,15.327380952380953,282,76.95035460992908,0.0,494.06399999621095,190.40000000000055,187.2499999999992,104.40000000000015,1.1280000000000008,604.8,87.5,1669.541999996211,completed,forecast_noisy_persistence
irrigation,ET-MPC,N3_burst_loss,2040,noisy_persistence,0.035,1.0,hold,7d789529be3d09d16bf8e8b64711ac1c59d37c757fbdda3b477a16444a5190eb,569714c2f054d7e589e1a1a495e488b7d47d406c61e9837ff2edbc5d46855c34,12ca0f6e05f585cf9d39f2c06178e7b8c550bd464b65480c0a93492d05bf5be9,0.24966630219308003,12.5,294,81.63265306122449,0.0,500.83199998648206,212.80000000000086,195.99999999999912,92.40000000000013,1.1760000000000008,604.8,216.25,1824.257999986482,completed,forecast_noisy_persistence
irrigation,ET-MPC,N3_burst_loss,2026,oracle,0.035,1.0,hold,a75b7a0922ea7a30e90da0f1ced98ba8a7419527020a72c76183aa08a68a4bcd,569714c2f054d7e589e1a1a495e488b7d47d406c61e9837ff2edbc5d46855c34,12ca0f6e05f585cf9d39f2c06178e7b8c550bd464b65480c0a93492d05bf5be9,0.5658836669675995,44.49404761904761,286,76.57342657342657,0.0,498.12479998298295,198.40000000000066,190.79999999999913,104.40000000000016,1.1440000000000008,604.8,217.5,1815.1687999829828,completed,forecast_oracle
irrigation,ET-MPC,N3_burst_loss,2027,oracle,0.035,1.0,hold,533b4cdd049e26db1467e27753c9f70b6d61431700c78779f753f0046b75583a,569714c2f054d7e589e1a1a495e488b7d47d406c61e9837ff2edbc5d46855c34,12ca0f6e05f585cf9d39f2c06178e7b8c550bd464b65480c0a93492d05bf5be9,0.5770928892501308,44.94047619047619,292,76.71232876712328,0.0,518.4287999806598,192.80000000000058,194.29999999999922,114.00000000000018,1.1680000000000008,604.8,160.0,1785.49679998066,completed,forecast_oracle
irrigation,ET-MPC,N3_burst_loss,2028,oracle,0.035,1.0,hold,c1c183f0dfe64cb835845ed37e39ba4e9f3b91348f0f065334093a0cbd445c37,569714c2f054d7e589e1a1a495e488b7d47d406c61e9837ff2edbc5d46855c34,12ca0f6e05f585cf9d39f2c06178e7b8c550bd464b65480c0a93492d05bf5be9,0.5657288168773622,48.36309523809524,283,73.14487632508833,0.0,514.3679999882293,187.2000000000005,191.4999999999991,121.20000000000019,1.1320000000000008,604.8,58.75,1678.949999988229,completed,forecast_oracle
irrigation,ET-MPC,N3_burst_loss,2029,oracle,0.035,1.0,hold,c6b5fe23885735d5c5fa01e9127e91c5b07ff6823f76d0dc133e1bbedf1785bd,569714c2f054d7e589e1a1a495e488b7d47d406c61e9837ff2edbc5d46855c34,12ca0f6e05f585cf9d39f2c06178e7b8c550bd464b65480c0a93492d05bf5be9,0.33740779227866985,19.642857142857142,284,75.0,0.0,502.185599996485,189.60000000000053,189.0999999999991,105.60000000000016,1.1360000000000008,604.8,338.75,1931.1715999964847,completed,forecast_oracle
irrigation,ET-MPC,N3_burst_loss,2030,oracle,0.035,1.0,hold,7021b7c67533b68afdec01f2e51ffc97ca7d4edfe5be4ccd9ed6f0cf27e307d1,569714c2f054d7e589e1a1a495e488b7d47d406c61e9837ff2edbc5d46855c34,12ca0f6e05f585cf9d39f2c06178e7b8c550bd464b65480c0a93492d05bf5be9,0.2642737313152407,15.029761904761903,289,75.4325259515571,0.0,519.7823999873739,188.80000000000052,193.39999999999915,122.4000000000002,1.1560000000000008,604.8,275.0,1905.3383999873738,completed,forecast_oracle
irrigation,ET-MPC,N3_burst_loss,2031,oracle,0.035,1.0,hold,75c8a909e2f1add992fbdb445ae53cff48e7b2d98a5e0929b21bc47dc4974e2f,569714c2f054d7e589e1a1a495e488b7d47d406c61e9837ff2edbc5d46855c34,12ca0f6e05f585cf9d39f2c06178e7b8c550bd464b65480c0a93492d05bf5be9,0.33662704685570716,22.470238095238095,283,81.2720848056537,0.0,484.588799990558,196.00000000000063,186.54999999999907,94.80000000000014,1.1320000000000008,604.8,82.5,1650.3707999905578,completed,forecast_oracle
irrigation,ET-MPC,N3_burst_loss,2032,oracle,0.035,1.0,hold,debc703b85e97f1d20536476758145472ba2d5fdfe7d3424f9b7f74f88bcbd9e,569714c2f054d7e589e1a1a495e488b7d47d406c61e9837ff2edbc5d46855c34,12ca0f6e05f585cf9d39f2c06178e7b8c550bd464b65480c0a93492d05bf5be9,0.45736534776194665,28.125,296,80.06756756756756,0.0,521.1359999931523,208.8000000000008,199.99999999999898,115.20000000000019,1.1840000000000008,604.8,128.75,1779.869999993152,completed,forecast_oracle
irrigation,ET-MPC,N3_burst_loss,2033,oracle,0.035,1.0,hold,8bb8ba510bd492b1bc94b3d46c959fc6d52d9a97f9dd6f9139086833936159c9,569714c2f054d7e589e1a1a495e488b7d47d406c61e9837ff2edbc5d46855c34,12ca0f6e05f585cf9d39f2c06178e7b8c550bd464b65480c0a93492d05bf5be9,0.4500486369802692,21.875,302,75.16556291390728,0.0,538.7327999803626,202.40000000000072,202.54999999999902,127.20000000000022,1.2080000000000009,604.8,328.75,2005.6407999803628,completed,forecast_oracle
irrigation,ET-MPC,N3_burst_loss,2034,oracle,0.035,1.0,hold,a06c48d9e8f6547ae62e29a514f8a4b4737e385d4f3824ec8a91f6228db682a9,569714c2f054d7e589e1a1a495e488b7d47d406c61e9837ff2edbc5d46855c34,12ca0f6e05f585cf9d39f2c06178e7b8c550bd464b65480c0a93492d05bf5be9,0.4510621040707514,22.916666666666664,285,79.64912280701755,0.0,480.5279999887794,200.8000000000007,186.99999999999915,87.60000000000012,1.1400000000000008,604.8,108.75,1670.6179999887795,completed,forecast_oracle
irrigation,ET-MPC,N3_burst_loss,2035,oracle,0.035,1.0,hold,39ec74a63741281dcd2699454ef37ff1e78ed8621bd181acea7ad128fe12e30a,569714c2f054d7e589e1a1a495e488b7d47d406c61e9837ff2edbc5d46855c34,12ca0f6e05f585cf9d39f2c06178e7b8c550bd464b65480c0a93492d05bf5be9,0.4760133134393733,25.0,296,76.6891891891892,0.0,521.1359999854034,200.00000000000068,197.249999999999,115.20000000000019,1.1840000000000008,604.8,547.5,2187.0699999854032,completed,forecast_oracle
irrigation,ET-MPC,N3_burst_loss,2036,oracle,0.035,1.0,hold,662daa17ea748280259a4ceb96a63c9d1bca989fab0e0b8857de78a7fc67ffbe,569714c2f054d7e589e1a1a495e488b7d47d406c61e9837ff2edbc5d46855c34,12ca0f6e05f585cf9d39f2c06178e7b8c550bd464b65480c0a93492d05bf5be9,0.20735769826620987,4.166666666666666,287,79.79094076655052,0.0,495.41759999747836,197.60000000000065,189.84999999999908,103.20000000000016,1.1480000000000008,604.8,171.25,1763.2655999974781,completed,forecast_oracle
irrigation,ET-MPC,N3_burst_loss,2037,oracle,0.035,1.0,hold,66cc67ff4a66857f323b50290f40746cc9347026f15e74529346e7d9999db3fd,569714c2f054d7e589e1a1a495e488b7d47d406c61e9837ff2edbc5d46855c34,12ca0f6e05f585cf9d39f2c06178e7b8c550bd464b65480c0a93492d05bf5be9,0.5596479360202934,41.66666666666667,283,74.5583038869258,0.0,518.4287999812949,186.4000000000005,192.29999999999907,126.0000000000002,1.1320000000000008,604.8,82.5,1711.5607999812946,completed,forecast_oracle
irrigation,ET-MPC,N3_burst_loss,2038,oracle,0.035,1.0,hold,e7f1dcacd8b2db810c24e061740ab5e34e7718f2e4d36da30b7b6e761375c042,569714c2f054d7e589e1a1a495e488b7d47d406c61e9837ff2edbc5d46855c34,12ca0f6e05f585cf9d39f2c06178e7b8c550bd464b65480c0a93492d05bf5be9,0.3645231898996352,28.273809523809522,283,75.26501766784452,0.0,504.8927999865465,193.6000000000006,191.04999999999916,109.20000000000017,1.1320000000000008,604.8,88.75,1693.4247999865463,completed,forecast_oracle
irrigation,ET-MPC,N3_burst_loss,2039,oracle,0.035,1.0,hold,d367ecdf943227e2ec44dadd2b679441a808b8db50eb567fda8c9d16d6f9f1c1,569714c2f054d7e589e1a1a495e488b7d47d406c61e9837ff2edbc5d46855c34,12ca0f6e05f585cf9d39f2c06178e7b8c550bd464b65480c0a93492d05bf5be9,0.27783947024984595,15.327380952380953,282,76.95035460992908,0.0,494.06399999621095,190.40000000000055,187.2499999999992,104.40000000000015,1.1280000000000008,604.8,88.75,1670.791999996211,completed,forecast_oracle
irrigation,ET-MPC,N3_burst_loss,2040,oracle,0.035,1.0,hold,7d789529be3d09d16bf8e8b64711ac1c59d37c757fbdda3b477a16444a5190eb,569714c2f054d7e589e1a1a495e488b7d47d406c61e9837ff2edbc5d46855c34,12ca0f6e05f585cf9d39f2c06178e7b8c550bd464b65480c0a93492d05bf5be9,0.2501394667160538,12.5,293,81.56996587030717,0.0,499.4783999862878,212.00000000000085,195.3999999999991,92.40000000000013,1.1720000000000008,604.8,217.5,1822.750399986288,completed,forecast_oracle
irrigation,ET-MPC,N3_burst_loss,2026,persistence,0.035,0.98,hold,a75b7a0922ea7a30e90da0f1ced98ba8a7419527020a72c76183aa08a68a4bcd,569714c2f054d7e589e1a1a495e488b7d47d406c61e9837ff2edbc5d46855c34,12ca0f6e05f585cf9d39f2c06178e7b8c550bd464b65480c0a93492d05bf5be9,0.5650281898235516,43.898809523809526,286,76.57342657342657,0.0,498.12479998298295,198.40000000000066,190.79999999999913,104.40000000000016,1.1440000000000008,604.8,215.0,1812.6687999829828,completed,model_0.98
irrigation,ET-MPC,N3_burst_loss,2027,persistence,0.035,0.98,hold,533b4cdd049e26db1467e27753c9f70b6d61431700c78779f753f0046b75583a,569714c2f054d7e589e1a1a495e488b7d47d406c61e9837ff2edbc5d46855c34,12ca0f6e05f585cf9d39f2c06178e7b8c550bd464b65480c0a93492d05bf5be9,0.5765400291724901,44.79166666666667,294,76.53061224489795,0.0,523.8431999811461,193.6000000000006,195.9499999999992,116.40000000000019,1.1760000000000008,604.8,158.75,1794.519199981146,completed,model_0.98
irrigation,ET-MPC,N3_burst_loss,2028,persistence,0.035,0.98,hold,c1c183f0dfe64cb835845ed37e39ba4e9f3b91348f0f065334093a0cbd445c37,569714c2f054d7e589e1a1a495e488b7d47d406c61e9837ff2edbc5d46855c34,12ca0f6e05f585cf9d39f2c06178e7b8c550bd464b65480c0a93492d05bf5be9,0.5666496190177542,48.51190476190476,283,73.14487632508833,0.0,514.3679999882293,187.2000000000005,191.4999999999991,121.20000000000019,1.1320000000000008,604.8,62.5,1682.699999988229,completed,model_0.98
irrigation,ET-MPC,N3_burst_loss,2029,persistence,0.035,0.98,hold,c6b5fe23885735d5c5fa01e9127e91c5b07ff6823f76d0dc133e1bbedf1785bd,569714c2f054d7e589e1a1a495e488b7d47d406c61e9837ff2edbc5d46855c34,12ca0f6e05f585cf9d39f2c06178e7b8c550bd464b65480c0a93492d05bf5be9,0.3386128115973198,19.642857142857142,282,75.177304964539,0.0,498.12479999532013,188.80000000000052,187.79999999999913,104.40000000000016,1.1280000000000008,604.8,340.0,1925.0527999953201,completed,model_0.98
irrigation,ET-MPC,N3_burst_loss,2030,persistence,0.035,0.98,hold,7021b7c67533b68afdec01f2e51ffc97ca7d4edfe5be4ccd9ed6f0cf27e307d1,569714c2f054d7e589e1a1a495e488b7d47d406c61e9837ff2edbc5d46855c34,12ca0f6e05f585cf9d39f2c06178e7b8c550bd464b65480c0a93492d05bf5be9,0.2634325418738969,15.029761904761903,288,75.34722222222223,0.0,518.4287999874706,188.0000000000005,192.79999999999916,122.4000000000002,1.1520000000000008,604.8,273.75,1901.3307999874705,completed,model_0.98
irrigation,ET-MPC,N3_burst_loss,2031,persistence,0.035,0.98,hold,75c8a909e2f1add992fbdb445ae53cff48e7b2d98a5e0929b21bc47dc4974e2f,569714c2f054d7e589e1a1a495e488b7d47d406c61e9837ff2edbc5d46855c34,12ca0f6e05f585cf9d39f2c06178e7b8c550bd464b65480c0a93492d05bf5be9,0.3363826737754915,22.470238095238095,284,81.33802816901408,0.0,487.29599999094654,196.80000000000064,187.49999999999906,96.00000000000014,1.1360000000000008,604.8,81.25,1654.7819999909461,completed,model_0.98
irrigation,ET-MPC,N3_burst_loss,2032,persistence,0.035,0.98,hold,debc703b85e97f1d20536476758145472ba2d5fdfe7d3424f9b7f74f88bcbd9e,569714c2f054d7e589e1a1a495e488b7d47d406c61e9837ff2edbc5d46855c34,12ca0f6e05f585cf9d39f2c06178e7b8c550bd464b65480c0a93492d05bf5be9,0.45680467349796633,28.125,295,80.0,0.0,519.78239999354,208.0000000000008,199.399999999999,115.20000000000019,1.1800000000000008,604.8,127.5,1775.86239999354,completed,model_0.98
irrigation,ET-MPC,N3_burst_loss,2033,persistence,0.035,0.98,hold,8bb8ba510bd492b1bc94b3d46c959fc6d52d9a97f9dd6f9139086833936159c9,569714c2f054d7e589e1a1a495e488b7d47d406c61e9837ff2edbc5d46855c34,12ca0f6e05f585cf9d39f2c06178e7b8c550bd464b65480c0a93492d05bf5be9,0.45018802912929784,21.875,302,75.16556291390728,0.0,538.7327999803626,202.40000000000072,202.54999999999902,127.20000000000022,1.2080000000000009,604.8,327.5,2004.3907999803628,completed,model_0.98
irrigation,ET-MPC,N3_burst_loss,2034,persistence,0.035,0.98,hold,a06c48d9e8f6547ae62e29a514f8a4b4737e385d4f3824ec8a91f6228db682a9,569714c2f054d7e589e1a1a495e488b7d47d406c61e9837ff2edbc5d46855c34,12ca0f6e05f585cf9d39f2c06178e7b8c550bd464b65480c0a93492d05bf5be9,0.4517398715647155,22.916666666666664,285,79.64912280701755,0.0,480.5279999887794,200.8000000000007,186.99999999999915,87.60000000000012,1.1400000000000008,604.8,110.0,1671.8679999887795,completed,model_0.98
irrigation,ET-MPC,N3_burst_loss,2035,persistence,0.035,0.98,hold,39ec74a63741281dcd2699454ef37ff1e78ed8621bd181acea7ad128fe12e30a,569714c2f054d7e589e1a1a495e488b7d47d406c61e9837ff2edbc5d46855c34,12ca0f6e05f585cf9d39f2c06178e7b8c550bd464b65480c0a93492d05bf5be9,0.4760317119008604,25.0,296,76.6891891891892,0.0,521.1359999854034,200.00000000000068,197.249999999999,115.20000000000019,1.1840000000000008,604.8,547.5,2187.0699999854032,completed,model_0.98
irrigation,ET-MPC,N3_burst_loss,2036,persistence,0.035,0.98,hold,662daa17ea748280259a4ceb96a63c9d1bca989fab0e0b8857de78a7fc67ffbe,569714c2f054d7e589e1a1a495e488b7d47d406c61e9837ff2edbc5d46855c34,12ca0f6e05f585cf9d39f2c06178e7b8c550bd464b65480c0a93492d05bf5be9,0.20752222819968488,4.166666666666666,287,79.79094076655052,0.0,495.41759999747836,197.60000000000065,189.84999999999908,103.20000000000016,1.1480000000000008,604.8,172.5,1764.5155999974781,completed,model_0.98
irrigation,ET-MPC,N3_burst_loss,2037,persistence,0.035,0.98,hold,66cc67ff4a66857f323b50290f40746cc9347026f15e74529346e7d9999db3fd,569714c2f054d7e589e1a1a495e488b7d47d406c61e9837ff2edbc5d46855c34,12ca0f6e05f585cf9d39f2c06178e7b8c550bd464b65480c0a93492d05bf5be9,0.5601159295783746,41.81547619047619,283,74.5583038869258,0.0,518.4287999812949,186.4000000000005,192.29999999999907,126.0000000000002,1.1320000000000008,604.8,83.75,1712.8107999812946,completed,model_0.98
irrigation,ET-MPC,N3_burst_loss,2038,persistence,0.035,0.98,hold,e7f1dcacd8b2db810c24e061740ab5e34e7718f2e4d36da30b7b6e761375c042,569714c2f054d7e589e1a1a495e488b7d47d406c61e9837ff2edbc5d46855c34,12ca0f6e05f585cf9d39f2c06178e7b8c550bd464b65480c0a93492d05bf5be9,0.3645230411630726,28.125,284,75.0,0.0,507.5999999863529,193.6000000000006,191.74999999999915,110.40000000000018,1.1360000000000008,604.8,87.5,1696.7859999863526,completed,model_0.98
irrigation,ET-MPC,N3_burst_loss,2039,persistence,0.035,0.98,hold,d367ecdf943227e2ec44dadd2b679441a808b8db50eb567fda8c9d16d6f9f1c1,569714c2f054d7e589e1a1a495e488b7d47d406c61e9837ff2edbc5d46855c34,12ca0f6e05f585cf9d39f2c06178e7b8c550bd464b65480c0a93492d05bf5be9,0.27833429504252133,15.327380952380953,282,76.95035460992908,0.0,494.06399999621095,190.40000000000055,187.2499999999992,104.40000000000015,1.1280000000000008,604.8,88.75,1670.791999996211,completed,model_0.98
irrigation,ET-MPC,N3_burst_loss,2040,persistence,0.035,0.98,hold,7d789529be3d09d16bf8e8b64711ac1c59d37c757fbdda3b477a16444a5190eb,569714c2f054d7e589e1a1a495e488b7d47d406c61e9837ff2edbc5d46855c34,12ca0f6e05f585cf9d39f2c06178e7b8c550bd464b65480c0a93492d05bf5be9,0.25021479356185683,12.5,294,81.63265306122449,0.0,500.83199998648206,212.80000000000086,195.99999999999912,92.40000000000013,1.1760000000000008,604.8,216.25,1824.257999986482,completed,model_0.98
irrigation,ET-MPC,N3_burst_loss,2026,persistence,0.035,1.0,hold,a75b7a0922ea7a30e90da0f1ced98ba8a7419527020a72c76183aa08a68a4bcd,569714c2f054d7e589e1a1a495e488b7d47d406c61e9837ff2edbc5d46855c34,12ca0f6e05f585cf9d39f2c06178e7b8c550bd464b65480c0a93492d05bf5be9,0.5650281898235516,43.898809523809526,286,76.57342657342657,0.0,498.12479998298295,198.40000000000066,190.79999999999913,104.40000000000016,1.1440000000000008,604.8,215.0,1812.6687999829828,completed,model_1.0
irrigation,ET-MPC,N3_burst_loss,2027,persistence,0.035,1.0,hold,533b4cdd049e26db1467e27753c9f70b6d61431700c78779f753f0046b75583a,569714c2f054d7e589e1a1a495e488b7d47d406c61e9837ff2edbc5d46855c34,12ca0f6e05f585cf9d39f2c06178e7b8c550bd464b65480c0a93492d05bf5be9,0.5765400291724901,44.79166666666667,294,76.53061224489795,0.0,523.8431999811461,193.6000000000006,195.9499999999992,116.40000000000019,1.1760000000000008,604.8,158.75,1794.519199981146,completed,model_1.0
irrigation,ET-MPC,N3_burst_loss,2028,persistence,0.035,1.0,hold,c1c183f0dfe64cb835845ed37e39ba4e9f3b91348f0f065334093a0cbd445c37,569714c2f054d7e589e1a1a495e488b7d47d406c61e9837ff2edbc5d46855c34,12ca0f6e05f585cf9d39f2c06178e7b8c550bd464b65480c0a93492d05bf5be9,0.5666496190177542,48.51190476190476,283,73.14487632508833,0.0,514.3679999882293,187.2000000000005,191.4999999999991,121.20000000000019,1.1320000000000008,604.8,62.5,1682.699999988229,completed,model_1.0
irrigation,ET-MPC,N3_burst_loss,2029,persistence,0.035,1.0,hold,c6b5fe23885735d5c5fa01e9127e91c5b07ff6823f76d0dc133e1bbedf1785bd,569714c2f054d7e589e1a1a495e488b7d47d406c61e9837ff2edbc5d46855c34,12ca0f6e05f585cf9d39f2c06178e7b8c550bd464b65480c0a93492d05bf5be9,0.3386128115973198,19.642857142857142,282,75.177304964539,0.0,498.12479999532013,188.80000000000052,187.79999999999913,104.40000000000016,1.1280000000000008,604.8,340.0,1925.0527999953201,completed,model_1.0
irrigation,ET-MPC,N3_burst_loss,2030,persistence,0.035,1.0,hold,7021b7c67533b68afdec01f2e51ffc97ca7d4edfe5be4ccd9ed6f0cf27e307d1,569714c2f054d7e589e1a1a495e488b7d47d406c61e9837ff2edbc5d46855c34,12ca0f6e05f585cf9d39f2c06178e7b8c550bd464b65480c0a93492d05bf5be9,0.2634325418738969,15.029761904761903,288,75.34722222222223,0.0,518.4287999874706,188.0000000000005,192.79999999999916,122.4000000000002,1.1520000000000008,604.8,273.75,1901.3307999874705,completed,model_1.0
irrigation,ET-MPC,N3_burst_loss,2031,persistence,0.035,1.0,hold,75c8a909e2f1add992fbdb445ae53cff48e7b2d98a5e0929b21bc47dc4974e2f,569714c2f054d7e589e1a1a495e488b7d47d406c61e9837ff2edbc5d46855c34,12ca0f6e05f585cf9d39f2c06178e7b8c550bd464b65480c0a93492d05bf5be9,0.3363826737754915,22.470238095238095,284,81.33802816901408,0.0,487.29599999094654,196.80000000000064,187.49999999999906,96.00000000000014,1.1360000000000008,604.8,81.25,1654.7819999909461,completed,model_1.0
irrigation,ET-MPC,N3_burst_loss,2032,persistence,0.035,1.0,hold,debc703b85e97f1d20536476758145472ba2d5fdfe7d3424f9b7f74f88bcbd9e,569714c2f054d7e589e1a1a495e488b7d47d406c61e9837ff2edbc5d46855c34,12ca0f6e05f585cf9d39f2c06178e7b8c550bd464b65480c0a93492d05bf5be9,0.45680467349796633,28.125,295,80.0,0.0,519.78239999354,208.0000000000008,199.399999999999,115.20000000000019,1.1800000000000008,604.8,127.5,1775.86239999354,completed,model_1.0
irrigation,ET-MPC,N3_burst_loss,2033,persistence,0.035,1.0,hold,8bb8ba510bd492b1bc94b3d46c959fc6d52d9a97f9dd6f9139086833936159c9,569714c2f054d7e589e1a1a495e488b7d47d406c61e9837ff2edbc5d46855c34,12ca0f6e05f585cf9d39f2c06178e7b8c550bd464b65480c0a93492d05bf5be9,0.45018802912929784,21.875,302,75.16556291390728,0.0,538.7327999803626,202.40000000000072,202.54999999999902,127.20000000000022,1.2080000000000009,604.8,327.5,2004.3907999803628,completed,model_1.0
irrigation,ET-MPC,N3_burst_loss,2034,persistence,0.035,1.0,hold,a06c48d9e8f6547ae62e29a514f8a4b4737e385d4f3824ec8a91f6228db682a9,569714c2f054d7e589e1a1a495e488b7d47d406c61e9837ff2edbc5d46855c34,12ca0f6e05f585cf9d39f2c06178e7b8c550bd464b65480c0a93492d05bf5be9,0.4517398715647155,22.916666666666664,285,79.64912280701755,0.0,480.5279999887794,200.8000000000007,186.99999999999915,87.60000000000012,1.1400000000000008,604.8,110.0,1671.8679999887795,completed,model_1.0
irrigation,ET-MPC,N3_burst_loss,2035,persistence,0.035,1.0,hold,39ec74a63741281dcd2699454ef37ff1e78ed8621bd181acea7ad128fe12e30a,569714c2f054d7e589e1a1a495e488b7d47d406c61e9837ff2edbc5d46855c34,12ca0f6e05f585cf9d39f2c06178e7b8c550bd464b65480c0a93492d05bf5be9,0.4760317119008604,25.0,296,76.6891891891892,0.0,521.1359999854034,200.00000000000068,197.249999999999,115.20000000000019,1.1840000000000008,604.8,547.5,2187.0699999854032,completed,model_1.0
irrigation,ET-MPC,N3_burst_loss,2036,persistence,0.035,1.0,hold,662daa17ea748280259a4ceb96a63c9d1bca989fab0e0b8857de78a7fc67ffbe,569714c2f054d7e589e1a1a495e488b7d47d406c61e9837ff2edbc5d46855c34,12ca0f6e05f585cf9d39f2c06178e7b8c550bd464b65480c0a93492d05bf5be9,0.20752222819968488,4.166666666666666,287,79.79094076655052,0.0,495.41759999747836,197.60000000000065,189.84999999999908,103.20000000000016,1.1480000000000008,604.8,172.5,1764.5155999974781,completed,model_1.0
irrigation,ET-MPC,N3_burst_loss,2037,persistence,0.035,1.0,hold,66cc67ff4a66857f323b50290f40746cc9347026f15e74529346e7d9999db3fd,569714c2f054d7e589e1a1a495e488b7d47d406c61e9837ff2edbc5d46855c34,12ca0f6e05f585cf9d39f2c06178e7b8c550bd464b65480c0a93492d05bf5be9,0.5601159295783746,41.81547619047619,283,74.5583038869258,0.0,518.4287999812949,186.4000000000005,192.29999999999907,126.0000000000002,1.1320000000000008,604.8,83.75,1712.8107999812946,completed,model_1.0
irrigation,ET-MPC,N3_burst_loss,2038,persistence,0.035,1.0,hold,e7f1dcacd8b2db810c24e061740ab5e34e7718f2e4d36da30b7b6e761375c042,569714c2f054d7e589e1a1a495e488b7d47d406c61e9837ff2edbc5d46855c34,12ca0f6e05f585cf9d39f2c06178e7b8c550bd464b65480c0a93492d05bf5be9,0.3645230411630726,28.125,284,75.0,0.0,507.5999999863529,193.6000000000006,191.74999999999915,110.40000000000018,1.1360000000000008,604.8,87.5,1696.7859999863526,completed,model_1.0
irrigation,ET-MPC,N3_burst_loss,2039,persistence,0.035,1.0,hold,d367ecdf943227e2ec44dadd2b679441a808b8db50eb567fda8c9d16d6f9f1c1,569714c2f054d7e589e1a1a495e488b7d47d406c61e9837ff2edbc5d46855c34,12ca0f6e05f585cf9d39f2c06178e7b8c550bd464b65480c0a93492d05bf5be9,0.27833429504252133,15.327380952380953,282,76.95035460992908,0.0,494.06399999621095,190.40000000000055,187.2499999999992,104.40000000000015,1.1280000000000008,604.8,88.75,1670.791999996211,completed,model_1.0
irrigation,ET-MPC,N3_burst_loss,2040,persistence,0.035,1.0,hold,7d789529be3d09d16bf8e8b64711ac1c59d37c757fbdda3b477a16444a5190eb,569714c2f054d7e589e1a1a495e488b7d47d406c61e9837ff2edbc5d46855c34,12ca0f6e05f585cf9d39f2c06178e7b8c550bd464b65480c0a93492d05bf5be9,0.25021479356185683,12.5,294,81.63265306122449,0.0,500.83199998648206,212.80000000000086,195.99999999999912,92.40000000000013,1.1760000000000008,604.8,216.25,1824.257999986482,completed,model_1.0
irrigation,ET-MPC,N3_burst_loss,2026,persistence,0.035,1.02,hold,a75b7a0922ea7a30e90da0f1ced98ba8a7419527020a72c76183aa08a68a4bcd,569714c2f054d7e589e1a1a495e488b7d47d406c61e9837ff2edbc5d46855c34,12ca0f6e05f585cf9d39f2c06178e7b8c550bd464b65480c0a93492d05bf5be9,0.5650281898235516,43.898809523809526,286,76.57342657342657,0.0,498.12479998298295,198.40000000000066,190.79999999999913,104.40000000000016,1.1440000000000008,604.8,215.0,1812.6687999829828,completed,model_1.02
irrigation,ET-MPC,N3_burst_loss,2027,persistence,0.035,1.02,hold,533b4cdd049e26db1467e27753c9f70b6d61431700c78779f753f0046b75583a,569714c2f054d7e589e1a1a495e488b7d47d406c61e9837ff2edbc5d46855c34,12ca0f6e05f585cf9d39f2c06178e7b8c550bd464b65480c0a93492d05bf5be9,0.5765400291724901,44.79166666666667,294,76.53061224489795,0.0,523.8431999811461,193.6000000000006,195.9499999999992,116.40000000000019,1.1760000000000008,604.8,158.75,1794.519199981146,completed,model_1.02
irrigation,ET-MPC,N3_burst_loss,2028,persistence,0.035,1.02,hold,c1c183f0dfe64cb835845ed37e39ba4e9f3b91348f0f065334093a0cbd445c37,569714c2f054d7e589e1a1a495e488b7d47d406c61e9837ff2edbc5d46855c34,12ca0f6e05f585cf9d39f2c06178e7b8c550bd464b65480c0a93492d05bf5be9,0.5666496190177542,48.51190476190476,283,73.14487632508833,0.0,514.3679999882293,187.2000000000005,191.4999999999991,121.20000000000019,1.1320000000000008,604.8,62.5,1682.699999988229,completed,model_1.02
irrigation,ET-MPC,N3_burst_loss,2029,persistence,0.035,1.02,hold,c6b5fe23885735d5c5fa01e9127e91c5b07ff6823f76d0dc133e1bbedf1785bd,569714c2f054d7e589e1a1a495e488b7d47d406c61e9837ff2edbc5d46855c34,12ca0f6e05f585cf9d39f2c06178e7b8c550bd464b65480c0a93492d05bf5be9,0.3386128115973198,19.642857142857142,282,75.177304964539,0.0,498.12479999532013,188.80000000000052,187.79999999999913,104.40000000000016,1.1280000000000008,604.8,340.0,1925.0527999953201,completed,model_1.02
irrigation,ET-MPC,N3_burst_loss,2030,persistence,0.035,1.02,hold,7021b7c67533b68afdec01f2e51ffc97ca7d4edfe5be4ccd9ed6f0cf27e307d1,569714c2f054d7e589e1a1a495e488b7d47d406c61e9837ff2edbc5d46855c34,12ca0f6e05f585cf9d39f2c06178e7b8c550bd464b65480c0a93492d05bf5be9,0.2634325418738969,15.029761904761903,288,75.34722222222223,0.0,518.4287999874706,188.0000000000005,192.79999999999916,122.4000000000002,1.1520000000000008,604.8,273.75,1901.3307999874705,completed,model_1.02
irrigation,ET-MPC,N3_burst_loss,2031,persistence,0.035,1.02,hold,75c8a909e2f1add992fbdb445ae53cff48e7b2d98a5e0929b21bc47dc4974e2f,569714c2f054d7e589e1a1a495e488b7d47d406c61e9837ff2edbc5d46855c34,12ca0f6e05f585cf9d39f2c06178e7b8c550bd464b65480c0a93492d05bf5be9,0.3363826737754915,22.470238095238095,284,81.33802816901408,0.0,487.29599999094654,196.80000000000064,187.49999999999906,96.00000000000014,1.1360000000000008,604.8,81.25,1654.7819999909461,completed,model_1.02
irrigation,ET-MPC,N3_burst_loss,2032,persistence,0.035,1.02,hold,debc703b85e97f1d20536476758145472ba2d5fdfe7d3424f9b7f74f88bcbd9e,569714c2f054d7e589e1a1a495e488b7d47d406c61e9837ff2edbc5d46855c34,12ca0f6e05f585cf9d39f2c06178e7b8c550bd464b65480c0a93492d05bf5be9,0.45680467349796633,28.125,295,80.0,0.0,519.78239999354,208.0000000000008,199.399999999999,115.20000000000019,1.1800000000000008,604.8,127.5,1775.86239999354,completed,model_1.02
irrigation,ET-MPC,N3_burst_loss,2033,persistence,0.035,1.02,hold,8bb8ba510bd492b1bc94b3d46c959fc6d52d9a97f9dd6f9139086833936159c9,569714c2f054d7e589e1a1a495e488b7d47d406c61e9837ff2edbc5d46855c34,12ca0f6e05f585cf9d39f2c06178e7b8c550bd464b65480c0a93492d05bf5be9,0.45018802912929784,21.875,302,75.16556291390728,0.0,538.7327999803626,202.40000000000072,202.54999999999902,127.20000000000022,1.2080000000000009,604.8,327.5,2004.3907999803628,completed,model_1.02
irrigation,ET-MPC,N3_burst_loss,2034,persistence,0.035,1.02,hold,a06c48d9e8f6547ae62e29a514f8a4b4737e385d4f3824ec8a91f6228db682a9,569714c2f054d7e589e1a1a495e488b7d47d406c61e9837ff2edbc5d46855c34,12ca0f6e05f585cf9d39f2c06178e7b8c550bd464b65480c0a93492d05bf5be9,0.4517398715647155,22.916666666666664,285,79.64912280701755,0.0,480.5279999887794,200.8000000000007,186.99999999999915,87.60000000000012,1.1400000000000008,604.8,110.0,1671.8679999887795,completed,model_1.02
irrigation,ET-MPC,N3_burst_loss,2035,persistence,0.035,1.02,hold,39ec74a63741281dcd2699454ef37ff1e78ed8621bd181acea7ad128fe12e30a,569714c2f054d7e589e1a1a495e488b7d47d406c61e9837ff2edbc5d46855c34,12ca0f6e05f585cf9d39f2c06178e7b8c550bd464b65480c0a93492d05bf5be9,0.4760317119008604,25.0,296,76.6891891891892,0.0,521.1359999854034,200.00000000000068,197.249999999999,115.20000000000019,1.1840000000000008,604.8,547.5,2187.0699999854032,completed,model_1.02
irrigation,ET-MPC,N3_burst_loss,2036,persistence,0.035,1.02,hold,662daa17ea748280259a4ceb96a63c9d1bca989fab0e0b8857de78a7fc67ffbe,569714c2f054d7e589e1a1a495e488b7d47d406c61e9837ff2edbc5d46855c34,12ca0f6e05f585cf9d39f2c06178e7b8c550bd464b65480c0a93492d05bf5be9,0.20752222819968488,4.166666666666666,287,79.79094076655052,0.0,495.41759999747836,197.60000000000065,189.84999999999908,103.20000000000016,1.1480000000000008,604.8,172.5,1764.5155999974781,completed,model_1.02
irrigation,ET-MPC,N3_burst_loss,2037,persistence,0.035,1.02,hold,66cc67ff4a66857f323b50290f40746cc9347026f15e74529346e7d9999db3fd,569714c2f054d7e589e1a1a495e488b7d47d406c61e9837ff2edbc5d46855c34,12ca0f6e05f585cf9d39f2c06178e7b8c550bd464b65480c0a93492d05bf5be9,0.5601159295783746,41.81547619047619,283,74.5583038869258,0.0,518.4287999812949,186.4000000000005,192.29999999999907,126.0000000000002,1.1320000000000008,604.8,83.75,1712.8107999812946,completed,model_1.02
irrigation,ET-MPC,N3_burst_loss,2038,persistence,0.035,1.02,hold,e7f1dcacd8b2db810c24e061740ab5e34e7718f2e4d36da30b7b6e761375c042,569714c2f054d7e589e1a1a495e488b7d47d406c61e9837ff2edbc5d46855c34,12ca0f6e05f585cf9d39f2c06178e7b8c550bd464b65480c0a93492d05bf5be9,0.3645230411630726,28.125,284,75.0,0.0,507.5999999863529,193.6000000000006,191.74999999999915,110.40000000000018,1.1360000000000008,604.8,87.5,1696.7859999863526,completed,model_1.02
irrigation,ET-MPC,N3_burst_loss,2039,persistence,0.035,1.02,hold,d367ecdf943227e2ec44dadd2b679441a808b8db50eb567fda8c9d16d6f9f1c1,569714c2f054d7e589e1a1a495e488b7d47d406c61e9837ff2edbc5d46855c34,12ca0f6e05f585cf9d39f2c06178e7b8c550bd464b65480c0a93492d05bf5be9,0.27833429504252133,15.327380952380953,282,76.95035460992908,0.0,494.06399999621095,190.40000000000055,187.2499999999992,104.40000000000015,1.1280000000000008,604.8,88.75,1670.791999996211,completed,model_1.02
irrigation,ET-MPC,N3_burst_loss,2040,persistence,0.035,1.02,hold,7d789529be3d09d16bf8e8b64711ac1c59d37c757fbdda3b477a16444a5190eb,569714c2f054d7e589e1a1a495e488b7d47d406c61e9837ff2edbc5d46855c34,12ca0f6e05f585cf9d39f2c06178e7b8c550bd464b65480c0a93492d05bf5be9,0.25021479356185683,12.5,294,81.63265306122449,0.0,500.83199998648206,212.80000000000086,195.99999999999912,92.40000000000013,1.1760000000000008,604.8,216.25,1824.257999986482,completed,model_1.02
irrigation,ET-MPC,N3_burst_loss,2026,persistence,0.035,1.0,zero,a75b7a0922ea7a30e90da0f1ced98ba8a7419527020a72c76183aa08a68a4bcd,569714c2f054d7e589e1a1a495e488b7d47d406c61e9837ff2edbc5d46855c34,12ca0f6e05f585cf9d39f2c06178e7b8c550bd464b65480c0a93492d05bf5be9,0.5631994141722527,43.75,288,76.38888888888889,0.0,500.8319999833715,200.00000000000068,191.99999999999912,104.40000000000016,1.1520000000000008,604.8,207.5,1810.6839999833715,completed,buffer_no_buffer
irrigation,ET-MPC,N3_burst_loss,2027,persistence,0.035,1.0,zero,533b4cdd049e26db1467e27753c9f70b6d61431700c78779f753f0046b75583a,569714c2f054d7e589e1a1a495e488b7d47d406c61e9837ff2edbc5d46855c34,12ca0f6e05f585cf9d39f2c06178e7b8c550bd464b65480c0a93492d05bf5be9,0.5751855470532994,44.19642857142857,290,76.89655172413794,0.0,515.7215999805624,191.20000000000056,193.09999999999923,114.00000000000018,1.1600000000000008,604.8,153.75,1773.7315999805624,completed,buffer_no_buffer
irrigation,ET-MPC,N3_burst_loss,2028,persistence,0.035,1.0,zero,c1c183f0dfe64cb835845ed37e39ba4e9f3b91348f0f065334093a0cbd445c37,569714c2f054d7e589e1a1a495e488b7d47d406c61e9837ff2edbc5d46855c34,12ca0f6e05f585cf9d39f2c06178e7b8c550bd464b65480c0a93492d05bf5be9,0.5652355706331191,48.36309523809524,283,73.14487632508833,0.0,514.3679999882293,187.2000000000005,191.4999999999991,121.20000000000019,1.1320000000000008,604.8,56.25,1676.449999988229,completed,buffer_no_buffer
irrigation,ET-MPC,N3_burst_loss,2029,persistence,0.035,1.0,zero,c6b5fe23885735d5c5fa01e9127e91c5b07ff6823f76d0dc133e1bbedf1785bd,569714c2f054d7e589e1a1a495e488b7d47d406c61e9837ff2edbc5d46855c34,12ca0f6e05f585cf9d39f2c06178e7b8c550bd464b65480c0a93492d05bf5be9,0.34325084759796487,19.791666666666664,283,75.26501766784452,0.0,500.83199999701833,188.80000000000052,188.49999999999912,105.60000000000016,1.1320000000000008,604.8,327.5,1917.163999997018,completed,buffer_no_buffer
irrigation,ET-MPC,N3_burst_loss,2030,persistence,0.035,1.0,zero,7021b7c67533b68afdec01f2e51ffc97ca7d4edfe5be4ccd9ed6f0cf27e307d1,569714c2f054d7e589e1a1a495e488b7d47d406c61e9837ff2edbc5d46855c34,12ca0f6e05f585cf9d39f2c06178e7b8c550bd464b65480c0a93492d05bf5be9,0.26827809437676653,15.178571428571427,285,75.78947368421052,0.0,510.30719998703245,186.4000000000005,190.19999999999916,118.8000000000002,1.1400000000000008,604.8,272.5,1884.1471999870323,completed,buffer_no_buffer
irrigation,ET-MPC,N3_burst_loss,2031,persistence,0.035,1.0,zero,75c8a909e2f1add992fbdb445ae53cff48e7b2d98a5e0929b21bc47dc4974e2f,569714c2f054d7e589e1a1a495e488b7d47d406c61e9837ff2edbc5d46855c34,12ca0f6e05f585cf9d39f2c06178e7b8c550bd464b65480c0a93492d05bf5be9,0.3361959671664474,22.470238095238095,284,81.69014084507042,0.0,484.58879998997594,197.60000000000065,187.04999999999907,93.60000000000014,1.1360000000000008,604.8,78.75,1647.5247999899757,completed,buffer_no_buffer
irrigation,ET-MPC,N3_burst_loss,2032,persistence,0.035,1.0,zero,debc703b85e97f1d20536476758145472ba2d5fdfe7d3424f9b7f74f88bcbd9e,569714c2f054d7e589e1a1a495e488b7d47d406c61e9837ff2edbc5d46855c34,12ca0f6e05f585cf9d39f2c06178e7b8c550bd464b65480c0a93492d05bf5be9,0.4558854024593175,27.827380952380953,294,79.93197278911565,0.0,517.0751999943157,207.20000000000078,198.44999999999902,114.00000000000018,1.1760000000000008,604.8,121.25,1763.9511999943154,completed,buffer_no_buffer
irrigation,ET-MPC,N3_burst_loss,2033,persistence,0.035,1.0,zero,8bb8ba510bd492b1bc94b3d46c959fc6d52d9a97f9dd6f9139086833936159c9,569714c2f054d7e589e1a1a495e488b7d47d406c61e9837ff2edbc5d46855c34,12ca0f6e05f585cf9d39f2c06178e7b8c550bd464b65480c0a93492d05bf5be9,0.4501093152265986,21.279761904761905,297,75.08417508417509,0.0,530.611199981525,199.20000000000067,199.44999999999908,126.00000000000021,1.1880000000000008,604.8,320.0,1981.2491999815252,completed,buffer_no_buffer
irrigation,ET-MPC,N3_burst_loss,2034,persistence,0.035,1.0,zero,a06c48d9e8f6547ae62e29a514f8a4b4737e385d4f3824ec8a91f6228db682a9,569714c2f054d7e589e1a1a495e488b7d47d406c61e9837ff2edbc5d46855c34,12ca0f6e05f585cf9d39f2c06178e7b8c550bd464b65480c0a93492d05bf5be9,0.4514728358826878,22.916666666666664,285,79.64912280701755,0.0,480.5279999887794,200.8000000000007,186.99999999999915,87.60000000000012,1.1400000000000008,604.8,110.0,1671.8679999887795,completed,buffer_no_buffer
irrigation,ET-MPC,N3_burst_loss,2035,persistence,0.035,1.0,zero,39ec74a63741281dcd2699454ef37ff1e78ed8621bd181acea7ad128fe12e30a,569714c2f054d7e589e1a1a495e488b7d47d406c61e9837ff2edbc5d46855c34,12ca0f6e05f585cf9d39f2c06178e7b8c550bd464b65480c0a93492d05bf5be9,0.4863290345499311,25.744047619047617,295,76.94915254237289,0.0,517.0751999868578,199.20000000000067,195.94999999999905,112.80000000000018,1.1800000000000008,604.8,530.0,2161.005199986858,completed,buffer_no_buffer
irrigation,ET-MPC,N3_burst_loss,2036,persistence,0.035,1.0,zero,662daa17ea748280259a4ceb96a63c9d1bca989fab0e0b8857de78a7fc67ffbe,569714c2f054d7e589e1a1a495e488b7d47d406c61e9837ff2edbc5d46855c34,12ca0f6e05f585cf9d39f2c06178e7b8c550bd464b65480c0a93492d05bf5be9,0.21474939618216232,4.761904761904762,288,80.20833333333333,0.0,498.1247999977941,198.40000000000066,190.79999999999907,104.40000000000016,1.1520000000000008,604.8,158.75,1756.4267999977942,completed,buffer_no_buffer
irrigation,ET-MPC,N3_burst_loss,2037,persistence,0.035,1.0,zero,66cc67ff4a66857f323b50290f40746cc9347026f15e74529346e7d9999db3fd,569714c2f054d7e589e1a1a495e488b7d47d406c61e9837ff2edbc5d46855c34,12ca0f6e05f585cf9d39f2c06178e7b8c550bd464b65480c0a93492d05bf5be9,0.5583526805823571,41.517857142857146,283,74.5583038869258,0.0,518.4287999812949,186.4000000000005,192.29999999999907,126.0000000000002,1.1320000000000008,604.8,76.25,1705.3107999812946,completed,buffer_no_buffer
irrigation,ET-MPC,N3_burst_loss,2038,persistence,0.035,1.0,zero,e7f1dcacd8b2db810c24e061740ab5e34e7718f2e4d36da30b7b6e761375c042,569714c2f054d7e589e1a1a495e488b7d47d406c61e9837ff2edbc5d46855c34,12ca0f6e05f585cf9d39f2c06178e7b8c550bd464b65480c0a93492d05bf5be9,0.36622016704505955,27.827380952380953,286,75.17482517482517,0.0,510.3071999867414,195.2000000000006,192.94999999999914,110.40000000000018,1.1440000000000008,604.8,71.25,1686.0511999867413,completed,buffer_no_buffer
irrigation,ET-MPC,N3_burst_loss,2039,persistence,0.035,1.0,zero,d367ecdf943227e2ec44dadd2b679441a808b8db50eb567fda8c9d16d6f9f1c1,569714c2f054d7e589e1a1a495e488b7d47d406c61e9837ff2edbc5d46855c34,12ca0f6e05f585cf9d39f2c06178e7b8c550bd464b65480c0a93492d05bf5be9,0.2764674950709381,15.327380952380953,283,77.03180212014134,0.0,495.41759999582314,191.20000000000056,187.8499999999992,104.40000000000015,1.1320000000000008,604.8,85.0,1669.799599995823,completed,buffer_no_buffer
irrigation,ET-MPC,N3_burst_loss,2040,persistence,0.035,1.0,zero,7d789529be3d09d16bf8e8b64711ac1c59d37c757fbdda3b477a16444a5190eb,569714c2f054d7e589e1a1a495e488b7d47d406c61e9837ff2edbc5d46855c34,12ca0f6e05f585cf9d39f2c06178e7b8c550bd464b65480c0a93492d05bf5be9,0.25173253007872265,12.5,294,81.63265306122449,0.0,500.83199998648206,212.80000000000086,195.99999999999912,92.40000000000013,1.1760000000000008,604.8,215.0,1823.007999986482,completed,buffer_no_buffer
irrigation,ET-MPC,N4_contention_duty,2026,persistence,0.02,1.0,hold,7d04c8d538d60b7c2f320a0efcf71857928352f49142eee73ba75275931d3a16,569714c2f054d7e589e1a1a495e488b7d47d406c61e9837ff2edbc5d46855c34,12ca0f6e05f585cf9d39f2c06178e7b8c550bd464b65480c0a93492d05bf5be9,0.18922943856858712,0.8928571428571428,319,71.78683385579937,0.0,850.1760000198473,249.6000000000014,229.1999999999989,158.40000000000006,1.276000000000001,604.8,310.0,2403.4520000198477,completed,trigger_0.02
irrigation,ET-MPC,N4_contention_duty,2027,persistence,0.02,1.0,hold,39e5f2aa59d24cf15b7a0cfc28c34a2e57434ca1eab2bc43bc26f10d77be03ba,569714c2f054d7e589e1a1a495e488b7d47d406c61e9837ff2edbc5d46855c34,12ca0f6e05f585cf9d39f2c06178e7b8c550bd464b65480c0a93492d05bf5be9,0.4385104404884936,21.279761904761905,323,71.51702786377709,0.0,865.9200000116837,254.40000000000146,233.49999999999886,165.60000000000002,1.292000000000001,604.8,182.5,2308.012000011684,completed,trigger_0.02
irrigation,ET-MPC,N4_contention_duty,2028,persistence,0.02,1.0,hold,46dfae8ce9accdea22a68c37847f04c10c0cae1e767fb4cb09aae3162ef041fd,569714c2f054d7e589e1a1a495e488b7d47d406c61e9837ff2edbc5d46855c34,12ca0f6e05f585cf9d39f2c06178e7b8c550bd464b65480c0a93492d05bf5be9,0.535136097281572,33.035714285714285,321,72.27414330218069,0.0,883.632000005898,247.20000000000135,234.39999999999895,176.39999999999995,1.284000000000001,604.8,71.25,2218.9660000058984,completed,trigger_0.02
irrigation,ET-MPC,N4_contention_duty,2029,persistence,0.02,1.0,hold,512ea23f248b01326c8f5a7271f36749f9933bc6e9930ffd0d8faf1d0143f4fa,569714c2f054d7e589e1a1a495e488b7d47d406c61e9837ff2edbc5d46855c34,12ca0f6e05f585cf9d39f2c06178e7b8c550bd464b65480c0a93492d05bf5be9,0.42492890283095913,39.43452380952381,318,69.49685534591195,0.0,863.9520000135724,247.20000000000135,230.89999999999893,161.99999999999997,1.272000000000001,604.8,373.75,2483.8740000135726,completed,trigger_0.02
irrigation,ET-MPC,N4_contention_duty,2030,persistence,0.02,1.0,hold,e34c5b6f92fa567006da2089e3792d9bcc8a8324a7db70182f7e3c3d52444556,569714c2f054d7e589e1a1a495e488b7d47d406c61e9837ff2edbc5d46855c34,12ca0f6e05f585cf9d39f2c06178e7b8c550bd464b65480c0a93492d05bf5be9,0.30753777878014243,5.208333333333334,320,67.8125,0.0,842.3040000167073,249.6000000000014,227.79999999999896,150.0000000000001,1.280000000000001,604.8,206.25,2282.034000016708,completed,trigger_0.02
irrigation,ET-MPC,N4_contention_duty,2031,persistence,0.02,1.0,hold,04e3d9fc084c6970c84dbe32ed59524a52df7c699625362ce0e3fd327f2c3ec6,569714c2f054d7e589e1a1a495e488b7d47d406c61e9837ff2edbc5d46855c34,12ca0f6e05f585cf9d39f2c06178e7b8c550bd464b65480c0a93492d05bf5be9,0.3067943237635392,6.696428571428571,323,70.27863777089783,0.0,869.8560000140728,253.60000000000144,233.94999999999894,158.4,1.292000000000001,604.8,473.75,2595.648000014073,completed,trigger_0.02
irrigation,ET-MPC,N4_contention_duty,2032,persistence,0.02,1.0,hold,968caad700cf691f81dba8f77d13d236fdd6280a2b72595f9ce16ec262ae4214,569714c2f054d7e589e1a1a495e488b7d47d406c61e9837ff2edbc5d46855c34,12ca0f6e05f585cf9d39f2c06178e7b8c550bd464b65480c0a93492d05bf5be9,0.4465523456462436,23.065476190476193,321,72.89719626168224,0.0,863.9520000121352,252.80000000000143,232.64999999999893,171.6,1.284000000000001,604.8,177.5,2304.5860000121356,completed,trigger_0.02
irrigation,ET-MPC,N4_contention_duty,2033,persistence,0.02,1.0,hold,5b2cbd704070eb0673116a660f4bd6d87b6a56afa7550c23c2ed12c3a162dfc0,569714c2f054d7e589e1a1a495e488b7d47d406c61e9837ff2edbc5d46855c34,12ca0f6e05f585cf9d39f2c06178e7b8c550bd464b65480c0a93492d05bf5be9,0.3833198828134512,9.375,324,71.29629629629629,0.0,830.496000009317,257.6000000000015,228.19999999999882,138.0000000000001,1.296000000000001,604.8,130.0,2190.3920000093176,completed,trigger_0.02
irrigation,ET-MPC,N4_contention_duty,2034,persistence,0.02,1.0,hold,9e21daf0e9a06e0bd81343bbfa67cfada5eaa6f953311473289f691939fb2fc1,569714c2f054d7e589e1a1a495e488b7d47d406c61e9837ff2edbc5d46855c34,12ca0f6e05f585cf9d39f2c06178e7b8c550bd464b65480c0a93492d05bf5be9,0.31840908395203915,4.613095238095238,314,65.92356687898089,0.0,879.6960000220399,244.0000000000013,232.69999999999894,173.9999999999999,1.256000000000001,604.8,242.5,2378.95200002204,completed,trigger_0.02
irrigation,ET-MPC,N4_contention_duty,2035,persistence,0.02,1.0,hold,37bcee09bc34e4daa5a62ffe91a9b32ae2401be24f058549d2a2643d30668ef7,569714c2f054d7e589e1a1a495e488b7d47d406c61e9837ff2edbc5d46855c34,12ca0f6e05f585cf9d39f2c06178e7b8c550bd464b65480c0a93492d05bf5be9,0.44648513379001703,25.892857142857146,323,70.27863777089783,0.0,850.1760000176741,254.40000000000146,230.6999999999989,148.8000000000001,1.292000000000001,604.8,26.25,2116.418000017675,completed,trigger_0.02
irrigation,ET-MPC,N4_contention_duty,2036,persistence,0.02,1.0,hold,5e359e094c533eb8e228bad270b979955223e08bcd5f42fbde7f6482ce630e8c,569714c2f054d7e589e1a1a495e488b7d47d406c61e9837ff2edbc5d46855c34,12ca0f6e05f585cf9d39f2c06178e7b8c550bd464b65480c0a93492d05bf5be9,0.4102427268375896,41.07142857142857,326,63.49693251533742,0.0,875.7600000062932,252.80000000000143,234.74999999999892,163.2,1.304000000000001,604.8,140.0,2272.6140000062933,completed,trigger_0.02
irrigation,ET-MPC,N4_contention_duty,2037,persistence,0.02,1.0,hold,fd17489f53e983d04ff18182b432e18db9a7b9d9d31752390dbde7f3c14da70d,569714c2f054d7e589e1a1a495e488b7d47d406c61e9837ff2edbc5d46855c34,12ca0f6e05f585cf9d39f2c06178e7b8c550bd464b65480c0a93492d05bf5be9,0.3644707262278187,25.148809523809522,322,76.3975155279503,0.0,854.112000021381,254.40000000000146,231.39999999999887,160.79999999999995,1.288000000000001,604.8,80.0,2186.8000000213815,completed,trigger_0.02
irrigation,ET-MPC,N4_contention_duty,2038,persistence,0.02,1.0,hold,98049352d4e9b9b8b64dfc68435a7069205de4030adb875294dbdde34d666562,569714c2f054d7e589e1a1a495e488b7d47d406c61e9837ff2edbc5d46855c34,12ca0f6e05f585cf9d39f2c06178e7b8c550bd464b65480c0a93492d05bf5be9,0.21676054990493046,5.357142857142857,322,69.25465838509317,0.0,895.4400000174782,247.20000000000135,236.49999999999892,179.99999999999994,1.288000000000001,604.8,333.75,2498.9780000174783,completed,trigger_0.02
irrigation,ET-MPC,N4_contention_duty,2039,persistence,0.02,1.0,hold,8c84282761f620247fc450d92c72219e450c04998f5d3e4ae06eb76fb2f94495,569714c2f054d7e589e1a1a495e488b7d47d406c61e9837ff2edbc5d46855c34,12ca0f6e05f585cf9d39f2c06178e7b8c550bd464b65480c0a93492d05bf5be9,0.4954329216936776,33.035714285714285,320,71.5625,0.0,812.7840000190536,250.4000000000014,222.79999999999905,145.20000000000007,1.280000000000001,604.8,28.75,2066.014000019054,completed,trigger_0.02
irrigation,ET-MPC,N4_contention_duty,2040,persistence,0.02,1.0,hold,e126080d6612677c739e21f9bdc4601884ef613dd04fc9738d066e2905c4527f,569714c2f054d7e589e1a1a495e488b7d47d406c61e9837ff2edbc5d46855c34,12ca0f6e05f585cf9d39f2c06178e7b8c550bd464b65480c0a93492d05bf5be9,0.2964358729109728,6.9940476190476195,320,69.0625,0.0,810.8160000110996,254.40000000000146,223.69999999999888,133.20000000000016,1.280000000000001,604.8,427.5,2455.6960000111003,completed,trigger_0.02
irrigation,ET-MPC,N4_contention_duty,2026,persistence,0.035,1.0,hold,7d04c8d538d60b7c2f320a0efcf71857928352f49142eee73ba75275931d3a16,569714c2f054d7e589e1a1a495e488b7d47d406c61e9837ff2edbc5d46855c34,12ca0f6e05f585cf9d39f2c06178e7b8c550bd464b65480c0a93492d05bf5be9,0.18922536439121615,0.8928571428571428,291,71.47766323024055,0.0,773.4240000177609,228.00000000000108,208.79999999999907,140.40000000000012,1.1640000000000008,604.8,308.75,2265.3380000177613,completed,trigger_0.035
irrigation,ET-MPC,N4_contention_duty,2027,persistence,0.035,1.0,hold,39e5f2aa59d24cf15b7a0cfc28c34a2e57434ca1eab2bc43bc26f10d77be03ba,569714c2f054d7e589e1a1a495e488b7d47d406c61e9837ff2edbc5d46855c34,12ca0f6e05f585cf9d39f2c06178e7b8c550bd464b65480c0a93492d05bf5be9,0.4385104404884936,21.279761904761905,292,70.54794520547945,0.0,787.2000000087712,229.6000000000011,211.74999999999903,152.40000000000006,1.1680000000000008,604.8,182.5,2169.4180000087713,completed,trigger_0.035
irrigation,ET-MPC,N4_contention_duty,2028,persistence,0.035,1.0,hold,46dfae8ce9accdea22a68c37847f04c10c0cae1e767fb4cb09aae3162ef041fd,569714c2f054d7e589e1a1a495e488b7d47d406c61e9837ff2edbc5d46855c34,12ca0f6e05f585cf9d39f2c06178e7b8c550bd464b65480c0a93492d05bf5be9,0.535136097281572,33.035714285714285,292,72.94520547945206,0.0,795.0719999999968,224.80000000000103,211.64999999999915,156.0000000000001,1.1680000000000008,604.8,71.25,2064.739999999997,completed,trigger_0.035
irrigation,ET-MPC,N4_contention_duty,2029,persistence,0.035,1.0,hold,512ea23f248b01326c8f5a7271f36749f9933bc6e9930ffd0d8faf1d0143f4fa,569714c2f054d7e589e1a1a495e488b7d47d406c61e9837ff2edbc5d46855c34,12ca0f6e05f585cf9d39f2c06178e7b8c550bd464b65480c0a93492d05bf5be9,0.424849560459779,39.43452380952381,286,70.27972027972028,0.0,777.3600000139378,223.200000000001,207.99999999999912,147.60000000000005,1.1440000000000008,604.8,373.75,2335.8540000139383,completed,trigger_0.035
irrigation,ET-MPC,N4_contention_duty,2030,persistence,0.035,1.0,hold,e34c5b6f92fa567006da2089e3792d9bcc8a8324a7db70182f7e3c3d52444556,569714c2f054d7e589e1a1a495e488b7d47d406c61e9837ff2edbc5d46855c34,12ca0f6e05f585cf9d39f2c06178e7b8c550bd464b65480c0a93492d05bf5be9,0.3081959073075689,5.208333333333334,296,67.22972972972973,0.0,787.2000000195579,230.4000000000011,211.99999999999912,144.00000000000014,1.1840000000000008,604.8,206.25,2185.8340000195585,completed,trigger_0.035
irrigation,ET-MPC,N4_contention_duty,2031,persistence,0.035,1.0,hold,04e3d9fc084c6970c84dbe32ed59524a52df7c699625362ce0e3fd327f2c3ec6,569714c2f054d7e589e1a1a495e488b7d47d406c61e9837ff2edbc5d46855c34,12ca0f6e05f585cf9d39f2c06178e7b8c550bd464b65480c0a93492d05bf5be9,0.30642660546583234,6.696428571428571,286,71.32867132867133,0.0,767.5200000102722,225.60000000000105,206.9999999999991,138.00000000000006,1.1440000000000008,604.8,475.0,2419.064000010272,completed,trigger_0.035
irrigation,ET-MPC,N4_contention_duty,2032,persistence,0.035,1.0,hold,968caad700cf691f81dba8f77d13d236fdd6280a2b72595f9ce16ec262ae4214,569714c2f054d7e589e1a1a495e488b7d47d406c61e9837ff2edbc5d46855c34,12ca0f6e05f585cf9d39f2c06178e7b8c550bd464b65480c0a93492d05bf5be9,0.44631153892725917,23.065476190476193,286,72.72727272727273,0.0,769.4880000135076,224.80000000000103,207.09999999999923,150.00000000000009,1.1440000000000008,604.8,177.5,2134.832000013508,completed,trigger_0.035
irrigation,ET-MPC,N4_contention_duty,2033,persistence,0.035,1.0,hold,5b2cbd704070eb0673116a660f4bd6d87b6a56afa7550c23c2ed12c3a162dfc0,569714c2f054d7e589e1a1a495e488b7d47d406c61e9837ff2edbc5d46855c34,12ca0f6e05f585cf9d39f2c06178e7b8c550bd464b65480c0a93492d05bf5be9,0.3824630671531445,9.375,289,71.62629757785467,0.0,743.9040000085831,229.6000000000011,204.04999999999905,126.00000000000018,1.1560000000000008,604.8,128.75,2038.2600000085833,completed,trigger_0.035
irrigation,ET-MPC,N4_contention_duty,2034,persistence,0.035,1.0,hold,9e21daf0e9a06e0bd81343bbfa67cfada5eaa6f953311473289f691939fb2fc1,569714c2f054d7e589e1a1a495e488b7d47d406c61e9837ff2edbc5d46855c34,12ca0f6e05f585cf9d39f2c06178e7b8c550bd464b65480c0a93492d05bf5be9,0.318217475776055,4.613095238095238,289,65.39792387543253,0.0,818.6880000232137,224.00000000000102,215.5999999999991,163.19999999999996,1.1560000000000008,604.8,241.25,2268.694000023214,completed,trigger_0.035
irrigation,ET-MPC,N4_contention_duty,2035,persistence,0.035,1.0,hold,37bcee09bc34e4daa5a62ffe91a9b32ae2401be24f058549d2a2643d30668ef7,569714c2f054d7e589e1a1a495e488b7d47d406c61e9837ff2edbc5d46855c34,12ca0f6e05f585cf9d39f2c06178e7b8c550bd464b65480c0a93492d05bf5be9,0.44746169956436954,25.892857142857146,301,69.43521594684385,0.0,795.0720000156501,236.8000000000012,215.39999999999904,140.40000000000015,1.2040000000000008,604.8,26.25,2019.9260000156503,completed,trigger_0.035
irrigation,ET-MPC,N4_contention_duty,2036,persistence,0.035,1.0,hold,5e359e094c533eb8e228bad270b979955223e08bcd5f42fbde7f6482ce630e8c,569714c2f054d7e589e1a1a495e488b7d47d406c61e9837ff2edbc5d46855c34,12ca0f6e05f585cf9d39f2c06178e7b8c550bd464b65480c0a93492d05bf5be9,0.4102427268375896,41.07142857142857,294,63.265306122448976,0.0,797.0400000002777,228.00000000000108,212.99999999999903,151.20000000000007,1.1760000000000008,604.8,140.0,2135.2160000002777,completed,trigger_0.035
irrigation,ET-MPC,N4_contention_duty,2037,persistence,0.035,1.0,hold,fd17489f53e983d04ff18182b432e18db9a7b9d9d31752390dbde7f3c14da70d,569714c2f054d7e589e1a1a495e488b7d47d406c61e9837ff2edbc5d46855c34,12ca0f6e05f585cf9d39f2c06178e7b8c550bd464b65480c0a93492d05bf5be9,0.3644707262278187,25.148809523809522,281,77.22419928825623,0.0,739.9680000192644,221.600000000001,200.84999999999906,136.8000000000001,1.1240000000000008,604.8,80.0,1985.1420000192645,completed,trigger_0.035
irrigation,ET-MPC,N4_contention_duty,2038,persistence,0.035,1.0,hold,98049352d4e9b9b8b64dfc68435a7069205de4030adb875294dbdde34d666562,569714c2f054d7e589e1a1a495e488b7d47d406c61e9837ff2edbc5d46855c34,12ca0f6e05f585cf9d39f2c06178e7b8c550bd464b65480c0a93492d05bf5be9,0.21658780336569425,5.357142857142857,297,69.36026936026936,0.0,822.6240000120597,228.00000000000108,217.54999999999907,164.4,1.1880000000000008,604.8,333.75,2372.31200001206,completed,trigger_0.035
irrigation,ET-MPC,N4_contention_duty,2039,persistence,0.035,1.0,hold,8c84282761f620247fc450d92c72219e450c04998f5d3e4ae06eb76fb2f94495,569714c2f054d7e589e1a1a495e488b7d47d406c61e9837ff2edbc5d46855c34,12ca0f6e05f585cf9d39f2c06178e7b8c550bd464b65480c0a93492d05bf5be9,0.49487680129099354,32.88690476190476,290,71.37931034482759,0.0,739.9680000205103,226.40000000000106,202.34999999999917,135.60000000000016,1.1600000000000008,604.8,27.5,1937.7780000205107,completed,trigger_0.035
irrigation,ET-MPC,N4_contention_duty,2040,persistence,0.035,1.0,hold,e126080d6612677c739e21f9bdc4601884ef613dd04fc9738d066e2905c4527f,569714c2f054d7e589e1a1a495e488b7d47d406c61e9837ff2edbc5d46855c34,12ca0f6e05f585cf9d39f2c06178e7b8c550bd464b65480c0a93492d05bf5be9,0.2963397250898352,6.9940476190476195,286,69.58041958041959,0.0,722.2560000150698,227.20000000000107,199.44999999999914,118.80000000000015,1.1440000000000008,604.8,428.75,2302.40000001507,completed,trigger_0.035
irrigation,ET-MPC,N4_contention_duty,2026,persistence,0.07,1.0,hold,7d04c8d538d60b7c2f320a0efcf71857928352f49142eee73ba75275931d3a16,569714c2f054d7e589e1a1a495e488b7d47d406c61e9837ff2edbc5d46855c34,12ca0f6e05f585cf9d39f2c06178e7b8c550bd464b65480c0a93492d05bf5be9,0.19027329481330485,0.8928571428571428,208,70.67307692307692,0.0,558.9120000049387,161.60000000000014,149.89999999999966,104.40000000000012,0.8320000000000006,604.8,312.5,1892.9440000049385,completed,trigger_0.07
irrigation,ET-MPC,N4_contention_duty,2027,persistence,0.07,1.0,hold,39e5f2aa59d24cf15b7a0cfc28c34a2e57434ca1eab2bc43bc26f10d77be03ba,569714c2f054d7e589e1a1a495e488b7d47d406c61e9837ff2edbc5d46855c34,12ca0f6e05f585cf9d39f2c06178e7b8c550bd464b65480c0a93492d05bf5be9,0.43862179719460925,21.279761904761905,210,70.0,0.0,551.0400000073649,165.6000000000002,149.7499999999996,100.80000000000011,0.8400000000000006,604.8,183.75,1756.5800000073648,completed,trigger_0.07
irrigation,ET-MPC,N4_contention_duty,2028,persistence,0.07,1.0,hold,46dfae8ce9accdea22a68c37847f04c10c0cae1e767fb4cb09aae3162ef041fd,569714c2f054d7e589e1a1a495e488b7d47d406c61e9837ff2edbc5d46855c34,12ca0f6e05f585cf9d39f2c06178e7b8c550bd464b65480c0a93492d05bf5be9,0.5350568834755421,33.035714285714285,215,70.69767441860465,0.0,582.5279999962228,165.6000000000002,155.3499999999996,112.80000000000014,0.8600000000000007,604.8,71.25,1693.1879999962227,completed,trigger_0.07
irrigation,ET-MPC,N4_contention_duty,2029,persistence,0.07,1.0,hold,512ea23f248b01326c8f5a7271f36749f9933bc6e9930ffd0d8faf1d0143f4fa,569714c2f054d7e589e1a1a495e488b7d47d406c61e9837ff2edbc5d46855c34,12ca0f6e05f585cf9d39f2c06178e7b8c550bd464b65480c0a93492d05bf5be9,0.4249223383209119,39.43452380952381,194,68.04123711340206,0.0,519.5520000110223,151.2,139.6499999999996,92.40000000000008,0.7760000000000006,604.8,371.25,1879.6280000110219,completed,trigger_0.07
irrigation,ET-MPC,N4_contention_duty,2030,persistence,0.07,1.0,hold,e34c5b6f92fa567006da2089e3792d9bcc8a8324a7db70182f7e3c3d52444556,569714c2f054d7e589e1a1a495e488b7d47d406c61e9837ff2edbc5d46855c34,12ca0f6e05f585cf9d39f2c06178e7b8c550bd464b65480c0a93492d05bf5be9,0.30731827458083827,5.208333333333334,211,68.24644549763033,0.0,551.0400000139133,165.6000000000002,149.74999999999966,96.00000000000007,0.8440000000000006,604.8,206.25,1774.2840000139133,completed,trigger_0.07
irrigation,ET-MPC,N4_contention_duty,2031,persistence,0.07,1.0,hold,04e3d9fc084c6970c84dbe32ed59524a52df7c699625362ce0e3fd327f2c3ec6,569714c2f054d7e589e1a1a495e488b7d47d406c61e9837ff2edbc5d46855c34,12ca0f6e05f585cf9d39f2c06178e7b8c550bd464b65480c0a93492d05bf5be9,0.30585503116030455,6.547619047619048,211,69.66824644549763,0.0,554.9760000081526,166.4000000000002,150.69999999999953,94.8000000000001,0.8440000000000006,604.8,472.5,2045.0200000081522,completed,trigger_0.07
irrigation,ET-MPC,N4_contention_duty,2032,persistence,0.07,1.0,hold,968caad700cf691f81dba8f77d13d236fdd6280a2b72595f9ce16ec262ae4214,569714c2f054d7e589e1a1a495e488b7d47d406c61e9837ff2edbc5d46855c34,12ca0f6e05f585cf9d39f2c06178e7b8c550bd464b65480c0a93492d05bf5be9,0.4475360378309756,23.363095238095237,202,73.76237623762377,0.0,547.1040000031305,158.4000000000001,146.7999999999996,106.80000000000011,0.8080000000000006,604.8,181.25,1745.9620000031302,completed,trigger_0.07
irrigation,ET-MPC,N4_contention_duty,2033,persistence,0.07,1.0,hold,5b2cbd704070eb0673116a660f4bd6d87b6a56afa7550c23c2ed12c3a162dfc0,569714c2f054d7e589e1a1a495e488b7d47d406c61e9837ff2edbc5d46855c34,12ca0f6e05f585cf9d39f2c06178e7b8c550bd464b65480c0a93492d05bf5be9,0.383454142183718,9.375,200,74.5,0.0,505.77600000265807,160.0000000000001,139.9499999999996,78.0000000000001,0.8000000000000006,604.8,131.25,1620.5760000026578,completed,trigger_0.07
irrigation,ET-MPC,N4_contention_duty,2034,persistence,0.07,1.0,hold,9e21daf0e9a06e0bd81343bbfa67cfada5eaa6f953311473289f691939fb2fc1,569714c2f054d7e589e1a1a495e488b7d47d406c61e9837ff2edbc5d46855c34,12ca0f6e05f585cf9d39f2c06178e7b8c550bd464b65480c0a93492d05bf5be9,0.3174013035821271,4.613095238095238,205,67.3170731707317,0.0,588.4320000128707,159.2000000000001,154.3999999999996,121.20000000000014,0.8200000000000006,604.8,242.5,1871.3520000128706,completed,trigger_0.07
irrigation,ET-MPC,N4_contention_duty,2035,persistence,0.07,1.0,hold,37bcee09bc34e4daa5a62ffe91a9b32ae2401be24f058549d2a2643d30668ef7,569714c2f054d7e589e1a1a495e488b7d47d406c61e9837ff2edbc5d46855c34,12ca0f6e05f585cf9d39f2c06178e7b8c550bd464b65480c0a93492d05bf5be9,0.4472376037151471,25.892857142857146,214,69.1588785046729,0.0,572.6880000126935,167.20000000000022,154.0999999999996,106.80000000000014,0.8560000000000006,604.8,27.5,1633.9440000126933,completed,trigger_0.07
irrigation,ET-MPC,N4_contention_duty,2036,persistence,0.07,1.0,hold,5e359e094c533eb8e228bad270b979955223e08bcd5f42fbde7f6482ce630e8c,569714c2f054d7e589e1a1a495e488b7d47d406c61e9837ff2edbc5d46855c34,12ca0f6e05f585cf9d39f2c06178e7b8c550bd464b65480c0a93492d05bf5be9,0.41024591657198506,41.07142857142857,201,64.17910447761194,0.0,543.1679999928383,156.00000000000006,145.34999999999957,104.40000000000012,0.8040000000000006,604.8,143.75,1698.271999992838,completed,trigger_0.07
irrigation,ET-MPC,N4_contention_duty,2037,persistence,0.07,1.0,hold,fd17489f53e983d04ff18182b432e18db9a7b9d9d31752390dbde7f3c14da70d,569714c2f054d7e589e1a1a495e488b7d47d406c61e9837ff2edbc5d46855c34,12ca0f6e05f585cf9d39f2c06178e7b8c550bd464b65480c0a93492d05bf5be9,0.36552032905478427,25.595238095238095,183,74.86338797814207,0.0,482.1600000143395,143.9999999999999,130.74999999999972,92.40000000000009,0.7320000000000005,604.8,81.25,1536.0920000143392,completed,trigger_0.07
irrigation,ET-MPC,N4_contention_duty,2038,persistence,0.07,1.0,hold,98049352d4e9b9b8b64dfc68435a7069205de4030adb875294dbdde34d666562,569714c2f054d7e589e1a1a495e488b7d47d406c61e9837ff2edbc5d46855c34,12ca0f6e05f585cf9d39f2c06178e7b8c550bd464b65480c0a93492d05bf5be9,0.21682783907067302,5.357142857142857,205,70.2439024390244,0.0,560.880000012322,156.00000000000006,148.4999999999996,110.40000000000012,0.8200000000000006,604.8,333.75,1915.1500000123215,completed,trigger_0.07
irrigation,ET-MPC,N4_contention_duty,2039,persistence,0.07,1.0,hold,8c84282761f620247fc450d92c72219e450c04998f5d3e4ae06eb76fb2f94495,569714c2f054d7e589e1a1a495e488b7d47d406c61e9837ff2edbc5d46855c34,12ca0f6e05f585cf9d39f2c06178e7b8c550bd464b65480c0a93492d05bf5be9,0.4948649777645984,33.035714285714285,198,73.23232323232324,0.0,501.8400000073366,155.20000000000005,137.74999999999972,88.80000000000011,0.7920000000000006,604.8,27.5,1516.6820000073365,completed,trigger_0.07
irrigation,ET-MPC,N4_contention_duty,2040,persistence,0.07,1.0,hold,e126080d6612677c739e21f9bdc4601884ef613dd04fc9738d066e2905c4527f,569714c2f054d7e589e1a1a495e488b7d47d406c61e9837ff2edbc5d46855c34,12ca0f6e05f585cf9d39f2c06178e7b8c550bd464b65480c0a93492d05bf5be9,0.2960392842023957,6.9940476190476195,204,70.09803921568627,0.0,527.4240000079229,161.60000000000014,144.29999999999956,93.6000000000001,0.8160000000000006,604.8,431.25,1963.7900000079228,completed,trigger_0.07
irrigation,ET-MPC,N4_contention_duty,2026,persistence,0.035,1.0,hold,7d04c8d538d60b7c2f320a0efcf71857928352f49142eee73ba75275931d3a16,569714c2f054d7e589e1a1a495e488b7d47d406c61e9837ff2edbc5d46855c34,12ca0f6e05f585cf9d39f2c06178e7b8c550bd464b65480c0a93492d05bf5be9,0.18922536439121615,0.8928571428571428,291,71.47766323024055,0.0,773.4240000177609,228.00000000000108,208.79999999999907,140.40000000000012,1.1640000000000008,604.8,308.75,2265.3380000177613,completed,forecast_persistence
irrigation,ET-MPC,N4_contention_duty,2027,persistence,0.035,1.0,hold,39e5f2aa59d24cf15b7a0cfc28c34a2e57434ca1eab2bc43bc26f10d77be03ba,569714c2f054d7e589e1a1a495e488b7d47d406c61e9837ff2edbc5d46855c34,12ca0f6e05f585cf9d39f2c06178e7b8c550bd464b65480c0a93492d05bf5be9,0.4385104404884936,21.279761904761905,292,70.54794520547945,0.0,787.2000000087712,229.6000000000011,211.74999999999903,152.40000000000006,1.1680000000000008,604.8,182.5,2169.4180000087713,completed,forecast_persistence
irrigation,ET-MPC,N4_contention_duty,2028,persistence,0.035,1.0,hold,46dfae8ce9accdea22a68c37847f04c10c0cae1e767fb4cb09aae3162ef041fd,569714c2f054d7e589e1a1a495e488b7d47d406c61e9837ff2edbc5d46855c34,12ca0f6e05f585cf9d39f2c06178e7b8c550bd464b65480c0a93492d05bf5be9,0.535136097281572,33.035714285714285,292,72.94520547945206,0.0,795.0719999999968,224.80000000000103,211.64999999999915,156.0000000000001,1.1680000000000008,604.8,71.25,2064.739999999997,completed,forecast_persistence
irrigation,ET-MPC,N4_contention_duty,2029,persistence,0.035,1.0,hold,512ea23f248b01326c8f5a7271f36749f9933bc6e9930ffd0d8faf1d0143f4fa,569714c2f054d7e589e1a1a495e488b7d47d406c61e9837ff2edbc5d46855c34,12ca0f6e05f585cf9d39f2c06178e7b8c550bd464b65480c0a93492d05bf5be9,0.424849560459779,39.43452380952381,286,70.27972027972028,0.0,777.3600000139378,223.200000000001,207.99999999999912,147.60000000000005,1.1440000000000008,604.8,373.75,2335.8540000139383,completed,forecast_persistence
irrigation,ET-MPC,N4_contention_duty,2030,persistence,0.035,1.0,hold,e34c5b6f92fa567006da2089e3792d9bcc8a8324a7db70182f7e3c3d52444556,569714c2f054d7e589e1a1a495e488b7d47d406c61e9837ff2edbc5d46855c34,12ca0f6e05f585cf9d39f2c06178e7b8c550bd464b65480c0a93492d05bf5be9,0.3081959073075689,5.208333333333334,296,67.22972972972973,0.0,787.2000000195579,230.4000000000011,211.99999999999912,144.00000000000014,1.1840000000000008,604.8,206.25,2185.8340000195585,completed,forecast_persistence
irrigation,ET-MPC,N4_contention_duty,2031,persistence,0.035,1.0,hold,04e3d9fc084c6970c84dbe32ed59524a52df7c699625362ce0e3fd327f2c3ec6,569714c2f054d7e589e1a1a495e488b7d47d406c61e9837ff2edbc5d46855c34,12ca0f6e05f585cf9d39f2c06178e7b8c550bd464b65480c0a93492d05bf5be9,0.30642660546583234,6.696428571428571,286,71.32867132867133,0.0,767.5200000102722,225.60000000000105,206.9999999999991,138.00000000000006,1.1440000000000008,604.8,475.0,2419.064000010272,completed,forecast_persistence
irrigation,ET-MPC,N4_contention_duty,2032,persistence,0.035,1.0,hold,968caad700cf691f81dba8f77d13d236fdd6280a2b72595f9ce16ec262ae4214,569714c2f054d7e589e1a1a495e488b7d47d406c61e9837ff2edbc5d46855c34,12ca0f6e05f585cf9d39f2c06178e7b8c550bd464b65480c0a93492d05bf5be9,0.44631153892725917,23.065476190476193,286,72.72727272727273,0.0,769.4880000135076,224.80000000000103,207.09999999999923,150.00000000000009,1.1440000000000008,604.8,177.5,2134.832000013508,completed,forecast_persistence
irrigation,ET-MPC,N4_contention_duty,2033,persistence,0.035,1.0,hold,5b2cbd704070eb0673116a660f4bd6d87b6a56afa7550c23c2ed12c3a162dfc0,569714c2f054d7e589e1a1a495e488b7d47d406c61e9837ff2edbc5d46855c34,12ca0f6e05f585cf9d39f2c06178e7b8c550bd464b65480c0a93492d05bf5be9,0.3824630671531445,9.375,289,71.62629757785467,0.0,743.9040000085831,229.6000000000011,204.04999999999905,126.00000000000018,1.1560000000000008,604.8,128.75,2038.2600000085833,completed,forecast_persistence
irrigation,ET-MPC,N4_contention_duty,2034,persistence,0.035,1.0,hold,9e21daf0e9a06e0bd81343bbfa67cfada5eaa6f953311473289f691939fb2fc1,569714c2f054d7e589e1a1a495e488b7d47d406c61e9837ff2edbc5d46855c34,12ca0f6e05f585cf9d39f2c06178e7b8c550bd464b65480c0a93492d05bf5be9,0.318217475776055,4.613095238095238,289,65.39792387543253,0.0,818.6880000232137,224.00000000000102,215.5999999999991,163.19999999999996,1.1560000000000008,604.8,241.25,2268.694000023214,completed,forecast_persistence
irrigation,ET-MPC,N4_contention_duty,2035,persistence,0.035,1.0,hold,37bcee09bc34e4daa5a62ffe91a9b32ae2401be24f058549d2a2643d30668ef7,569714c2f054d7e589e1a1a495e488b7d47d406c61e9837ff2edbc5d46855c34,12ca0f6e05f585cf9d39f2c06178e7b8c550bd464b65480c0a93492d05bf5be9,0.44746169956436954,25.892857142857146,301,69.43521594684385,0.0,795.0720000156501,236.8000000000012,215.39999999999904,140.40000000000015,1.2040000000000008,604.8,26.25,2019.9260000156503,completed,forecast_persistence
irrigation,ET-MPC,N4_contention_duty,2036,persistence,0.035,1.0,hold,5e359e094c533eb8e228bad270b979955223e08bcd5f42fbde7f6482ce630e8c,569714c2f054d7e589e1a1a495e488b7d47d406c61e9837ff2edbc5d46855c34,12ca0f6e05f585cf9d39f2c06178e7b8c550bd464b65480c0a93492d05bf5be9,0.4102427268375896,41.07142857142857,294,63.265306122448976,0.0,797.0400000002777,228.00000000000108,212.99999999999903,151.20000000000007,1.1760000000000008,604.8,140.0,2135.2160000002777,completed,forecast_persistence
irrigation,ET-MPC,N4_contention_duty,2037,persistence,0.035,1.0,hold,fd17489f53e983d04ff18182b432e18db9a7b9d9d31752390dbde7f3c14da70d,569714c2f054d7e589e1a1a495e488b7d47d406c61e9837ff2edbc5d46855c34,12ca0f6e05f585cf9d39f2c06178e7b8c550bd464b65480c0a93492d05bf5be9,0.3644707262278187,25.148809523809522,281,77.22419928825623,0.0,739.9680000192644,221.600000000001,200.84999999999906,136.8000000000001,1.1240000000000008,604.8,80.0,1985.1420000192645,completed,forecast_persistence
irrigation,ET-MPC,N4_contention_duty,2038,persistence,0.035,1.0,hold,98049352d4e9b9b8b64dfc68435a7069205de4030adb875294dbdde34d666562,569714c2f054d7e589e1a1a495e488b7d47d406c61e9837ff2edbc5d46855c34,12ca0f6e05f585cf9d39f2c06178e7b8c550bd464b65480c0a93492d05bf5be9,0.21658780336569425,5.357142857142857,297,69.36026936026936,0.0,822.6240000120597,228.00000000000108,217.54999999999907,164.4,1.1880000000000008,604.8,333.75,2372.31200001206,completed,forecast_persistence
irrigation,ET-MPC,N4_contention_duty,2039,persistence,0.035,1.0,hold,8c84282761f620247fc450d92c72219e450c04998f5d3e4ae06eb76fb2f94495,569714c2f054d7e589e1a1a495e488b7d47d406c61e9837ff2edbc5d46855c34,12ca0f6e05f585cf9d39f2c06178e7b8c550bd464b65480c0a93492d05bf5be9,0.49487680129099354,32.88690476190476,290,71.37931034482759,0.0,739.9680000205103,226.40000000000106,202.34999999999917,135.60000000000016,1.1600000000000008,604.8,27.5,1937.7780000205107,completed,forecast_persistence
irrigation,ET-MPC,N4_contention_duty,2040,persistence,0.035,1.0,hold,e126080d6612677c739e21f9bdc4601884ef613dd04fc9738d066e2905c4527f,569714c2f054d7e589e1a1a495e488b7d47d406c61e9837ff2edbc5d46855c34,12ca0f6e05f585cf9d39f2c06178e7b8c550bd464b65480c0a93492d05bf5be9,0.2963397250898352,6.9940476190476195,286,69.58041958041959,0.0,722.2560000150698,227.20000000000107,199.44999999999914,118.80000000000015,1.1440000000000008,604.8,428.75,2302.40000001507,completed,forecast_persistence
irrigation,ET-MPC,N4_contention_duty,2026,noisy_persistence,0.035,1.0,hold,7d04c8d538d60b7c2f320a0efcf71857928352f49142eee73ba75275931d3a16,569714c2f054d7e589e1a1a495e488b7d47d406c61e9837ff2edbc5d46855c34,12ca0f6e05f585cf9d39f2c06178e7b8c550bd464b65480c0a93492d05bf5be9,0.18754825231095043,0.744047619047619,292,71.23287671232876,0.0,775.3920000181503,228.8000000000011,209.39999999999907,140.40000000000012,1.1680000000000008,604.8,306.25,2266.2100000181504,completed,forecast_noisy_persistence
irrigation,ET-MPC,N4_contention_duty,2027,noisy_persistence,0.035,1.0,hold,39e5f2aa59d24cf15b7a0cfc28c34a2e57434ca1eab2bc43bc26f10d77be03ba,569714c2f054d7e589e1a1a495e488b7d47d406c61e9837ff2edbc5d46855c34,12ca0f6e05f585cf9d39f2c06178e7b8c550bd464b65480c0a93492d05bf5be9,0.4389924451919376,21.279761904761905,293,70.64846416382252,0.0,789.1680000085784,230.4000000000011,212.34999999999903,152.40000000000006,1.1720000000000008,604.8,185.0,2175.2900000085783,completed,forecast_noisy_persistence
irrigation,ET-MPC,N4_contention_duty,2028,noisy_persistence,0.035,1.0,hold,46dfae8ce9accdea22a68c37847f04c10c0cae1e767fb4cb09aae3162ef041fd,569714c2f054d7e589e1a1a495e488b7d47d406c61e9837ff2edbc5d46855c34,12ca0f6e05f585cf9d39f2c06178e7b8c550bd464b65480c0a93492d05bf5be9,0.535136097281572,33.035714285714285,292,72.94520547945206,0.0,795.0719999999968,224.80000000000103,211.64999999999915,156.0000000000001,1.1680000000000008,604.8,71.25,2064.739999999997,completed,forecast_noisy_persistence
irrigation,ET-MPC,N4_contention_duty,2029,noisy_persistence,0.035,1.0,hold,512ea23f248b01326c8f5a7271f36749f9933bc6e9930ffd0d8faf1d0143f4fa,569714c2f054d7e589e1a1a495e488b7d47d406c61e9837ff2edbc5d46855c34,12ca0f6e05f585cf9d39f2c06178e7b8c550bd464b65480c0a93492d05bf5be9,0.42490881402519687,39.43452380952381,286,70.27972027972028,0.0,777.3600000139378,223.200000000001,207.99999999999912,147.60000000000005,1.1440000000000008,604.8,373.75,2335.8540000139383,completed,forecast_noisy_persistence
irrigation,ET-MPC,N4_contention_duty,2030,noisy_persistence,0.035,1.0,hold,e34c5b6f92fa567006da2089e3792d9bcc8a8324a7db70182f7e3c3d52444556,569714c2f054d7e589e1a1a495e488b7d47d406c61e9837ff2edbc5d46855c34,12ca0f6e05f585cf9d39f2c06178e7b8c550bd464b65480c0a93492d05bf5be9,0.3081959073075689,5.208333333333334,296,67.22972972972973,0.0,787.2000000195579,230.4000000000011,211.99999999999912,144.00000000000014,1.1840000000000008,604.8,206.25,2185.8340000195585,completed,forecast_noisy_persistence
irrigation,ET-MPC,N4_contention_duty,2031,noisy_persistence,0.035,1.0,hold,04e3d9fc084c6970c84dbe32ed59524a52df7c699625362ce0e3fd327f2c3ec6,569714c2f054d7e589e1a1a495e488b7d47d406c61e9837ff2edbc5d46855c34,12ca0f6e05f585cf9d39f2c06178e7b8c550bd464b65480c0a93492d05bf5be9,0.30726847297966825,6.696428571428571,286,71.32867132867133,0.0,767.5200000102722,225.60000000000105,206.9999999999991,138.00000000000006,1.1440000000000008,604.8,472.5,2416.564000010272,completed,forecast_noisy_persistence
irrigation,ET-MPC,N4_contention_duty,2032,noisy_persistence,0.035,1.0,hold,968caad700cf691f81dba8f77d13d236fdd6280a2b72595f9ce16ec262ae4214,569714c2f054d7e589e1a1a495e488b7d47d406c61e9837ff2edbc5d46855c34,12ca0f6e05f585cf9d39f2c06178e7b8c550bd464b65480c0a93492d05bf5be9,0.4465251530694681,23.065476190476193,286,72.72727272727273,0.0,769.4880000135076,224.80000000000103,207.09999999999923,150.00000000000009,1.1440000000000008,604.8,177.5,2134.832000013508,completed,forecast_noisy_persistence
irrigation,ET-MPC,N4_contention_duty,2033,noisy_persistence,0.035,1.0,hold,5b2cbd704070eb0673116a660f4bd6d87b6a56afa7550c23c2ed12c3a162dfc0,569714c2f054d7e589e1a1a495e488b7d47d406c61e9837ff2edbc5d46855c34,12ca0f6e05f585cf9d39f2c06178e7b8c550bd464b65480c0a93492d05bf5be9,0.3839745334442132,9.375,289,71.62629757785467,0.0,743.9040000085831,229.6000000000011,204.04999999999905,126.00000000000018,1.1560000000000008,604.8,131.25,2040.7600000085833,completed,forecast_noisy_persistence
irrigation,ET-MPC,N4_contention_duty,2034,noisy_persistence,0.035,1.0,hold,9e21daf0e9a06e0bd81343bbfa67cfada5eaa6f953311473289f691939fb2fc1,569714c2f054d7e589e1a1a495e488b7d47d406c61e9837ff2edbc5d46855c34,12ca0f6e05f585cf9d39f2c06178e7b8c550bd464b65480c0a93492d05bf5be9,0.318217475776055,4.613095238095238,289,65.39792387543253,0.0,818.6880000232137,224.00000000000102,215.5999999999991,163.19999999999996,1.1560000000000008,604.8,241.25,2268.694000023214,completed,forecast_noisy_persistence
irrigation,ET-MPC,N4_contention_duty,2035,noisy_persistence,0.035,1.0,hold,37bcee09bc34e4daa5a62ffe91a9b32ae2401be24f058549d2a2643d30668ef7,569714c2f054d7e589e1a1a495e488b7d47d406c61e9837ff2edbc5d46855c34,12ca0f6e05f585cf9d39f2c06178e7b8c550bd464b65480c0a93492d05bf5be9,0.44743558551947005,25.892857142857146,301,69.43521594684385,0.0,795.0720000156501,236.8000000000012,215.39999999999904,140.40000000000015,1.2040000000000008,604.8,27.5,2021.1760000156503,completed,forecast_noisy_persistence
irrigation,ET-MPC,N4_contention_duty,2036,noisy_persistence,0.035,1.0,hold,5e359e094c533eb8e228bad270b979955223e08bcd5f42fbde7f6482ce630e8c,569714c2f054d7e589e1a1a495e488b7d47d406c61e9837ff2edbc5d46855c34,12ca0f6e05f585cf9d39f2c06178e7b8c550bd464b65480c0a93492d05bf5be9,0.41044597026206714,41.07142857142857,294,63.265306122448976,0.0,797.0400000002777,228.00000000000108,212.99999999999903,151.20000000000007,1.1760000000000008,604.8,143.75,2138.9660000002777,completed,forecast_noisy_persistence
irrigation,ET-MPC,N4_contention_duty,2037,noisy_persistence,0.035,1.0,hold,fd17489f53e983d04ff18182b432e18db9a7b9d9d31752390dbde7f3c14da70d,569714c2f054d7e589e1a1a495e488b7d47d406c61e9837ff2edbc5d46855c34,12ca0f6e05f585cf9d39f2c06178e7b8c550bd464b65480c0a93492d05bf5be9,0.3642680498366276,25.148809523809522,281,77.22419928825623,0.0,739.9680000192644,221.600000000001,200.84999999999906,136.8000000000001,1.1240000000000008,604.8,80.0,1985.1420000192645,completed,forecast_noisy_persistence
irrigation,ET-MPC,N4_contention_duty,2038,noisy_persistence,0.035,1.0,hold,98049352d4e9b9b8b64dfc68435a7069205de4030adb875294dbdde34d666562,569714c2f054d7e589e1a1a495e488b7d47d406c61e9837ff2edbc5d46855c34,12ca0f6e05f585cf9d39f2c06178e7b8c550bd464b65480c0a93492d05bf5be9,0.21645281555921128,5.5059523809523805,297,69.36026936026936,0.0,822.6240000120597,228.00000000000108,217.54999999999907,164.4,1.1880000000000008,604.8,335.0,2373.56200001206,completed,forecast_noisy_persistence
irrigation,ET-MPC,N4_contention_duty,2039,noisy_persistence,0.035,1.0,hold,8c84282761f620247fc450d92c72219e450c04998f5d3e4ae06eb76fb2f94495,569714c2f054d7e589e1a1a495e488b7d47d406c61e9837ff2edbc5d46855c34,12ca0f6e05f585cf9d39f2c06178e7b8c550bd464b65480c0a93492d05bf5be9,0.49487680129099354,32.88690476190476,290,71.37931034482759,0.0,739.9680000205103,226.40000000000106,202.34999999999917,135.60000000000016,1.1600000000000008,604.8,27.5,1937.7780000205107,completed,forecast_noisy_persistence
irrigation,ET-MPC,N4_contention_duty,2040,noisy_persistence,0.035,1.0,hold,e126080d6612677c739e21f9bdc4601884ef613dd04fc9738d066e2905c4527f,569714c2f054d7e589e1a1a495e488b7d47d406c61e9837ff2edbc5d46855c34,12ca0f6e05f585cf9d39f2c06178e7b8c550bd464b65480c0a93492d05bf5be9,0.2969679403254425,6.9940476190476195,286,69.58041958041959,0.0,722.2560000150698,227.20000000000107,199.44999999999914,118.80000000000015,1.1440000000000008,604.8,427.5,2301.15000001507,completed,forecast_noisy_persistence
irrigation,ET-MPC,N4_contention_duty,2026,oracle,0.035,1.0,hold,7d04c8d538d60b7c2f320a0efcf71857928352f49142eee73ba75275931d3a16,569714c2f054d7e589e1a1a495e488b7d47d406c61e9837ff2edbc5d46855c34,12ca0f6e05f585cf9d39f2c06178e7b8c550bd464b65480c0a93492d05bf5be9,0.1892203184391965,0.8928571428571428,290,71.37931034482759,0.0,771.4560000179538,227.20000000000107,208.19999999999908,140.40000000000012,1.1600000000000008,604.8,308.75,2261.966000017954,completed,forecast_oracle
irrigation,ET-MPC,N4_contention_duty,2027,oracle,0.035,1.0,hold,39e5f2aa59d24cf15b7a0cfc28c34a2e57434ca1eab2bc43bc26f10d77be03ba,569714c2f054d7e589e1a1a495e488b7d47d406c61e9837ff2edbc5d46855c34,12ca0f6e05f585cf9d39f2c06178e7b8c550bd464b65480c0a93492d05bf5be9,0.4380727142679659,21.279761904761905,294,70.74829931972789,0.0,791.1360000089677,231.20000000000113,212.94999999999902,152.40000000000006,1.1760000000000008,604.8,185.0,2178.662000008968,completed,forecast_oracle
irrigation,ET-MPC,N4_contention_duty,2028,oracle,0.035,1.0,hold,46dfae8ce9accdea22a68c37847f04c10c0cae1e767fb4cb09aae3162ef041fd,569714c2f054d7e589e1a1a495e488b7d47d406c61e9837ff2edbc5d46855c34,12ca0f6e05f585cf9d39f2c06178e7b8c550bd464b65480c0a93492d05bf5be9,0.5345800745000617,33.035714285714285,292,72.94520547945206,0.0,795.0719999999968,224.80000000000103,211.64999999999915,156.0000000000001,1.1680000000000008,604.8,70.0,2063.489999999997,completed,forecast_oracle
irrigation,ET-MPC,N4_contention_duty,2029,oracle,0.035,1.0,hold,512ea23f248b01326c8f5a7271f36749f9933bc6e9930ffd0d8faf1d0143f4fa,569714c2f054d7e589e1a1a495e488b7d47d406c61e9837ff2edbc5d46855c34,12ca0f6e05f585cf9d39f2c06178e7b8c550bd464b65480c0a93492d05bf5be9,0.42482172150874997,39.43452380952381,286,70.27972027972028,0.0,777.3600000139378,223.200000000001,207.99999999999912,147.60000000000005,1.1440000000000008,604.8,375.0,2337.1040000139383,completed,forecast_oracle
irrigation,ET-MPC,N4_contention_duty,2030,oracle,0.035,1.0,hold,e34c5b6f92fa567006da2089e3792d9bcc8a8324a7db70182f7e3c3d52444556,569714c2f054d7e589e1a1a495e488b7d47d406c61e9837ff2edbc5d46855c34,12ca0f6e05f585cf9d39f2c06178e7b8c550bd464b65480c0a93492d05bf5be9,0.30791075441729104,5.208333333333334,296,67.22972972972973,0.0,787.2000000195579,230.4000000000011,211.99999999999912,144.00000000000014,1.1840000000000008,604.8,206.25,2185.8340000195585,completed,forecast_oracle
irrigation,ET-MPC,N4_contention_duty,2031,oracle,0.035,1.0,hold,04e3d9fc084c6970c84dbe32ed59524a52df7c699625362ce0e3fd327f2c3ec6,569714c2f054d7e589e1a1a495e488b7d47d406c61e9837ff2edbc5d46855c34,12ca0f6e05f585cf9d39f2c06178e7b8c550bd464b65480c0a93492d05bf5be9,0.3068885233889462,6.696428571428571,286,71.32867132867133,0.0,767.5200000102722,225.60000000000105,206.9999999999991,138.00000000000006,1.1440000000000008,604.8,473.75,2417.814000010272,completed,forecast_oracle
irrigation,ET-MPC,N4_contention_duty,2032,oracle,0.035,1.0,hold,968caad700cf691f81dba8f77d13d236fdd6280a2b72595f9ce16ec262ae4214,569714c2f054d7e589e1a1a495e488b7d47d406c61e9837ff2edbc5d46855c34,12ca0f6e05f585cf9d39f2c06178e7b8c550bd464b65480c0a93492d05bf5be9,0.44672238240170725,22.916666666666664,285,72.63157894736842,0.0,767.5200000131183,224.00000000000102,206.49999999999923,150.00000000000009,1.1400000000000008,604.8,177.5,2131.4600000131186,completed,forecast_oracle
irrigation,ET-MPC,N4_contention_duty,2033,oracle,0.035,1.0,hold,5b2cbd704070eb0673116a660f4bd6d87b6a56afa7550c23c2ed12c3a162dfc0,569714c2f054d7e589e1a1a495e488b7d47d406c61e9837ff2edbc5d46855c34,12ca0f6e05f585cf9d39f2c06178e7b8c550bd464b65480c0a93492d05bf5be9,0.38343942103553835,9.523809523809524,289,71.62629757785467,0.0,743.9040000085831,229.6000000000011,204.04999999999905,126.00000000000018,1.1560000000000008,604.8,130.0,2039.5100000085833,completed,forecast_oracle
irrigation,ET-MPC,N4_contention_duty,2034,oracle,0.035,1.0,hold,9e21daf0e9a06e0bd81343bbfa67cfada5eaa6f953311473289f691939fb2fc1,569714c2f054d7e589e1a1a495e488b7d47d406c61e9837ff2edbc5d46855c34,12ca0f6e05f585cf9d39f2c06178e7b8c550bd464b65480c0a93492d05bf5be9,0.31881264822975197,4.613095238095238,289,65.39792387543253,0.0,818.6880000232137,224.00000000000102,215.5999999999991,163.19999999999996,1.1560000000000008,604.8,242.5,2269.944000023214,completed,forecast_oracle
irrigation,ET-MPC,N4_contention_duty,2035,oracle,0.035,1.0,hold,37bcee09bc34e4daa5a62ffe91a9b32ae2401be24f058549d2a2643d30668ef7,569714c2f054d7e589e1a1a495e488b7d47d406c61e9837ff2edbc5d46855c34,12ca0f6e05f585cf9d39f2c06178e7b8c550bd464b65480c0a93492d05bf5be9,0.44608132891194324,25.892857142857146,301,69.43521594684385,0.0,795.0720000156501,236.8000000000012,215.39999999999904,140.40000000000015,1.2040000000000008,604.8,25.0,2018.6760000156503,completed,forecast_oracle
irrigation,ET-MPC,N4_contention_duty,2036,oracle,0.035,1.0,hold,5e359e094c533eb8e228bad270b979955223e08bcd5f42fbde7f6482ce630e8c,569714c2f054d7e589e1a1a495e488b7d47d406c61e9837ff2edbc5d46855c34,12ca0f6e05f585cf9d39f2c06178e7b8c550bd464b65480c0a93492d05bf5be9,0.4100236840497155,41.220238095238095,294,63.265306122448976,0.0,797.0400000002777,228.00000000000108,212.99999999999903,151.20000000000007,1.1760000000000008,604.8,143.75,2138.9660000002777,completed,forecast_oracle
irrigation,ET-MPC,N4_contention_duty,2037,oracle,0.035,1.0,hold,fd17489f53e983d04ff18182b432e18db9a7b9d9d31752390dbde7f3c14da70d,569714c2f054d7e589e1a1a495e488b7d47d406c61e9837ff2edbc5d46855c34,12ca0f6e05f585cf9d39f2c06178e7b8c550bd464b65480c0a93492d05bf5be9,0.3642680498366276,25.148809523809522,281,77.22419928825623,0.0,739.9680000192644,221.600000000001,200.84999999999906,136.8000000000001,1.1240000000000008,604.8,80.0,1985.1420000192645,completed,forecast_oracle
irrigation,ET-MPC,N4_contention_duty,2038,oracle,0.035,1.0,hold,98049352d4e9b9b8b64dfc68435a7069205de4030adb875294dbdde34d666562,569714c2f054d7e589e1a1a495e488b7d47d406c61e9837ff2edbc5d46855c34,12ca0f6e05f585cf9d39f2c06178e7b8c550bd464b65480c0a93492d05bf5be9,0.2166498511258458,5.5059523809523805,297,69.36026936026936,0.0,822.6240000120597,228.00000000000108,217.54999999999907,164.4,1.1880000000000008,604.8,333.75,2372.31200001206,completed,forecast_oracle
irrigation,ET-MPC,N4_contention_duty,2039,oracle,0.035,1.0,hold,8c84282761f620247fc450d92c72219e450c04998f5d3e4ae06eb76fb2f94495,569714c2f054d7e589e1a1a495e488b7d47d406c61e9837ff2edbc5d46855c34,12ca0f6e05f585cf9d39f2c06178e7b8c550bd464b65480c0a93492d05bf5be9,0.49487680129099354,32.88690476190476,290,71.37931034482759,0.0,739.9680000205103,226.40000000000106,202.34999999999917,135.60000000000016,1.1600000000000008,604.8,27.5,1937.7780000205107,completed,forecast_oracle
irrigation,ET-MPC,N4_contention_duty,2040,oracle,0.035,1.0,hold,e126080d6612677c739e21f9bdc4601884ef613dd04fc9738d066e2905c4527f,569714c2f054d7e589e1a1a495e488b7d47d406c61e9837ff2edbc5d46855c34,12ca0f6e05f585cf9d39f2c06178e7b8c550bd464b65480c0a93492d05bf5be9,0.29705119545458863,6.9940476190476195,286,69.58041958041959,0.0,722.2560000150698,227.20000000000107,199.44999999999914,118.80000000000015,1.1440000000000008,604.8,427.5,2301.15000001507,completed,forecast_oracle
irrigation,ET-MPC,N4_contention_duty,2026,persistence,0.035,0.98,hold,7d04c8d538d60b7c2f320a0efcf71857928352f49142eee73ba75275931d3a16,569714c2f054d7e589e1a1a495e488b7d47d406c61e9837ff2edbc5d46855c34,12ca0f6e05f585cf9d39f2c06178e7b8c550bd464b65480c0a93492d05bf5be9,0.18922536439121615,0.8928571428571428,291,71.47766323024055,0.0,773.4240000177609,228.00000000000108,208.79999999999907,140.40000000000012,1.1640000000000008,604.8,308.75,2265.3380000177613,completed,model_0.98
irrigation,ET-MPC,N4_contention_duty,2027,persistence,0.035,0.98,hold,39e5f2aa59d24cf15b7a0cfc28c34a2e57434ca1eab2bc43bc26f10d77be03ba,569714c2f054d7e589e1a1a495e488b7d47d406c61e9837ff2edbc5d46855c34,12ca0f6e05f585cf9d39f2c06178e7b8c550bd464b65480c0a93492d05bf5be9,0.4385104404884936,21.279761904761905,292,70.54794520547945,0.0,787.2000000087712,229.6000000000011,211.74999999999903,152.40000000000006,1.1680000000000008,604.8,182.5,2169.4180000087713,completed,model_0.98
irrigation,ET-MPC,N4_contention_duty,2028,persistence,0.035,0.98,hold,46dfae8ce9accdea22a68c37847f04c10c0cae1e767fb4cb09aae3162ef041fd,569714c2f054d7e589e1a1a495e488b7d47d406c61e9837ff2edbc5d46855c34,12ca0f6e05f585cf9d39f2c06178e7b8c550bd464b65480c0a93492d05bf5be9,0.535136097281572,33.035714285714285,292,72.94520547945206,0.0,795.0719999999968,224.80000000000103,211.64999999999915,156.0000000000001,1.1680000000000008,604.8,71.25,2064.739999999997,completed,model_0.98
irrigation,ET-MPC,N4_contention_duty,2029,persistence,0.035,0.98,hold,512ea23f248b01326c8f5a7271f36749f9933bc6e9930ffd0d8faf1d0143f4fa,569714c2f054d7e589e1a1a495e488b7d47d406c61e9837ff2edbc5d46855c34,12ca0f6e05f585cf9d39f2c06178e7b8c550bd464b65480c0a93492d05bf5be9,0.424849560459779,39.43452380952381,286,70.27972027972028,0.0,777.3600000139378,223.200000000001,207.99999999999912,147.60000000000005,1.1440000000000008,604.8,373.75,2335.8540000139383,completed,model_0.98
irrigation,ET-MPC,N4_contention_duty,2030,persistence,0.035,0.98,hold,e34c5b6f92fa567006da2089e3792d9bcc8a8324a7db70182f7e3c3d52444556,569714c2f054d7e589e1a1a495e488b7d47d406c61e9837ff2edbc5d46855c34,12ca0f6e05f585cf9d39f2c06178e7b8c550bd464b65480c0a93492d05bf5be9,0.3081959073075689,5.208333333333334,296,67.22972972972973,0.0,787.2000000195579,230.4000000000011,211.99999999999912,144.00000000000014,1.1840000000000008,604.8,206.25,2185.8340000195585,completed,model_0.98
irrigation,ET-MPC,N4_contention_duty,2031,persistence,0.035,0.98,hold,04e3d9fc084c6970c84dbe32ed59524a52df7c699625362ce0e3fd327f2c3ec6,569714c2f054d7e589e1a1a495e488b7d47d406c61e9837ff2edbc5d46855c34,12ca0f6e05f585cf9d39f2c06178e7b8c550bd464b65480c0a93492d05bf5be9,0.30642660546583234,6.696428571428571,286,71.32867132867133,0.0,767.5200000102722,225.60000000000105,206.9999999999991,138.00000000000006,1.1440000000000008,604.8,475.0,2419.064000010272,completed,model_0.98
irrigation,ET-MPC,N4_contention_duty,2032,persistence,0.035,0.98,hold,968caad700cf691f81dba8f77d13d236fdd6280a2b72595f9ce16ec262ae4214,569714c2f054d7e589e1a1a495e488b7d47d406c61e9837ff2edbc5d46855c34,12ca0f6e05f585cf9d39f2c06178e7b8c550bd464b65480c0a93492d05bf5be9,0.44631153892725917,23.065476190476193,286,72.72727272727273,0.0,769.4880000135076,224.80000000000103,207.09999999999923,150.00000000000009,1.1440000000000008,604.8,177.5,2134.832000013508,completed,model_0.98
irrigation,ET-MPC,N4_contention_duty,2033,persistence,0.035,0.98,hold,5b2cbd704070eb0673116a660f4bd6d87b6a56afa7550c23c2ed12c3a162dfc0,569714c2f054d7e589e1a1a495e488b7d47d406c61e9837ff2edbc5d46855c34,12ca0f6e05f585cf9d39f2c06178e7b8c550bd464b65480c0a93492d05bf5be9,0.3824630671531445,9.375,289,71.62629757785467,0.0,743.9040000085831,229.6000000000011,204.04999999999905,126.00000000000018,1.1560000000000008,604.8,128.75,2038.2600000085833,completed,model_0.98
irrigation,ET-MPC,N4_contention_duty,2034,persistence,0.035,0.98,hold,9e21daf0e9a06e0bd81343bbfa67cfada5eaa6f953311473289f691939fb2fc1,569714c2f054d7e589e1a1a495e488b7d47d406c61e9837ff2edbc5d46855c34,12ca0f6e05f585cf9d39f2c06178e7b8c550bd464b65480c0a93492d05bf5be9,0.318217475776055,4.613095238095238,289,65.39792387543253,0.0,818.6880000232137,224.00000000000102,215.5999999999991,163.19999999999996,1.1560000000000008,604.8,241.25,2268.694000023214,completed,model_0.98
irrigation,ET-MPC,N4_contention_duty,2035,persistence,0.035,0.98,hold,37bcee09bc34e4daa5a62ffe91a9b32ae2401be24f058549d2a2643d30668ef7,569714c2f054d7e589e1a1a495e488b7d47d406c61e9837ff2edbc5d46855c34,12ca0f6e05f585cf9d39f2c06178e7b8c550bd464b65480c0a93492d05bf5be9,0.44746169956436954,25.892857142857146,301,69.43521594684385,0.0,795.0720000156501,236.8000000000012,215.39999999999904,140.40000000000015,1.2040000000000008,604.8,26.25,2019.9260000156503,completed,model_0.98
irrigation,ET-MPC,N4_contention_duty,2036,persistence,0.035,0.98,hold,5e359e094c533eb8e228bad270b979955223e08bcd5f42fbde7f6482ce630e8c,569714c2f054d7e589e1a1a495e488b7d47d406c61e9837ff2edbc5d46855c34,12ca0f6e05f585cf9d39f2c06178e7b8c550bd464b65480c0a93492d05bf5be9,0.4102427268375896,41.07142857142857,294,63.265306122448976,0.0,797.0400000002777,228.00000000000108,212.99999999999903,151.20000000000007,1.1760000000000008,604.8,140.0,2135.2160000002777,completed,model_0.98
irrigation,ET-MPC,N4_contention_duty,2037,persistence,0.035,0.98,hold,fd17489f53e983d04ff18182b432e18db9a7b9d9d31752390dbde7f3c14da70d,569714c2f054d7e589e1a1a495e488b7d47d406c61e9837ff2edbc5d46855c34,12ca0f6e05f585cf9d39f2c06178e7b8c550bd464b65480c0a93492d05bf5be9,0.3644707262278187,25.148809523809522,281,77.22419928825623,0.0,739.9680000192644,221.600000000001,200.84999999999906,136.8000000000001,1.1240000000000008,604.8,80.0,1985.1420000192645,completed,model_0.98
irrigation,ET-MPC,N4_contention_duty,2038,persistence,0.035,0.98,hold,98049352d4e9b9b8b64dfc68435a7069205de4030adb875294dbdde34d666562,569714c2f054d7e589e1a1a495e488b7d47d406c61e9837ff2edbc5d46855c34,12ca0f6e05f585cf9d39f2c06178e7b8c550bd464b65480c0a93492d05bf5be9,0.21658780336569425,5.357142857142857,297,69.36026936026936,0.0,822.6240000120597,228.00000000000108,217.54999999999907,164.4,1.1880000000000008,604.8,333.75,2372.31200001206,completed,model_0.98
irrigation,ET-MPC,N4_contention_duty,2039,persistence,0.035,0.98,hold,8c84282761f620247fc450d92c72219e450c04998f5d3e4ae06eb76fb2f94495,569714c2f054d7e589e1a1a495e488b7d47d406c61e9837ff2edbc5d46855c34,12ca0f6e05f585cf9d39f2c06178e7b8c550bd464b65480c0a93492d05bf5be9,0.49487680129099354,32.88690476190476,290,71.37931034482759,0.0,739.9680000205103,226.40000000000106,202.34999999999917,135.60000000000016,1.1600000000000008,604.8,27.5,1937.7780000205107,completed,model_0.98
irrigation,ET-MPC,N4_contention_duty,2040,persistence,0.035,0.98,hold,e126080d6612677c739e21f9bdc4601884ef613dd04fc9738d066e2905c4527f,569714c2f054d7e589e1a1a495e488b7d47d406c61e9837ff2edbc5d46855c34,12ca0f6e05f585cf9d39f2c06178e7b8c550bd464b65480c0a93492d05bf5be9,0.2963397250898352,6.9940476190476195,286,69.58041958041959,0.0,722.2560000150698,227.20000000000107,199.44999999999914,118.80000000000015,1.1440000000000008,604.8,428.75,2302.40000001507,completed,model_0.98
irrigation,ET-MPC,N4_contention_duty,2026,persistence,0.035,1.0,hold,7d04c8d538d60b7c2f320a0efcf71857928352f49142eee73ba75275931d3a16,569714c2f054d7e589e1a1a495e488b7d47d406c61e9837ff2edbc5d46855c34,12ca0f6e05f585cf9d39f2c06178e7b8c550bd464b65480c0a93492d05bf5be9,0.18922536439121615,0.8928571428571428,291,71.47766323024055,0.0,773.4240000177609,228.00000000000108,208.79999999999907,140.40000000000012,1.1640000000000008,604.8,308.75,2265.3380000177613,completed,model_1.0
irrigation,ET-MPC,N4_contention_duty,2027,persistence,0.035,1.0,hold,39e5f2aa59d24cf15b7a0cfc28c34a2e57434ca1eab2bc43bc26f10d77be03ba,569714c2f054d7e589e1a1a495e488b7d47d406c61e9837ff2edbc5d46855c34,12ca0f6e05f585cf9d39f2c06178e7b8c550bd464b65480c0a93492d05bf5be9,0.4385104404884936,21.279761904761905,292,70.54794520547945,0.0,787.2000000087712,229.6000000000011,211.74999999999903,152.40000000000006,1.1680000000000008,604.8,182.5,2169.4180000087713,completed,model_1.0
irrigation,ET-MPC,N4_contention_duty,2028,persistence,0.035,1.0,hold,46dfae8ce9accdea22a68c37847f04c10c0cae1e767fb4cb09aae3162ef041fd,569714c2f054d7e589e1a1a495e488b7d47d406c61e9837ff2edbc5d46855c34,12ca0f6e05f585cf9d39f2c06178e7b8c550bd464b65480c0a93492d05bf5be9,0.535136097281572,33.035714285714285,292,72.94520547945206,0.0,795.0719999999968,224.80000000000103,211.64999999999915,156.0000000000001,1.1680000000000008,604.8,71.25,2064.739999999997,completed,model_1.0
irrigation,ET-MPC,N4_contention_duty,2029,persistence,0.035,1.0,hold,512ea23f248b01326c8f5a7271f36749f9933bc6e9930ffd0d8faf1d0143f4fa,569714c2f054d7e589e1a1a495e488b7d47d406c61e9837ff2edbc5d46855c34,12ca0f6e05f585cf9d39f2c06178e7b8c550bd464b65480c0a93492d05bf5be9,0.424849560459779,39.43452380952381,286,70.27972027972028,0.0,777.3600000139378,223.200000000001,207.99999999999912,147.60000000000005,1.1440000000000008,604.8,373.75,2335.8540000139383,completed,model_1.0
irrigation,ET-MPC,N4_contention_duty,2030,persistence,0.035,1.0,hold,e34c5b6f92fa567006da2089e3792d9bcc8a8324a7db70182f7e3c3d52444556,569714c2f054d7e589e1a1a495e488b7d47d406c61e9837ff2edbc5d46855c34,12ca0f6e05f585cf9d39f2c06178e7b8c550bd464b65480c0a93492d05bf5be9,0.3081959073075689,5.208333333333334,296,67.22972972972973,0.0,787.2000000195579,230.4000000000011,211.99999999999912,144.00000000000014,1.1840000000000008,604.8,206.25,2185.8340000195585,completed,model_1.0
irrigation,ET-MPC,N4_contention_duty,2031,persistence,0.035,1.0,hold,04e3d9fc084c6970c84dbe32ed59524a52df7c699625362ce0e3fd327f2c3ec6,569714c2f054d7e589e1a1a495e488b7d47d406c61e9837ff2edbc5d46855c34,12ca0f6e05f585cf9d39f2c06178e7b8c550bd464b65480c0a93492d05bf5be9,0.30642660546583234,6.696428571428571,286,71.32867132867133,0.0,767.5200000102722,225.60000000000105,206.9999999999991,138.00000000000006,1.1440000000000008,604.8,475.0,2419.064000010272,completed,model_1.0
irrigation,ET-MPC,N4_contention_duty,2032,persistence,0.035,1.0,hold,968caad700cf691f81dba8f77d13d236fdd6280a2b72595f9ce16ec262ae4214,569714c2f054d7e589e1a1a495e488b7d47d406c61e9837ff2edbc5d46855c34,12ca0f6e05f585cf9d39f2c06178e7b8c550bd464b65480c0a93492d05bf5be9,0.44631153892725917,23.065476190476193,286,72.72727272727273,0.0,769.4880000135076,224.80000000000103,207.09999999999923,150.00000000000009,1.1440000000000008,604.8,177.5,2134.832000013508,completed,model_1.0
irrigation,ET-MPC,N4_contention_duty,2033,persistence,0.035,1.0,hold,5b2cbd704070eb0673116a660f4bd6d87b6a56afa7550c23c2ed12c3a162dfc0,569714c2f054d7e589e1a1a495e488b7d47d406c61e9837ff2edbc5d46855c34,12ca0f6e05f585cf9d39f2c06178e7b8c550bd464b65480c0a93492d05bf5be9,0.3824630671531445,9.375,289,71.62629757785467,0.0,743.9040000085831,229.6000000000011,204.04999999999905,126.00000000000018,1.1560000000000008,604.8,128.75,2038.2600000085833,completed,model_1.0
irrigation,ET-MPC,N4_contention_duty,2034,persistence,0.035,1.0,hold,9e21daf0e9a06e0bd81343bbfa67cfada5eaa6f953311473289f691939fb2fc1,569714c2f054d7e589e1a1a495e488b7d47d406c61e9837ff2edbc5d46855c34,12ca0f6e05f585cf9d39f2c06178e7b8c550bd464b65480c0a93492d05bf5be9,0.318217475776055,4.613095238095238,289,65.39792387543253,0.0,818.6880000232137,224.00000000000102,215.5999999999991,163.19999999999996,1.1560000000000008,604.8,241.25,2268.694000023214,completed,model_1.0
irrigation,ET-MPC,N4_contention_duty,2035,persistence,0.035,1.0,hold,37bcee09bc34e4daa5a62ffe91a9b32ae2401be24f058549d2a2643d30668ef7,569714c2f054d7e589e1a1a495e488b7d47d406c61e9837ff2edbc5d46855c34,12ca0f6e05f585cf9d39f2c06178e7b8c550bd464b65480c0a93492d05bf5be9,0.44746169956436954,25.892857142857146,301,69.43521594684385,0.0,795.0720000156501,236.8000000000012,215.39999999999904,140.40000000000015,1.2040000000000008,604.8,26.25,2019.9260000156503,completed,model_1.0
irrigation,ET-MPC,N4_contention_duty,2036,persistence,0.035,1.0,hold,5e359e094c533eb8e228bad270b979955223e08bcd5f42fbde7f6482ce630e8c,569714c2f054d7e589e1a1a495e488b7d47d406c61e9837ff2edbc5d46855c34,12ca0f6e05f585cf9d39f2c06178e7b8c550bd464b65480c0a93492d05bf5be9,0.4102427268375896,41.07142857142857,294,63.265306122448976,0.0,797.0400000002777,228.00000000000108,212.99999999999903,151.20000000000007,1.1760000000000008,604.8,140.0,2135.2160000002777,completed,model_1.0
irrigation,ET-MPC,N4_contention_duty,2037,persistence,0.035,1.0,hold,fd17489f53e983d04ff18182b432e18db9a7b9d9d31752390dbde7f3c14da70d,569714c2f054d7e589e1a1a495e488b7d47d406c61e9837ff2edbc5d46855c34,12ca0f6e05f585cf9d39f2c06178e7b8c550bd464b65480c0a93492d05bf5be9,0.3644707262278187,25.148809523809522,281,77.22419928825623,0.0,739.9680000192644,221.600000000001,200.84999999999906,136.8000000000001,1.1240000000000008,604.8,80.0,1985.1420000192645,completed,model_1.0
irrigation,ET-MPC,N4_contention_duty,2038,persistence,0.035,1.0,hold,98049352d4e9b9b8b64dfc68435a7069205de4030adb875294dbdde34d666562,569714c2f054d7e589e1a1a495e488b7d47d406c61e9837ff2edbc5d46855c34,12ca0f6e05f585cf9d39f2c06178e7b8c550bd464b65480c0a93492d05bf5be9,0.21658780336569425,5.357142857142857,297,69.36026936026936,0.0,822.6240000120597,228.00000000000108,217.54999999999907,164.4,1.1880000000000008,604.8,333.75,2372.31200001206,completed,model_1.0
irrigation,ET-MPC,N4_contention_duty,2039,persistence,0.035,1.0,hold,8c84282761f620247fc450d92c72219e450c04998f5d3e4ae06eb76fb2f94495,569714c2f054d7e589e1a1a495e488b7d47d406c61e9837ff2edbc5d46855c34,12ca0f6e05f585cf9d39f2c06178e7b8c550bd464b65480c0a93492d05bf5be9,0.49487680129099354,32.88690476190476,290,71.37931034482759,0.0,739.9680000205103,226.40000000000106,202.34999999999917,135.60000000000016,1.1600000000000008,604.8,27.5,1937.7780000205107,completed,model_1.0
irrigation,ET-MPC,N4_contention_duty,2040,persistence,0.035,1.0,hold,e126080d6612677c739e21f9bdc4601884ef613dd04fc9738d066e2905c4527f,569714c2f054d7e589e1a1a495e488b7d47d406c61e9837ff2edbc5d46855c34,12ca0f6e05f585cf9d39f2c06178e7b8c550bd464b65480c0a93492d05bf5be9,0.2963397250898352,6.9940476190476195,286,69.58041958041959,0.0,722.2560000150698,227.20000000000107,199.44999999999914,118.80000000000015,1.1440000000000008,604.8,428.75,2302.40000001507,completed,model_1.0
irrigation,ET-MPC,N4_contention_duty,2026,persistence,0.035,1.02,hold,7d04c8d538d60b7c2f320a0efcf71857928352f49142eee73ba75275931d3a16,569714c2f054d7e589e1a1a495e488b7d47d406c61e9837ff2edbc5d46855c34,12ca0f6e05f585cf9d39f2c06178e7b8c550bd464b65480c0a93492d05bf5be9,0.18922536439121615,0.8928571428571428,291,71.47766323024055,0.0,773.4240000177609,228.00000000000108,208.79999999999907,140.40000000000012,1.1640000000000008,604.8,308.75,2265.3380000177613,completed,model_1.02
irrigation,ET-MPC,N4_contention_duty,2027,persistence,0.035,1.02,hold,39e5f2aa59d24cf15b7a0cfc28c34a2e57434ca1eab2bc43bc26f10d77be03ba,569714c2f054d7e589e1a1a495e488b7d47d406c61e9837ff2edbc5d46855c34,12ca0f6e05f585cf9d39f2c06178e7b8c550bd464b65480c0a93492d05bf5be9,0.4385104404884936,21.279761904761905,292,70.54794520547945,0.0,787.2000000087712,229.6000000000011,211.74999999999903,152.40000000000006,1.1680000000000008,604.8,182.5,2169.4180000087713,completed,model_1.02
irrigation,ET-MPC,N4_contention_duty,2028,persistence,0.035,1.02,hold,46dfae8ce9accdea22a68c37847f04c10c0cae1e767fb4cb09aae3162ef041fd,569714c2f054d7e589e1a1a495e488b7d47d406c61e9837ff2edbc5d46855c34,12ca0f6e05f585cf9d39f2c06178e7b8c550bd464b65480c0a93492d05bf5be9,0.535136097281572,33.035714285714285,292,72.94520547945206,0.0,795.0719999999968,224.80000000000103,211.64999999999915,156.0000000000001,1.1680000000000008,604.8,71.25,2064.739999999997,completed,model_1.02
irrigation,ET-MPC,N4_contention_duty,2029,persistence,0.035,1.02,hold,512ea23f248b01326c8f5a7271f36749f9933bc6e9930ffd0d8faf1d0143f4fa,569714c2f054d7e589e1a1a495e488b7d47d406c61e9837ff2edbc5d46855c34,12ca0f6e05f585cf9d39f2c06178e7b8c550bd464b65480c0a93492d05bf5be9,0.424849560459779,39.43452380952381,286,70.27972027972028,0.0,777.3600000139378,223.200000000001,207.99999999999912,147.60000000000005,1.1440000000000008,604.8,373.75,2335.8540000139383,completed,model_1.02
irrigation,ET-MPC,N4_contention_duty,2030,persistence,0.035,1.02,hold,e34c5b6f92fa567006da2089e3792d9bcc8a8324a7db70182f7e3c3d52444556,569714c2f054d7e589e1a1a495e488b7d47d406c61e9837ff2edbc5d46855c34,12ca0f6e05f585cf9d39f2c06178e7b8c550bd464b65480c0a93492d05bf5be9,0.3081959073075689,5.208333333333334,296,67.22972972972973,0.0,787.2000000195579,230.4000000000011,211.99999999999912,144.00000000000014,1.1840000000000008,604.8,206.25,2185.8340000195585,completed,model_1.02
irrigation,ET-MPC,N4_contention_duty,2031,persistence,0.035,1.02,hold,04e3d9fc084c6970c84dbe32ed59524a52df7c699625362ce0e3fd327f2c3ec6,569714c2f054d7e589e1a1a495e488b7d47d406c61e9837ff2edbc5d46855c34,12ca0f6e05f585cf9d39f2c06178e7b8c550bd464b65480c0a93492d05bf5be9,0.30642660546583234,6.696428571428571,286,71.32867132867133,0.0,767.5200000102722,225.60000000000105,206.9999999999991,138.00000000000006,1.1440000000000008,604.8,475.0,2419.064000010272,completed,model_1.02
irrigation,ET-MPC,N4_contention_duty,2032,persistence,0.035,1.02,hold,968caad700cf691f81dba8f77d13d236fdd6280a2b72595f9ce16ec262ae4214,569714c2f054d7e589e1a1a495e488b7d47d406c61e9837ff2edbc5d46855c34,12ca0f6e05f585cf9d39f2c06178e7b8c550bd464b65480c0a93492d05bf5be9,0.44631153892725917,23.065476190476193,286,72.72727272727273,0.0,769.4880000135076,224.80000000000103,207.09999999999923,150.00000000000009,1.1440000000000008,604.8,177.5,2134.832000013508,completed,model_1.02
irrigation,ET-MPC,N4_contention_duty,2033,persistence,0.035,1.02,hold,5b2cbd704070eb0673116a660f4bd6d87b6a56afa7550c23c2ed12c3a162dfc0,569714c2f054d7e589e1a1a495e488b7d47d406c61e9837ff2edbc5d46855c34,12ca0f6e05f585cf9d39f2c06178e7b8c550bd464b65480c0a93492d05bf5be9,0.3824630671531445,9.375,289,71.62629757785467,0.0,743.9040000085831,229.6000000000011,204.04999999999905,126.00000000000018,1.1560000000000008,604.8,128.75,2038.2600000085833,completed,model_1.02
irrigation,ET-MPC,N4_contention_duty,2034,persistence,0.035,1.02,hold,9e21daf0e9a06e0bd81343bbfa67cfada5eaa6f953311473289f691939fb2fc1,569714c2f054d7e589e1a1a495e488b7d47d406c61e9837ff2edbc5d46855c34,12ca0f6e05f585cf9d39f2c06178e7b8c550bd464b65480c0a93492d05bf5be9,0.318217475776055,4.613095238095238,289,65.39792387543253,0.0,818.6880000232137,224.00000000000102,215.5999999999991,163.19999999999996,1.1560000000000008,604.8,241.25,2268.694000023214,completed,model_1.02
irrigation,ET-MPC,N4_contention_duty,2035,persistence,0.035,1.02,hold,37bcee09bc34e4daa5a62ffe91a9b32ae2401be24f058549d2a2643d30668ef7,569714c2f054d7e589e1a1a495e488b7d47d406c61e9837ff2edbc5d46855c34,12ca0f6e05f585cf9d39f2c06178e7b8c550bd464b65480c0a93492d05bf5be9,0.44746169956436954,25.892857142857146,301,69.43521594684385,0.0,795.0720000156501,236.8000000000012,215.39999999999904,140.40000000000015,1.2040000000000008,604.8,26.25,2019.9260000156503,completed,model_1.02
irrigation,ET-MPC,N4_contention_duty,2036,persistence,0.035,1.02,hold,5e359e094c533eb8e228bad270b979955223e08bcd5f42fbde7f6482ce630e8c,569714c2f054d7e589e1a1a495e488b7d47d406c61e9837ff2edbc5d46855c34,12ca0f6e05f585cf9d39f2c06178e7b8c550bd464b65480c0a93492d05bf5be9,0.4102427268375896,41.07142857142857,294,63.265306122448976,0.0,797.0400000002777,228.00000000000108,212.99999999999903,151.20000000000007,1.1760000000000008,604.8,140.0,2135.2160000002777,completed,model_1.02
irrigation,ET-MPC,N4_contention_duty,2037,persistence,0.035,1.02,hold,fd17489f53e983d04ff18182b432e18db9a7b9d9d31752390dbde7f3c14da70d,569714c2f054d7e589e1a1a495e488b7d47d406c61e9837ff2edbc5d46855c34,12ca0f6e05f585cf9d39f2c06178e7b8c550bd464b65480c0a93492d05bf5be9,0.3644707262278187,25.148809523809522,281,77.22419928825623,0.0,739.9680000192644,221.600000000001,200.84999999999906,136.8000000000001,1.1240000000000008,604.8,80.0,1985.1420000192645,completed,model_1.02
irrigation,ET-MPC,N4_contention_duty,2038,persistence,0.035,1.02,hold,98049352d4e9b9b8b64dfc68435a7069205de4030adb875294dbdde34d666562,569714c2f054d7e589e1a1a495e488b7d47d406c61e9837ff2edbc5d46855c34,12ca0f6e05f585cf9d39f2c06178e7b8c550bd464b65480c0a93492d05bf5be9,0.21658780336569425,5.357142857142857,297,69.36026936026936,0.0,822.6240000120597,228.00000000000108,217.54999999999907,164.4,1.1880000000000008,604.8,333.75,2372.31200001206,completed,model_1.02
irrigation,ET-MPC,N4_contention_duty,2039,persistence,0.035,1.02,hold,8c84282761f620247fc450d92c72219e450c04998f5d3e4ae06eb76fb2f94495,569714c2f054d7e589e1a1a495e488b7d47d406c61e9837ff2edbc5d46855c34,12ca0f6e05f585cf9d39f2c06178e7b8c550bd464b65480c0a93492d05bf5be9,0.49487680129099354,32.88690476190476,290,71.37931034482759,0.0,739.9680000205103,226.40000000000106,202.34999999999917,135.60000000000016,1.1600000000000008,604.8,27.5,1937.7780000205107,completed,model_1.02
irrigation,ET-MPC,N4_contention_duty,2040,persistence,0.035,1.02,hold,e126080d6612677c739e21f9bdc4601884ef613dd04fc9738d066e2905c4527f,569714c2f054d7e589e1a1a495e488b7d47d406c61e9837ff2edbc5d46855c34,12ca0f6e05f585cf9d39f2c06178e7b8c550bd464b65480c0a93492d05bf5be9,0.2963397250898352,6.9940476190476195,286,69.58041958041959,0.0,722.2560000150698,227.20000000000107,199.44999999999914,118.80000000000015,1.1440000000000008,604.8,428.75,2302.40000001507,completed,model_1.02
irrigation,ET-MPC,N4_contention_duty,2026,persistence,0.035,1.0,zero,7d04c8d538d60b7c2f320a0efcf71857928352f49142eee73ba75275931d3a16,569714c2f054d7e589e1a1a495e488b7d47d406c61e9837ff2edbc5d46855c34,12ca0f6e05f585cf9d39f2c06178e7b8c550bd464b65480c0a93492d05bf5be9,0.1928505051226153,0.4464285714285714,291,71.47766323024055,0.0,775.3920000181503,228.00000000000108,209.14999999999907,141.6000000000001,1.1640000000000008,604.8,301.25,2261.3560000181506,completed,buffer_no_buffer
irrigation,ET-MPC,N4_contention_duty,2027,persistence,0.035,1.0,zero,39e5f2aa59d24cf15b7a0cfc28c34a2e57434ca1eab2bc43bc26f10d77be03ba,569714c2f054d7e589e1a1a495e488b7d47d406c61e9837ff2edbc5d46855c34,12ca0f6e05f585cf9d39f2c06178e7b8c550bd464b65480c0a93492d05bf5be9,0.43828805706856594,21.13095238095238,294,70.74829931972789,0.0,791.1360000095498,231.20000000000113,212.94999999999902,152.40000000000006,1.1760000000000008,604.8,177.5,2171.16200000955,completed,buffer_no_buffer
irrigation,ET-MPC,N4_contention_duty,2028,persistence,0.035,1.0,zero,46dfae8ce9accdea22a68c37847f04c10c0cae1e767fb4cb09aae3162ef041fd,569714c2f054d7e589e1a1a495e488b7d47d406c61e9837ff2edbc5d46855c34,12ca0f6e05f585cf9d39f2c06178e7b8c550bd464b65480c0a93492d05bf5be9,0.5324061672567232,32.88690476190476,293,73.03754266211604,0.0,797.0399999995129,225.60000000000105,212.24999999999915,156.0000000000001,1.1720000000000008,604.8,65.0,2061.8619999995135,completed,buffer_no_buffer
irrigation,ET-MPC,N4_contention_duty,2029,persistence,0.035,1.0,zero,512ea23f248b01326c8f5a7271f36749f9933bc6e9930ffd0d8faf1d0143f4fa,569714c2f054d7e589e1a1a495e488b7d47d406c61e9837ff2edbc5d46855c34,12ca0f6e05f585cf9d39f2c06178e7b8c550bd464b65480c0a93492d05bf5be9,0.4321991229565428,40.17857142857143,288,70.83333333333333,0.0,779.3280000143272,224.80000000000103,208.8499999999991,146.40000000000006,1.1520000000000008,604.8,345.0,2310.330000014327,completed,buffer_no_buffer
irrigation,ET-MPC,N4_contention_duty,2030,persistence,0.035,1.0,zero,e34c5b6f92fa567006da2089e3792d9bcc8a8324a7db70182f7e3c3d52444556,569714c2f054d7e589e1a1a495e488b7d47d406c61e9837ff2edbc5d46855c34,12ca0f6e05f585cf9d39f2c06178e7b8c550bd464b65480c0a93492d05bf5be9,0.30490747950444785,4.761904761904762,295,66.77966101694915,0.0,783.264000019798,229.6000000000011,211.04999999999913,142.80000000000015,1.1800000000000008,604.8,200.0,2172.6940000197983,completed,buffer_no_buffer
irrigation,ET-MPC,N4_contention_duty,2031,persistence,0.035,1.0,zero,04e3d9fc084c6970c84dbe32ed59524a52df7c699625362ce0e3fd327f2c3ec6,569714c2f054d7e589e1a1a495e488b7d47d406c61e9837ff2edbc5d46855c34,12ca0f6e05f585cf9d39f2c06178e7b8c550bd464b65480c0a93492d05bf5be9,0.3171090524350322,7.291666666666667,288,71.52777777777777,0.0,773.424000009985,227.20000000000107,208.5499999999991,140.40000000000006,1.1520000000000008,604.8,421.25,2376.776000009985,completed,buffer_no_buffer
irrigation,ET-MPC,N4_contention_duty,2032,persistence,0.035,1.0,zero,968caad700cf691f81dba8f77d13d236fdd6280a2b72595f9ce16ec262ae4214,569714c2f054d7e589e1a1a495e488b7d47d406c61e9837ff2edbc5d46855c34,12ca0f6e05f585cf9d39f2c06178e7b8c550bd464b65480c0a93492d05bf5be9,0.44708831156959894,22.61904761904762,286,72.72727272727273,0.0,769.4880000135076,224.80000000000103,207.09999999999923,150.00000000000009,1.1440000000000008,604.8,172.5,2129.832000013508,completed,buffer_no_buffer
irrigation,ET-MPC,N4_contention_duty,2033,persistence,0.035,1.0,zero,5b2cbd704070eb0673116a660f4bd6d87b6a56afa7550c23c2ed12c3a162dfc0,569714c2f054d7e589e1a1a495e488b7d47d406c61e9837ff2edbc5d46855c34,12ca0f6e05f585cf9d39f2c06178e7b8c550bd464b65480c0a93492d05bf5be9,0.377551483715822,9.375,289,71.62629757785467,0.0,739.9680000078044,229.6000000000011,203.34999999999903,123.60000000000018,1.1560000000000008,604.8,110.0,2012.4740000078045,completed,buffer_no_buffer
irrigation,ET-MPC,N4_contention_duty,2034,persistence,0.035,1.0,zero,9e21daf0e9a06e0bd81343bbfa67cfada5eaa6f953311473289f691939fb2fc1,569714c2f054d7e589e1a1a495e488b7d47d406c61e9837ff2edbc5d46855c34,12ca0f6e05f585cf9d39f2c06178e7b8c550bd464b65480c0a93492d05bf5be9,0.30950108536385046,3.571428571428571,290,65.17241379310344,0.0,816.7200000236975,224.80000000000103,215.49999999999912,160.79999999999998,1.1600000000000008,604.8,223.75,2247.5300000236975,completed,buffer_no_buffer
irrigation,ET-MPC,N4_contention_duty,2035,persistence,0.035,1.0,zero,37bcee09bc34e4daa5a62ffe91a9b32ae2401be24f058549d2a2643d30668ef7,569714c2f054d7e589e1a1a495e488b7d47d406c61e9837ff2edbc5d46855c34,12ca0f6e05f585cf9d39f2c06178e7b8c550bd464b65480c0a93492d05bf5be9,0.44421604147057114,25.892857142857146,301,69.43521594684385,0.0,795.0720000156501,236.8000000000012,215.39999999999904,140.40000000000015,1.2040000000000008,604.8,22.5,2016.1760000156503,completed,buffer_no_buffer
irrigation,ET-MPC,N4_contention_duty,2036,persistence,0.035,1.0,zero,5e359e094c533eb8e228bad270b979955223e08bcd5f42fbde7f6482ce630e8c,569714c2f054d7e589e1a1a495e488b7d47d406c61e9837ff2edbc5d46855c34,12ca0f6e05f585cf9d39f2c06178e7b8c550bd464b65480c0a93492d05bf5be9,0.4131697269873293,41.07142857142857,294,62.925170068027214,0.0,797.0400000002777,228.00000000000108,212.99999999999903,151.20000000000007,1.1760000000000008,604.8,116.25,2111.4660000002777,completed,buffer_no_buffer
irrigation,ET-MPC,N4_contention_duty,2037,persistence,0.035,1.0,zero,fd17489f53e983d04ff18182b432e18db9a7b9d9d31752390dbde7f3c14da70d,569714c2f054d7e589e1a1a495e488b7d47d406c61e9837ff2edbc5d46855c34,12ca0f6e05f585cf9d39f2c06178e7b8c550bd464b65480c0a93492d05bf5be9,0.36628368127757477,25.44642857142857,281,77.22419928825623,0.0,739.9680000192644,221.600000000001,200.84999999999906,136.8000000000001,1.1240000000000008,604.8,76.25,1981.3920000192645,completed,buffer_no_buffer
irrigation,ET-MPC,N4_contention_duty,2038,persistence,0.035,1.0,zero,98049352d4e9b9b8b64dfc68435a7069205de4030adb875294dbdde34d666562,569714c2f054d7e589e1a1a495e488b7d47d406c61e9837ff2edbc5d46855c34,12ca0f6e05f585cf9d39f2c06178e7b8c550bd464b65480c0a93492d05bf5be9,0.22881493880124507,6.696428571428571,293,68.9419795221843,0.0,812.7840000120412,224.80000000000103,214.79999999999907,163.20000000000002,1.1720000000000008,604.8,321.25,2342.8060000120413,completed,buffer_no_buffer
irrigation,ET-MPC,N4_contention_duty,2039,persistence,0.035,1.0,zero,8c84282761f620247fc450d92c72219e450c04998f5d3e4ae06eb76fb2f94495,569714c2f054d7e589e1a1a495e488b7d47d406c61e9837ff2edbc5d46855c34,12ca0f6e05f585cf9d39f2c06178e7b8c550bd464b65480c0a93492d05bf5be9,0.4931259856706797,32.589285714285715,290,71.37931034482759,0.0,739.9680000205103,226.40000000000106,202.34999999999917,135.60000000000016,1.1600000000000008,604.8,23.75,1934.0280000205107,completed,buffer_no_buffer
irrigation,ET-MPC,N4_contention_duty,2040,persistence,0.035,1.0,zero,e126080d6612677c739e21f9bdc4601884ef613dd04fc9738d066e2905c4527f,569714c2f054d7e589e1a1a495e488b7d47d406c61e9837ff2edbc5d46855c34,12ca0f6e05f585cf9d39f2c06178e7b8c550bd464b65480c0a93492d05bf5be9,0.3039893661726698,7.142857142857142,283,69.25795053003533,0.0,716.35200001623,224.80000000000103,197.64999999999915,118.80000000000015,1.1320000000000008,604.8,415.0,2278.5340000162305,completed,buffer_no_buffer
irrigation,ET-MPC,N5_full_stress,2026,persistence,0.02,1.0,hold,a88fc11ced98eaf4ad5e4a5c86992a704e03aedc39d2e99ad0f5aab31ccdebc3,569714c2f054d7e589e1a1a495e488b7d47d406c61e9837ff2edbc5d46855c34,12ca0f6e05f585cf9d39f2c06178e7b8c550bd464b65480c0a93492d05bf5be9,0.5444767269245228,32.88690476190476,318,21.69811320754717,0.0,1379.5680000251214,159.2000000000001,295.1000000000004,465.59999999999815,1.272000000000001,604.8,175.0,3080.54000002512,completed,trigger_0.02
irrigation,ET-MPC,N5_full_stress,2027,persistence,0.02,1.0,hold,7d8085832d6e913adeed25f9837280f0bf635d865b3554194c77b925d4033d2c,569714c2f054d7e589e1a1a495e488b7d47d406c61e9837ff2edbc5d46855c34,12ca0f6e05f585cf9d39f2c06178e7b8c550bd464b65480c0a93492d05bf5be9,0.5182685247317537,36.160714285714285,327,20.795107033639145,0.0,1450.4160000374047,152.8,305.7000000000006,495.599999999998,1.308000000000001,604.8,216.25,3226.8740000374037,completed,trigger_0.02
irrigation,ET-MPC,N5_full_stress,2028,persistence,0.02,1.0,hold,5291785a63e5e80ce5794bbd85987daf09a0b680495122dc3d42fe3c29696948,569714c2f054d7e589e1a1a495e488b7d47d406c61e9837ff2edbc5d46855c34,12ca0f6e05f585cf9d39f2c06178e7b8c550bd464b65480c0a93492d05bf5be9,0.36829020296678233,26.785714285714285,326,16.257668711656443,0.0,1472.064000027922,160.0000000000001,311.80000000000064,515.9999999999978,1.304000000000001,604.8,326.25,3392.2180000279204,completed,trigger_0.02
irrigation,ET-MPC,N5_full_stress,2029,persistence,0.02,1.0,hold,6c38b0ccbddd8d1835b5ee930b2ebeb0e32feb46ca2d412657068097ec915bc7,569714c2f054d7e589e1a1a495e488b7d47d406c61e9837ff2edbc5d46855c34,12ca0f6e05f585cf9d39f2c06178e7b8c550bd464b65480c0a93492d05bf5be9,0.5344672920254881,33.63095238095239,329,18.541033434650455,0.0,1468.1280000220963,155.20000000000005,309.6000000000009,508.7999999999978,1.316000000000001,604.8,392.5,3440.3440000220944,completed,trigger_0.02
irrigation,ET-MPC,N5_full_stress,2030,persistence,0.02,1.0,hold,abb7b011b665f0b277b52b3eaf4f43d08e9f49b99b635184a1171e4b4d21fe02,569714c2f054d7e589e1a1a495e488b7d47d406c61e9837ff2edbc5d46855c34,12ca0f6e05f585cf9d39f2c06178e7b8c550bd464b65480c0a93492d05bf5be9,0.34330885665752137,30.80357142857143,324,18.209876543209877,0.0,1395.3120000145295,157.60000000000008,297.40000000000043,466.7999999999982,1.296000000000001,604.8,138.75,3061.958000014528,completed,trigger_0.02
irrigation,ET-MPC,N5_full_stress,2031,persistence,0.02,1.0,hold,f37ef65583dcace03e48e589efe86219646068fe0d970e6499011c1463340e9d,569714c2f054d7e589e1a1a495e488b7d47d406c61e9837ff2edbc5d46855c34,12ca0f6e05f585cf9d39f2c06178e7b8c550bd464b65480c0a93492d05bf5be9,0.3550150906144391,28.869047619047617,322,22.049689440993788,0.0,1448.4480000230842,156.80000000000007,306.60000000000076,500.3999999999979,1.288000000000001,604.8,365.0,3383.336000023083,completed,trigger_0.02
irrigation,ET-MPC,N5_full_stress,2032,persistence,0.02,1.0,hold,1bc4fc9c015f5bb43081df6b7beb1bb1fb40c91a2ee51eb3ae05369c15055f28,569714c2f054d7e589e1a1a495e488b7d47d406c61e9837ff2edbc5d46855c34,12ca0f6e05f585cf9d39f2c06178e7b8c550bd464b65480c0a93492d05bf5be9,0.4268301470471572,35.11904761904761,329,19.756838905775076,0.0,1420.8960000266402,170.40000000000026,305.9500000000007,483.59999999999803,1.316000000000001,604.8,136.25,3123.2120000266386,completed,trigger_0.02
irrigation,ET-MPC,N5_full_stress,2033,persistence,0.02,1.0,hold,494a8ef5d46e969d8d6f8d6870dd839d3fb79c2cb3a90cba0acd6c0b5e7b6b0d,569714c2f054d7e589e1a1a495e488b7d47d406c61e9837ff2edbc5d46855c34,12ca0f6e05f585cf9d39f2c06178e7b8c550bd464b65480c0a93492d05bf5be9,0.44284279831717,24.553571428571427,324,17.901234567901234,0.0,1434.6720000268374,161.60000000000014,305.65000000000066,489.59999999999803,1.296000000000001,604.8,178.75,3176.368000026836,completed,trigger_0.02
irrigation,ET-MPC,N5_full_stress,2034,persistence,0.02,1.0,hold,fc395e398696895d31b901b1a3190fae1a1b840cc1dd1bed15fdecb4333707d8,569714c2f054d7e589e1a1a495e488b7d47d406c61e9837ff2edbc5d46855c34,12ca0f6e05f585cf9d39f2c06178e7b8c550bd464b65480c0a93492d05bf5be9,0.25127908741568533,6.547619047619048,325,17.23076923076923,0.0,1489.7760000253754,143.9999999999999,309.95000000000056,520.7999999999978,1.300000000000001,604.8,252.5,3323.1260000253733,completed,trigger_0.02
irrigation,ET-MPC,N5_full_stress,2035,persistence,0.02,1.0,hold,ba0eeb687f13d8deff867bb30a95dd38ea3b5f1c249cd4c412f8202221aacbe4,569714c2f054d7e589e1a1a495e488b7d47d406c61e9837ff2edbc5d46855c34,12ca0f6e05f585cf9d39f2c06178e7b8c550bd464b65480c0a93492d05bf5be9,0.2800863486641335,9.821428571428571,328,19.817073170731707,0.0,1493.7120000334476,139.99999999999983,309.4000000000011,531.5999999999977,1.312000000000001,604.8,450.0,3530.8240000334463,completed,trigger_0.02
irrigation,ET-MPC,N5_full_stress,2036,persistence,0.02,1.0,hold,a4257d8d7121ac687a09d767c6d4f87ee2a3c45404be647ef17b85f7f0e30a6c,569714c2f054d7e589e1a1a495e488b7d47d406c61e9837ff2edbc5d46855c34,12ca0f6e05f585cf9d39f2c06178e7b8c550bd464b65480c0a93492d05bf5be9,0.39193484638414233,18.154761904761905,332,19.57831325301205,0.0,1507.4880000244602,148.79999999999995,314.60000000000065,529.1999999999978,1.328000000000001,604.8,297.5,3403.7160000244585,completed,trigger_0.02
irrigation,ET-MPC,N5_full_stress,2037,persistence,0.02,1.0,hold,dd05116ff4863526063e1d7cfc08a6caa8c085581c2009ef1e31ca54919e1b76,569714c2f054d7e589e1a1a495e488b7d47d406c61e9837ff2edbc5d46855c34,12ca0f6e05f585cf9d39f2c06178e7b8c550bd464b65480c0a93492d05bf5be9,0.31996092992826825,22.321428571428573,330,19.393939393939394,0.0,1503.552000024623,148.79999999999995,313.9000000000008,530.3999999999978,1.320000000000001,604.8,281.25,3384.022000024622,completed,trigger_0.02
irrigation,ET-MPC,N5_full_stress,2038,persistence,0.02,1.0,hold,f870e9602317c8722cb8f052a7204d26775f7f6468ab78a61c5f48c0e1ea5057,569714c2f054d7e589e1a1a495e488b7d47d406c61e9837ff2edbc5d46855c34,12ca0f6e05f585cf9d39f2c06178e7b8c550bd464b65480c0a93492d05bf5be9,0.5391515380745451,33.482142857142854,325,16.923076923076923,0.0,1448.4480000172823,152.0,305.1000000000006,496.79999999999797,1.300000000000001,604.8,180.0,3188.4480000172807,completed,trigger_0.02
irrigation,ET-MPC,N5_full_stress,2039,persistence,0.02,1.0,hold,482fc4f6c280fd27d6e57642d44a4a7145439642656c97286dda891143ac5205,569714c2f054d7e589e1a1a495e488b7d47d406c61e9837ff2edbc5d46855c34,12ca0f6e05f585cf9d39f2c06178e7b8c550bd464b65480c0a93492d05bf5be9,0.41230637514804036,27.083333333333332,332,17.771084337349397,0.0,1529.1360000325697,147.19999999999993,317.95000000000107,539.9999999999976,1.328000000000001,604.8,255.0,3395.4140000325688,completed,trigger_0.02
irrigation,ET-MPC,N5_full_stress,2040,persistence,0.02,1.0,hold,6901b77a754c50864a066f957b68a438460a908f0d12d646252740d848c0b488,569714c2f054d7e589e1a1a495e488b7d47d406c61e9837ff2edbc5d46855c34,12ca0f6e05f585cf9d39f2c06178e7b8c550bd464b65480c0a93492d05bf5be9,0.2780309257438801,6.9940476190476195,332,16.566265060240966,0.0,1566.5280000266744,145.5999999999999,324.10000000000093,566.3999999999979,1.328000000000001,604.8,232.5,3441.256000026673,completed,trigger_0.02
irrigation,ET-MPC,N5_full_stress,2026,persistence,0.035,1.0,hold,a88fc11ced98eaf4ad5e4a5c86992a704e03aedc39d2e99ad0f5aab31ccdebc3,569714c2f054d7e589e1a1a495e488b7d47d406c61e9837ff2edbc5d46855c34,12ca0f6e05f585cf9d39f2c06178e7b8c550bd464b65480c0a93492d05bf5be9,0.5444767269245228,32.88690476190476,296,21.283783783783782,0.0,1292.976000025019,147.19999999999993,275.9500000000003,439.1999999999984,1.1840000000000008,604.8,175.0,2936.310000025018,completed,trigger_0.035
irrigation,ET-MPC,N5_full_stress,2027,persistence,0.035,1.0,hold,7d8085832d6e913adeed25f9837280f0bf635d865b3554194c77b925d4033d2c,569714c2f054d7e589e1a1a495e488b7d47d406c61e9837ff2edbc5d46855c34,12ca0f6e05f585cf9d39f2c06178e7b8c550bd464b65480c0a93492d05bf5be9,0.5182685247317537,36.160714285714285,313,20.766773162939298,0.0,1391.376000039991,146.39999999999992,293.2000000000005,476.39999999999816,1.252000000000001,604.8,216.25,3129.6780000399895,completed,trigger_0.035
irrigation,ET-MPC,N5_full_stress,2028,persistence,0.035,1.0,hold,5291785a63e5e80ce5794bbd85987daf09a0b680495122dc3d42fe3c29696948,569714c2f054d7e589e1a1a495e488b7d47d406c61e9837ff2edbc5d46855c34,12ca0f6e05f585cf9d39f2c06178e7b8c550bd464b65480c0a93492d05bf5be9,0.36829020296678233,26.785714285714285,317,16.08832807570978,0.0,1430.7360000245014,155.20000000000005,302.9500000000005,501.5999999999979,1.268000000000001,604.8,326.25,3322.8040000245,completed,trigger_0.035
irrigation,ET-MPC,N5_full_stress,2029,persistence,0.035,1.0,hold,6c38b0ccbddd8d1835b5ee930b2ebeb0e32feb46ca2d412657068097ec915bc7,569714c2f054d7e589e1a1a495e488b7d47d406c61e9837ff2edbc5d46855c34,12ca0f6e05f585cf9d39f2c06178e7b8c550bd464b65480c0a93492d05bf5be9,0.5344672920254881,33.63095238095239,315,18.41269841269841,0.0,1403.184000024435,148.79999999999995,296.0500000000007,485.999999999998,1.260000000000001,604.8,392.5,3332.5940000244336,completed,trigger_0.035
irrigation,ET-MPC,N5_full_stress,2030,persistence,0.035,1.0,hold,abb7b011b665f0b277b52b3eaf4f43d08e9f49b99b635184a1171e4b4d21fe02,569714c2f054d7e589e1a1a495e488b7d47d406c61e9837ff2edbc5d46855c34,12ca0f6e05f585cf9d39f2c06178e7b8c550bd464b65480c0a93492d05bf5be9,0.34330885665752137,30.80357142857143,313,18.53035143769968,0.0,1350.0480000131429,152.0,287.60000000000036,452.39999999999833,1.252000000000001,604.8,138.75,2986.8500000131417,completed,trigger_0.035
irrigation,ET-MPC,N5_full_stress,2031,persistence,0.035,1.0,hold,f37ef65583dcace03e48e589efe86219646068fe0d970e6499011c1463340e9d,569714c2f054d7e589e1a1a495e488b7d47d406c61e9837ff2edbc5d46855c34,12ca0f6e05f585cf9d39f2c06178e7b8c550bd464b65480c0a93492d05bf5be9,0.3550150906144391,28.869047619047617,309,22.977346278317153,0.0,1385.4720000201587,152.0,293.90000000000055,477.59999999999803,1.2360000000000009,604.8,365.0,3280.008000020157,completed,trigger_0.035
irrigation,ET-MPC,N5_full_stress,2032,persistence,0.035,1.0,hold,1bc4fc9c015f5bb43081df6b7beb1bb1fb40c91a2ee51eb3ae05369c15055f28,569714c2f054d7e589e1a1a495e488b7d47d406c61e9837ff2edbc5d46855c34,12ca0f6e05f585cf9d39f2c06178e7b8c550bd464b65480c0a93492d05bf5be9,0.4268301470471572,35.11904761904761,309,19.41747572815534,0.0,1332.336000023092,160.0000000000001,286.95000000000033,453.5999999999983,1.2360000000000009,604.8,136.25,2975.1720000230907,completed,trigger_0.035
irrigation,ET-MPC,N5_full_stress,2033,persistence,0.035,1.0,hold,494a8ef5d46e969d8d6f8d6870dd839d3fb79c2cb3a90cba0acd6c0b5e7b6b0d,569714c2f054d7e589e1a1a495e488b7d47d406c61e9837ff2edbc5d46855c34,12ca0f6e05f585cf9d39f2c06178e7b8c550bd464b65480c0a93492d05bf5be9,0.44284279831717,24.553571428571427,313,17.891373801916934,0.0,1379.5680000271425,156.80000000000007,294.3500000000005,469.1999999999982,1.252000000000001,604.8,178.75,3084.7200000271405,completed,trigger_0.035
irrigation,ET-MPC,N5_full_stress,2034,persistence,0.035,1.0,hold,fc395e398696895d31b901b1a3190fae1a1b840cc1dd1bed15fdecb4333707d8,569714c2f054d7e589e1a1a495e488b7d47d406c61e9837ff2edbc5d46855c34,12ca0f6e05f585cf9d39f2c06178e7b8c550bd464b65480c0a93492d05bf5be9,0.25154700954507336,6.696428571428571,308,17.207792207792206,0.0,1401.2160000203723,139.19999999999982,292.70000000000044,487.199999999998,1.2320000000000009,604.8,253.75,3180.098000020371,completed,trigger_0.035
irrigation,ET-MPC,N5_full_stress,2035,persistence,0.035,1.0,hold,ba0eeb687f13d8deff867bb30a95dd38ea3b5f1c249cd4c412f8202221aacbe4,569714c2f054d7e589e1a1a495e488b7d47d406c61e9837ff2edbc5d46855c34,12ca0f6e05f585cf9d39f2c06178e7b8c550bd464b65480c0a93492d05bf5be9,0.28022442852842233,9.672619047619047,309,19.093851132686083,0.0,1414.9920000347565,129.59999999999968,292.1500000000009,505.19999999999794,1.2360000000000009,604.8,450.0,3397.9780000347546,completed,trigger_0.035
irrigation,ET-MPC,N5_full_stress,2036,persistence,0.035,1.0,hold,a4257d8d7121ac687a09d767c6d4f87ee2a3c45404be647ef17b85f7f0e30a6c,569714c2f054d7e589e1a1a495e488b7d47d406c61e9837ff2edbc5d46855c34,12ca0f6e05f585cf9d39f2c06178e7b8c550bd464b65480c0a93492d05bf5be9,0.39193484638414233,18.154761904761905,321,19.626168224299064,0.0,1450.4160000189922,144.7999999999999,303.2000000000005,507.5999999999978,1.284000000000001,604.8,297.5,3309.6000000189906,completed,trigger_0.035
irrigation,ET-MPC,N5_full_stress,2037,persistence,0.035,1.0,hold,dd05116ff4863526063e1d7cfc08a6caa8c085581c2009ef1e31ca54919e1b76,569714c2f054d7e589e1a1a495e488b7d47d406c61e9837ff2edbc5d46855c34,12ca0f6e05f585cf9d39f2c06178e7b8c550bd464b65480c0a93492d05bf5be9,0.32020354791447386,22.321428571428573,317,19.242902208201894,0.0,1446.4800000280347,141.59999999999985,301.50000000000057,511.19999999999794,1.268000000000001,604.8,280.0,3286.8480000280333,completed,trigger_0.035
irrigation,ET-MPC,N5_full_stress,2038,persistence,0.035,1.0,hold,f870e9602317c8722cb8f052a7204d26775f7f6468ab78a61c5f48c0e1ea5057,569714c2f054d7e589e1a1a495e488b7d47d406c61e9837ff2edbc5d46855c34,12ca0f6e05f585cf9d39f2c06178e7b8c550bd464b65480c0a93492d05bf5be9,0.5391515380745451,33.482142857142854,302,16.887417218543046,0.0,1346.1120000310914,141.59999999999985,283.6500000000003,461.99999999999824,1.2080000000000009,604.8,180.0,3019.37000003109,completed,trigger_0.035
irrigation,ET-MPC,N5_full_stress,2039,persistence,0.035,1.0,hold,482fc4f6c280fd27d6e57642d44a4a7145439642656c97286dda891143ac5205,569714c2f054d7e589e1a1a495e488b7d47d406c61e9837ff2edbc5d46855c34,12ca0f6e05f585cf9d39f2c06178e7b8c550bd464b65480c0a93492d05bf5be9,0.41230637514804036,27.083333333333332,327,17.737003058103976,0.0,1515.3600000321728,143.9999999999999,314.500000000001,537.5999999999976,1.308000000000001,604.8,255.0,3372.568000032171,completed,trigger_0.035
irrigation,ET-MPC,N5_full_stress,2040,persistence,0.035,1.0,hold,6901b77a754c50864a066f957b68a438460a908f0d12d646252740d848c0b488,569714c2f054d7e589e1a1a495e488b7d47d406c61e9837ff2edbc5d46855c34,12ca0f6e05f585cf9d39f2c06178e7b8c550bd464b65480c0a93492d05bf5be9,0.2780309257438801,6.9940476190476195,323,16.71826625386997,0.0,1519.2960000260664,143.19999999999987,314.95000000000084,548.399999999998,1.292000000000001,604.8,232.5,3364.4380000260644,completed,trigger_0.035
irrigation,ET-MPC,N5_full_stress,2026,persistence,0.07,1.0,hold,a88fc11ced98eaf4ad5e4a5c86992a704e03aedc39d2e99ad0f5aab31ccdebc3,569714c2f054d7e589e1a1a495e488b7d47d406c61e9837ff2edbc5d46855c34,12ca0f6e05f585cf9d39f2c06178e7b8c550bd464b65480c0a93492d05bf5be9,0.5454874697339086,33.035714285714285,251,21.115537848605577,0.0,1084.3680000297386,127.19999999999968,232.5999999999999,365.99999999999903,1.0040000000000007,604.8,176.25,2592.222000029737,completed,trigger_0.07
irrigation,ET-MPC,N5_full_stress,2027,persistence,0.07,1.0,hold,7d8085832d6e913adeed25f9837280f0bf635d865b3554194c77b925d4033d2c,569714c2f054d7e589e1a1a495e488b7d47d406c61e9837ff2edbc5d46855c34,12ca0f6e05f585cf9d39f2c06178e7b8c550bd464b65480c0a93492d05bf5be9,0.5185962731041712,36.45833333333333,268,21.64179104477612,0.0,1170.9600000407745,126.39999999999968,247.74999999999994,395.9999999999989,1.0720000000000007,604.8,215.0,2761.9820000407726,completed,trigger_0.07
irrigation,ET-MPC,N5_full_stress,2028,persistence,0.07,1.0,hold,5291785a63e5e80ce5794bbd85987daf09a0b680495122dc3d42fe3c29696948,569714c2f054d7e589e1a1a495e488b7d47d406c61e9837ff2edbc5d46855c34,12ca0f6e05f585cf9d39f2c06178e7b8c550bd464b65480c0a93492d05bf5be9,0.36752654052263695,26.785714285714285,282,15.602836879432624,0.0,1277.232000013937,136.79999999999978,269.9000000000002,447.5999999999984,1.1280000000000008,604.8,326.25,3063.7100000139353,completed,trigger_0.07
irrigation,ET-MPC,N5_full_stress,2029,persistence,0.07,1.0,hold,6c38b0ccbddd8d1835b5ee930b2ebeb0e32feb46ca2d412657068097ec915bc7,569714c2f054d7e589e1a1a495e488b7d47d406c61e9837ff2edbc5d46855c34,12ca0f6e05f585cf9d39f2c06178e7b8c550bd464b65480c0a93492d05bf5be9,0.5364970496279905,33.779761904761905,272,18.014705882352942,0.0,1202.4480000190529,130.3999999999997,254.60000000000028,415.1999999999986,1.0880000000000007,604.8,402.5,3011.0360000190512,completed,trigger_0.07
irrigation,ET-MPC,N5_full_stress,2030,persistence,0.07,1.0,hold,abb7b011b665f0b277b52b3eaf4f43d08e9f49b99b635184a1171e4b4d21fe02,569714c2f054d7e589e1a1a495e488b7d47d406c61e9837ff2edbc5d46855c34,12ca0f6e05f585cf9d39f2c06178e7b8c550bd464b65480c0a93492d05bf5be9,0.34330885665752137,30.80357142857143,279,18.63799283154122,0.0,1210.3200000018019,132.79999999999973,256.75000000000006,407.9999999999988,1.1160000000000008,604.8,138.75,2752.5360000018004,completed,trigger_0.07
irrigation,ET-MPC,N5_full_stress,2031,persistence,0.07,1.0,hold,f37ef65583dcace03e48e589efe86219646068fe0d970e6499011c1463340e9d,569714c2f054d7e589e1a1a495e488b7d47d406c61e9837ff2edbc5d46855c34,12ca0f6e05f585cf9d39f2c06178e7b8c550bd464b65480c0a93492d05bf5be9,0.3545583210764944,28.869047619047617,249,21.686746987951807,0.0,1104.0479999993615,125.59999999999968,235.60000000000005,377.9999999999991,0.9960000000000008,604.8,365.0,2814.0439999993605,completed,trigger_0.07
irrigation,ET-MPC,N5_full_stress,2032,persistence,0.07,1.0,hold,1bc4fc9c015f5bb43081df6b7beb1bb1fb40c91a2ee51eb3ae05369c15055f28,569714c2f054d7e589e1a1a495e488b7d47d406c61e9837ff2edbc5d46855c34,12ca0f6e05f585cf9d39f2c06178e7b8c550bd464b65480c0a93492d05bf5be9,0.4268301470471572,35.11904761904761,265,20.0,0.0,1147.3440000162932,139.99999999999983,247.80000000000004,389.9999999999989,1.0600000000000007,604.8,136.25,2667.2540000162917,completed,trigger_0.07
irrigation,ET-MPC,N5_full_stress,2033,persistence,0.07,1.0,hold,494a8ef5d46e969d8d6f8d6870dd839d3fb79c2cb3a90cba0acd6c0b5e7b6b0d,569714c2f054d7e589e1a1a495e488b7d47d406c61e9837ff2edbc5d46855c34,12ca0f6e05f585cf9d39f2c06178e7b8c550bd464b65480c0a93492d05bf5be9,0.44284279831717,24.553571428571427,273,18.315018315018314,0.0,1194.5760000385524,139.19999999999982,255.95,403.19999999999885,1.0920000000000007,604.8,178.75,2777.568000038551,completed,trigger_0.07
irrigation,ET-MPC,N5_full_stress,2034,persistence,0.07,1.0,hold,fc395e398696895d31b901b1a3190fae1a1b840cc1dd1bed15fdecb4333707d8,569714c2f054d7e589e1a1a495e488b7d47d406c61e9837ff2edbc5d46855c34,12ca0f6e05f585cf9d39f2c06178e7b8c550bd464b65480c0a93492d05bf5be9,0.25154700954507336,6.696428571428571,271,18.819188191881917,0.0,1255.5840000151572,119.9999999999997,260.8000000000002,442.7999999999984,1.0840000000000007,604.8,253.75,2938.818000015155,completed,trigger_0.07
irrigation,ET-MPC,N5_full_stress,2035,persistence,0.07,1.0,hold,ba0eeb687f13d8deff867bb30a95dd38ea3b5f1c249cd4c412f8202221aacbe4,569714c2f054d7e589e1a1a495e488b7d47d406c61e9837ff2edbc5d46855c34,12ca0f6e05f585cf9d39f2c06178e7b8c550bd464b65480c0a93492d05bf5be9,0.28022442852842233,9.672619047619047,261,19.54022988505747,0.0,1206.3840000298544,105.59999999999975,247.5500000000003,434.39999999999867,1.0440000000000007,604.8,450.0,3049.778000029853,completed,trigger_0.07
irrigation,ET-MPC,N5_full_stress,2036,persistence,0.07,1.0,hold,a4257d8d7121ac687a09d767c6d4f87ee2a3c45404be647ef17b85f7f0e30a6c,569714c2f054d7e589e1a1a495e488b7d47d406c61e9837ff2edbc5d46855c34,12ca0f6e05f585cf9d39f2c06178e7b8c550bd464b65480c0a93492d05bf5be9,0.3937658214448449,18.00595238095238,278,19.06474820143885,0.0,1267.3920000191936,119.9999999999997,262.90000000000015,446.3999999999984,1.1120000000000008,604.8,301.25,3003.8540000191915,completed,trigger_0.07
irrigation,ET-MPC,N5_full_stress,2037,persistence,0.07,1.0,hold,dd05116ff4863526063e1d7cfc08a6caa8c085581c2009ef1e31ca54919e1b76,569714c2f054d7e589e1a1a495e488b7d47d406c61e9837ff2edbc5d46855c34,12ca0f6e05f585cf9d39f2c06178e7b8c550bd464b65480c0a93492d05bf5be9,0.32106730969829667,22.61904761904762,249,18.87550200803213,0.0,1125.6960000142212,117.59999999999971,236.95000000000002,395.99999999999886,0.9960000000000008,604.8,282.5,2764.54200001422,completed,trigger_0.07
irrigation,ET-MPC,N5_full_stress,2038,persistence,0.07,1.0,hold,f870e9602317c8722cb8f052a7204d26775f7f6468ab78a61c5f48c0e1ea5057,569714c2f054d7e589e1a1a495e488b7d47d406c61e9837ff2edbc5d46855c34,12ca0f6e05f585cf9d39f2c06178e7b8c550bd464b65480c0a93492d05bf5be9,0.5412053986004797,33.482142857142854,259,16.602316602316602,0.0,1151.2800000463217,119.9999999999997,242.25000000000017,394.7999999999989,1.0360000000000007,604.8,183.75,2697.9160000463207,completed,trigger_0.07
irrigation,ET-MPC,N5_full_stress,2039,persistence,0.07,1.0,hold,482fc4f6c280fd27d6e57642d44a4a7145439642656c97286dda891143ac5205,569714c2f054d7e589e1a1a495e488b7d47d406c61e9837ff2edbc5d46855c34,12ca0f6e05f585cf9d39f2c06178e7b8c550bd464b65480c0a93492d05bf5be9,0.4121658364821942,27.232142857142854,284,17.253521126760564,0.0,1326.4320000512637,121.5999999999997,273.90000000000055,473.9999999999981,1.1360000000000008,604.8,260.0,3061.8680000512622,completed,trigger_0.07
irrigation,ET-MPC,N5_full_stress,2040,persistence,0.07,1.0,hold,6901b77a754c50864a066f957b68a438460a908f0d12d646252740d848c0b488,569714c2f054d7e589e1a1a495e488b7d47d406c61e9837ff2edbc5d46855c34,12ca0f6e05f585cf9d39f2c06178e7b8c550bd464b65480c0a93492d05bf5be9,0.27689343097951297,6.9940476190476195,264,16.666666666666668,0.0,1239.8400000178008,116.79999999999971,257.0000000000001,447.59999999999854,1.0560000000000007,604.8,231.25,2898.3460000177993,completed,trigger_0.07
irrigation,ET-MPC,N5_full_stress,2026,persistence,0.035,1.0,hold,a88fc11ced98eaf4ad5e4a5c86992a704e03aedc39d2e99ad0f5aab31ccdebc3,569714c2f054d7e589e1a1a495e488b7d47d406c61e9837ff2edbc5d46855c34,12ca0f6e05f585cf9d39f2c06178e7b8c550bd464b65480c0a93492d05bf5be9,0.5444767269245228,32.88690476190476,296,21.283783783783782,0.0,1292.976000025019,147.19999999999993,275.9500000000003,439.1999999999984,1.1840000000000008,604.8,175.0,2936.310000025018,completed,forecast_persistence
irrigation,ET-MPC,N5_full_stress,2027,persistence,0.035,1.0,hold,7d8085832d6e913adeed25f9837280f0bf635d865b3554194c77b925d4033d2c,569714c2f054d7e589e1a1a495e488b7d47d406c61e9837ff2edbc5d46855c34,12ca0f6e05f585cf9d39f2c06178e7b8c550bd464b65480c0a93492d05bf5be9,0.5182685247317537,36.160714285714285,313,20.766773162939298,0.0,1391.376000039991,146.39999999999992,293.2000000000005,476.39999999999816,1.252000000000001,604.8,216.25,3129.6780000399895,completed,forecast_persistence
irrigation,ET-MPC,N5_full_stress,2028,persistence,0.035,1.0,hold,5291785a63e5e80ce5794bbd85987daf09a0b680495122dc3d42fe3c29696948,569714c2f054d7e589e1a1a495e488b7d47d406c61e9837ff2edbc5d46855c34,12ca0f6e05f585cf9d39f2c06178e7b8c550bd464b65480c0a93492d05bf5be9,0.36829020296678233,26.785714285714285,317,16.08832807570978,0.0,1430.7360000245014,155.20000000000005,302.9500000000005,501.5999999999979,1.268000000000001,604.8,326.25,3322.8040000245,completed,forecast_persistence
irrigation,ET-MPC,N5_full_stress,2029,persistence,0.035,1.0,hold,6c38b0ccbddd8d1835b5ee930b2ebeb0e32feb46ca2d412657068097ec915bc7,569714c2f054d7e589e1a1a495e488b7d47d406c61e9837ff2edbc5d46855c34,12ca0f6e05f585cf9d39f2c06178e7b8c550bd464b65480c0a93492d05bf5be9,0.5344672920254881,33.63095238095239,315,18.41269841269841,0.0,1403.184000024435,148.79999999999995,296.0500000000007,485.999999999998,1.260000000000001,604.8,392.5,3332.5940000244336,completed,forecast_persistence
irrigation,ET-MPC,N5_full_stress,2030,persistence,0.035,1.0,hold,abb7b011b665f0b277b52b3eaf4f43d08e9f49b99b635184a1171e4b4d21fe02,569714c2f054d7e589e1a1a495e488b7d47d406c61e9837ff2edbc5d46855c34,12ca0f6e05f585cf9d39f2c06178e7b8c550bd464b65480c0a93492d05bf5be9,0.34330885665752137,30.80357142857143,313,18.53035143769968,0.0,1350.0480000131429,152.0,287.60000000000036,452.39999999999833,1.252000000000001,604.8,138.75,2986.8500000131417,completed,forecast_persistence
irrigation,ET-MPC,N5_full_stress,2031,persistence,0.035,1.0,hold,f37ef65583dcace03e48e589efe86219646068fe0d970e6499011c1463340e9d,569714c2f054d7e589e1a1a495e488b7d47d406c61e9837ff2edbc5d46855c34,12ca0f6e05f585cf9d39f2c06178e7b8c550bd464b65480c0a93492d05bf5be9,0.3550150906144391,28.869047619047617,309,22.977346278317153,0.0,1385.4720000201587,152.0,293.90000000000055,477.59999999999803,1.2360000000000009,604.8,365.0,3280.008000020157,completed,forecast_persistence
irrigation,ET-MPC,N5_full_stress,2032,persistence,0.035,1.0,hold,1bc4fc9c015f5bb43081df6b7beb1bb1fb40c91a2ee51eb3ae05369c15055f28,569714c2f054d7e589e1a1a495e488b7d47d406c61e9837ff2edbc5d46855c34,12ca0f6e05f585cf9d39f2c06178e7b8c550bd464b65480c0a93492d05bf5be9,0.4268301470471572,35.11904761904761,309,19.41747572815534,0.0,1332.336000023092,160.0000000000001,286.95000000000033,453.5999999999983,1.2360000000000009,604.8,136.25,2975.1720000230907,completed,forecast_persistence
irrigation,ET-MPC,N5_full_stress,2033,persistence,0.035,1.0,hold,494a8ef5d46e969d8d6f8d6870dd839d3fb79c2cb3a90cba0acd6c0b5e7b6b0d,569714c2f054d7e589e1a1a495e488b7d47d406c61e9837ff2edbc5d46855c34,12ca0f6e05f585cf9d39f2c06178e7b8c550bd464b65480c0a93492d05bf5be9,0.44284279831717,24.553571428571427,313,17.891373801916934,0.0,1379.5680000271425,156.80000000000007,294.3500000000005,469.1999999999982,1.252000000000001,604.8,178.75,3084.7200000271405,completed,forecast_persistence
irrigation,ET-MPC,N5_full_stress,2034,persistence,0.035,1.0,hold,fc395e398696895d31b901b1a3190fae1a1b840cc1dd1bed15fdecb4333707d8,569714c2f054d7e589e1a1a495e488b7d47d406c61e9837ff2edbc5d46855c34,12ca0f6e05f585cf9d39f2c06178e7b8c550bd464b65480c0a93492d05bf5be9,0.25154700954507336,6.696428571428571,308,17.207792207792206,0.0,1401.2160000203723,139.19999999999982,292.70000000000044,487.199999999998,1.2320000000000009,604.8,253.75,3180.098000020371,completed,forecast_persistence
irrigation,ET-MPC,N5_full_stress,2035,persistence,0.035,1.0,hold,ba0eeb687f13d8deff867bb30a95dd38ea3b5f1c249cd4c412f8202221aacbe4,569714c2f054d7e589e1a1a495e488b7d47d406c61e9837ff2edbc5d46855c34,12ca0f6e05f585cf9d39f2c06178e7b8c550bd464b65480c0a93492d05bf5be9,0.28022442852842233,9.672619047619047,309,19.093851132686083,0.0,1414.9920000347565,129.59999999999968,292.1500000000009,505.19999999999794,1.2360000000000009,604.8,450.0,3397.9780000347546,completed,forecast_persistence
irrigation,ET-MPC,N5_full_stress,2036,persistence,0.035,1.0,hold,a4257d8d7121ac687a09d767c6d4f87ee2a3c45404be647ef17b85f7f0e30a6c,569714c2f054d7e589e1a1a495e488b7d47d406c61e9837ff2edbc5d46855c34,12ca0f6e05f585cf9d39f2c06178e7b8c550bd464b65480c0a93492d05bf5be9,0.39193484638414233,18.154761904761905,321,19.626168224299064,0.0,1450.4160000189922,144.7999999999999,303.2000000000005,507.5999999999978,1.284000000000001,604.8,297.5,3309.6000000189906,completed,forecast_persistence
irrigation,ET-MPC,N5_full_stress,2037,persistence,0.035,1.0,hold,dd05116ff4863526063e1d7cfc08a6caa8c085581c2009ef1e31ca54919e1b76,569714c2f054d7e589e1a1a495e488b7d47d406c61e9837ff2edbc5d46855c34,12ca0f6e05f585cf9d39f2c06178e7b8c550bd464b65480c0a93492d05bf5be9,0.32020354791447386,22.321428571428573,317,19.242902208201894,0.0,1446.4800000280347,141.59999999999985,301.50000000000057,511.19999999999794,1.268000000000001,604.8,280.0,3286.8480000280333,completed,forecast_persistence
irrigation,ET-MPC,N5_full_stress,2038,persistence,0.035,1.0,hold,f870e9602317c8722cb8f052a7204d26775f7f6468ab78a61c5f48c0e1ea5057,569714c2f054d7e589e1a1a495e488b7d47d406c61e9837ff2edbc5d46855c34,12ca0f6e05f585cf9d39f2c06178e7b8c550bd464b65480c0a93492d05bf5be9,0.5391515380745451,33.482142857142854,302,16.887417218543046,0.0,1346.1120000310914,141.59999999999985,283.6500000000003,461.99999999999824,1.2080000000000009,604.8,180.0,3019.37000003109,completed,forecast_persistence
irrigation,ET-MPC,N5_full_stress,2039,persistence,0.035,1.0,hold,482fc4f6c280fd27d6e57642d44a4a7145439642656c97286dda891143ac5205,569714c2f054d7e589e1a1a495e488b7d47d406c61e9837ff2edbc5d46855c34,12ca0f6e05f585cf9d39f2c06178e7b8c550bd464b65480c0a93492d05bf5be9,0.41230637514804036,27.083333333333332,327,17.737003058103976,0.0,1515.3600000321728,143.9999999999999,314.500000000001,537.5999999999976,1.308000000000001,604.8,255.0,3372.568000032171,completed,forecast_persistence
irrigation,ET-MPC,N5_full_stress,2040,persistence,0.035,1.0,hold,6901b77a754c50864a066f957b68a438460a908f0d12d646252740d848c0b488,569714c2f054d7e589e1a1a495e488b7d47d406c61e9837ff2edbc5d46855c34,12ca0f6e05f585cf9d39f2c06178e7b8c550bd464b65480c0a93492d05bf5be9,0.2780309257438801,6.9940476190476195,323,16.71826625386997,0.0,1519.2960000260664,143.19999999999987,314.95000000000084,548.399999999998,1.292000000000001,604.8,232.5,3364.4380000260644,completed,forecast_persistence
irrigation,ET-MPC,N5_full_stress,2026,noisy_persistence,0.035,1.0,hold,a88fc11ced98eaf4ad5e4a5c86992a704e03aedc39d2e99ad0f5aab31ccdebc3,569714c2f054d7e589e1a1a495e488b7d47d406c61e9837ff2edbc5d46855c34,12ca0f6e05f585cf9d39f2c06178e7b8c550bd464b65480c0a93492d05bf5be9,0.5444767269245228,32.88690476190476,296,21.283783783783782,0.0,1292.976000025019,147.19999999999993,275.9500000000003,439.1999999999984,1.1840000000000008,604.8,175.0,2936.310000025018,completed,forecast_noisy_persistence
irrigation,ET-MPC,N5_full_stress,2027,noisy_persistence,0.035,1.0,hold,7d8085832d6e913adeed25f9837280f0bf635d865b3554194c77b925d4033d2c,569714c2f054d7e589e1a1a495e488b7d47d406c61e9837ff2edbc5d46855c34,12ca0f6e05f585cf9d39f2c06178e7b8c550bd464b65480c0a93492d05bf5be9,0.5182685247317537,36.160714285714285,313,20.766773162939298,0.0,1391.376000039991,146.39999999999992,293.2000000000005,476.39999999999816,1.252000000000001,604.8,216.25,3129.6780000399895,completed,forecast_noisy_persistence
irrigation,ET-MPC,N5_full_stress,2028,noisy_persistence,0.035,1.0,hold,5291785a63e5e80ce5794bbd85987daf09a0b680495122dc3d42fe3c29696948,569714c2f054d7e589e1a1a495e488b7d47d406c61e9837ff2edbc5d46855c34,12ca0f6e05f585cf9d39f2c06178e7b8c550bd464b65480c0a93492d05bf5be9,0.37852396554031636,30.654761904761905,315,16.19047619047619,0.0,1418.9280000243486,155.20000000000005,300.8500000000005,496.79999999999797,1.260000000000001,604.8,310.0,3287.838000024347,completed,forecast_noisy_persistence
irrigation,ET-MPC,N5_full_stress,2029,noisy_persistence,0.035,1.0,hold,6c38b0ccbddd8d1835b5ee930b2ebeb0e32feb46ca2d412657068097ec915bc7,569714c2f054d7e589e1a1a495e488b7d47d406c61e9837ff2edbc5d46855c34,12ca0f6e05f585cf9d39f2c06178e7b8c550bd464b65480c0a93492d05bf5be9,0.5344672920254881,33.63095238095239,315,18.41269841269841,0.0,1403.184000024435,148.79999999999995,296.0500000000007,485.999999999998,1.260000000000001,604.8,392.5,3332.5940000244336,completed,forecast_noisy_persistence
irrigation,ET-MPC,N5_full_stress,2030,noisy_persistence,0.035,1.0,hold,abb7b011b665f0b277b52b3eaf4f43d08e9f49b99b635184a1171e4b4d21fe02,569714c2f054d7e589e1a1a495e488b7d47d406c61e9837ff2edbc5d46855c34,12ca0f6e05f585cf9d39f2c06178e7b8c550bd464b65480c0a93492d05bf5be9,0.34330885665752137,30.80357142857143,313,18.53035143769968,0.0,1350.0480000131429,152.0,287.60000000000036,452.39999999999833,1.252000000000001,604.8,138.75,2986.8500000131417,completed,forecast_noisy_persistence
irrigation,ET-MPC,N5_full_stress,2031,noisy_persistence,0.035,1.0,hold,f37ef65583dcace03e48e589efe86219646068fe0d970e6499011c1463340e9d,569714c2f054d7e589e1a1a495e488b7d47d406c61e9837ff2edbc5d46855c34,12ca0f6e05f585cf9d39f2c06178e7b8c550bd464b65480c0a93492d05bf5be9,0.3550150906144391,28.869047619047617,309,22.977346278317153,0.0,1385.4720000201587,152.0,293.90000000000055,477.59999999999803,1.2360000000000009,604.8,365.0,3280.008000020157,completed,forecast_noisy_persistence
irrigation,ET-MPC,N5_full_stress,2032,noisy_persistence,0.035,1.0,hold,1bc4fc9c015f5bb43081df6b7beb1bb1fb40c91a2ee51eb3ae05369c15055f28,569714c2f054d7e589e1a1a495e488b7d47d406c61e9837ff2edbc5d46855c34,12ca0f6e05f585cf9d39f2c06178e7b8c550bd464b65480c0a93492d05bf5be9,0.4268372674151362,35.11904761904761,309,19.41747572815534,0.0,1332.336000023092,160.0000000000001,286.95000000000033,453.5999999999983,1.2360000000000009,604.8,132.5,2971.4220000230907,completed,forecast_noisy_persistence
irrigation,ET-MPC,N5_full_stress,2033,noisy_persistence,0.035,1.0,hold,494a8ef5d46e969d8d6f8d6870dd839d3fb79c2cb3a90cba0acd6c0b5e7b6b0d,569714c2f054d7e589e1a1a495e488b7d47d406c61e9837ff2edbc5d46855c34,12ca0f6e05f585cf9d39f2c06178e7b8c550bd464b65480c0a93492d05bf5be9,0.44284279831717,24.553571428571427,313,17.891373801916934,0.0,1379.5680000271425,156.80000000000007,294.3500000000005,469.1999999999982,1.252000000000001,604.8,178.75,3084.7200000271405,completed,forecast_noisy_persistence
irrigation,ET-MPC,N5_full_stress,2034,noisy_persistence,0.035,1.0,hold,fc395e398696895d31b901b1a3190fae1a1b840cc1dd1bed15fdecb4333707d8,569714c2f054d7e589e1a1a495e488b7d47d406c61e9837ff2edbc5d46855c34,12ca0f6e05f585cf9d39f2c06178e7b8c550bd464b65480c0a93492d05bf5be9,0.25154700954507336,6.696428571428571,308,17.207792207792206,0.0,1401.2160000203723,139.19999999999982,292.70000000000044,487.199999999998,1.2320000000000009,604.8,253.75,3180.098000020371,completed,forecast_noisy_persistence
irrigation,ET-MPC,N5_full_stress,2035,noisy_persistence,0.035,1.0,hold,ba0eeb687f13d8deff867bb30a95dd38ea3b5f1c249cd4c412f8202221aacbe4,569714c2f054d7e589e1a1a495e488b7d47d406c61e9837ff2edbc5d46855c34,12ca0f6e05f585cf9d39f2c06178e7b8c550bd464b65480c0a93492d05bf5be9,0.28022442852842233,9.672619047619047,309,19.093851132686083,0.0,1414.9920000347565,129.59999999999968,292.1500000000009,505.19999999999794,1.2360000000000009,604.8,450.0,3397.9780000347546,completed,forecast_noisy_persistence
irrigation,ET-MPC,N5_full_stress,2036,noisy_persistence,0.035,1.0,hold,a4257d8d7121ac687a09d767c6d4f87ee2a3c45404be647ef17b85f7f0e30a6c,569714c2f054d7e589e1a1a495e488b7d47d406c61e9837ff2edbc5d46855c34,12ca0f6e05f585cf9d39f2c06178e7b8c550bd464b65480c0a93492d05bf5be9,0.39193484638414233,18.154761904761905,321,19.626168224299064,0.0,1450.4160000189922,144.7999999999999,303.2000000000005,507.5999999999978,1.284000000000001,604.8,297.5,3309.6000000189906,completed,forecast_noisy_persistence
irrigation,ET-MPC,N5_full_stress,2037,noisy_persistence,0.035,1.0,hold,dd05116ff4863526063e1d7cfc08a6caa8c085581c2009ef1e31ca54919e1b76,569714c2f054d7e589e1a1a495e488b7d47d406c61e9837ff2edbc5d46855c34,12ca0f6e05f585cf9d39f2c06178e7b8c550bd464b65480c0a93492d05bf5be9,0.32020354791447386,22.321428571428573,317,19.242902208201894,0.0,1446.4800000280347,141.59999999999985,301.50000000000057,511.19999999999794,1.268000000000001,604.8,280.0,3286.8480000280333,completed,forecast_noisy_persistence
irrigation,ET-MPC,N5_full_stress,2038,noisy_persistence,0.035,1.0,hold,f870e9602317c8722cb8f052a7204d26775f7f6468ab78a61c5f48c0e1ea5057,569714c2f054d7e589e1a1a495e488b7d47d406c61e9837ff2edbc5d46855c34,12ca0f6e05f585cf9d39f2c06178e7b8c550bd464b65480c0a93492d05bf5be9,0.5414395944605549,33.482142857142854,304,16.776315789473685,0.0,1353.9840000326485,142.39999999999986,285.3000000000004,464.3999999999982,1.2160000000000009,604.8,186.25,3038.3500000326467,completed,forecast_noisy_persistence
irrigation,ET-MPC,N5_full_stress,2039,noisy_persistence,0.035,1.0,hold,482fc4f6c280fd27d6e57642d44a4a7145439642656c97286dda891143ac5205,569714c2f054d7e589e1a1a495e488b7d47d406c61e9837ff2edbc5d46855c34,12ca0f6e05f585cf9d39f2c06178e7b8c550bd464b65480c0a93492d05bf5be9,0.41230637514804036,27.083333333333332,327,17.737003058103976,0.0,1515.3600000321728,143.9999999999999,314.500000000001,537.5999999999976,1.308000000000001,604.8,255.0,3372.568000032171,completed,forecast_noisy_persistence
irrigation,ET-MPC,N5_full_stress,2040,noisy_persistence,0.035,1.0,hold,6901b77a754c50864a066f957b68a438460a908f0d12d646252740d848c0b488,569714c2f054d7e589e1a1a495e488b7d47d406c61e9837ff2edbc5d46855c34,12ca0f6e05f585cf9d39f2c06178e7b8c550bd464b65480c0a93492d05bf5be9,0.27742597493796817,6.9940476190476195,322,16.770186335403725,0.0,1517.328000025677,142.39999999999986,314.3500000000008,548.399999999998,1.288000000000001,604.8,232.5,3361.0660000256757,completed,forecast_noisy_persistence
irrigation,ET-MPC,N5_full_stress,2026,oracle,0.035,1.0,hold,a88fc11ced98eaf4ad5e4a5c86992a704e03aedc39d2e99ad0f5aab31ccdebc3,569714c2f054d7e589e1a1a495e488b7d47d406c61e9837ff2edbc5d46855c34,12ca0f6e05f585cf9d39f2c06178e7b8c550bd464b65480c0a93492d05bf5be9,0.5444767269245228,32.88690476190476,296,21.283783783783782,0.0,1292.976000025019,147.19999999999993,275.9500000000003,439.1999999999984,1.1840000000000008,604.8,175.0,2936.310000025018,completed,forecast_oracle
irrigation,ET-MPC,N5_full_stress,2027,oracle,0.035,1.0,hold,7d8085832d6e913adeed25f9837280f0bf635d865b3554194c77b925d4033d2c,569714c2f054d7e589e1a1a495e488b7d47d406c61e9837ff2edbc5d46855c34,12ca0f6e05f585cf9d39f2c06178e7b8c550bd464b65480c0a93492d05bf5be9,0.5182685247317537,36.160714285714285,313,20.766773162939298,0.0,1391.376000039991,146.39999999999992,293.2000000000005,476.39999999999816,1.252000000000001,604.8,216.25,3129.6780000399895,completed,forecast_oracle
irrigation,ET-MPC,N5_full_stress,2028,oracle,0.035,1.0,hold,5291785a63e5e80ce5794bbd85987daf09a0b680495122dc3d42fe3c29696948,569714c2f054d7e589e1a1a495e488b7d47d406c61e9837ff2edbc5d46855c34,12ca0f6e05f585cf9d39f2c06178e7b8c550bd464b65480c0a93492d05bf5be9,0.36730487541629203,26.785714285714285,317,16.08832807570978,0.0,1430.7360000245014,155.20000000000005,302.9500000000005,501.5999999999979,1.268000000000001,604.8,325.0,3321.5540000245,completed,forecast_oracle
irrigation,ET-MPC,N5_full_stress,2029,oracle,0.035,1.0,hold,6c38b0ccbddd8d1835b5ee930b2ebeb0e32feb46ca2d412657068097ec915bc7,569714c2f054d7e589e1a1a495e488b7d47d406c61e9837ff2edbc5d46855c34,12ca0f6e05f585cf9d39f2c06178e7b8c550bd464b65480c0a93492d05bf5be9,0.5352812860585334,33.63095238095239,313,18.53035143769968,0.0,1395.3120000228778,147.99999999999994,294.4000000000007,483.59999999999803,1.252000000000001,604.8,397.5,3324.864000022876,completed,forecast_oracle
irrigation,ET-MPC,N5_full_stress,2030,oracle,0.035,1.0,hold,abb7b011b665f0b277b52b3eaf4f43d08e9f49b99b635184a1171e4b4d21fe02,569714c2f054d7e589e1a1a495e488b7d47d406c61e9837ff2edbc5d46855c34,12ca0f6e05f585cf9d39f2c06178e7b8c550bd464b65480c0a93492d05bf5be9,0.3433531407208657,30.80357142857143,313,18.53035143769968,0.0,1350.0480000131429,152.0,287.60000000000036,452.39999999999833,1.252000000000001,604.8,141.25,2989.3500000131417,completed,forecast_oracle
irrigation,ET-MPC,N5_full_stress,2031,oracle,0.035,1.0,hold,f37ef65583dcace03e48e589efe86219646068fe0d970e6499011c1463340e9d,569714c2f054d7e589e1a1a495e488b7d47d406c61e9837ff2edbc5d46855c34,12ca0f6e05f585cf9d39f2c06178e7b8c550bd464b65480c0a93492d05bf5be9,0.355906547309872,28.869047619047617,308,22.727272727272727,0.0,1379.568000020737,151.2,292.60000000000053,475.19999999999806,1.2320000000000009,604.8,365.0,3269.600000020736,completed,forecast_oracle
irrigation,ET-MPC,N5_full_stress,2032,oracle,0.035,1.0,hold,1bc4fc9c015f5bb43081df6b7beb1bb1fb40c91a2ee51eb3ae05369c15055f28,569714c2f054d7e589e1a1a495e488b7d47d406c61e9837ff2edbc5d46855c34,12ca0f6e05f585cf9d39f2c06178e7b8c550bd464b65480c0a93492d05bf5be9,0.4268372674151362,35.11904761904761,309,19.41747572815534,0.0,1332.336000023092,160.0000000000001,286.95000000000033,453.5999999999983,1.2360000000000009,604.8,132.5,2971.4220000230907,completed,forecast_oracle
irrigation,ET-MPC,N5_full_stress,2033,oracle,0.035,1.0,hold,494a8ef5d46e969d8d6f8d6870dd839d3fb79c2cb3a90cba0acd6c0b5e7b6b0d,569714c2f054d7e589e1a1a495e488b7d47d406c61e9837ff2edbc5d46855c34,12ca0f6e05f585cf9d39f2c06178e7b8c550bd464b65480c0a93492d05bf5be9,0.445016977040583,24.702380952380953,313,17.891373801916934,0.0,1379.5680000271425,156.80000000000007,294.3500000000005,469.1999999999982,1.252000000000001,604.8,182.5,3088.4700000271405,completed,forecast_oracle
irrigation,ET-MPC,N5_full_stress,2034,oracle,0.035,1.0,hold,fc395e398696895d31b901b1a3190fae1a1b840cc1dd1bed15fdecb4333707d8,569714c2f054d7e589e1a1a495e488b7d47d406c61e9837ff2edbc5d46855c34,12ca0f6e05f585cf9d39f2c06178e7b8c550bd464b65480c0a93492d05bf5be9,0.25169433950889136,6.696428571428571,308,17.207792207792206,0.0,1401.2160000203723,139.19999999999982,292.70000000000044,487.199999999998,1.2320000000000009,604.8,251.25,3177.598000020371,completed,forecast_oracle
irrigation,ET-MPC,N5_full_stress,2035,oracle,0.035,1.0,hold,ba0eeb687f13d8deff867bb30a95dd38ea3b5f1c249cd4c412f8202221aacbe4,569714c2f054d7e589e1a1a495e488b7d47d406c61e9837ff2edbc5d46855c34,12ca0f6e05f585cf9d39f2c06178e7b8c550bd464b65480c0a93492d05bf5be9,0.28084300478234436,10.119047619047619,309,19.093851132686083,0.0,1414.9920000347565,129.59999999999968,292.1500000000009,505.19999999999794,1.2360000000000009,604.8,448.75,3396.7280000347546,completed,forecast_oracle
irrigation,ET-MPC,N5_full_stress,2036,oracle,0.035,1.0,hold,a4257d8d7121ac687a09d767c6d4f87ee2a3c45404be647ef17b85f7f0e30a6c,569714c2f054d7e589e1a1a495e488b7d47d406c61e9837ff2edbc5d46855c34,12ca0f6e05f585cf9d39f2c06178e7b8c550bd464b65480c0a93492d05bf5be9,0.39131446574012074,17.857142857142858,321,19.626168224299064,0.0,1450.4160000189922,144.7999999999999,303.2000000000005,507.5999999999978,1.284000000000001,604.8,293.75,3305.8500000189906,completed,forecast_oracle
irrigation,ET-MPC,N5_full_stress,2037,oracle,0.035,1.0,hold,dd05116ff4863526063e1d7cfc08a6caa8c085581c2009ef1e31ca54919e1b76,569714c2f054d7e589e1a1a495e488b7d47d406c61e9837ff2edbc5d46855c34,12ca0f6e05f585cf9d39f2c06178e7b8c550bd464b65480c0a93492d05bf5be9,0.3204201548172689,22.321428571428573,317,19.242902208201894,0.0,1446.4800000280347,141.59999999999985,301.50000000000057,511.19999999999794,1.268000000000001,604.8,280.0,3286.8480000280333,completed,forecast_oracle
irrigation,ET-MPC,N5_full_stress,2038,oracle,0.035,1.0,hold,f870e9602317c8722cb8f052a7204d26775f7f6468ab78a61c5f48c0e1ea5057,569714c2f054d7e589e1a1a495e488b7d47d406c61e9837ff2edbc5d46855c34,12ca0f6e05f585cf9d39f2c06178e7b8c550bd464b65480c0a93492d05bf5be9,0.5408557574829799,33.63095238095239,303,16.831683168316832,0.0,1352.0160000322592,141.59999999999985,284.7000000000004,464.3999999999982,1.2120000000000009,604.8,186.25,3034.978000032258,completed,forecast_oracle
irrigation,ET-MPC,N5_full_stress,2039,oracle,0.035,1.0,hold,482fc4f6c280fd27d6e57642d44a4a7145439642656c97286dda891143ac5205,569714c2f054d7e589e1a1a495e488b7d47d406c61e9837ff2edbc5d46855c34,12ca0f6e05f585cf9d39f2c06178e7b8c550bd464b65480c0a93492d05bf5be9,0.41205491184135346,26.934523809523807,327,17.737003058103976,0.0,1515.3600000321728,143.9999999999999,314.500000000001,537.5999999999976,1.308000000000001,604.8,256.25,3373.818000032171,completed,forecast_oracle
irrigation,ET-MPC,N5_full_stress,2040,oracle,0.035,1.0,hold,6901b77a754c50864a066f957b68a438460a908f0d12d646252740d848c0b488,569714c2f054d7e589e1a1a495e488b7d47d406c61e9837ff2edbc5d46855c34,12ca0f6e05f585cf9d39f2c06178e7b8c550bd464b65480c0a93492d05bf5be9,0.27742597493796817,6.9940476190476195,322,16.770186335403725,0.0,1517.328000025677,142.39999999999986,314.3500000000008,548.399999999998,1.288000000000001,604.8,232.5,3361.0660000256757,completed,forecast_oracle
irrigation,ET-MPC,N5_full_stress,2026,persistence,0.035,0.98,hold,a88fc11ced98eaf4ad5e4a5c86992a704e03aedc39d2e99ad0f5aab31ccdebc3,569714c2f054d7e589e1a1a495e488b7d47d406c61e9837ff2edbc5d46855c34,12ca0f6e05f585cf9d39f2c06178e7b8c550bd464b65480c0a93492d05bf5be9,0.5444767269245228,32.88690476190476,296,21.283783783783782,0.0,1292.976000025019,147.19999999999993,275.9500000000003,439.1999999999984,1.1840000000000008,604.8,175.0,2936.310000025018,completed,model_0.98
irrigation,ET-MPC,N5_full_stress,2027,persistence,0.035,0.98,hold,7d8085832d6e913adeed25f9837280f0bf635d865b3554194c77b925d4033d2c,569714c2f054d7e589e1a1a495e488b7d47d406c61e9837ff2edbc5d46855c34,12ca0f6e05f585cf9d39f2c06178e7b8c550bd464b65480c0a93492d05bf5be9,0.5182685247317537,36.160714285714285,313,20.766773162939298,0.0,1391.376000039991,146.39999999999992,293.2000000000005,476.39999999999816,1.252000000000001,604.8,216.25,3129.6780000399895,completed,model_0.98
irrigation,ET-MPC,N5_full_stress,2028,persistence,0.035,0.98,hold,5291785a63e5e80ce5794bbd85987daf09a0b680495122dc3d42fe3c29696948,569714c2f054d7e589e1a1a495e488b7d47d406c61e9837ff2edbc5d46855c34,12ca0f6e05f585cf9d39f2c06178e7b8c550bd464b65480c0a93492d05bf5be9,0.36829020296678233,26.785714285714285,317,16.08832807570978,0.0,1430.7360000245014,155.20000000000005,302.9500000000005,501.5999999999979,1.268000000000001,604.8,326.25,3322.8040000245,completed,model_0.98
irrigation,ET-MPC,N5_full_stress,2029,persistence,0.035,0.98,hold,6c38b0ccbddd8d1835b5ee930b2ebeb0e32feb46ca2d412657068097ec915bc7,569714c2f054d7e589e1a1a495e488b7d47d406c61e9837ff2edbc5d46855c34,12ca0f6e05f585cf9d39f2c06178e7b8c550bd464b65480c0a93492d05bf5be9,0.5344672920254881,33.63095238095239,315,18.41269841269841,0.0,1403.184000024435,148.79999999999995,296.0500000000007,485.999999999998,1.260000000000001,604.8,392.5,3332.5940000244336,completed,model_0.98
irrigation,ET-MPC,N5_full_stress,2030,persistence,0.035,0.98,hold,abb7b011b665f0b277b52b3eaf4f43d08e9f49b99b635184a1171e4b4d21fe02,569714c2f054d7e589e1a1a495e488b7d47d406c61e9837ff2edbc5d46855c34,12ca0f6e05f585cf9d39f2c06178e7b8c550bd464b65480c0a93492d05bf5be9,0.34330885665752137,30.80357142857143,313,18.53035143769968,0.0,1350.0480000131429,152.0,287.60000000000036,452.39999999999833,1.252000000000001,604.8,138.75,2986.8500000131417,completed,model_0.98
irrigation,ET-MPC,N5_full_stress,2031,persistence,0.035,0.98,hold,f37ef65583dcace03e48e589efe86219646068fe0d970e6499011c1463340e9d,569714c2f054d7e589e1a1a495e488b7d47d406c61e9837ff2edbc5d46855c34,12ca0f6e05f585cf9d39f2c06178e7b8c550bd464b65480c0a93492d05bf5be9,0.3550150906144391,28.869047619047617,309,22.977346278317153,0.0,1385.4720000201587,152.0,293.90000000000055,477.59999999999803,1.2360000000000009,604.8,365.0,3280.008000020157,completed,model_0.98
irrigation,ET-MPC,N5_full_stress,2032,persistence,0.035,0.98,hold,1bc4fc9c015f5bb43081df6b7beb1bb1fb40c91a2ee51eb3ae05369c15055f28,569714c2f054d7e589e1a1a495e488b7d47d406c61e9837ff2edbc5d46855c34,12ca0f6e05f585cf9d39f2c06178e7b8c550bd464b65480c0a93492d05bf5be9,0.4268301470471572,35.11904761904761,309,19.41747572815534,0.0,1332.336000023092,160.0000000000001,286.95000000000033,453.5999999999983,1.2360000000000009,604.8,136.25,2975.1720000230907,completed,model_0.98
irrigation,ET-MPC,N5_full_stress,2033,persistence,0.035,0.98,hold,494a8ef5d46e969d8d6f8d6870dd839d3fb79c2cb3a90cba0acd6c0b5e7b6b0d,569714c2f054d7e589e1a1a495e488b7d47d406c61e9837ff2edbc5d46855c34,12ca0f6e05f585cf9d39f2c06178e7b8c550bd464b65480c0a93492d05bf5be9,0.44284279831717,24.553571428571427,313,17.891373801916934,0.0,1379.5680000271425,156.80000000000007,294.3500000000005,469.1999999999982,1.252000000000001,604.8,178.75,3084.7200000271405,completed,model_0.98
irrigation,ET-MPC,N5_full_stress,2034,persistence,0.035,0.98,hold,fc395e398696895d31b901b1a3190fae1a1b840cc1dd1bed15fdecb4333707d8,569714c2f054d7e589e1a1a495e488b7d47d406c61e9837ff2edbc5d46855c34,12ca0f6e05f585cf9d39f2c06178e7b8c550bd464b65480c0a93492d05bf5be9,0.25154700954507336,6.696428571428571,308,17.207792207792206,0.0,1401.2160000203723,139.19999999999982,292.70000000000044,487.199999999998,1.2320000000000009,604.8,253.75,3180.098000020371,completed,model_0.98
irrigation,ET-MPC,N5_full_stress,2035,persistence,0.035,0.98,hold,ba0eeb687f13d8deff867bb30a95dd38ea3b5f1c249cd4c412f8202221aacbe4,569714c2f054d7e589e1a1a495e488b7d47d406c61e9837ff2edbc5d46855c34,12ca0f6e05f585cf9d39f2c06178e7b8c550bd464b65480c0a93492d05bf5be9,0.28022442852842233,9.672619047619047,309,19.093851132686083,0.0,1414.9920000347565,129.59999999999968,292.1500000000009,505.19999999999794,1.2360000000000009,604.8,450.0,3397.9780000347546,completed,model_0.98
irrigation,ET-MPC,N5_full_stress,2036,persistence,0.035,0.98,hold,a4257d8d7121ac687a09d767c6d4f87ee2a3c45404be647ef17b85f7f0e30a6c,569714c2f054d7e589e1a1a495e488b7d47d406c61e9837ff2edbc5d46855c34,12ca0f6e05f585cf9d39f2c06178e7b8c550bd464b65480c0a93492d05bf5be9,0.39193484638414233,18.154761904761905,321,19.626168224299064,0.0,1450.4160000189922,144.7999999999999,303.2000000000005,507.5999999999978,1.284000000000001,604.8,297.5,3309.6000000189906,completed,model_0.98
irrigation,ET-MPC,N5_full_stress,2037,persistence,0.035,0.98,hold,dd05116ff4863526063e1d7cfc08a6caa8c085581c2009ef1e31ca54919e1b76,569714c2f054d7e589e1a1a495e488b7d47d406c61e9837ff2edbc5d46855c34,12ca0f6e05f585cf9d39f2c06178e7b8c550bd464b65480c0a93492d05bf5be9,0.32020354791447386,22.321428571428573,317,19.242902208201894,0.0,1446.4800000280347,141.59999999999985,301.50000000000057,511.19999999999794,1.268000000000001,604.8,280.0,3286.8480000280333,completed,model_0.98
irrigation,ET-MPC,N5_full_stress,2038,persistence,0.035,0.98,hold,f870e9602317c8722cb8f052a7204d26775f7f6468ab78a61c5f48c0e1ea5057,569714c2f054d7e589e1a1a495e488b7d47d406c61e9837ff2edbc5d46855c34,12ca0f6e05f585cf9d39f2c06178e7b8c550bd464b65480c0a93492d05bf5be9,0.5391515380745451,33.482142857142854,302,16.887417218543046,0.0,1346.1120000310914,141.59999999999985,283.6500000000003,461.99999999999824,1.2080000000000009,604.8,180.0,3019.37000003109,completed,model_0.98
irrigation,ET-MPC,N5_full_stress,2039,persistence,0.035,0.98,hold,482fc4f6c280fd27d6e57642d44a4a7145439642656c97286dda891143ac5205,569714c2f054d7e589e1a1a495e488b7d47d406c61e9837ff2edbc5d46855c34,12ca0f6e05f585cf9d39f2c06178e7b8c550bd464b65480c0a93492d05bf5be9,0.41230637514804036,27.083333333333332,327,17.737003058103976,0.0,1515.3600000321728,143.9999999999999,314.500000000001,537.5999999999976,1.308000000000001,604.8,255.0,3372.568000032171,completed,model_0.98
irrigation,ET-MPC,N5_full_stress,2040,persistence,0.035,0.98,hold,6901b77a754c50864a066f957b68a438460a908f0d12d646252740d848c0b488,569714c2f054d7e589e1a1a495e488b7d47d406c61e9837ff2edbc5d46855c34,12ca0f6e05f585cf9d39f2c06178e7b8c550bd464b65480c0a93492d05bf5be9,0.2780309257438801,6.9940476190476195,323,16.71826625386997,0.0,1519.2960000260664,143.19999999999987,314.95000000000084,548.399999999998,1.292000000000001,604.8,232.5,3364.4380000260644,completed,model_0.98
irrigation,ET-MPC,N5_full_stress,2026,persistence,0.035,1.0,hold,a88fc11ced98eaf4ad5e4a5c86992a704e03aedc39d2e99ad0f5aab31ccdebc3,569714c2f054d7e589e1a1a495e488b7d47d406c61e9837ff2edbc5d46855c34,12ca0f6e05f585cf9d39f2c06178e7b8c550bd464b65480c0a93492d05bf5be9,0.5444767269245228,32.88690476190476,296,21.283783783783782,0.0,1292.976000025019,147.19999999999993,275.9500000000003,439.1999999999984,1.1840000000000008,604.8,175.0,2936.310000025018,completed,model_1.0
irrigation,ET-MPC,N5_full_stress,2027,persistence,0.035,1.0,hold,7d8085832d6e913adeed25f9837280f0bf635d865b3554194c77b925d4033d2c,569714c2f054d7e589e1a1a495e488b7d47d406c61e9837ff2edbc5d46855c34,12ca0f6e05f585cf9d39f2c06178e7b8c550bd464b65480c0a93492d05bf5be9,0.5182685247317537,36.160714285714285,313,20.766773162939298,0.0,1391.376000039991,146.39999999999992,293.2000000000005,476.39999999999816,1.252000000000001,604.8,216.25,3129.6780000399895,completed,model_1.0
irrigation,ET-MPC,N5_full_stress,2028,persistence,0.035,1.0,hold,5291785a63e5e80ce5794bbd85987daf09a0b680495122dc3d42fe3c29696948,569714c2f054d7e589e1a1a495e488b7d47d406c61e9837ff2edbc5d46855c34,12ca0f6e05f585cf9d39f2c06178e7b8c550bd464b65480c0a93492d05bf5be9,0.36829020296678233,26.785714285714285,317,16.08832807570978,0.0,1430.7360000245014,155.20000000000005,302.9500000000005,501.5999999999979,1.268000000000001,604.8,326.25,3322.8040000245,completed,model_1.0
irrigation,ET-MPC,N5_full_stress,2029,persistence,0.035,1.0,hold,6c38b0ccbddd8d1835b5ee930b2ebeb0e32feb46ca2d412657068097ec915bc7,569714c2f054d7e589e1a1a495e488b7d47d406c61e9837ff2edbc5d46855c34,12ca0f6e05f585cf9d39f2c06178e7b8c550bd464b65480c0a93492d05bf5be9,0.5344672920254881,33.63095238095239,315,18.41269841269841,0.0,1403.184000024435,148.79999999999995,296.0500000000007,485.999999999998,1.260000000000001,604.8,392.5,3332.5940000244336,completed,model_1.0
irrigation,ET-MPC,N5_full_stress,2030,persistence,0.035,1.0,hold,abb7b011b665f0b277b52b3eaf4f43d08e9f49b99b635184a1171e4b4d21fe02,569714c2f054d7e589e1a1a495e488b7d47d406c61e9837ff2edbc5d46855c34,12ca0f6e05f585cf9d39f2c06178e7b8c550bd464b65480c0a93492d05bf5be9,0.34330885665752137,30.80357142857143,313,18.53035143769968,0.0,1350.0480000131429,152.0,287.60000000000036,452.39999999999833,1.252000000000001,604.8,138.75,2986.8500000131417,completed,model_1.0
irrigation,ET-MPC,N5_full_stress,2031,persistence,0.035,1.0,hold,f37ef65583dcace03e48e589efe86219646068fe0d970e6499011c1463340e9d,569714c2f054d7e589e1a1a495e488b7d47d406c61e9837ff2edbc5d46855c34,12ca0f6e05f585cf9d39f2c06178e7b8c550bd464b65480c0a93492d05bf5be9,0.3550150906144391,28.869047619047617,309,22.977346278317153,0.0,1385.4720000201587,152.0,293.90000000000055,477.59999999999803,1.2360000000000009,604.8,365.0,3280.008000020157,completed,model_1.0
irrigation,ET-MPC,N5_full_stress,2032,persistence,0.035,1.0,hold,1bc4fc9c015f5bb43081df6b7beb1bb1fb40c91a2ee51eb3ae05369c15055f28,569714c2f054d7e589e1a1a495e488b7d47d406c61e9837ff2edbc5d46855c34,12ca0f6e05f585cf9d39f2c06178e7b8c550bd464b65480c0a93492d05bf5be9,0.4268301470471572,35.11904761904761,309,19.41747572815534,0.0,1332.336000023092,160.0000000000001,286.95000000000033,453.5999999999983,1.2360000000000009,604.8,136.25,2975.1720000230907,completed,model_1.0
irrigation,ET-MPC,N5_full_stress,2033,persistence,0.035,1.0,hold,494a8ef5d46e969d8d6f8d6870dd839d3fb79c2cb3a90cba0acd6c0b5e7b6b0d,569714c2f054d7e589e1a1a495e488b7d47d406c61e9837ff2edbc5d46855c34,12ca0f6e05f585cf9d39f2c06178e7b8c550bd464b65480c0a93492d05bf5be9,0.44284279831717,24.553571428571427,313,17.891373801916934,0.0,1379.5680000271425,156.80000000000007,294.3500000000005,469.1999999999982,1.252000000000001,604.8,178.75,3084.7200000271405,completed,model_1.0
irrigation,ET-MPC,N5_full_stress,2034,persistence,0.035,1.0,hold,fc395e398696895d31b901b1a3190fae1a1b840cc1dd1bed15fdecb4333707d8,569714c2f054d7e589e1a1a495e488b7d47d406c61e9837ff2edbc5d46855c34,12ca0f6e05f585cf9d39f2c06178e7b8c550bd464b65480c0a93492d05bf5be9,0.25154700954507336,6.696428571428571,308,17.207792207792206,0.0,1401.2160000203723,139.19999999999982,292.70000000000044,487.199999999998,1.2320000000000009,604.8,253.75,3180.098000020371,completed,model_1.0
irrigation,ET-MPC,N5_full_stress,2035,persistence,0.035,1.0,hold,ba0eeb687f13d8deff867bb30a95dd38ea3b5f1c249cd4c412f8202221aacbe4,569714c2f054d7e589e1a1a495e488b7d47d406c61e9837ff2edbc5d46855c34,12ca0f6e05f585cf9d39f2c06178e7b8c550bd464b65480c0a93492d05bf5be9,0.28022442852842233,9.672619047619047,309,19.093851132686083,0.0,1414.9920000347565,129.59999999999968,292.1500000000009,505.19999999999794,1.2360000000000009,604.8,450.0,3397.9780000347546,completed,model_1.0
irrigation,ET-MPC,N5_full_stress,2036,persistence,0.035,1.0,hold,a4257d8d7121ac687a09d767c6d4f87ee2a3c45404be647ef17b85f7f0e30a6c,569714c2f054d7e589e1a1a495e488b7d47d406c61e9837ff2edbc5d46855c34,12ca0f6e05f585cf9d39f2c06178e7b8c550bd464b65480c0a93492d05bf5be9,0.39193484638414233,18.154761904761905,321,19.626168224299064,0.0,1450.4160000189922,144.7999999999999,303.2000000000005,507.5999999999978,1.284000000000001,604.8,297.5,3309.6000000189906,completed,model_1.0
irrigation,ET-MPC,N5_full_stress,2037,persistence,0.035,1.0,hold,dd05116ff4863526063e1d7cfc08a6caa8c085581c2009ef1e31ca54919e1b76,569714c2f054d7e589e1a1a495e488b7d47d406c61e9837ff2edbc5d46855c34,12ca0f6e05f585cf9d39f2c06178e7b8c550bd464b65480c0a93492d05bf5be9,0.32020354791447386,22.321428571428573,317,19.242902208201894,0.0,1446.4800000280347,141.59999999999985,301.50000000000057,511.19999999999794,1.268000000000001,604.8,280.0,3286.8480000280333,completed,model_1.0
irrigation,ET-MPC,N5_full_stress,2038,persistence,0.035,1.0,hold,f870e9602317c8722cb8f052a7204d26775f7f6468ab78a61c5f48c0e1ea5057,569714c2f054d7e589e1a1a495e488b7d47d406c61e9837ff2edbc5d46855c34,12ca0f6e05f585cf9d39f2c06178e7b8c550bd464b65480c0a93492d05bf5be9,0.5391515380745451,33.482142857142854,302,16.887417218543046,0.0,1346.1120000310914,141.59999999999985,283.6500000000003,461.99999999999824,1.2080000000000009,604.8,180.0,3019.37000003109,completed,model_1.0
irrigation,ET-MPC,N5_full_stress,2039,persistence,0.035,1.0,hold,482fc4f6c280fd27d6e57642d44a4a7145439642656c97286dda891143ac5205,569714c2f054d7e589e1a1a495e488b7d47d406c61e9837ff2edbc5d46855c34,12ca0f6e05f585cf9d39f2c06178e7b8c550bd464b65480c0a93492d05bf5be9,0.41230637514804036,27.083333333333332,327,17.737003058103976,0.0,1515.3600000321728,143.9999999999999,314.500000000001,537.5999999999976,1.308000000000001,604.8,255.0,3372.568000032171,completed,model_1.0
irrigation,ET-MPC,N5_full_stress,2040,persistence,0.035,1.0,hold,6901b77a754c50864a066f957b68a438460a908f0d12d646252740d848c0b488,569714c2f054d7e589e1a1a495e488b7d47d406c61e9837ff2edbc5d46855c34,12ca0f6e05f585cf9d39f2c06178e7b8c550bd464b65480c0a93492d05bf5be9,0.2780309257438801,6.9940476190476195,323,16.71826625386997,0.0,1519.2960000260664,143.19999999999987,314.95000000000084,548.399999999998,1.292000000000001,604.8,232.5,3364.4380000260644,completed,model_1.0
irrigation,ET-MPC,N5_full_stress,2026,persistence,0.035,1.02,hold,a88fc11ced98eaf4ad5e4a5c86992a704e03aedc39d2e99ad0f5aab31ccdebc3,569714c2f054d7e589e1a1a495e488b7d47d406c61e9837ff2edbc5d46855c34,12ca0f6e05f585cf9d39f2c06178e7b8c550bd464b65480c0a93492d05bf5be9,0.5444767269245228,32.88690476190476,296,21.283783783783782,0.0,1292.976000025019,147.19999999999993,275.9500000000003,439.1999999999984,1.1840000000000008,604.8,175.0,2936.310000025018,completed,model_1.02
irrigation,ET-MPC,N5_full_stress,2027,persistence,0.035,1.02,hold,7d8085832d6e913adeed25f9837280f0bf635d865b3554194c77b925d4033d2c,569714c2f054d7e589e1a1a495e488b7d47d406c61e9837ff2edbc5d46855c34,12ca0f6e05f585cf9d39f2c06178e7b8c550bd464b65480c0a93492d05bf5be9,0.5182685247317537,36.160714285714285,313,20.766773162939298,0.0,1391.376000039991,146.39999999999992,293.2000000000005,476.39999999999816,1.252000000000001,604.8,216.25,3129.6780000399895,completed,model_1.02
irrigation,ET-MPC,N5_full_stress,2028,persistence,0.035,1.02,hold,5291785a63e5e80ce5794bbd85987daf09a0b680495122dc3d42fe3c29696948,569714c2f054d7e589e1a1a495e488b7d47d406c61e9837ff2edbc5d46855c34,12ca0f6e05f585cf9d39f2c06178e7b8c550bd464b65480c0a93492d05bf5be9,0.36829020296678233,26.785714285714285,317,16.08832807570978,0.0,1430.7360000245014,155.20000000000005,302.9500000000005,501.5999999999979,1.268000000000001,604.8,326.25,3322.8040000245,completed,model_1.02
irrigation,ET-MPC,N5_full_stress,2029,persistence,0.035,1.02,hold,6c38b0ccbddd8d1835b5ee930b2ebeb0e32feb46ca2d412657068097ec915bc7,569714c2f054d7e589e1a1a495e488b7d47d406c61e9837ff2edbc5d46855c34,12ca0f6e05f585cf9d39f2c06178e7b8c550bd464b65480c0a93492d05bf5be9,0.5344672920254881,33.63095238095239,315,18.41269841269841,0.0,1403.184000024435,148.79999999999995,296.0500000000007,485.999999999998,1.260000000000001,604.8,392.5,3332.5940000244336,completed,model_1.02
irrigation,ET-MPC,N5_full_stress,2030,persistence,0.035,1.02,hold,abb7b011b665f0b277b52b3eaf4f43d08e9f49b99b635184a1171e4b4d21fe02,569714c2f054d7e589e1a1a495e488b7d47d406c61e9837ff2edbc5d46855c34,12ca0f6e05f585cf9d39f2c06178e7b8c550bd464b65480c0a93492d05bf5be9,0.34330885665752137,30.80357142857143,313,18.53035143769968,0.0,1350.0480000131429,152.0,287.60000000000036,452.39999999999833,1.252000000000001,604.8,138.75,2986.8500000131417,completed,model_1.02
irrigation,ET-MPC,N5_full_stress,2031,persistence,0.035,1.02,hold,f37ef65583dcace03e48e589efe86219646068fe0d970e6499011c1463340e9d,569714c2f054d7e589e1a1a495e488b7d47d406c61e9837ff2edbc5d46855c34,12ca0f6e05f585cf9d39f2c06178e7b8c550bd464b65480c0a93492d05bf5be9,0.3550150906144391,28.869047619047617,309,22.977346278317153,0.0,1385.4720000201587,152.0,293.90000000000055,477.59999999999803,1.2360000000000009,604.8,365.0,3280.008000020157,completed,model_1.02
irrigation,ET-MPC,N5_full_stress,2032,persistence,0.035,1.02,hold,1bc4fc9c015f5bb43081df6b7beb1bb1fb40c91a2ee51eb3ae05369c15055f28,569714c2f054d7e589e1a1a495e488b7d47d406c61e9837ff2edbc5d46855c34,12ca0f6e05f585cf9d39f2c06178e7b8c550bd464b65480c0a93492d05bf5be9,0.4268301470471572,35.11904761904761,309,19.41747572815534,0.0,1332.336000023092,160.0000000000001,286.95000000000033,453.5999999999983,1.2360000000000009,604.8,136.25,2975.1720000230907,completed,model_1.02
irrigation,ET-MPC,N5_full_stress,2033,persistence,0.035,1.02,hold,494a8ef5d46e969d8d6f8d6870dd839d3fb79c2cb3a90cba0acd6c0b5e7b6b0d,569714c2f054d7e589e1a1a495e488b7d47d406c61e9837ff2edbc5d46855c34,12ca0f6e05f585cf9d39f2c06178e7b8c550bd464b65480c0a93492d05bf5be9,0.44284279831717,24.553571428571427,313,17.891373801916934,0.0,1379.5680000271425,156.80000000000007,294.3500000000005,469.1999999999982,1.252000000000001,604.8,178.75,3084.7200000271405,completed,model_1.02
irrigation,ET-MPC,N5_full_stress,2034,persistence,0.035,1.02,hold,fc395e398696895d31b901b1a3190fae1a1b840cc1dd1bed15fdecb4333707d8,569714c2f054d7e589e1a1a495e488b7d47d406c61e9837ff2edbc5d46855c34,12ca0f6e05f585cf9d39f2c06178e7b8c550bd464b65480c0a93492d05bf5be9,0.25154700954507336,6.696428571428571,308,17.207792207792206,0.0,1401.2160000203723,139.19999999999982,292.70000000000044,487.199999999998,1.2320000000000009,604.8,253.75,3180.098000020371,completed,model_1.02
irrigation,ET-MPC,N5_full_stress,2035,persistence,0.035,1.02,hold,ba0eeb687f13d8deff867bb30a95dd38ea3b5f1c249cd4c412f8202221aacbe4,569714c2f054d7e589e1a1a495e488b7d47d406c61e9837ff2edbc5d46855c34,12ca0f6e05f585cf9d39f2c06178e7b8c550bd464b65480c0a93492d05bf5be9,0.28022442852842233,9.672619047619047,309,19.093851132686083,0.0,1414.9920000347565,129.59999999999968,292.1500000000009,505.19999999999794,1.2360000000000009,604.8,450.0,3397.9780000347546,completed,model_1.02
irrigation,ET-MPC,N5_full_stress,2036,persistence,0.035,1.02,hold,a4257d8d7121ac687a09d767c6d4f87ee2a3c45404be647ef17b85f7f0e30a6c,569714c2f054d7e589e1a1a495e488b7d47d406c61e9837ff2edbc5d46855c34,12ca0f6e05f585cf9d39f2c06178e7b8c550bd464b65480c0a93492d05bf5be9,0.39193484638414233,18.154761904761905,321,19.626168224299064,0.0,1450.4160000189922,144.7999999999999,303.2000000000005,507.5999999999978,1.284000000000001,604.8,297.5,3309.6000000189906,completed,model_1.02
irrigation,ET-MPC,N5_full_stress,2037,persistence,0.035,1.02,hold,dd05116ff4863526063e1d7cfc08a6caa8c085581c2009ef1e31ca54919e1b76,569714c2f054d7e589e1a1a495e488b7d47d406c61e9837ff2edbc5d46855c34,12ca0f6e05f585cf9d39f2c06178e7b8c550bd464b65480c0a93492d05bf5be9,0.32020354791447386,22.321428571428573,317,19.242902208201894,0.0,1446.4800000280347,141.59999999999985,301.50000000000057,511.19999999999794,1.268000000000001,604.8,280.0,3286.8480000280333,completed,model_1.02
irrigation,ET-MPC,N5_full_stress,2038,persistence,0.035,1.02,hold,f870e9602317c8722cb8f052a7204d26775f7f6468ab78a61c5f48c0e1ea5057,569714c2f054d7e589e1a1a495e488b7d47d406c61e9837ff2edbc5d46855c34,12ca0f6e05f585cf9d39f2c06178e7b8c550bd464b65480c0a93492d05bf5be9,0.5391515380745451,33.482142857142854,302,16.887417218543046,0.0,1346.1120000310914,141.59999999999985,283.6500000000003,461.99999999999824,1.2080000000000009,604.8,180.0,3019.37000003109,completed,model_1.02
irrigation,ET-MPC,N5_full_stress,2039,persistence,0.035,1.02,hold,482fc4f6c280fd27d6e57642d44a4a7145439642656c97286dda891143ac5205,569714c2f054d7e589e1a1a495e488b7d47d406c61e9837ff2edbc5d46855c34,12ca0f6e05f585cf9d39f2c06178e7b8c550bd464b65480c0a93492d05bf5be9,0.41230637514804036,27.083333333333332,327,17.737003058103976,0.0,1515.3600000321728,143.9999999999999,314.500000000001,537.5999999999976,1.308000000000001,604.8,255.0,3372.568000032171,completed,model_1.02
irrigation,ET-MPC,N5_full_stress,2040,persistence,0.035,1.02,hold,6901b77a754c50864a066f957b68a438460a908f0d12d646252740d848c0b488,569714c2f054d7e589e1a1a495e488b7d47d406c61e9837ff2edbc5d46855c34,12ca0f6e05f585cf9d39f2c06178e7b8c550bd464b65480c0a93492d05bf5be9,0.2780309257438801,6.9940476190476195,323,16.71826625386997,0.0,1519.2960000260664,143.19999999999987,314.95000000000084,548.399999999998,1.292000000000001,604.8,232.5,3364.4380000260644,completed,model_1.02
irrigation,ET-MPC,N5_full_stress,2026,persistence,0.035,1.0,zero,a88fc11ced98eaf4ad5e4a5c86992a704e03aedc39d2e99ad0f5aab31ccdebc3,569714c2f054d7e589e1a1a495e488b7d47d406c61e9837ff2edbc5d46855c34,12ca0f6e05f585cf9d39f2c06178e7b8c550bd464b65480c0a93492d05bf5be9,0.5759489075649131,41.220238095238095,299,21.070234113712374,0.0,1300.8480000289044,149.59999999999997,278.1000000000002,440.3999999999984,1.1960000000000008,604.8,61.25,2836.1940000289023,completed,buffer_no_buffer
irrigation,ET-MPC,N5_full_stress,2027,persistence,0.035,1.0,zero,7d8085832d6e913adeed25f9837280f0bf635d865b3554194c77b925d4033d2c,569714c2f054d7e589e1a1a495e488b7d47d406c61e9837ff2edbc5d46855c34,12ca0f6e05f585cf9d39f2c06178e7b8c550bd464b65480c0a93492d05bf5be9,0.5582498313235268,43.30357142857143,315,20.952380952380953,0.0,1399.2480000380558,147.19999999999993,294.85000000000053,478.79999999999814,1.260000000000001,604.8,147.5,3073.6580000380545,completed,buffer_no_buffer
irrigation,ET-MPC,N5_full_stress,2028,persistence,0.035,1.0,zero,5291785a63e5e80ce5794bbd85987daf09a0b680495122dc3d42fe3c29696948,569714c2f054d7e589e1a1a495e488b7d47d406c61e9837ff2edbc5d46855c34,12ca0f6e05f585cf9d39f2c06178e7b8c550bd464b65480c0a93492d05bf5be9,0.4148594770687236,38.24404761904761,315,17.142857142857142,0.0,1416.9600000249054,156.80000000000007,301.00000000000045,495.5999999999979,1.260000000000001,604.8,158.75,3135.170000024904,completed,buffer_no_buffer
irrigation,ET-MPC,N5_full_stress,2029,persistence,0.035,1.0,zero,6c38b0ccbddd8d1835b5ee930b2ebeb0e32feb46ca2d412657068097ec915bc7,569714c2f054d7e589e1a1a495e488b7d47d406c61e9837ff2edbc5d46855c34,12ca0f6e05f585cf9d39f2c06178e7b8c550bd464b65480c0a93492d05bf5be9,0.6439177740178882,57.886904761904766,310,18.387096774193548,0.0,1381.5360000172423,147.19999999999993,291.70000000000067,478.7999999999981,1.2400000000000009,604.8,236.25,3141.52600001724,completed,buffer_no_buffer
irrigation,ET-MPC,N5_full_stress,2030,persistence,0.035,1.0,zero,abb7b011b665f0b277b52b3eaf4f43d08e9f49b99b635184a1171e4b4d21fe02,569714c2f054d7e589e1a1a495e488b7d47d406c61e9837ff2edbc5d46855c34,12ca0f6e05f585cf9d39f2c06178e7b8c550bd464b65480c0a93492d05bf5be9,0.3630703789900303,33.035714285714285,314,18.471337579617835,0.0,1357.9200000158642,152.0,289.00000000000034,455.9999999999983,1.256000000000001,604.8,93.75,2954.726000015862,completed,buffer_no_buffer
irrigation,ET-MPC,N5_full_stress,2031,persistence,0.035,1.0,zero,f37ef65583dcace03e48e589efe86219646068fe0d970e6499011c1463340e9d,569714c2f054d7e589e1a1a495e488b7d47d406c61e9837ff2edbc5d46855c34,12ca0f6e05f585cf9d39f2c06178e7b8c550bd464b65480c0a93492d05bf5be9,0.46692822228634334,44.49404761904761,306,23.202614379084967,0.0,1361.856000023127,152.0,289.7000000000005,466.7999999999982,1.2240000000000009,604.8,251.25,3127.630000023126,completed,buffer_no_buffer
irrigation,ET-MPC,N5_full_stress,2032,persistence,0.035,1.0,zero,1bc4fc9c015f5bb43081df6b7beb1bb1fb40c91a2ee51eb3ae05369c15055f28,569714c2f054d7e589e1a1a495e488b7d47d406c61e9837ff2edbc5d46855c34,12ca0f6e05f585cf9d39f2c06178e7b8c550bd464b65480c0a93492d05bf5be9,0.41556005653833367,31.69642857142857,307,19.86970684039088,0.0,1326.4320000227974,159.2000000000001,285.6500000000003,452.39999999999833,1.2280000000000009,604.8,55.0,2884.7100000227965,completed,buffer_no_buffer
irrigation,ET-MPC,N5_full_stress,2033,persistence,0.035,1.0,zero,494a8ef5d46e969d8d6f8d6870dd839d3fb79c2cb3a90cba0acd6c0b5e7b6b0d,569714c2f054d7e589e1a1a495e488b7d47d406c61e9837ff2edbc5d46855c34,12ca0f6e05f585cf9d39f2c06178e7b8c550bd464b65480c0a93492d05bf5be9,0.4439072501546457,24.404761904761905,317,17.665615141955836,0.0,1407.1200000285176,157.60000000000008,299.50000000000057,481.1999999999981,1.268000000000001,604.8,107.5,3058.9880000285166,completed,buffer_no_buffer
irrigation,ET-MPC,N5_full_stress,2034,persistence,0.035,1.0,zero,fc395e398696895d31b901b1a3190fae1a1b840cc1dd1bed15fdecb4333707d8,569714c2f054d7e589e1a1a495e488b7d47d406c61e9837ff2edbc5d46855c34,12ca0f6e05f585cf9d39f2c06178e7b8c550bd464b65480c0a93492d05bf5be9,0.32439984045605924,19.940476190476193,317,17.034700315457414,0.0,1454.3520000215697,139.99999999999983,302.40000000000055,508.7999999999978,1.268000000000001,604.8,135.0,3146.6200000215676,completed,buffer_no_buffer
irrigation,ET-MPC,N5_full_stress,2035,persistence,0.035,1.0,zero,ba0eeb687f13d8deff867bb30a95dd38ea3b5f1c249cd4c412f8202221aacbe4,569714c2f054d7e589e1a1a495e488b7d47d406c61e9837ff2edbc5d46855c34,12ca0f6e05f585cf9d39f2c06178e7b8c550bd464b65480c0a93492d05bf5be9,0.45051498359590225,37.05357142857143,305,18.360655737704917,0.0,1399.2480000390638,126.39999999999968,288.35000000000093,500.399999999998,1.2200000000000009,604.8,228.75,3149.1680000390616,completed,buffer_no_buffer
irrigation,ET-MPC,N5_full_stress,2036,persistence,0.035,1.0,zero,a4257d8d7121ac687a09d767c6d4f87ee2a3c45404be647ef17b85f7f0e30a6c,569714c2f054d7e589e1a1a495e488b7d47d406c61e9837ff2edbc5d46855c34,12ca0f6e05f585cf9d39f2c06178e7b8c550bd464b65480c0a93492d05bf5be9,0.4381747225457576,23.511904761904763,327,19.571865443425075,0.0,1481.9040000211462,145.5999999999999,309.0500000000006,519.5999999999977,1.308000000000001,604.8,141.25,3203.5120000211446,completed,buffer_no_buffer
irrigation,ET-MPC,N5_full_stress,2037,persistence,0.035,1.0,zero,dd05116ff4863526063e1d7cfc08a6caa8c085581c2009ef1e31ca54919e1b76,569714c2f054d7e589e1a1a495e488b7d47d406c61e9837ff2edbc5d46855c34,12ca0f6e05f585cf9d39f2c06178e7b8c550bd464b65480c0a93492d05bf5be9,0.37071772021871774,27.67857142857143,315,18.73015873015873,0.0,1434.6720000291916,140.79999999999984,299.15000000000055,506.399999999998,1.260000000000001,604.8,135.0,3122.0820000291897,completed,buffer_no_buffer
irrigation,ET-MPC,N5_full_stress,2038,persistence,0.035,1.0,zero,f870e9602317c8722cb8f052a7204d26775f7f6468ab78a61c5f48c0e1ea5057,569714c2f054d7e589e1a1a495e488b7d47d406c61e9837ff2edbc5d46855c34,12ca0f6e05f585cf9d39f2c06178e7b8c550bd464b65480c0a93492d05bf5be9,0.5296021879296813,31.398809523809522,306,16.666666666666668,0.0,1373.6640000272278,141.59999999999985,288.5500000000005,473.9999999999982,1.2240000000000009,604.8,95.0,2978.8380000272264,completed,buffer_no_buffer
irrigation,ET-MPC,N5_full_stress,2039,persistence,0.035,1.0,zero,482fc4f6c280fd27d6e57642d44a4a7145439642656c97286dda891143ac5205,569714c2f054d7e589e1a1a495e488b7d47d406c61e9837ff2edbc5d46855c34,12ca0f6e05f585cf9d39f2c06178e7b8c550bd464b65480c0a93492d05bf5be9,0.5080642341830428,44.345238095238095,321,17.757009345794394,0.0,1493.712000037786,140.79999999999984,309.65000000000094,531.5999999999977,1.284000000000001,604.8,92.5,3174.3460000377845,completed,buffer_no_buffer
irrigation,ET-MPC,N5_full_stress,2040,persistence,0.035,1.0,zero,6901b77a754c50864a066f957b68a438460a908f0d12d646252740d848c0b488,569714c2f054d7e589e1a1a495e488b7d47d406c61e9837ff2edbc5d46855c34,12ca0f6e05f585cf9d39f2c06178e7b8c550bd464b65480c0a93492d05bf5be9,0.38066513778575584,18.601190476190478,322,17.080745341614907,0.0,1517.328000022185,142.39999999999986,314.35000000000076,548.399999999998,1.288000000000001,604.8,187.5,3316.0660000221833,completed,buffer_no_buffer
